  0
SECTION
  2
BLOCKS
  0
ENDSEC
  0
SECTION
  2
ENTITIES
  0
LINE
  8
0
 10
0
 20
230.826
 11
-75
 21
0
  0
LINE
  8
0
 10
-75
 20
0
 11
75
 21
0
  0
LINE
  8
0
 10
75
 20
0
 11
0
 21
230.826
  0
LINE
  8
0
 10
-0.12558
 20
212.83
 11
-0.250656
 21
212.842
  0
LINE
  8
0
 10
-0.250656
 20
212.842
 11
-0.374756
 21
212.862
  0
LINE
  8
0
 10
-0.374756
 20
212.862
 11
-0.497375
 21
212.889
  0
LINE
  8
0
 10
-0.497375
 20
212.889
 11
-0.618027
 21
212.924
  0
LINE
  8
0
 10
-0.618027
 20
212.924
 11
-0.736237
 21
212.967
  0
LINE
  8
0
 10
-0.736237
 20
212.967
 11
-0.851547
 21
213.017
  0
LINE
  8
0
 10
-0.851547
 20
213.017
 11
-0.963501
 21
213.074
  0
LINE
  8
0
 10
-0.963501
 20
213.074
 11
-1.07164
 21
213.138
  0
LINE
  8
0
 10
-1.07164
 20
213.138
 11
-1.17557
 21
213.208
  0
LINE
  8
0
 10
-1.17557
 20
213.208
 11
-1.27484
 21
213.285
  0
LINE
  8
0
 10
-1.27484
 20
213.285
 11
-1.36908
 21
213.368
  0
LINE
  8
0
 10
-1.36908
 20
213.368
 11
-1.45793
 21
213.457
  0
LINE
  8
0
 10
-1.45793
 20
213.457
 11
-1.54102
 21
213.551
  0
LINE
  8
0
 10
-1.54102
 20
213.551
 11
-1.61803
 21
213.651
  0
LINE
  8
0
 10
-1.61803
 20
213.651
 11
-1.68864
 21
213.755
  0
LINE
  8
0
 10
-1.68864
 20
213.755
 11
-1.75261
 21
213.863
  0
LINE
  8
0
 10
-1.75261
 20
213.863
 11
-1.80965
 21
213.975
  0
LINE
  8
0
 10
-1.80965
 20
213.975
 11
-1.85954
 21
214.09
  0
LINE
  8
0
 10
-1.85954
 20
214.09
 11
-1.9021
 21
214.208
  0
LINE
  8
0
 10
-1.9021
 20
214.208
 11
-1.93716
 21
214.329
  0
LINE
  8
0
 10
-1.93716
 20
214.329
 11
-1.96457
 21
214.451
  0
LINE
  8
0
 10
-1.96457
 20
214.451
 11
-1.98422
 21
214.576
  0
LINE
  8
0
 10
-1.98422
 20
214.576
 11
-1.99605
 21
214.701
  0
LINE
  8
0
 10
-1.99605
 20
214.701
 11
-2
 21
214.826
  0
LINE
  8
0
 10
-2
 20
214.826
 11
-1.99605
 21
214.952
  0
LINE
  8
0
 10
-1.99605
 20
214.952
 11
-1.98422
 21
215.077
  0
LINE
  8
0
 10
-1.98422
 20
215.077
 11
-1.96457
 21
215.201
  0
LINE
  8
0
 10
-1.96457
 20
215.201
 11
-1.93716
 21
215.324
  0
LINE
  8
0
 10
-1.93716
 20
215.324
 11
-1.9021
 21
215.444
  0
LINE
  8
0
 10
-1.9021
 20
215.444
 11
-1.85954
 21
215.562
  0
LINE
  8
0
 10
-1.85954
 20
215.562
 11
-1.80965
 21
215.678
  0
LINE
  8
0
 10
-1.80965
 20
215.678
 11
-1.75261
 21
215.79
  0
LINE
  8
0
 10
-1.75261
 20
215.79
 11
-1.68864
 21
215.898
  0
LINE
  8
0
 10
-1.68864
 20
215.898
 11
-1.61803
 21
216.002
  0
LINE
  8
0
 10
-1.61803
 20
216.002
 11
-1.54102
 21
216.101
  0
LINE
  8
0
 10
-1.54102
 20
216.101
 11
-1.45793
 21
216.195
  0
LINE
  8
0
 10
-1.45793
 20
216.195
 11
-1.36908
 21
216.284
  0
LINE
  8
0
 10
-1.36908
 20
216.284
 11
-1.27484
 21
216.367
  0
LINE
  8
0
 10
-1.27484
 20
216.367
 11
-1.17557
 21
216.444
  0
LINE
  8
0
 10
-1.17557
 20
216.444
 11
-1.07164
 21
216.515
  0
LINE
  8
0
 10
-1.07164
 20
216.515
 11
-0.963501
 21
216.579
  0
LINE
  8
0
 10
-0.963501
 20
216.579
 11
-0.851547
 21
216.636
  0
LINE
  8
0
 10
-0.851547
 20
216.636
 11
-0.736237
 21
216.686
  0
LINE
  8
0
 10
-0.736237
 20
216.686
 11
-0.618027
 21
216.728
  0
LINE
  8
0
 10
-0.618027
 20
216.728
 11
-0.497375
 21
216.763
  0
LINE
  8
0
 10
-0.497375
 20
216.763
 11
-0.374756
 21
216.791
  0
LINE
  8
0
 10
-0.374756
 20
216.791
 11
-0.250656
 21
216.81
  0
LINE
  8
0
 10
-0.250656
 20
216.81
 11
-0.12558
 21
216.822
  0
LINE
  8
0
 10
-0.12558
 20
216.822
 11
0
 21
216.826
  0
LINE
  8
0
 10
0
 20
216.826
 11
0.12558
 21
216.822
  0
LINE
  8
0
 10
0.12558
 20
216.822
 11
0.250656
 21
216.81
  0
LINE
  8
0
 10
0.250656
 20
216.81
 11
0.374756
 21
216.791
  0
LINE
  8
0
 10
0.374756
 20
216.791
 11
0.497375
 21
216.763
  0
LINE
  8
0
 10
0.497375
 20
216.763
 11
0.618027
 21
216.728
  0
LINE
  8
0
 10
0.618027
 20
216.728
 11
0.736237
 21
216.686
  0
LINE
  8
0
 10
0.736237
 20
216.686
 11
0.851547
 21
216.636
  0
LINE
  8
0
 10
0.851547
 20
216.636
 11
0.963501
 21
216.579
  0
LINE
  8
0
 10
0.963501
 20
216.579
 11
1.07164
 21
216.515
  0
LINE
  8
0
 10
1.07164
 20
216.515
 11
1.17557
 21
216.444
  0
LINE
  8
0
 10
1.17557
 20
216.444
 11
1.27484
 21
216.367
  0
LINE
  8
0
 10
1.27484
 20
216.367
 11
1.36908
 21
216.284
  0
LINE
  8
0
 10
1.36908
 20
216.284
 11
1.45793
 21
216.195
  0
LINE
  8
0
 10
1.45793
 20
216.195
 11
1.54102
 21
216.101
  0
LINE
  8
0
 10
1.54102
 20
216.101
 11
1.61803
 21
216.002
  0
LINE
  8
0
 10
1.61803
 20
216.002
 11
1.68864
 21
215.898
  0
LINE
  8
0
 10
1.68864
 20
215.898
 11
1.75261
 21
215.79
  0
LINE
  8
0
 10
1.75261
 20
215.79
 11
1.80965
 21
215.678
  0
LINE
  8
0
 10
1.80965
 20
215.678
 11
1.85954
 21
215.562
  0
LINE
  8
0
 10
1.85954
 20
215.562
 11
1.9021
 21
215.444
  0
LINE
  8
0
 10
1.9021
 20
215.444
 11
1.93716
 21
215.324
  0
LINE
  8
0
 10
1.93716
 20
215.324
 11
1.96457
 21
215.201
  0
LINE
  8
0
 10
1.96457
 20
215.201
 11
1.98422
 21
215.077
  0
LINE
  8
0
 10
1.98422
 20
215.077
 11
1.99605
 21
214.952
  0
LINE
  8
0
 10
1.99605
 20
214.952
 11
2
 21
214.826
  0
LINE
  8
0
 10
2
 20
214.826
 11
1.99605
 21
214.701
  0
LINE
  8
0
 10
1.99605
 20
214.701
 11
1.98422
 21
214.576
  0
LINE
  8
0
 10
1.98422
 20
214.576
 11
1.96457
 21
214.451
  0
LINE
  8
0
 10
1.96457
 20
214.451
 11
1.93716
 21
214.329
  0
LINE
  8
0
 10
1.93716
 20
214.329
 11
1.9021
 21
214.208
  0
LINE
  8
0
 10
1.9021
 20
214.208
 11
1.85954
 21
214.09
  0
LINE
  8
0
 10
1.85954
 20
214.09
 11
1.80965
 21
213.975
  0
LINE
  8
0
 10
1.80965
 20
213.975
 11
1.75261
 21
213.863
  0
LINE
  8
0
 10
1.75261
 20
213.863
 11
1.68864
 21
213.755
  0
LINE
  8
0
 10
1.68864
 20
213.755
 11
1.61803
 21
213.651
  0
LINE
  8
0
 10
1.61803
 20
213.651
 11
1.54102
 21
213.551
  0
LINE
  8
0
 10
1.54102
 20
213.551
 11
1.45793
 21
213.457
  0
LINE
  8
0
 10
1.45793
 20
213.457
 11
1.36908
 21
213.368
  0
LINE
  8
0
 10
1.36908
 20
213.368
 11
1.27484
 21
213.285
  0
LINE
  8
0
 10
1.27484
 20
213.285
 11
1.17557
 21
213.208
  0
LINE
  8
0
 10
1.17557
 20
213.208
 11
1.07164
 21
213.138
  0
LINE
  8
0
 10
1.07164
 20
213.138
 11
0.963501
 21
213.074
  0
LINE
  8
0
 10
0.963501
 20
213.074
 11
0.851547
 21
213.017
  0
LINE
  8
0
 10
0.851547
 20
213.017
 11
0.736237
 21
212.967
  0
LINE
  8
0
 10
0.736237
 20
212.967
 11
0.618027
 21
212.924
  0
LINE
  8
0
 10
0.618027
 20
212.924
 11
0.497375
 21
212.889
  0
LINE
  8
0
 10
0.497375
 20
212.889
 11
0.374756
 21
212.862
  0
LINE
  8
0
 10
0.374756
 20
212.862
 11
0.250656
 21
212.842
  0
LINE
  8
0
 10
0.250656
 20
212.842
 11
0.12558
 21
212.83
  0
LINE
  8
0
 10
0.12558
 20
212.83
 11
0
 21
212.826
  0
LINE
  8
0
 10
0
 20
212.826
 11
-0.12558
 21
212.83
  0
LINE
  8
0
 10
0.518372
 20
188.58
 11
0.195404
 21
188.679
  0
LINE
  8
0
 10
0.195404
 20
188.679
 11
-0.10321
 21
188.838
  0
LINE
  8
0
 10
-0.10321
 20
188.838
 11
-0.364716
 21
189.053
  0
LINE
  8
0
 10
-0.364716
 20
189.053
 11
-0.579254
 21
189.314
  0
LINE
  8
0
 10
-0.579254
 20
189.314
 11
-0.738708
 21
189.613
  0
LINE
  8
0
 10
-0.738708
 20
189.613
 11
-0.755463
 21
189.668
  0
LINE
  8
0
 10
-0.755463
 20
189.668
 11
-0.0640106
 21
191.796
  0
LINE
  8
0
 10
-0.0640106
 20
191.796
 11
0.0908813
 21
191.714
  0
LINE
  8
0
 10
0.0908813
 20
191.714
 11
1.11143
 21
188.573
  0
LINE
  8
0
 10
1.11143
 20
188.573
 11
0.854675
 21
188.548
  0
LINE
  8
0
 10
0.854675
 20
188.548
 11
0.518372
 21
188.58
  0
LINE
  8
0
 10
2.52228
 20
183.231
 11
1.77255
 21
183.355
  0
LINE
  8
0
 10
1.77255
 20
183.355
 11
1.01297
 21
183.33
  0
LINE
  8
0
 10
1.01297
 20
183.33
 11
0.669708
 21
183.25
  0
LINE
  8
0
 10
0.669708
 20
183.25
 11
0.641876
 21
183.312
  0
LINE
  8
0
 10
0.641876
 20
183.312
 11
0.544464
 21
183.732
  0
LINE
  8
0
 10
0.544464
 20
183.732
 11
0.529388
 21
184.166
  0
LINE
  8
0
 10
0.529388
 20
184.166
 11
0.576935
 21
184.454
  0
LINE
  8
0
 10
0.576935
 20
184.454
 11
0.80249
 21
184.64
  0
LINE
  8
0
 10
0.80249
 20
184.64
 11
1.18576
 21
184.844
  0
LINE
  8
0
 10
1.18576
 20
184.844
 11
1.59918
 21
184.969
  0
LINE
  8
0
 10
1.59918
 20
184.969
 11
1.66644
 21
184.976
  0
LINE
  8
0
 10
1.66644
 20
184.976
 11
1.76907
 21
184.639
  0
LINE
  8
0
 10
1.76907
 20
184.639
 11
2.12741
 21
183.969
  0
LINE
  8
0
 10
2.12741
 20
183.969
 11
2.60867
 21
183.381
  0
LINE
  8
0
 10
2.60867
 20
183.381
 11
2.86697
 21
183.17
  0
LINE
  8
0
 10
2.86697
 20
183.17
 11
2.89235
 21
183.092
  0
LINE
  8
0
 10
2.89235
 20
183.092
 11
2.52228
 21
183.231
  0
LINE
  8
0
 10
-3.08507
 20
182.499
 11
-3.02383
 21
182.441
  0
LINE
  8
0
 10
-3.02383
 20
182.441
 11
-2.82785
 21
182.167
  0
LINE
  8
0
 10
-2.82785
 20
182.167
 11
-2.68811
 21
181.859
  0
LINE
  8
0
 10
-2.68811
 20
181.859
 11
-2.61215
 21
181.53
  0
LINE
  8
0
 10
-2.61215
 20
181.53
 11
-2.59998
 21
181.191
  0
LINE
  8
0
 10
-2.59998
 20
181.191
 11
-2.65506
 21
180.857
  0
LINE
  8
0
 10
-2.65506
 20
180.857
 11
-2.77451
 21
180.541
  0
LINE
  8
0
 10
-2.77451
 20
180.541
 11
-2.95367
 21
180.253
  0
LINE
  8
0
 10
-2.95367
 20
180.253
 11
-3.18445
 21
180.007
  0
LINE
  8
0
 10
-3.18445
 20
180.007
 11
-3.45871
 21
179.811
  0
LINE
  8
0
 10
-3.45871
 20
179.811
 11
-3.76834
 21
179.671
  0
LINE
  8
0
 10
-3.76834
 20
179.671
 11
-4.02328
 21
179.611
  0
LINE
  8
0
 10
-4.02328
 20
179.611
 11
-3.08507
 21
182.499
  0
LINE
  8
0
 10
4.9541
 20
169.631
 11
4.44675
 21
169.822
  0
LINE
  8
0
 10
4.44675
 20
169.822
 11
3.98578
 21
170.109
  0
LINE
  8
0
 10
3.98578
 20
170.109
 11
3.59149
 21
170.478
  0
LINE
  8
0
 10
3.59149
 20
170.478
 11
3.54221
 21
170.547
  0
LINE
  8
0
 10
3.54221
 20
170.547
 11
3.84372
 21
170.869
  0
LINE
  8
0
 10
3.84372
 20
170.869
 11
4.34528
 21
171.676
  0
LINE
  8
0
 10
4.34528
 20
171.676
 11
4.67984
 21
172.565
  0
LINE
  8
0
 10
4.67984
 20
172.565
 11
4.83466
 21
173.502
  0
LINE
  8
0
 10
4.83466
 20
173.502
 11
4.80392
 21
174.45
  0
LINE
  8
0
 10
4.80392
 20
174.45
 11
4.58707
 21
175.376
  0
LINE
  8
0
 10
4.58707
 20
175.376
 11
4.19626
 21
176.241
  0
LINE
  8
0
 10
4.19626
 20
176.241
 11
3.6431
 21
177.011
  0
LINE
  8
0
 10
3.6431
 20
177.011
 11
2.94962
 21
177.662
  0
LINE
  8
0
 10
2.94962
 20
177.662
 11
2.14307
 21
178.163
  0
LINE
  8
0
 10
2.14307
 20
178.163
 11
1.25418
 21
178.497
  0
LINE
  8
0
 10
1.25418
 20
178.497
 11
0.317169
 21
178.652
  0
LINE
  8
0
 10
0.317169
 20
178.652
 11
-0.631439
 21
178.621
  0
LINE
  8
0
 10
-0.631439
 20
178.621
 11
-1.0611
 21
178.521
  0
LINE
  8
0
 10
-1.0611
 20
178.521
 11
-1.09647
 21
178.599
  0
LINE
  8
0
 10
-1.09647
 20
178.599
 11
-1.21881
 21
179.125
  0
LINE
  8
0
 10
-1.21881
 20
179.125
 11
-1.23737
 21
179.667
  0
LINE
  8
0
 10
-1.23737
 20
179.667
 11
-1.14865
 21
180.201
  0
LINE
  8
0
 10
-1.14865
 20
180.201
 11
-0.957886
 21
180.708
  0
LINE
  8
0
 10
-0.957886
 20
180.708
 11
-0.672607
 21
181.168
  0
LINE
  8
0
 10
-0.672607
 20
181.168
 11
-0.302094
 21
181.563
  0
LINE
  8
0
 10
-0.302094
 20
181.563
 11
0.137421
 21
181.878
  0
LINE
  8
0
 10
0.137421
 20
181.878
 11
0.631439
 21
182.102
  0
LINE
  8
0
 10
0.631439
 20
182.102
 11
1.15735
 21
182.225
  0
LINE
  8
0
 10
1.15735
 20
182.225
 11
1.70065
 21
182.243
  0
LINE
  8
0
 10
1.70065
 20
182.243
 11
2.23352
 21
182.154
  0
LINE
  8
0
 10
2.23352
 20
182.154
 11
2.74088
 21
181.964
  0
LINE
  8
0
 10
2.74088
 20
181.964
 11
3.20184
 21
181.677
  0
LINE
  8
0
 10
3.20184
 20
181.677
 11
3.41779
 21
181.475
  0
LINE
  8
0
 10
3.41779
 20
181.475
 11
4.22409
 21
178.993
  0
LINE
  8
0
 10
4.22409
 20
178.993
 11
4.1922
 21
178.802
  0
LINE
  8
0
 10
4.1922
 20
178.802
 11
4.29135
 21
178.786
  0
LINE
  8
0
 10
4.29135
 20
178.786
 11
7.15248
 21
169.98
  0
LINE
  8
0
 10
7.15248
 20
169.98
 11
7.0502
 21
169.907
  0
LINE
  8
0
 10
7.0502
 20
169.907
 11
6.5556
 21
169.683
  0
LINE
  8
0
 10
6.5556
 20
169.683
 11
6.02969
 21
169.561
  0
LINE
  8
0
 10
6.02969
 20
169.561
 11
5.48697
 21
169.543
  0
LINE
  8
0
 10
5.48697
 20
169.543
 11
4.9541
 21
169.631
  0
LINE
  8
0
 10
-2.23352
 20
165.482
 11
-2.74088
 21
165.672
  0
LINE
  8
0
 10
-2.74088
 20
165.672
 11
-3.20184
 21
165.959
  0
LINE
  8
0
 10
-3.20184
 20
165.959
 11
-3.59613
 21
166.329
  0
LINE
  8
0
 10
-3.59613
 20
166.329
 11
-3.91156
 21
166.768
  0
LINE
  8
0
 10
-3.91156
 20
166.768
 11
-4.1348
 21
167.263
  0
LINE
  8
0
 10
-4.1348
 20
167.263
 11
-4.2583
 21
167.79
  0
LINE
  8
0
 10
-4.2583
 20
167.79
 11
-4.27628
 21
168.331
  0
LINE
  8
0
 10
-4.27628
 20
168.331
 11
-4.1922
 21
168.834
  0
LINE
  8
0
 10
-4.1922
 20
168.834
 11
-4.60736
 21
168.902
  0
LINE
  8
0
 10
-4.60736
 20
168.902
 11
-5.1153
 21
169.094
  0
LINE
  8
0
 10
-5.1153
 20
169.094
 11
-5.57568
 21
169.379
  0
LINE
  8
0
 10
-5.57568
 20
169.379
 11
-5.97055
 21
169.75
  0
LINE
  8
0
 10
-5.97055
 20
169.75
 11
-6.2854
 21
170.189
  0
LINE
  8
0
 10
-6.2854
 20
170.189
 11
-6.50864
 21
170.684
  0
LINE
  8
0
 10
-6.50864
 20
170.684
 11
-6.63156
 21
171.209
  0
LINE
  8
0
 10
-6.63156
 20
171.209
 11
-6.64282
 21
171.549
  0
LINE
  8
0
 10
-6.64282
 20
171.549
 11
-4.58961
 21
177.868
  0
LINE
  8
0
 10
-4.58961
 20
177.868
 11
-4.44675
 21
177.814
  0
LINE
  8
0
 10
-4.44675
 20
177.814
 11
-3.98578
 21
177.527
  0
LINE
  8
0
 10
-3.98578
 20
177.527
 11
-3.59149
 21
177.158
  0
LINE
  8
0
 10
-3.59149
 20
177.158
 11
-3.54221
 21
177.09
  0
LINE
  8
0
 10
-3.54221
 20
177.09
 11
-3.84372
 21
176.767
  0
LINE
  8
0
 10
-3.84372
 20
176.767
 11
-4.34528
 21
175.961
  0
LINE
  8
0
 10
-4.34528
 20
175.961
 11
-4.67984
 21
175.072
  0
LINE
  8
0
 10
-4.67984
 20
175.072
 11
-4.83466
 21
174.135
  0
LINE
  8
0
 10
-4.83466
 20
174.135
 11
-4.80392
 21
173.186
  0
LINE
  8
0
 10
-4.80392
 20
173.186
 11
-4.58707
 21
172.261
  0
LINE
  8
0
 10
-4.58707
 20
172.261
 11
-4.19626
 21
171.396
  0
LINE
  8
0
 10
-4.19626
 20
171.396
 11
-3.6431
 21
170.625
  0
LINE
  8
0
 10
-3.6431
 20
170.625
 11
-2.94962
 21
169.974
  0
LINE
  8
0
 10
-2.94962
 20
169.974
 11
-2.14307
 21
169.473
  0
LINE
  8
0
 10
-2.14307
 20
169.473
 11
-1.25418
 21
169.139
  0
LINE
  8
0
 10
-1.25418
 20
169.139
 11
-0.317169
 21
168.984
  0
LINE
  8
0
 10
-0.317169
 20
168.984
 11
0.631439
 21
169.015
  0
LINE
  8
0
 10
0.631439
 20
169.015
 11
1.0611
 21
169.116
  0
LINE
  8
0
 10
1.0611
 20
169.116
 11
1.09647
 21
169.037
  0
LINE
  8
0
 10
1.09647
 20
169.037
 11
1.21881
 21
168.511
  0
LINE
  8
0
 10
1.21881
 20
168.511
 11
1.23737
 21
167.969
  0
LINE
  8
0
 10
1.23737
 20
167.969
 11
1.14865
 21
167.435
  0
LINE
  8
0
 10
1.14865
 20
167.435
 11
0.957886
 21
166.929
  0
LINE
  8
0
 10
0.957886
 20
166.929
 11
0.672028
 21
166.468
  0
LINE
  8
0
 10
0.672028
 20
166.468
 11
0.301514
 21
166.073
  0
LINE
  8
0
 10
0.301514
 20
166.073
 11
-0.137421
 21
165.758
  0
LINE
  8
0
 10
-0.137421
 20
165.758
 11
-0.631439
 21
165.534
  0
LINE
  8
0
 10
-0.631439
 20
165.534
 11
-1.15735
 21
165.412
  0
LINE
  8
0
 10
-1.15735
 20
165.412
 11
-1.70065
 21
165.393
  0
LINE
  8
0
 10
-1.70065
 20
165.393
 11
-2.23352
 21
165.482
  0
LINE
  8
0
 10
-0.894104
 20
170.482
 11
-1.52786
 21
170.721
  0
LINE
  8
0
 10
-1.52786
 20
170.721
 11
-2.10364
 21
171.079
  0
LINE
  8
0
 10
-2.10364
 20
171.079
 11
-2.59766
 21
171.542
  0
LINE
  8
0
 10
-2.59766
 20
171.542
 11
-2.99136
 21
172.091
  0
LINE
  8
0
 10
-2.99136
 20
172.091
 11
-3.27026
 21
172.708
  0
LINE
  8
0
 10
-3.27026
 20
172.708
 11
-3.42392
 21
173.367
  0
LINE
  8
0
 10
-3.42392
 20
173.367
 11
-3.44711
 21
174.044
  0
LINE
  8
0
 10
-3.44711
 20
174.044
 11
-3.33694
 21
174.711
  0
LINE
  8
0
 10
-3.33694
 20
174.711
 11
-3.09747
 21
175.345
  0
LINE
  8
0
 10
-3.09747
 20
175.345
 11
-2.7403
 21
175.921
  0
LINE
  8
0
 10
-2.7403
 20
175.921
 11
-2.27759
 21
176.415
  0
LINE
  8
0
 10
-2.27759
 20
176.415
 11
-1.72733
 21
176.809
  0
LINE
  8
0
 10
-1.72733
 20
176.809
 11
-1.10864
 21
177.088
  0
LINE
  8
0
 10
-1.10864
 20
177.088
 11
-0.451111
 21
177.242
  0
LINE
  8
0
 10
-0.451111
 20
177.242
 11
0.226135
 21
177.265
  0
LINE
  8
0
 10
0.226135
 20
177.265
 11
0.894104
 21
177.154
  0
LINE
  8
0
 10
0.894104
 20
177.154
 11
1.52786
 21
176.915
  0
LINE
  8
0
 10
1.52786
 20
176.915
 11
2.10364
 21
176.557
  0
LINE
  8
0
 10
2.10364
 20
176.557
 11
2.59766
 21
176.095
  0
LINE
  8
0
 10
2.59766
 20
176.095
 11
2.99136
 21
175.545
  0
LINE
  8
0
 10
2.99136
 20
175.545
 11
3.27026
 21
174.928
  0
LINE
  8
0
 10
3.27026
 20
174.928
 11
3.42392
 21
174.269
  0
LINE
  8
0
 10
3.42392
 20
174.269
 11
3.44711
 21
173.593
  0
LINE
  8
0
 10
3.44711
 20
173.593
 11
3.33694
 21
172.925
  0
LINE
  8
0
 10
3.33694
 20
172.925
 11
3.09747
 21
172.291
  0
LINE
  8
0
 10
3.09747
 20
172.291
 11
2.73972
 21
171.715
  0
LINE
  8
0
 10
2.73972
 20
171.715
 11
2.27701
 21
171.221
  0
LINE
  8
0
 10
2.27701
 20
171.221
 11
1.72733
 21
170.827
  0
LINE
  8
0
 10
1.72733
 20
170.827
 11
1.10864
 21
170.548
  0
LINE
  8
0
 10
1.10864
 20
170.548
 11
0.451111
 21
170.394
  0
LINE
  8
0
 10
0.451111
 20
170.394
 11
-0.226135
 21
170.372
  0
LINE
  8
0
 10
-0.226135
 20
170.372
 11
-0.894104
 21
170.482
  0
LINE
  8
0
 10
-7.57959
 20
167.638
 11
-7.87698
 21
167.751
  0
LINE
  8
0
 10
-7.87698
 20
167.751
 11
-7.25917
 21
169.652
  0
LINE
  8
0
 10
-7.25917
 20
169.652
 11
-7.25024
 21
169.632
  0
LINE
  8
0
 10
-7.25024
 20
169.632
 11
-6.80783
 21
169.015
  0
LINE
  8
0
 10
-6.80783
 20
169.015
 11
-6.25351
 21
168.496
  0
LINE
  8
0
 10
-6.25351
 20
168.496
 11
-5.60815
 21
168.094
  0
LINE
  8
0
 10
-5.60815
 20
168.094
 11
-5.5867
 21
168.086
  0
LINE
  8
0
 10
-5.5867
 20
168.086
 11
-5.90329
 21
167.86
  0
LINE
  8
0
 10
-5.90329
 20
167.86
 11
-6.29816
 21
167.681
  0
LINE
  8
0
 10
-6.29816
 20
167.681
 11
-6.71854
 21
167.583
  0
LINE
  8
0
 10
-6.71854
 20
167.583
 11
-7.15225
 21
167.568
  0
LINE
  8
0
 10
-7.15225
 20
167.568
 11
-7.57959
 21
167.638
  0
LINE
  8
0
 10
3.87503
 20
164.665
 11
3.55844
 21
164.785
  0
LINE
  8
0
 10
3.55844
 20
164.785
 11
3.27084
 21
164.964
  0
LINE
  8
0
 10
3.27084
 20
164.964
 11
3.02383
 21
165.195
  0
LINE
  8
0
 10
3.02383
 20
165.195
 11
2.82785
 21
165.469
  0
LINE
  8
0
 10
2.82785
 20
165.469
 11
2.68811
 21
165.778
  0
LINE
  8
0
 10
2.68811
 20
165.778
 11
2.61215
 21
166.106
  0
LINE
  8
0
 10
2.61215
 20
166.106
 11
2.59998
 21
166.445
  0
LINE
  8
0
 10
2.59998
 20
166.445
 11
2.65506
 21
166.778
  0
LINE
  8
0
 10
2.65506
 20
166.778
 11
2.77451
 21
167.095
  0
LINE
  8
0
 10
2.77451
 20
167.095
 11
2.95309
 21
167.383
  0
LINE
  8
0
 10
2.95309
 20
167.383
 11
3.18387
 21
167.629
  0
LINE
  8
0
 10
3.18387
 20
167.629
 11
3.45871
 21
167.826
  0
LINE
  8
0
 10
3.45871
 20
167.826
 11
3.76834
 21
167.965
  0
LINE
  8
0
 10
3.76834
 20
167.965
 11
4.09653
 21
168.042
  0
LINE
  8
0
 10
4.09653
 20
168.042
 11
4.43573
 21
168.054
  0
LINE
  8
0
 10
4.43573
 20
168.054
 11
4.76913
 21
167.998
  0
LINE
  8
0
 10
4.76913
 20
167.998
 11
5.08572
 21
167.879
  0
LINE
  8
0
 10
5.08572
 20
167.879
 11
5.37332
 21
167.7
  0
LINE
  8
0
 10
5.37332
 20
167.7
 11
5.62033
 21
167.469
  0
LINE
  8
0
 10
5.62033
 20
167.469
 11
5.81631
 21
167.194
  0
LINE
  8
0
 10
5.81631
 20
167.194
 11
5.95605
 21
166.886
  0
LINE
  8
0
 10
5.95605
 20
166.886
 11
6.03201
 21
166.557
  0
LINE
  8
0
 10
6.03201
 20
166.557
 11
6.04419
 21
166.219
  0
LINE
  8
0
 10
6.04419
 20
166.219
 11
5.98911
 21
165.885
  0
LINE
  8
0
 10
5.98911
 20
165.885
 11
5.86966
 21
165.569
  0
LINE
  8
0
 10
5.86966
 20
165.569
 11
5.69049
 21
165.281
  0
LINE
  8
0
 10
5.69049
 20
165.281
 11
5.45914
 21
165.035
  0
LINE
  8
0
 10
5.45914
 20
165.035
 11
5.1814
 21
164.836
  0
LINE
  8
0
 10
5.1814
 20
164.836
 11
4.87582
 21
164.698
  0
LINE
  8
0
 10
4.87582
 20
164.698
 11
4.54764
 21
164.621
  0
LINE
  8
0
 10
4.54764
 20
164.621
 11
4.20844
 21
164.61
  0
LINE
  8
0
 10
4.20844
 20
164.61
 11
3.87503
 21
164.665
  0
LINE
  8
0
 10
-7.34592
 20
165.082
 11
-8.0162
 21
165.441
  0
LINE
  8
0
 10
-8.0162
 20
165.441
 11
-8.57277
 21
165.609
  0
LINE
  8
0
 10
-8.57277
 20
165.609
 11
-8.0777
 21
167.133
  0
LINE
  8
0
 10
-8.0777
 20
167.133
 11
-7.93735
 21
167.018
  0
LINE
  8
0
 10
-7.93735
 20
167.018
 11
-7.66251
 21
166.683
  0
LINE
  8
0
 10
-7.66251
 20
166.683
 11
-7.4584
 21
166.301
  0
LINE
  8
0
 10
-7.4584
 20
166.301
 11
-7.33374
 21
165.887
  0
LINE
  8
0
 10
-7.33374
 20
165.887
 11
-7.29083
 21
165.455
  0
LINE
  8
0
 10
-7.29083
 20
165.455
 11
-7.3291
 21
165.068
  0
LINE
  8
0
 10
-7.3291
 20
165.068
 11
-7.34592
 21
165.082
  0
LINE
  8
0
 10
-4.20322
 20
165.197
 11
-4.19742
 21
165.264
  0
LINE
  8
0
 10
-4.19742
 20
165.264
 11
-4.19452
 21
165.272
  0
LINE
  8
0
 10
-4.19452
 20
165.272
 11
-4.13654
 21
165.315
  0
LINE
  8
0
 10
-4.13654
 20
165.315
 11
-3.91678
 21
165.11
  0
LINE
  8
0
 10
-3.91678
 20
165.11
 11
-4.20322
 21
165.197
  0
LINE
  8
0
 10
-1.76907
 20
162.997
 11
-2.12741
 21
163.668
  0
LINE
  8
0
 10
-2.12741
 20
163.668
 11
-2.60867
 21
164.255
  0
LINE
  8
0
 10
-2.60867
 20
164.255
 11
-3.02151
 21
164.593
  0
LINE
  8
0
 10
-3.02151
 20
164.593
 11
-2.52228
 21
164.406
  0
LINE
  8
0
 10
-2.52228
 20
164.406
 11
-1.77255
 21
164.282
  0
LINE
  8
0
 10
-1.77255
 20
164.282
 11
-1.01297
 21
164.307
  0
LINE
  8
0
 10
-1.01297
 20
164.307
 11
-0.669708
 21
164.387
  0
LINE
  8
0
 10
-0.669708
 20
164.387
 11
-0.641876
 21
164.324
  0
LINE
  8
0
 10
-0.641876
 20
164.324
 11
-0.544464
 21
163.905
  0
LINE
  8
0
 10
-0.544464
 20
163.905
 11
-0.529388
 21
163.47
  0
LINE
  8
0
 10
-0.529388
 20
163.47
 11
-0.576935
 21
163.182
  0
LINE
  8
0
 10
-0.576935
 20
163.182
 11
-0.80249
 21
162.997
  0
LINE
  8
0
 10
-0.80249
 20
162.997
 11
-1.18576
 21
162.792
  0
LINE
  8
0
 10
-1.18576
 20
162.792
 11
-1.59918
 21
162.667
  0
LINE
  8
0
 10
-1.59918
 20
162.667
 11
-1.66644
 21
162.66
  0
LINE
  8
0
 10
-1.66644
 20
162.66
 11
-1.76907
 21
162.997
  0
LINE
  8
0
 10
-5.02368
 20
159.218
 11
-5.47189
 21
160.056
  0
LINE
  8
0
 10
-5.47189
 20
160.056
 11
-6.07376
 21
160.79
  0
LINE
  8
0
 10
-6.07376
 20
160.79
 11
-6.80783
 21
161.392
  0
LINE
  8
0
 10
-6.80783
 20
161.392
 11
-7.64511
 21
161.84
  0
LINE
  8
0
 10
-7.64511
 20
161.84
 11
-8.55545
 21
162.115
  0
LINE
  8
0
 10
-8.55545
 20
162.115
 11
-9.5
 21
162.209
  0
LINE
  8
0
 10
-9.5
 20
162.209
 11
-9.6834
 21
162.191
  0
LINE
  8
0
 10
-9.6834
 20
162.191
 11
-8.91534
 21
164.555
  0
LINE
  8
0
 10
-8.91534
 20
164.555
 11
-8.44296
 21
164.411
  0
LINE
  8
0
 10
-8.44296
 20
164.411
 11
-7.96518
 21
164.156
  0
LINE
  8
0
 10
-7.96518
 20
164.156
 11
-7.54596
 21
163.812
  0
LINE
  8
0
 10
-7.54596
 20
163.812
 11
-7.27924
 21
163.487
  0
LINE
  8
0
 10
-7.27924
 20
163.487
 11
-6.88553
 21
163.81
  0
LINE
  8
0
 10
-6.88553
 20
163.81
 11
-6.40775
 21
164.066
  0
LINE
  8
0
 10
-6.40775
 20
164.066
 11
-5.88937
 21
164.222
  0
LINE
  8
0
 10
-5.88937
 20
164.222
 11
-5.35013
 21
164.276
  0
LINE
  8
0
 10
-5.35013
 20
164.276
 11
-4.81088
 21
164.223
  0
LINE
  8
0
 10
-4.81088
 20
164.223
 11
-4.29367
 21
164.066
  0
LINE
  8
0
 10
-4.29367
 20
164.066
 11
-3.81473
 21
163.81
  0
LINE
  8
0
 10
-3.81473
 20
163.81
 11
-3.39667
 21
163.466
  0
LINE
  8
0
 10
-3.39667
 20
163.466
 11
-3.05341
 21
163.048
  0
LINE
  8
0
 10
-3.05341
 20
163.048
 11
-2.7977
 21
162.57
  0
LINE
  8
0
 10
-2.7977
 20
162.57
 11
-2.64114
 21
162.053
  0
LINE
  8
0
 10
-2.64114
 20
162.053
 11
-2.5878
 21
161.513
  0
LINE
  8
0
 10
-2.5878
 20
161.513
 11
-2.64056
 21
160.974
  0
LINE
  8
0
 10
-2.64056
 20
160.974
 11
-2.7977
 21
160.456
  0
LINE
  8
0
 10
-2.7977
 20
160.456
 11
-3.05399
 21
159.978
  0
LINE
  8
0
 10
-3.05399
 20
159.978
 11
-3.39725
 21
159.56
  0
LINE
  8
0
 10
-3.39725
 20
159.56
 11
-3.81473
 21
159.217
  0
LINE
  8
0
 10
-3.81473
 20
159.217
 11
-4.29367
 21
158.961
  0
LINE
  8
0
 10
-4.29367
 20
158.961
 11
-4.81088
 21
158.804
  0
LINE
  8
0
 10
-4.81088
 20
158.804
 11
-4.89612
 21
158.796
  0
LINE
  8
0
 10
-4.89612
 20
158.796
 11
-5.02368
 21
159.218
  0
LINE
  8
0
 10
-9.94183
 20
153.954
 11
-10.5999
 21
154.108
  0
LINE
  8
0
 10
-10.5999
 20
154.108
 11
-11.2151
 21
154.386
  0
LINE
  8
0
 10
-11.2151
 20
154.386
 11
-11.7689
 21
154.783
  0
LINE
  8
0
 10
-11.7689
 20
154.783
 11
-12.0077
 21
155.038
  0
LINE
  8
0
 10
-12.0077
 20
155.038
 11
-10.1506
 21
160.753
  0
LINE
  8
0
 10
-10.1506
 20
160.753
 11
-9.5
 21
160.818
  0
LINE
  8
0
 10
-9.5
 20
160.818
 11
-8.82623
 21
160.752
  0
LINE
  8
0
 10
-8.82623
 20
160.752
 11
-8.17856
 21
160.555
  0
LINE
  8
0
 10
-8.17856
 20
160.555
 11
-7.58075
 21
160.236
  0
LINE
  8
0
 10
-7.58075
 20
160.236
 11
-7.05716
 21
159.806
  0
LINE
  8
0
 10
-7.05716
 20
159.806
 11
-6.6275
 21
159.282
  0
LINE
  8
0
 10
-6.6275
 20
159.282
 11
-6.30859
 21
158.685
  0
LINE
  8
0
 10
-6.30859
 20
158.685
 11
-6.11261
 21
158.038
  0
LINE
  8
0
 10
-6.11261
 20
158.038
 11
-6.04593
 21
157.367
  0
LINE
  8
0
 10
-6.04593
 20
157.367
 11
-6.0639
 21
157.367
  0
LINE
  8
0
 10
-6.0639
 20
157.367
 11
-6.13058
 21
156.689
  0
LINE
  8
0
 10
-6.13058
 20
156.689
 11
-6.32715
 21
156.042
  0
LINE
  8
0
 10
-6.32715
 20
156.042
 11
-6.53705
 21
155.648
  0
LINE
  8
0
 10
-6.53705
 20
155.648
 11
-6.76898
 21
155.276
  0
LINE
  8
0
 10
-6.76898
 20
155.276
 11
-7.23169
 21
154.782
  0
LINE
  8
0
 10
-7.23169
 20
154.782
 11
-7.78485
 21
154.386
  0
LINE
  8
0
 10
-7.78485
 20
154.386
 11
-8.39948
 21
154.108
  0
LINE
  8
0
 10
-8.39948
 20
154.108
 11
-9.05759
 21
153.955
  0
LINE
  8
0
 10
-9.05759
 20
153.955
 11
-9.5
 21
153.94
  0
LINE
  8
0
 10
-9.5
 20
153.94
 11
-9.94183
 21
153.954
  0
LINE
  8
0
 10
8.82623
 20
153.976
 11
8.17856
 21
154.172
  0
LINE
  8
0
 10
8.17856
 20
154.172
 11
7.58075
 21
154.492
  0
LINE
  8
0
 10
7.58075
 20
154.492
 11
7.05716
 21
154.921
  0
LINE
  8
0
 10
7.05716
 20
154.921
 11
6.6275
 21
155.445
  0
LINE
  8
0
 10
6.6275
 20
155.445
 11
6.30859
 21
156.042
  0
LINE
  8
0
 10
6.30859
 20
156.042
 11
6.11261
 21
156.689
  0
LINE
  8
0
 10
6.11261
 20
156.689
 11
6.04593
 21
157.36
  0
LINE
  8
0
 10
6.04593
 20
157.36
 11
6.0639
 21
157.36
  0
LINE
  8
0
 10
6.0639
 20
157.36
 11
6.13058
 21
158.038
  0
LINE
  8
0
 10
6.13058
 20
158.038
 11
6.32715
 21
158.685
  0
LINE
  8
0
 10
6.32715
 20
158.685
 11
6.53705
 21
159.079
  0
LINE
  8
0
 10
6.53705
 20
159.079
 11
6.7684
 21
159.45
  0
LINE
  8
0
 10
6.7684
 20
159.45
 11
7.23111
 21
159.944
  0
LINE
  8
0
 10
7.23111
 20
159.944
 11
7.78485
 21
160.342
  0
LINE
  8
0
 10
7.78485
 20
160.342
 11
8.39948
 21
160.619
  0
LINE
  8
0
 10
8.39948
 20
160.619
 11
9.05759
 21
160.772
  0
LINE
  8
0
 10
9.05759
 20
160.772
 11
9.5
 21
160.788
  0
LINE
  8
0
 10
9.5
 20
160.788
 11
9.94183
 21
160.773
  0
LINE
  8
0
 10
9.94183
 20
160.773
 11
10.1608
 21
160.722
  0
LINE
  8
0
 10
10.1608
 20
160.722
 11
12.0163
 21
155.011
  0
LINE
  8
0
 10
12.0163
 20
155.011
 11
11.9417
 21
154.92
  0
LINE
  8
0
 10
11.9417
 20
154.92
 11
11.4187
 21
154.492
  0
LINE
  8
0
 10
11.4187
 20
154.492
 11
10.8209
 21
154.172
  0
LINE
  8
0
 10
10.8209
 20
154.172
 11
10.1732
 21
153.976
  0
LINE
  8
0
 10
10.1732
 20
153.976
 11
9.5
 21
153.91
  0
LINE
  8
0
 10
9.5
 20
153.91
 11
8.82623
 21
153.976
  0
LINE
  8
0
 10
0.518372
 20
155.671
 11
0.195404
 21
155.77
  0
LINE
  8
0
 10
0.195404
 20
155.77
 11
-0.10321
 21
155.929
  0
LINE
  8
0
 10
-0.10321
 20
155.929
 11
-0.364716
 21
156.144
  0
LINE
  8
0
 10
-0.364716
 20
156.144
 11
-0.579254
 21
156.405
  0
LINE
  8
0
 10
-0.579254
 20
156.405
 11
-0.738708
 21
156.704
  0
LINE
  8
0
 10
-0.738708
 20
156.704
 11
-0.836121
 21
157.027
  0
LINE
  8
0
 10
-0.836121
 20
157.027
 11
-0.869751
 21
157.367
  0
LINE
  8
0
 10
-0.869751
 20
157.367
 11
-2.57968
 21
157.367
  0
LINE
  8
0
 10
-2.57968
 20
157.367
 11
-2.54721
 21
157.7
  0
LINE
  8
0
 10
-2.54721
 20
157.7
 11
-2.44922
 21
158.023
  0
LINE
  8
0
 10
-2.44922
 20
158.023
 11
-2.28976
 21
158.322
  0
LINE
  8
0
 10
-2.28976
 20
158.322
 11
-2.07523
 21
158.584
  0
LINE
  8
0
 10
-2.07523
 20
158.584
 11
-1.81372
 21
158.798
  0
LINE
  8
0
 10
-1.81372
 20
158.798
 11
-1.51453
 21
158.958
  0
LINE
  8
0
 10
-1.51453
 20
158.958
 11
-1.19156
 21
159.056
  0
LINE
  8
0
 10
-1.19156
 20
159.056
 11
-0.854675
 21
159.089
  0
LINE
  8
0
 10
-0.854675
 20
159.089
 11
-0.518372
 21
159.056
  0
LINE
  8
0
 10
-0.518372
 20
159.056
 11
-0.195404
 21
158.958
  0
LINE
  8
0
 10
-0.195404
 20
158.958
 11
0.10321
 21
158.798
  0
LINE
  8
0
 10
0.10321
 20
158.798
 11
0.364716
 21
158.584
  0
LINE
  8
0
 10
0.364716
 20
158.584
 11
0.579254
 21
158.322
  0
LINE
  8
0
 10
0.579254
 20
158.322
 11
0.738708
 21
158.023
  0
LINE
  8
0
 10
0.738708
 20
158.023
 11
0.836121
 21
157.7
  0
LINE
  8
0
 10
0.836121
 20
157.7
 11
0.869751
 21
157.36
  0
LINE
  8
0
 10
0.869751
 20
157.36
 11
2.57968
 21
157.36
  0
LINE
  8
0
 10
2.57968
 20
157.36
 11
2.54721
 21
157.027
  0
LINE
  8
0
 10
2.54721
 20
157.027
 11
2.44922
 21
156.704
  0
LINE
  8
0
 10
2.44922
 20
156.704
 11
2.28918
 21
156.405
  0
LINE
  8
0
 10
2.28918
 20
156.405
 11
2.07465
 21
156.143
  0
LINE
  8
0
 10
2.07465
 20
156.143
 11
1.81372
 21
155.929
  0
LINE
  8
0
 10
1.81372
 20
155.929
 11
1.51453
 21
155.77
  0
LINE
  8
0
 10
1.51453
 20
155.77
 11
1.19156
 21
155.672
  0
LINE
  8
0
 10
1.19156
 20
155.672
 11
0.854675
 21
155.639
  0
LINE
  8
0
 10
0.854675
 20
155.639
 11
0.518372
 21
155.671
  0
LINE
  8
0
 10
8.96075
 20
150.159
 11
8.44296
 21
150.316
  0
LINE
  8
0
 10
8.44296
 20
150.316
 11
7.96518
 21
150.571
  0
LINE
  8
0
 10
7.96518
 20
150.571
 11
7.54596
 21
150.915
  0
LINE
  8
0
 10
7.54596
 20
150.915
 11
7.27924
 21
151.241
  0
LINE
  8
0
 10
7.27924
 20
151.241
 11
6.88553
 21
150.917
  0
LINE
  8
0
 10
6.88553
 20
150.917
 11
6.40775
 21
150.661
  0
LINE
  8
0
 10
6.40775
 20
150.661
 11
5.88937
 21
150.505
  0
LINE
  8
0
 10
5.88937
 20
150.505
 11
5.35013
 21
150.451
  0
LINE
  8
0
 10
5.35013
 20
150.451
 11
4.81088
 21
150.504
  0
LINE
  8
0
 10
4.81088
 20
150.504
 11
4.29367
 21
150.661
  0
LINE
  8
0
 10
4.29367
 20
150.661
 11
3.81473
 21
150.917
  0
LINE
  8
0
 10
3.81473
 20
150.917
 11
3.39667
 21
151.261
  0
LINE
  8
0
 10
3.39667
 20
151.261
 11
3.05341
 21
151.679
  0
LINE
  8
0
 10
3.05341
 20
151.679
 11
2.7977
 21
152.157
  0
LINE
  8
0
 10
2.7977
 20
152.157
 11
2.64114
 21
152.674
  0
LINE
  8
0
 10
2.64114
 20
152.674
 11
2.5878
 21
153.214
  0
LINE
  8
0
 10
2.5878
 20
153.214
 11
2.64056
 21
153.753
  0
LINE
  8
0
 10
2.64056
 20
153.753
 11
2.7977
 21
154.271
  0
LINE
  8
0
 10
2.7977
 20
154.271
 11
3.05341
 21
154.749
  0
LINE
  8
0
 10
3.05341
 20
154.749
 11
3.39667
 21
155.167
  0
LINE
  8
0
 10
3.39667
 20
155.167
 11
3.81473
 21
155.51
  0
LINE
  8
0
 10
3.81473
 20
155.51
 11
4.29367
 21
155.766
  0
LINE
  8
0
 10
4.29367
 20
155.766
 11
4.81088
 21
155.923
  0
LINE
  8
0
 10
4.81088
 20
155.923
 11
4.89612
 21
155.931
  0
LINE
  8
0
 10
4.89612
 20
155.931
 11
5.02368
 21
155.509
  0
LINE
  8
0
 10
5.02368
 20
155.509
 11
5.47189
 21
154.671
  0
LINE
  8
0
 10
5.47189
 20
154.671
 11
6.07376
 21
153.937
  0
LINE
  8
0
 10
6.07376
 20
153.937
 11
6.80783
 21
153.335
  0
LINE
  8
0
 10
6.80783
 20
153.335
 11
7.64511
 21
152.887
  0
LINE
  8
0
 10
7.64511
 20
152.887
 11
8.55545
 21
152.612
  0
LINE
  8
0
 10
8.55545
 20
152.612
 11
9.5
 21
152.518
  0
LINE
  8
0
 10
9.5
 20
152.518
 11
10.444
 21
152.612
  0
LINE
  8
0
 10
10.444
 20
152.612
 11
11.3543
 21
152.887
  0
LINE
  8
0
 10
11.3543
 20
152.887
 11
12.1916
 21
153.335
  0
LINE
  8
0
 10
12.1916
 20
153.335
 11
12.4831
 21
153.574
  0
LINE
  8
0
 10
12.4831
 20
153.574
 11
13.4929
 21
150.467
  0
LINE
  8
0
 10
13.4929
 20
150.467
 11
13.11
 21
150.504
  0
LINE
  8
0
 10
13.11
 20
150.504
 11
12.5917
 21
150.661
  0
LINE
  8
0
 10
12.5917
 20
150.661
 11
12.1139
 21
150.917
  0
LINE
  8
0
 10
12.1139
 20
150.917
 11
11.7202
 21
151.241
  0
LINE
  8
0
 10
11.7202
 20
151.241
 11
11.4529
 21
150.915
  0
LINE
  8
0
 10
11.4529
 20
150.915
 11
11.0342
 21
150.571
  0
LINE
  8
0
 10
11.0342
 20
150.571
 11
10.5565
 21
150.316
  0
LINE
  8
0
 10
10.5565
 20
150.316
 11
10.0387
 21
150.159
  0
LINE
  8
0
 10
10.0387
 20
150.159
 11
9.5
 21
150.106
  0
LINE
  8
0
 10
9.5
 20
150.106
 11
8.96075
 21
150.159
  0
LINE
  8
0
 10
2.52228
 20
150.322
 11
1.77255
 21
150.446
  0
LINE
  8
0
 10
1.77255
 20
150.446
 11
1.01297
 21
150.421
  0
LINE
  8
0
 10
1.01297
 20
150.421
 11
0.669708
 21
150.341
  0
LINE
  8
0
 10
0.669708
 20
150.341
 11
0.641876
 21
150.403
  0
LINE
  8
0
 10
0.641876
 20
150.403
 11
0.544464
 21
150.822
  0
LINE
  8
0
 10
0.544464
 20
150.822
 11
0.529388
 21
151.257
  0
LINE
  8
0
 10
0.529388
 20
151.257
 11
0.576935
 21
151.545
  0
LINE
  8
0
 10
0.576935
 20
151.545
 11
0.80249
 21
151.73
  0
LINE
  8
0
 10
0.80249
 20
151.73
 11
1.18576
 21
151.935
  0
LINE
  8
0
 10
1.18576
 20
151.935
 11
1.59918
 21
152.06
  0
LINE
  8
0
 10
1.59918
 20
152.06
 11
1.66644
 21
152.067
  0
LINE
  8
0
 10
1.66644
 20
152.067
 11
1.76907
 21
151.73
  0
LINE
  8
0
 10
1.76907
 20
151.73
 11
2.12741
 21
151.06
  0
LINE
  8
0
 10
2.12741
 20
151.06
 11
2.60867
 21
150.472
  0
LINE
  8
0
 10
2.60867
 20
150.472
 11
3.02151
 21
150.134
  0
LINE
  8
0
 10
3.02151
 20
150.134
 11
2.52228
 21
150.322
  0
LINE
  8
0
 10
-4.76913
 20
146.729
 11
-5.08572
 21
146.848
  0
LINE
  8
0
 10
-5.08572
 20
146.848
 11
-5.37332
 21
147.027
  0
LINE
  8
0
 10
-5.37332
 20
147.027
 11
-5.62033
 21
147.258
  0
LINE
  8
0
 10
-5.62033
 20
147.258
 11
-5.81631
 21
147.533
  0
LINE
  8
0
 10
-5.81631
 20
147.533
 11
-5.95605
 21
147.841
  0
LINE
  8
0
 10
-5.95605
 20
147.841
 11
-6.03201
 21
148.17
  0
LINE
  8
0
 10
-6.03201
 20
148.17
 11
-6.04419
 21
148.508
  0
LINE
  8
0
 10
-6.04419
 20
148.508
 11
-5.98911
 21
148.841
  0
LINE
  8
0
 10
-5.98911
 20
148.841
 11
-5.86966
 21
149.158
  0
LINE
  8
0
 10
-5.86966
 20
149.158
 11
-5.69107
 21
149.445
  0
LINE
  8
0
 10
-5.69107
 20
149.445
 11
-5.45972
 21
149.692
  0
LINE
  8
0
 10
-5.45972
 20
149.692
 11
-5.1814
 21
149.891
  0
LINE
  8
0
 10
-5.1814
 20
149.891
 11
-4.87582
 21
150.029
  0
LINE
  8
0
 10
-4.87582
 20
150.029
 11
-4.54764
 21
150.106
  0
LINE
  8
0
 10
-4.54764
 20
150.106
 11
-4.20844
 21
150.117
  0
LINE
  8
0
 10
-4.20844
 20
150.117
 11
-3.87503
 21
150.062
  0
LINE
  8
0
 10
-3.87503
 20
150.062
 11
-3.55844
 21
149.942
  0
LINE
  8
0
 10
-3.55844
 20
149.942
 11
-3.27084
 21
149.763
  0
LINE
  8
0
 10
-3.27084
 20
149.763
 11
-3.02383
 21
149.532
  0
LINE
  8
0
 10
-3.02383
 20
149.532
 11
-2.82785
 21
149.258
  0
LINE
  8
0
 10
-2.82785
 20
149.258
 11
-2.68811
 21
148.95
  0
LINE
  8
0
 10
-2.68811
 20
148.95
 11
-2.61215
 21
148.621
  0
LINE
  8
0
 10
-2.61215
 20
148.621
 11
-2.59998
 21
148.282
  0
LINE
  8
0
 10
-2.59998
 20
148.282
 11
-2.65506
 21
147.948
  0
LINE
  8
0
 10
-2.65506
 20
147.948
 11
-2.77451
 21
147.632
  0
LINE
  8
0
 10
-2.77451
 20
147.632
 11
-2.95367
 21
147.344
  0
LINE
  8
0
 10
-2.95367
 20
147.344
 11
-3.18445
 21
147.098
  0
LINE
  8
0
 10
-3.18445
 20
147.098
 11
-3.45871
 21
146.902
  0
LINE
  8
0
 10
-3.45871
 20
146.902
 11
-3.76834
 21
146.762
  0
LINE
  8
0
 10
-3.76834
 20
146.762
 11
-4.09653
 21
146.685
  0
LINE
  8
0
 10
-4.09653
 20
146.685
 11
-4.43573
 21
146.673
  0
LINE
  8
0
 10
-4.43573
 20
146.673
 11
-4.76913
 21
146.729
  0
LINE
  8
0
 10
-14.7237
 20
146.679
 11
-13.706
 21
149.811
  0
LINE
  8
0
 10
-13.706
 20
149.811
 11
-13.5397
 21
149.692
  0
LINE
  8
0
 10
-13.5397
 20
149.692
 11
-13.3083
 21
149.445
  0
LINE
  8
0
 10
-13.3083
 20
149.445
 11
-13.1298
 21
149.158
  0
LINE
  8
0
 10
-13.1298
 20
149.158
 11
-13.0103
 21
148.841
  0
LINE
  8
0
 10
-13.0103
 20
148.841
 11
-12.9558
 21
148.508
  0
LINE
  8
0
 10
-12.9558
 20
148.508
 11
-12.9668
 21
148.169
  0
LINE
  8
0
 10
-12.9668
 20
148.169
 11
-13.0434
 21
147.841
  0
LINE
  8
0
 10
-13.0434
 20
147.841
 11
-13.1831
 21
147.533
  0
LINE
  8
0
 10
-13.1831
 20
147.533
 11
-13.3802
 21
147.257
  0
LINE
  8
0
 10
-13.3802
 20
147.257
 11
-13.6267
 21
147.027
  0
LINE
  8
0
 10
-13.6267
 20
147.027
 11
-13.9143
 21
146.848
  0
LINE
  8
0
 10
-13.9143
 20
146.848
 11
-14.2309
 21
146.728
  0
LINE
  8
0
 10
-14.2309
 20
146.728
 11
-14.5643
 21
146.674
  0
LINE
  8
0
 10
-14.5643
 20
146.674
 11
-14.7237
 21
146.679
  0
LINE
  8
0
 10
9.0686
 20
147.105
 11
8.6546
 21
147.23
  0
LINE
  8
0
 10
8.6546
 20
147.23
 11
8.27191
 21
147.435
  0
LINE
  8
0
 10
8.27191
 20
147.435
 11
7.93735
 21
147.709
  0
LINE
  8
0
 10
7.93735
 20
147.709
 11
7.66251
 21
148.044
  0
LINE
  8
0
 10
7.66251
 20
148.044
 11
7.4584
 21
148.427
  0
LINE
  8
0
 10
7.4584
 20
148.427
 11
7.33374
 21
148.841
  0
LINE
  8
0
 10
7.33374
 20
148.841
 11
7.29083
 21
149.272
  0
LINE
  8
0
 10
7.29083
 20
149.272
 11
7.3291
 21
149.659
  0
LINE
  8
0
 10
7.3291
 20
149.659
 11
7.34592
 21
149.645
  0
LINE
  8
0
 10
7.34592
 20
149.645
 11
8.0162
 21
149.286
  0
LINE
  8
0
 10
8.0162
 20
149.286
 11
8.7439
 21
149.066
  0
LINE
  8
0
 10
8.7439
 20
149.066
 11
9.5
 21
148.991
  0
LINE
  8
0
 10
9.5
 20
148.991
 11
10.2555
 21
149.066
  0
LINE
  8
0
 10
10.2555
 20
149.066
 11
10.9832
 21
149.286
  0
LINE
  8
0
 10
10.9832
 20
149.286
 11
11.6535
 21
149.645
  0
LINE
  8
0
 10
11.6535
 20
149.645
 11
11.6703
 21
149.659
  0
LINE
  8
0
 10
11.6703
 20
149.659
 11
11.7086
 21
149.271
  0
LINE
  8
0
 10
11.7086
 20
149.271
 11
11.6663
 21
148.841
  0
LINE
  8
0
 10
11.6663
 20
148.841
 11
11.541
 21
148.427
  0
LINE
  8
0
 10
11.541
 20
148.427
 11
11.3363
 21
148.044
  0
LINE
  8
0
 10
11.3363
 20
148.044
 11
11.0615
 21
147.709
  0
LINE
  8
0
 10
11.0615
 20
147.709
 11
10.7275
 21
147.435
  0
LINE
  8
0
 10
10.7275
 20
147.435
 11
10.3448
 21
147.23
  0
LINE
  8
0
 10
10.3448
 20
147.23
 11
9.93082
 21
147.105
  0
LINE
  8
0
 10
9.93082
 20
147.105
 11
9.5
 21
147.063
  0
LINE
  8
0
 10
9.5
 20
147.063
 11
9.0686
 21
147.105
  0
LINE
  8
0
 10
3.91678
 20
149.617
 11
4.20322
 21
149.53
  0
LINE
  8
0
 10
4.20322
 20
149.53
 11
4.19742
 21
149.463
  0
LINE
  8
0
 10
4.19742
 20
149.463
 11
4.19452
 21
149.455
  0
LINE
  8
0
 10
4.19452
 20
149.455
 11
4.13654
 21
149.412
  0
LINE
  8
0
 10
4.13654
 20
149.412
 11
3.91678
 21
149.617
  0
LINE
  8
0
 10
4.9541
 20
136.722
 11
4.44675
 21
136.913
  0
LINE
  8
0
 10
4.44675
 20
136.913
 11
3.98578
 21
137.2
  0
LINE
  8
0
 10
3.98578
 20
137.2
 11
3.59149
 21
137.569
  0
LINE
  8
0
 10
3.59149
 20
137.569
 11
3.54221
 21
137.638
  0
LINE
  8
0
 10
3.54221
 20
137.638
 11
3.84372
 21
137.96
  0
LINE
  8
0
 10
3.84372
 20
137.96
 11
4.34528
 21
138.767
  0
LINE
  8
0
 10
4.34528
 20
138.767
 11
4.67984
 21
139.655
  0
LINE
  8
0
 10
4.67984
 20
139.655
 11
4.83466
 21
140.592
  0
LINE
  8
0
 10
4.83466
 20
140.592
 11
4.80392
 21
141.541
  0
LINE
  8
0
 10
4.80392
 20
141.541
 11
4.58707
 21
142.466
  0
LINE
  8
0
 10
4.58707
 20
142.466
 11
4.19626
 21
143.332
  0
LINE
  8
0
 10
4.19626
 20
143.332
 11
3.6431
 21
144.102
  0
LINE
  8
0
 10
3.6431
 20
144.102
 11
2.94962
 21
144.753
  0
LINE
  8
0
 10
2.94962
 20
144.753
 11
2.14307
 21
145.254
  0
LINE
  8
0
 10
2.14307
 20
145.254
 11
1.25418
 21
145.588
  0
LINE
  8
0
 10
1.25418
 20
145.588
 11
0.317169
 21
145.743
  0
LINE
  8
0
 10
0.317169
 20
145.743
 11
-0.631439
 21
145.712
  0
LINE
  8
0
 10
-0.631439
 20
145.712
 11
-1.0611
 21
145.612
  0
LINE
  8
0
 10
-1.0611
 20
145.612
 11
-1.09647
 21
145.69
  0
LINE
  8
0
 10
-1.09647
 20
145.69
 11
-1.21881
 21
146.216
  0
LINE
  8
0
 10
-1.21881
 20
146.216
 11
-1.23737
 21
146.758
  0
LINE
  8
0
 10
-1.23737
 20
146.758
 11
-1.14865
 21
147.292
  0
LINE
  8
0
 10
-1.14865
 20
147.292
 11
-0.957886
 21
147.799
  0
LINE
  8
0
 10
-0.957886
 20
147.799
 11
-0.672607
 21
148.259
  0
LINE
  8
0
 10
-0.672607
 20
148.259
 11
-0.302094
 21
148.654
  0
LINE
  8
0
 10
-0.302094
 20
148.654
 11
0.137421
 21
148.969
  0
LINE
  8
0
 10
0.137421
 20
148.969
 11
0.631439
 21
149.193
  0
LINE
  8
0
 10
0.631439
 20
149.193
 11
1.15735
 21
149.315
  0
LINE
  8
0
 10
1.15735
 20
149.315
 11
1.70065
 21
149.334
  0
LINE
  8
0
 10
1.70065
 20
149.334
 11
2.23352
 21
149.245
  0
LINE
  8
0
 10
2.23352
 20
149.245
 11
2.74088
 21
149.055
  0
LINE
  8
0
 10
2.74088
 20
149.055
 11
3.20184
 21
148.768
  0
LINE
  8
0
 10
3.20184
 20
148.768
 11
3.59613
 21
148.398
  0
LINE
  8
0
 10
3.59613
 20
148.398
 11
3.91156
 21
147.959
  0
LINE
  8
0
 10
3.91156
 20
147.959
 11
4.1348
 21
147.465
  0
LINE
  8
0
 10
4.1348
 20
147.465
 11
4.2583
 21
146.938
  0
LINE
  8
0
 10
4.2583
 20
146.938
 11
4.27628
 21
146.396
  0
LINE
  8
0
 10
4.27628
 20
146.396
 11
4.1922
 21
145.893
  0
LINE
  8
0
 10
4.1922
 20
145.893
 11
4.60736
 21
145.825
  0
LINE
  8
0
 10
4.60736
 20
145.825
 11
5.1153
 21
145.634
  0
LINE
  8
0
 10
5.1153
 20
145.634
 11
5.57568
 21
145.348
  0
LINE
  8
0
 10
5.57568
 20
145.348
 11
5.97055
 21
144.977
  0
LINE
  8
0
 10
5.97055
 20
144.977
 11
6.2854
 21
144.538
  0
LINE
  8
0
 10
6.2854
 20
144.538
 11
6.50864
 21
144.044
  0
LINE
  8
0
 10
6.50864
 20
144.044
 11
6.63156
 21
143.518
  0
LINE
  8
0
 10
6.63156
 20
143.518
 11
6.64954
 21
142.976
  0
LINE
  8
0
 10
6.64954
 20
142.976
 11
6.5614
 21
142.441
  0
LINE
  8
0
 10
6.5614
 20
142.441
 11
6.41296
 21
142.047
  0
LINE
  8
0
 10
6.41296
 20
142.047
 11
6.89017
 21
141.868
  0
LINE
  8
0
 10
6.89017
 20
141.868
 11
7.35056
 21
141.582
  0
LINE
  8
0
 10
7.35056
 20
141.582
 11
7.746
 21
141.211
  0
LINE
  8
0
 10
7.746
 20
141.211
 11
8.06085
 21
140.772
  0
LINE
  8
0
 10
8.06085
 20
140.772
 11
8.28467
 21
140.278
  0
LINE
  8
0
 10
8.28467
 20
140.278
 11
8.40701
 21
139.752
  0
LINE
  8
0
 10
8.40701
 20
139.752
 11
8.42557
 21
139.21
  0
LINE
  8
0
 10
8.42557
 20
139.21
 11
8.33685
 21
138.675
  0
LINE
  8
0
 10
8.33685
 20
138.675
 11
8.14609
 21
138.169
  0
LINE
  8
0
 10
8.14609
 20
138.169
 11
7.85965
 21
137.708
  0
LINE
  8
0
 10
7.85965
 20
137.708
 11
7.48972
 21
137.313
  0
LINE
  8
0
 10
7.48972
 20
137.313
 11
7.0502
 21
136.998
  0
LINE
  8
0
 10
7.0502
 20
136.998
 11
6.5556
 21
136.774
  0
LINE
  8
0
 10
6.5556
 20
136.774
 11
6.02969
 21
136.652
  0
LINE
  8
0
 10
6.02969
 20
136.652
 11
5.48697
 21
136.634
  0
LINE
  8
0
 10
5.48697
 20
136.634
 11
4.9541
 21
136.722
  0
LINE
  8
0
 10
7.76166
 20
142.903
 11
7.73672
 21
143.663
  0
LINE
  8
0
 10
7.73672
 20
143.663
 11
7.56393
 21
144.403
  0
LINE
  8
0
 10
7.56393
 20
144.403
 11
7.25024
 21
145.095
  0
LINE
  8
0
 10
7.25024
 20
145.095
 11
6.80783
 21
145.712
  0
LINE
  8
0
 10
6.80783
 20
145.712
 11
6.25351
 21
146.231
  0
LINE
  8
0
 10
6.25351
 20
146.231
 11
5.60815
 21
146.633
  0
LINE
  8
0
 10
5.60815
 20
146.633
 11
5.5867
 21
146.641
  0
LINE
  8
0
 10
5.5867
 20
146.641
 11
5.90329
 21
146.867
  0
LINE
  8
0
 10
5.90329
 20
146.867
 11
6.29816
 21
147.046
  0
LINE
  8
0
 10
6.29816
 20
147.046
 11
6.71854
 21
147.145
  0
LINE
  8
0
 10
6.71854
 20
147.145
 11
7.15225
 21
147.16
  0
LINE
  8
0
 10
7.15225
 20
147.16
 11
7.57959
 21
147.089
  0
LINE
  8
0
 10
7.57959
 20
147.089
 11
7.98489
 21
146.936
  0
LINE
  8
0
 10
7.98489
 20
146.936
 11
8.35309
 21
146.707
  0
LINE
  8
0
 10
8.35309
 20
146.707
 11
8.6691
 21
146.411
  0
LINE
  8
0
 10
8.6691
 20
146.411
 11
8.92075
 21
146.06
  0
LINE
  8
0
 10
8.92075
 20
146.06
 11
9.09991
 21
145.664
  0
LINE
  8
0
 10
9.09991
 20
145.664
 11
9.19791
 21
145.243
  0
LINE
  8
0
 10
9.19791
 20
145.243
 11
9.2124
 21
144.81
  0
LINE
  8
0
 10
9.2124
 20
144.81
 11
9.14224
 21
144.383
  0
LINE
  8
0
 10
9.14224
 20
144.383
 11
8.98917
 21
143.978
  0
LINE
  8
0
 10
8.98917
 20
143.978
 11
8.76013
 21
143.609
  0
LINE
  8
0
 10
8.76013
 20
143.609
 11
8.46384
 21
143.293
  0
LINE
  8
0
 10
8.46384
 20
143.293
 11
8.11246
 21
143.042
  0
LINE
  8
0
 10
8.11246
 20
143.042
 11
7.7576
 21
142.881
  0
LINE
  8
0
 10
7.7576
 20
142.881
 11
7.76166
 21
142.903
  0
LINE
  8
0
 10
10.887
 20
143.042
 11
10.5356
 21
143.294
  0
LINE
  8
0
 10
10.5356
 20
143.294
 11
10.2393
 21
143.61
  0
LINE
  8
0
 10
10.2393
 20
143.61
 11
10.0108
 21
143.978
  0
LINE
  8
0
 10
10.0108
 20
143.978
 11
9.85776
 21
144.384
  0
LINE
  8
0
 10
9.85776
 20
144.384
 11
9.7876
 21
144.81
  0
LINE
  8
0
 10
9.7876
 20
144.81
 11
9.80151
 21
145.244
  0
LINE
  8
0
 10
9.80151
 20
145.244
 11
9.90009
 21
145.665
  0
LINE
  8
0
 10
9.90009
 20
145.665
 11
10.0787
 21
146.06
  0
LINE
  8
0
 10
10.0787
 20
146.06
 11
10.3303
 21
146.411
  0
LINE
  8
0
 10
10.3303
 20
146.411
 11
10.6463
 21
146.707
  0
LINE
  8
0
 10
10.6463
 20
146.707
 11
11.0151
 21
146.936
  0
LINE
  8
0
 10
11.0151
 20
146.936
 11
11.4198
 21
147.09
  0
LINE
  8
0
 10
11.4198
 20
147.09
 11
11.8472
 21
147.159
  0
LINE
  8
0
 10
11.8472
 20
147.159
 11
12.2809
 21
147.146
  0
LINE
  8
0
 10
12.2809
 20
147.146
 11
12.7013
 21
147.047
  0
LINE
  8
0
 10
12.7013
 20
147.047
 11
13.0967
 21
146.868
  0
LINE
  8
0
 10
13.0967
 20
146.868
 11
13.4133
 21
146.642
  0
LINE
  8
0
 10
13.4133
 20
146.642
 11
13.3918
 21
146.634
  0
LINE
  8
0
 10
13.3918
 20
146.634
 11
12.7465
 21
146.232
  0
LINE
  8
0
 10
12.7465
 20
146.232
 11
12.1916
 21
145.712
  0
LINE
  8
0
 10
12.1916
 20
145.712
 11
11.7492
 21
145.095
  0
LINE
  8
0
 10
11.7492
 20
145.095
 11
11.4361
 21
144.403
  0
LINE
  8
0
 10
11.4361
 20
144.403
 11
11.2627
 21
143.663
  0
LINE
  8
0
 10
11.2627
 20
143.663
 11
11.2378
 21
142.904
  0
LINE
  8
0
 10
11.2378
 20
142.904
 11
11.2418
 21
142.881
  0
LINE
  8
0
 10
11.2418
 20
142.881
 11
10.887
 21
143.042
  0
LINE
  8
0
 10
12.9703
 20
136.651
 11
12.4438
 21
136.775
  0
LINE
  8
0
 10
12.4438
 20
136.775
 11
11.9498
 21
136.999
  0
LINE
  8
0
 10
11.9498
 20
136.999
 11
11.5097
 21
137.314
  0
LINE
  8
0
 10
11.5097
 20
137.314
 11
11.1398
 21
137.709
  0
LINE
  8
0
 10
11.1398
 20
137.709
 11
10.8533
 21
138.17
  0
LINE
  8
0
 10
10.8533
 20
138.17
 11
10.6631
 21
138.676
  0
LINE
  8
0
 10
10.6631
 20
138.676
 11
10.5744
 21
139.21
  0
LINE
  8
0
 10
10.5744
 20
139.21
 11
10.5918
 21
139.752
  0
LINE
  8
0
 10
10.5918
 20
139.752
 11
10.7153
 21
140.278
  0
LINE
  8
0
 10
10.7153
 20
140.278
 11
10.9386
 21
140.772
  0
LINE
  8
0
 10
10.9386
 20
140.772
 11
11.254
 21
141.212
  0
LINE
  8
0
 10
11.254
 20
141.212
 11
11.6489
 21
141.582
  0
LINE
  8
0
 10
11.6489
 20
141.582
 11
12.1093
 21
141.868
  0
LINE
  8
0
 10
12.1093
 20
141.868
 11
12.5865
 21
142.047
  0
LINE
  8
0
 10
12.5865
 20
142.047
 11
12.4386
 21
142.442
  0
LINE
  8
0
 10
12.4386
 20
142.442
 11
12.3505
 21
142.977
  0
LINE
  8
0
 10
12.3505
 20
142.977
 11
12.3673
 21
143.518
  0
LINE
  8
0
 10
12.3673
 20
143.518
 11
12.4908
 21
144.044
  0
LINE
  8
0
 10
12.4908
 20
144.044
 11
12.714
 21
144.538
  0
LINE
  8
0
 10
12.714
 20
144.538
 11
13.0294
 21
144.978
  0
LINE
  8
0
 10
13.0294
 20
144.978
 11
13.4243
 21
145.348
  0
LINE
  8
0
 10
13.4243
 20
145.348
 11
13.8847
 21
145.634
  0
LINE
  8
0
 10
13.8847
 20
145.634
 11
14.3921
 21
145.825
  0
LINE
  8
0
 10
14.3921
 20
145.825
 11
14.8078
 21
145.894
  0
LINE
  8
0
 10
14.8078
 20
145.894
 11
14.7243
 21
146.397
  0
LINE
  8
0
 10
14.7243
 20
146.397
 11
14.7322
 21
146.652
  0
LINE
  8
0
 10
14.7322
 20
146.652
 11
15.513
 21
144.249
  0
LINE
  8
0
 10
15.513
 20
144.249
 11
15.3569
 21
144.103
  0
LINE
  8
0
 10
15.3569
 20
144.103
 11
14.8032
 21
143.332
  0
LINE
  8
0
 10
14.8032
 20
143.332
 11
14.4124
 21
142.467
  0
LINE
  8
0
 10
14.4124
 20
142.467
 11
14.1955
 21
141.542
  0
LINE
  8
0
 10
14.1955
 20
141.542
 11
14.1648
 21
140.593
  0
LINE
  8
0
 10
14.1648
 20
140.593
 11
14.3202
 21
139.656
  0
LINE
  8
0
 10
14.3202
 20
139.656
 11
14.6541
 21
138.767
  0
LINE
  8
0
 10
14.6541
 20
138.767
 11
15.1557
 21
137.961
  0
LINE
  8
0
 10
15.1557
 20
137.961
 11
15.4578
 21
137.638
  0
LINE
  8
0
 10
15.4578
 20
137.638
 11
15.4079
 21
137.569
  0
LINE
  8
0
 10
15.4079
 20
137.569
 11
15.0136
 21
137.2
  0
LINE
  8
0
 10
15.0136
 20
137.2
 11
14.5527
 21
136.913
  0
LINE
  8
0
 10
14.5527
 20
136.913
 11
14.0459
 21
136.723
  0
LINE
  8
0
 10
14.0459
 20
136.723
 11
13.5125
 21
136.635
  0
LINE
  8
0
 10
13.5125
 20
136.635
 11
12.9703
 21
136.651
  0
LINE
  8
0
 10
-9.58698
 20
143.431
 11
-9.85428
 21
144.142
  0
LINE
  8
0
 10
-9.85428
 20
144.142
 11
-10.2561
 21
144.786
  0
LINE
  8
0
 10
-10.2561
 20
144.786
 11
-10.4967
 21
145.044
  0
LINE
  8
0
 10
-10.4967
 20
145.044
 11
-10.4579
 21
145.098
  0
LINE
  8
0
 10
-10.4579
 20
145.098
 11
-10.1419
 21
145.394
  0
LINE
  8
0
 10
-10.1419
 20
145.394
 11
-9.7731
 21
145.624
  0
LINE
  8
0
 10
-9.7731
 20
145.624
 11
-9.49942
 21
145.726
  0
LINE
  8
0
 10
-9.49942
 20
145.726
 11
-9.22632
 21
145.624
  0
LINE
  8
0
 10
-9.22632
 20
145.624
 11
-8.85754
 21
145.395
  0
LINE
  8
0
 10
-8.85754
 20
145.395
 11
-8.54211
 21
145.099
  0
LINE
  8
0
 10
-8.54211
 20
145.099
 11
-8.50327
 21
145.045
  0
LINE
  8
0
 10
-8.50327
 20
145.045
 11
-8.7439
 21
144.787
  0
LINE
  8
0
 10
-8.7439
 20
144.787
 11
-9.14572
 21
144.142
  0
LINE
  8
0
 10
-9.14572
 20
144.142
 11
-9.41302
 21
143.431
  0
LINE
  8
0
 10
-9.41302
 20
143.431
 11
-9.5
 21
142.908
  0
LINE
  8
0
 10
-9.5
 20
142.908
 11
-9.58698
 21
143.431
  0
LINE
  8
0
 10
-2.23352
 20
132.573
 11
-2.74088
 21
132.763
  0
LINE
  8
0
 10
-2.74088
 20
132.763
 11
-3.20184
 21
133.05
  0
LINE
  8
0
 10
-3.20184
 20
133.05
 11
-3.59613
 21
133.42
  0
LINE
  8
0
 10
-3.59613
 20
133.42
 11
-3.91156
 21
133.859
  0
LINE
  8
0
 10
-3.91156
 20
133.859
 11
-4.1348
 21
134.353
  0
LINE
  8
0
 10
-4.1348
 20
134.353
 11
-4.2583
 21
134.881
  0
LINE
  8
0
 10
-4.2583
 20
134.881
 11
-4.27628
 21
135.422
  0
LINE
  8
0
 10
-4.27628
 20
135.422
 11
-4.1922
 21
135.925
  0
LINE
  8
0
 10
-4.1922
 20
135.925
 11
-4.60736
 21
135.993
  0
LINE
  8
0
 10
-4.60736
 20
135.993
 11
-5.1153
 21
136.185
  0
LINE
  8
0
 10
-5.1153
 20
136.185
 11
-5.57568
 21
136.47
  0
LINE
  8
0
 10
-5.57568
 20
136.47
 11
-5.97055
 21
136.841
  0
LINE
  8
0
 10
-5.97055
 20
136.841
 11
-6.2854
 21
137.28
  0
LINE
  8
0
 10
-6.2854
 20
137.28
 11
-6.50864
 21
137.774
  0
LINE
  8
0
 10
-6.50864
 20
137.774
 11
-6.63156
 21
138.3
  0
LINE
  8
0
 10
-6.63156
 20
138.3
 11
-6.64954
 21
138.842
  0
LINE
  8
0
 10
-6.64954
 20
138.842
 11
-6.5614
 21
139.377
  0
LINE
  8
0
 10
-6.5614
 20
139.377
 11
-6.41296
 21
139.771
  0
LINE
  8
0
 10
-6.41296
 20
139.771
 11
-6.89017
 21
139.951
  0
LINE
  8
0
 10
-6.89017
 20
139.951
 11
-7.35056
 21
140.236
  0
LINE
  8
0
 10
-7.35056
 20
140.236
 11
-7.746
 21
140.607
  0
LINE
  8
0
 10
-7.746
 20
140.607
 11
-8.06085
 21
141.046
  0
LINE
  8
0
 10
-8.06085
 20
141.046
 11
-8.28467
 21
141.54
  0
LINE
  8
0
 10
-8.28467
 20
141.54
 11
-8.40701
 21
142.066
  0
LINE
  8
0
 10
-8.40701
 20
142.066
 11
-8.42557
 21
142.609
  0
LINE
  8
0
 10
-8.42557
 20
142.609
 11
-8.33685
 21
143.143
  0
LINE
  8
0
 10
-8.33685
 20
143.143
 11
-8.14609
 21
143.649
  0
LINE
  8
0
 10
-8.14609
 20
143.649
 11
-7.86023
 21
144.11
  0
LINE
  8
0
 10
-7.86023
 20
144.11
 11
-7.4903
 21
144.505
  0
LINE
  8
0
 10
-7.4903
 20
144.505
 11
-7.0502
 21
144.82
  0
LINE
  8
0
 10
-7.0502
 20
144.82
 11
-6.5556
 21
145.044
  0
LINE
  8
0
 10
-6.5556
 20
145.044
 11
-6.02969
 21
145.166
  0
LINE
  8
0
 10
-6.02969
 20
145.166
 11
-5.48697
 21
145.184
  0
LINE
  8
0
 10
-5.48697
 20
145.184
 11
-4.9541
 21
145.096
  0
LINE
  8
0
 10
-4.9541
 20
145.096
 11
-4.44675
 21
144.905
  0
LINE
  8
0
 10
-4.44675
 20
144.905
 11
-3.98578
 21
144.618
  0
LINE
  8
0
 10
-3.98578
 20
144.618
 11
-3.59149
 21
144.249
  0
LINE
  8
0
 10
-3.59149
 20
144.249
 11
-3.54221
 21
144.18
  0
LINE
  8
0
 10
-3.54221
 20
144.18
 11
-3.84372
 21
143.858
  0
LINE
  8
0
 10
-3.84372
 20
143.858
 11
-4.34528
 21
143.052
  0
LINE
  8
0
 10
-4.34528
 20
143.052
 11
-4.67984
 21
142.163
  0
LINE
  8
0
 10
-4.67984
 20
142.163
 11
-4.83466
 21
141.226
  0
LINE
  8
0
 10
-4.83466
 20
141.226
 11
-4.80392
 21
140.277
  0
LINE
  8
0
 10
-4.80392
 20
140.277
 11
-4.58707
 21
139.352
  0
LINE
  8
0
 10
-4.58707
 20
139.352
 11
-4.19626
 21
138.487
  0
LINE
  8
0
 10
-4.19626
 20
138.487
 11
-3.6431
 21
137.716
  0
LINE
  8
0
 10
-3.6431
 20
137.716
 11
-2.94962
 21
137.065
  0
LINE
  8
0
 10
-2.94962
 20
137.065
 11
-2.14307
 21
136.564
  0
LINE
  8
0
 10
-2.14307
 20
136.564
 11
-1.25418
 21
136.23
  0
LINE
  8
0
 10
-1.25418
 20
136.23
 11
-0.317169
 21
136.075
  0
LINE
  8
0
 10
-0.317169
 20
136.075
 11
0.631439
 21
136.106
  0
LINE
  8
0
 10
0.631439
 20
136.106
 11
1.0611
 21
136.207
  0
LINE
  8
0
 10
1.0611
 20
136.207
 11
1.09647
 21
136.128
  0
LINE
  8
0
 10
1.09647
 20
136.128
 11
1.21881
 21
135.602
  0
LINE
  8
0
 10
1.21881
 20
135.602
 11
1.23737
 21
135.06
  0
LINE
  8
0
 10
1.23737
 20
135.06
 11
1.14865
 21
134.526
  0
LINE
  8
0
 10
1.14865
 20
134.526
 11
0.957886
 21
134.019
  0
LINE
  8
0
 10
0.957886
 20
134.019
 11
0.672028
 21
133.559
  0
LINE
  8
0
 10
0.672028
 20
133.559
 11
0.301514
 21
133.164
  0
LINE
  8
0
 10
0.301514
 20
133.164
 11
-0.137421
 21
132.849
  0
LINE
  8
0
 10
-0.137421
 20
132.849
 11
-0.631439
 21
132.625
  0
LINE
  8
0
 10
-0.631439
 20
132.625
 11
-1.15735
 21
132.503
  0
LINE
  8
0
 10
-1.15735
 20
132.503
 11
-1.70065
 21
132.484
  0
LINE
  8
0
 10
-1.70065
 20
132.484
 11
-2.23352
 21
132.573
  0
LINE
  8
0
 10
-17.8421
 20
132.501
 11
-18.368
 21
132.624
  0
LINE
  8
0
 10
-18.368
 20
132.624
 11
-18.862
 21
132.848
  0
LINE
  8
0
 10
-18.862
 20
132.848
 11
-19.1504
 21
133.055
  0
LINE
  8
0
 10
-19.1504
 20
133.055
 11
-18.1401
 21
136.164
  0
LINE
  8
0
 10
-18.1401
 20
136.164
 11
-17.7452
 21
136.229
  0
LINE
  8
0
 10
-17.7452
 20
136.229
 11
-16.8569
 21
136.564
  0
LINE
  8
0
 10
-16.8569
 20
136.564
 11
-16.0504
 21
137.065
  0
LINE
  8
0
 10
-16.0504
 20
137.065
 11
-15.3569
 21
137.715
  0
LINE
  8
0
 10
-15.3569
 20
137.715
 11
-14.8032
 21
138.487
  0
LINE
  8
0
 10
-14.8032
 20
138.487
 11
-14.4124
 21
139.351
  0
LINE
  8
0
 10
-14.4124
 20
139.351
 11
-14.1955
 21
140.276
  0
LINE
  8
0
 10
-14.1955
 20
140.276
 11
-14.1648
 21
141.225
  0
LINE
  8
0
 10
-14.1648
 20
141.225
 11
-14.3202
 21
142.162
  0
LINE
  8
0
 10
-14.3202
 20
142.162
 11
-14.6541
 21
143.051
  0
LINE
  8
0
 10
-14.6541
 20
143.051
 11
-15.1557
 21
143.858
  0
LINE
  8
0
 10
-15.1557
 20
143.858
 11
-15.4578
 21
144.18
  0
LINE
  8
0
 10
-15.4578
 20
144.18
 11
-15.4085
 21
144.248
  0
LINE
  8
0
 10
-15.4085
 20
144.248
 11
-15.0136
 21
144.618
  0
LINE
  8
0
 10
-15.0136
 20
144.618
 11
-14.5527
 21
144.905
  0
LINE
  8
0
 10
-14.5527
 20
144.905
 11
-14.0459
 21
145.095
  0
LINE
  8
0
 10
-14.0459
 20
145.095
 11
-13.5125
 21
145.183
  0
LINE
  8
0
 10
-13.5125
 20
145.183
 11
-12.9703
 21
145.167
  0
LINE
  8
0
 10
-12.9703
 20
145.167
 11
-12.4438
 21
145.043
  0
LINE
  8
0
 10
-12.4438
 20
145.043
 11
-11.9498
 21
144.819
  0
LINE
  8
0
 10
-11.9498
 20
144.819
 11
-11.5097
 21
144.504
  0
LINE
  8
0
 10
-11.5097
 20
144.504
 11
-11.1398
 21
144.109
  0
LINE
  8
0
 10
-11.1398
 20
144.109
 11
-10.8533
 21
143.648
  0
LINE
  8
0
 10
-10.8533
 20
143.648
 11
-10.6631
 21
143.142
  0
LINE
  8
0
 10
-10.6631
 20
143.142
 11
-10.5744
 21
142.608
  0
LINE
  8
0
 10
-10.5744
 20
142.608
 11
-10.5918
 21
142.066
  0
LINE
  8
0
 10
-10.5918
 20
142.066
 11
-10.7153
 21
141.54
  0
LINE
  8
0
 10
-10.7153
 20
141.54
 11
-10.9386
 21
141.046
  0
LINE
  8
0
 10
-10.9386
 20
141.046
 11
-11.2546
 21
140.606
  0
LINE
  8
0
 10
-11.2546
 20
140.606
 11
-11.6489
 21
140.236
  0
LINE
  8
0
 10
-11.6489
 20
140.236
 11
-12.1093
 21
139.95
  0
LINE
  8
0
 10
-12.1093
 20
139.95
 11
-12.5865
 21
139.771
  0
LINE
  8
0
 10
-12.5865
 20
139.771
 11
-12.4386
 21
139.376
  0
LINE
  8
0
 10
-12.4386
 20
139.376
 11
-12.3505
 21
138.841
  0
LINE
  8
0
 10
-12.3505
 20
138.841
 11
-12.3673
 21
138.3
  0
LINE
  8
0
 10
-12.3673
 20
138.3
 11
-12.4908
 21
137.774
  0
LINE
  8
0
 10
-12.4908
 20
137.774
 11
-12.714
 21
137.28
  0
LINE
  8
0
 10
-12.714
 20
137.28
 11
-13.03
 21
136.84
  0
LINE
  8
0
 10
-13.03
 20
136.84
 11
-13.4243
 21
136.47
  0
LINE
  8
0
 10
-13.4243
 20
136.47
 11
-13.8847
 21
136.184
  0
LINE
  8
0
 10
-13.8847
 20
136.184
 11
-14.3921
 21
135.993
  0
LINE
  8
0
 10
-14.3921
 20
135.993
 11
-14.8078
 21
135.924
  0
LINE
  8
0
 10
-14.8078
 20
135.924
 11
-14.7243
 21
135.422
  0
LINE
  8
0
 10
-14.7243
 20
135.422
 11
-14.7411
 21
134.88
  0
LINE
  8
0
 10
-14.7411
 20
134.88
 11
-14.8646
 21
134.353
  0
LINE
  8
0
 10
-14.8646
 20
134.353
 11
-15.0884
 21
133.859
  0
LINE
  8
0
 10
-15.0884
 20
133.859
 11
-15.4039
 21
133.419
  0
LINE
  8
0
 10
-15.4039
 20
133.419
 11
-15.7982
 21
133.049
  0
LINE
  8
0
 10
-15.7982
 20
133.049
 11
-16.2591
 21
132.762
  0
LINE
  8
0
 10
-16.2591
 20
132.762
 11
-16.7659
 21
132.572
  0
LINE
  8
0
 10
-16.7659
 20
132.572
 11
-17.2993
 21
132.484
  0
LINE
  8
0
 10
-17.2993
 20
132.484
 11
-17.8421
 21
132.501
  0
LINE
  8
0
 10
-0.894104
 20
137.573
 11
-1.52786
 21
137.812
  0
LINE
  8
0
 10
-1.52786
 20
137.812
 11
-2.10364
 21
138.17
  0
LINE
  8
0
 10
-2.10364
 20
138.17
 11
-2.59766
 21
138.633
  0
LINE
  8
0
 10
-2.59766
 20
138.633
 11
-2.99136
 21
139.182
  0
LINE
  8
0
 10
-2.99136
 20
139.182
 11
-3.27026
 21
139.799
  0
LINE
  8
0
 10
-3.27026
 20
139.799
 11
-3.42392
 21
140.458
  0
LINE
  8
0
 10
-3.42392
 20
140.458
 11
-3.44711
 21
141.135
  0
LINE
  8
0
 10
-3.44711
 20
141.135
 11
-3.33694
 21
141.802
  0
LINE
  8
0
 10
-3.33694
 20
141.802
 11
-3.09747
 21
142.436
  0
LINE
  8
0
 10
-3.09747
 20
142.436
 11
-2.7403
 21
143.012
  0
LINE
  8
0
 10
-2.7403
 20
143.012
 11
-2.27759
 21
143.506
  0
LINE
  8
0
 10
-2.27759
 20
143.506
 11
-1.72733
 21
143.9
  0
LINE
  8
0
 10
-1.72733
 20
143.9
 11
-1.10864
 21
144.179
  0
LINE
  8
0
 10
-1.10864
 20
144.179
 11
-0.451111
 21
144.333
  0
LINE
  8
0
 10
-0.451111
 20
144.333
 11
0.226135
 21
144.356
  0
LINE
  8
0
 10
0.226135
 20
144.356
 11
0.894104
 21
144.245
  0
LINE
  8
0
 10
0.894104
 20
144.245
 11
1.52786
 21
144.006
  0
LINE
  8
0
 10
1.52786
 20
144.006
 11
2.10364
 21
143.648
  0
LINE
  8
0
 10
2.10364
 20
143.648
 11
2.59766
 21
143.185
  0
LINE
  8
0
 10
2.59766
 20
143.185
 11
2.99136
 21
142.636
  0
LINE
  8
0
 10
2.99136
 20
142.636
 11
3.27026
 21
142.019
  0
LINE
  8
0
 10
3.27026
 20
142.019
 11
3.42392
 21
141.36
  0
LINE
  8
0
 10
3.42392
 20
141.36
 11
3.44711
 21
140.684
  0
LINE
  8
0
 10
3.44711
 20
140.684
 11
3.33694
 21
140.016
  0
LINE
  8
0
 10
3.33694
 20
140.016
 11
3.09747
 21
139.382
  0
LINE
  8
0
 10
3.09747
 20
139.382
 11
2.73972
 21
138.806
  0
LINE
  8
0
 10
2.73972
 20
138.806
 11
2.27701
 21
138.312
  0
LINE
  8
0
 10
2.27701
 20
138.312
 11
1.72733
 21
137.918
  0
LINE
  8
0
 10
1.72733
 20
137.918
 11
1.10864
 21
137.639
  0
LINE
  8
0
 10
1.10864
 20
137.639
 11
0.451111
 21
137.485
  0
LINE
  8
0
 10
0.451111
 20
137.485
 11
-0.226135
 21
137.463
  0
LINE
  8
0
 10
-0.226135
 20
137.463
 11
-0.894104
 21
137.573
  0
LINE
  8
0
 10
17.2756
 20
137.917
 11
16.7218
 21
138.313
  0
LINE
  8
0
 10
16.7218
 20
138.313
 11
16.2597
 21
138.807
  0
LINE
  8
0
 10
16.2597
 20
138.807
 11
15.9019
 21
139.382
  0
LINE
  8
0
 10
15.9019
 20
139.382
 11
15.6631
 21
140.017
  0
LINE
  8
0
 10
15.6631
 20
140.017
 11
15.5535
 21
140.684
  0
LINE
  8
0
 10
15.5535
 20
140.684
 11
15.5749
 21
141.361
  0
LINE
  8
0
 10
15.5749
 20
141.361
 11
15.7292
 21
142.019
  0
LINE
  8
0
 10
15.7292
 20
142.019
 11
16.0081
 21
142.636
  0
LINE
  8
0
 10
16.0081
 20
142.636
 11
16.028
 21
142.664
  0
LINE
  8
0
 10
16.028
 20
142.664
 11
17.6215
 21
137.76
  0
LINE
  8
0
 10
17.6215
 20
137.76
 11
17.2756
 21
137.917
  0
LINE
  8
0
 10
-16.0334
 20
142.648
 11
-15.9019
 21
142.436
  0
LINE
  8
0
 10
-15.9019
 20
142.436
 11
-15.6631
 21
141.801
  0
LINE
  8
0
 10
-15.6631
 20
141.801
 11
-15.5535
 21
141.134
  0
LINE
  8
0
 10
-15.5535
 20
141.134
 11
-15.5749
 21
140.457
  0
LINE
  8
0
 10
-15.5749
 20
140.457
 11
-15.7292
 21
139.799
  0
LINE
  8
0
 10
-15.7292
 20
139.799
 11
-16.0081
 21
139.182
  0
LINE
  8
0
 10
-16.0081
 20
139.182
 11
-16.4029
 21
138.632
  0
LINE
  8
0
 10
-16.4029
 20
138.632
 11
-16.8964
 21
138.169
  0
LINE
  8
0
 10
-16.8964
 20
138.169
 11
-17.4716
 21
137.812
  0
LINE
  8
0
 10
-17.4716
 20
137.812
 11
-17.6234
 21
137.754
  0
LINE
  8
0
 10
-17.6234
 20
137.754
 11
-16.0334
 21
142.648
  0
LINE
  8
0
 10
-9.56784
 20
141.578
 11
-9.5
 21
141.868
  0
LINE
  8
0
 10
-9.5
 20
141.868
 11
-9.43216
 21
141.579
  0
LINE
  8
0
 10
-9.43216
 20
141.579
 11
-9.49362
 21
141.55
  0
LINE
  8
0
 10
-9.49362
 20
141.55
 11
-9.50058
 21
141.549
  0
LINE
  8
0
 10
-9.50058
 20
141.549
 11
-9.56784
 21
141.578
  0
LINE
  8
0
 10
9.43216
 20
140.239
 11
9.49362
 21
140.268
  0
LINE
  8
0
 10
9.49362
 20
140.268
 11
9.50058
 21
140.27
  0
LINE
  8
0
 10
9.50058
 20
140.27
 11
9.56784
 21
140.24
  0
LINE
  8
0
 10
9.56784
 20
140.24
 11
9.5
 21
139.951
  0
LINE
  8
0
 10
9.5
 20
139.951
 11
9.43216
 21
140.239
  0
LINE
  8
0
 10
-12.2809
 20
134.672
 11
-12.7013
 21
134.772
  0
LINE
  8
0
 10
-12.7013
 20
134.772
 11
-13.0967
 21
134.95
  0
LINE
  8
0
 10
-13.0967
 20
134.95
 11
-13.4133
 21
135.176
  0
LINE
  8
0
 10
-13.4133
 20
135.176
 11
-13.3918
 21
135.184
  0
LINE
  8
0
 10
-13.3918
 20
135.184
 11
-12.7465
 21
135.586
  0
LINE
  8
0
 10
-12.7465
 20
135.586
 11
-12.1916
 21
136.106
  0
LINE
  8
0
 10
-12.1916
 20
136.106
 11
-11.7492
 21
136.723
  0
LINE
  8
0
 10
-11.7492
 20
136.723
 11
-11.4361
 21
137.415
  0
LINE
  8
0
 10
-11.4361
 20
137.415
 11
-11.2627
 21
138.155
  0
LINE
  8
0
 10
-11.2627
 20
138.155
 11
-11.2378
 21
138.914
  0
LINE
  8
0
 10
-11.2378
 20
138.914
 11
-11.2418
 21
138.937
  0
LINE
  8
0
 10
-11.2418
 20
138.937
 11
-10.887
 21
138.776
  0
LINE
  8
0
 10
-10.887
 20
138.776
 11
-10.5356
 21
138.524
  0
LINE
  8
0
 10
-10.5356
 20
138.524
 11
-10.2393
 21
138.208
  0
LINE
  8
0
 10
-10.2393
 20
138.208
 11
-10.0108
 21
137.84
  0
LINE
  8
0
 10
-10.0108
 20
137.84
 11
-9.85776
 21
137.434
  0
LINE
  8
0
 10
-9.85776
 20
137.434
 11
-9.7876
 21
137.008
  0
LINE
  8
0
 10
-9.7876
 20
137.008
 11
-9.80151
 21
136.574
  0
LINE
  8
0
 10
-9.80151
 20
136.574
 11
-9.90009
 21
136.153
  0
LINE
  8
0
 10
-9.90009
 20
136.153
 11
-10.0787
 21
135.758
  0
LINE
  8
0
 10
-10.0787
 20
135.758
 11
-10.3309
 21
135.406
  0
LINE
  8
0
 10
-10.3309
 20
135.406
 11
-10.6463
 21
135.111
  0
LINE
  8
0
 10
-10.6463
 20
135.111
 11
-11.0151
 21
134.882
  0
LINE
  8
0
 10
-11.0151
 20
134.882
 11
-11.4198
 21
134.729
  0
LINE
  8
0
 10
-11.4198
 20
134.729
 11
-11.8472
 21
134.658
  0
LINE
  8
0
 10
-11.8472
 20
134.658
 11
-12.2809
 21
134.672
  0
LINE
  8
0
 10
-7.57959
 20
134.729
 11
-7.98489
 21
134.882
  0
LINE
  8
0
 10
-7.98489
 20
134.882
 11
-8.35309
 21
135.111
  0
LINE
  8
0
 10
-8.35309
 20
135.111
 11
-8.6691
 21
135.407
  0
LINE
  8
0
 10
-8.6691
 20
135.407
 11
-8.92075
 21
135.758
  0
LINE
  8
0
 10
-8.92075
 20
135.758
 11
-9.09991
 21
136.154
  0
LINE
  8
0
 10
-9.09991
 20
136.154
 11
-9.19791
 21
136.575
  0
LINE
  8
0
 10
-9.19791
 20
136.575
 11
-9.2124
 21
137.009
  0
LINE
  8
0
 10
-9.2124
 20
137.009
 11
-9.14224
 21
137.435
  0
LINE
  8
0
 10
-9.14224
 20
137.435
 11
-8.98917
 21
137.841
  0
LINE
  8
0
 10
-8.98917
 20
137.841
 11
-8.76071
 21
138.209
  0
LINE
  8
0
 10
-8.76071
 20
138.209
 11
-8.46442
 21
138.524
  0
LINE
  8
0
 10
-8.46442
 20
138.524
 11
-8.11246
 21
138.776
  0
LINE
  8
0
 10
-8.11246
 20
138.776
 11
-7.7576
 21
138.937
  0
LINE
  8
0
 10
-7.7576
 20
138.937
 11
-7.76166
 21
138.915
  0
LINE
  8
0
 10
-7.76166
 20
138.915
 11
-7.73672
 21
138.155
  0
LINE
  8
0
 10
-7.73672
 20
138.155
 11
-7.56393
 21
137.416
  0
LINE
  8
0
 10
-7.56393
 20
137.416
 11
-7.25024
 21
136.723
  0
LINE
  8
0
 10
-7.25024
 20
136.723
 11
-6.80783
 21
136.106
  0
LINE
  8
0
 10
-6.80783
 20
136.106
 11
-6.25351
 21
135.587
  0
LINE
  8
0
 10
-6.25351
 20
135.587
 11
-5.60815
 21
135.185
  0
LINE
  8
0
 10
-5.60815
 20
135.185
 11
-5.5867
 21
135.177
  0
LINE
  8
0
 10
-5.5867
 20
135.177
 11
-5.90329
 21
134.951
  0
LINE
  8
0
 10
-5.90329
 20
134.951
 11
-6.29816
 21
134.772
  0
LINE
  8
0
 10
-6.29816
 20
134.772
 11
-6.71854
 21
134.674
  0
LINE
  8
0
 10
-6.71854
 20
134.674
 11
-7.15225
 21
134.658
  0
LINE
  8
0
 10
-7.15225
 20
134.658
 11
-7.57959
 21
134.729
  0
LINE
  8
0
 10
9.22632
 20
136.194
 11
8.85754
 21
136.423
  0
LINE
  8
0
 10
8.85754
 20
136.423
 11
8.54211
 21
136.719
  0
LINE
  8
0
 10
8.54211
 20
136.719
 11
8.50327
 21
136.773
  0
LINE
  8
0
 10
8.50327
 20
136.773
 11
8.7439
 21
137.031
  0
LINE
  8
0
 10
8.7439
 20
137.031
 11
9.14572
 21
137.676
  0
LINE
  8
0
 10
9.14572
 20
137.676
 11
9.41302
 21
138.387
  0
LINE
  8
0
 10
9.41302
 20
138.387
 11
9.5
 21
138.91
  0
LINE
  8
0
 10
9.5
 20
138.91
 11
9.58698
 21
138.387
  0
LINE
  8
0
 10
9.58698
 20
138.387
 11
9.85428
 21
137.676
  0
LINE
  8
0
 10
9.85428
 20
137.676
 11
10.2561
 21
137.032
  0
LINE
  8
0
 10
10.2561
 20
137.032
 11
10.4967
 21
136.774
  0
LINE
  8
0
 10
10.4967
 20
136.774
 11
10.4573
 21
136.719
  0
LINE
  8
0
 10
10.4573
 20
136.719
 11
10.1419
 21
136.424
  0
LINE
  8
0
 10
10.1419
 20
136.424
 11
9.7731
 21
136.194
  0
LINE
  8
0
 10
9.7731
 20
136.194
 11
9.49942
 21
136.092
  0
LINE
  8
0
 10
9.49942
 20
136.092
 11
9.22632
 21
136.194
  0
LINE
  8
0
 10
19.138
 20
132.848
 11
18.6973
 21
133.164
  0
LINE
  8
0
 10
18.6973
 20
133.164
 11
18.3274
 21
133.559
  0
LINE
  8
0
 10
18.3274
 20
133.559
 11
18.0415
 21
134.019
  0
LINE
  8
0
 10
18.0415
 20
134.019
 11
17.8513
 21
134.526
  0
LINE
  8
0
 10
17.8513
 20
134.526
 11
17.7626
 21
135.059
  0
LINE
  8
0
 10
17.7626
 20
135.059
 11
17.78
 21
135.602
  0
LINE
  8
0
 10
17.78
 20
135.602
 11
17.9035
 21
136.128
  0
LINE
  8
0
 10
17.9035
 20
136.128
 11
17.9389
 21
136.206
  0
LINE
  8
0
 10
17.9389
 20
136.206
 11
18.142
 21
136.158
  0
LINE
  8
0
 10
18.142
 20
136.158
 11
19.2312
 21
132.806
  0
LINE
  8
0
 10
19.2312
 20
132.806
 11
19.138
 21
132.848
  0
LINE
  8
0
 10
3.87503
 20
131.756
 11
3.55844
 21
131.876
  0
LINE
  8
0
 10
3.55844
 20
131.876
 11
3.27084
 21
132.055
  0
LINE
  8
0
 10
3.27084
 20
132.055
 11
3.02383
 21
132.286
  0
LINE
  8
0
 10
3.02383
 20
132.286
 11
2.82785
 21
132.56
  0
LINE
  8
0
 10
2.82785
 20
132.56
 11
2.68811
 21
132.868
  0
LINE
  8
0
 10
2.68811
 20
132.868
 11
2.61215
 21
133.197
  0
LINE
  8
0
 10
2.61215
 20
133.197
 11
2.59998
 21
133.536
  0
LINE
  8
0
 10
2.59998
 20
133.536
 11
2.65506
 21
133.869
  0
LINE
  8
0
 10
2.65506
 20
133.869
 11
2.77451
 21
134.186
  0
LINE
  8
0
 10
2.77451
 20
134.186
 11
2.95309
 21
134.473
  0
LINE
  8
0
 10
2.95309
 20
134.473
 11
3.18387
 21
134.72
  0
LINE
  8
0
 10
3.18387
 20
134.72
 11
3.45871
 21
134.916
  0
LINE
  8
0
 10
3.45871
 20
134.916
 11
3.76834
 21
135.056
  0
LINE
  8
0
 10
3.76834
 20
135.056
 11
4.09653
 21
135.133
  0
LINE
  8
0
 10
4.09653
 20
135.133
 11
4.43573
 21
135.145
  0
LINE
  8
0
 10
4.43573
 20
135.145
 11
4.76913
 21
135.089
  0
LINE
  8
0
 10
4.76913
 20
135.089
 11
5.08572
 21
134.97
  0
LINE
  8
0
 10
5.08572
 20
134.97
 11
5.37332
 21
134.791
  0
LINE
  8
0
 10
5.37332
 20
134.791
 11
5.62033
 21
134.56
  0
LINE
  8
0
 10
5.62033
 20
134.56
 11
5.81631
 21
134.285
  0
LINE
  8
0
 10
5.81631
 20
134.285
 11
5.95605
 21
133.977
  0
LINE
  8
0
 10
5.95605
 20
133.977
 11
6.03201
 21
133.648
  0
LINE
  8
0
 10
6.03201
 20
133.648
 11
6.04419
 21
133.31
  0
LINE
  8
0
 10
6.04419
 20
133.31
 11
5.98911
 21
132.976
  0
LINE
  8
0
 10
5.98911
 20
132.976
 11
5.86966
 21
132.66
  0
LINE
  8
0
 10
5.86966
 20
132.66
 11
5.69049
 21
132.372
  0
LINE
  8
0
 10
5.69049
 20
132.372
 11
5.45914
 21
132.126
  0
LINE
  8
0
 10
5.45914
 20
132.126
 11
5.1814
 21
131.927
  0
LINE
  8
0
 10
5.1814
 20
131.927
 11
4.87582
 21
131.789
  0
LINE
  8
0
 10
4.87582
 20
131.789
 11
4.54764
 21
131.712
  0
LINE
  8
0
 10
4.54764
 20
131.712
 11
4.20844
 21
131.701
  0
LINE
  8
0
 10
4.20844
 20
131.701
 11
3.87503
 21
131.756
  0
LINE
  8
0
 10
14.4524
 20
131.712
 11
14.1242
 21
131.789
  0
LINE
  8
0
 10
14.1242
 20
131.789
 11
13.8169
 21
131.928
  0
LINE
  8
0
 10
13.8169
 20
131.928
 11
13.5397
 21
132.126
  0
LINE
  8
0
 10
13.5397
 20
132.126
 11
13.3083
 21
132.373
  0
LINE
  8
0
 10
13.3083
 20
132.373
 11
13.1298
 21
132.66
  0
LINE
  8
0
 10
13.1298
 20
132.66
 11
13.0103
 21
132.977
  0
LINE
  8
0
 10
13.0103
 20
132.977
 11
12.9558
 21
133.31
  0
LINE
  8
0
 10
12.9558
 20
133.31
 11
12.9668
 21
133.649
  0
LINE
  8
0
 10
12.9668
 20
133.649
 11
13.0434
 21
133.977
  0
LINE
  8
0
 10
13.0434
 20
133.977
 11
13.1831
 21
134.286
  0
LINE
  8
0
 10
13.1831
 20
134.286
 11
13.3797
 21
134.56
  0
LINE
  8
0
 10
13.3797
 20
134.56
 11
13.6267
 21
134.791
  0
LINE
  8
0
 10
13.6267
 20
134.791
 11
13.9143
 21
134.97
  0
LINE
  8
0
 10
13.9143
 20
134.97
 11
14.2309
 21
135.09
  0
LINE
  8
0
 10
14.2309
 20
135.09
 11
14.5643
 21
135.144
  0
LINE
  8
0
 10
14.5643
 20
135.144
 11
14.9035
 21
135.134
  0
LINE
  8
0
 10
14.9035
 20
135.134
 11
15.2311
 21
135.057
  0
LINE
  8
0
 10
15.2311
 20
135.057
 11
15.5372
 21
134.918
  0
LINE
  8
0
 10
15.5372
 20
134.918
 11
15.8156
 21
134.719
  0
LINE
  8
0
 10
15.8156
 20
134.719
 11
16.0469
 21
134.473
  0
LINE
  8
0
 10
16.0469
 20
134.473
 11
16.2255
 21
134.185
  0
LINE
  8
0
 10
16.2255
 20
134.185
 11
16.3449
 21
133.869
  0
LINE
  8
0
 10
16.3449
 20
133.869
 11
16.3994
 21
133.535
  0
LINE
  8
0
 10
16.3994
 20
133.535
 11
16.3884
 21
133.196
  0
LINE
  8
0
 10
16.3884
 20
133.196
 11
16.3119
 21
132.868
  0
LINE
  8
0
 10
16.3119
 20
132.868
 11
16.1716
 21
132.559
  0
LINE
  8
0
 10
16.1716
 20
132.559
 11
15.975
 21
132.285
  0
LINE
  8
0
 10
15.975
 20
132.285
 11
15.7286
 21
132.054
  0
LINE
  8
0
 10
15.7286
 20
132.054
 11
15.4416
 21
131.876
  0
LINE
  8
0
 10
15.4416
 20
131.876
 11
15.125
 21
131.756
  0
LINE
  8
0
 10
15.125
 20
131.756
 11
14.7916
 21
131.701
  0
LINE
  8
0
 10
14.7916
 20
131.701
 11
14.4524
 21
131.712
  0
LINE
  8
0
 10
-7.34592
 20
132.173
 11
-8.0162
 21
132.532
  0
LINE
  8
0
 10
-8.0162
 20
132.532
 11
-8.7439
 21
132.752
  0
LINE
  8
0
 10
-8.7439
 20
132.752
 11
-9.5
 21
132.827
  0
LINE
  8
0
 10
-9.5
 20
132.827
 11
-10.2555
 21
132.752
  0
LINE
  8
0
 10
-10.2555
 20
132.752
 11
-10.9832
 21
132.532
  0
LINE
  8
0
 10
-10.9832
 20
132.532
 11
-11.6535
 21
132.173
  0
LINE
  8
0
 10
-11.6535
 20
132.173
 11
-11.6703
 21
132.159
  0
LINE
  8
0
 10
-11.6703
 20
132.159
 11
-11.7086
 21
132.547
  0
LINE
  8
0
 10
-11.7086
 20
132.547
 11
-11.6663
 21
132.978
  0
LINE
  8
0
 10
-11.6663
 20
132.978
 11
-11.541
 21
133.392
  0
LINE
  8
0
 10
-11.541
 20
133.392
 11
-11.3369
 21
133.774
  0
LINE
  8
0
 10
-11.3369
 20
133.774
 11
-11.0621
 21
134.109
  0
LINE
  8
0
 10
-11.0621
 20
134.109
 11
-10.7275
 21
134.383
  0
LINE
  8
0
 10
-10.7275
 20
134.383
 11
-10.3448
 21
134.588
  0
LINE
  8
0
 10
-10.3448
 20
134.588
 11
-9.93082
 21
134.713
  0
LINE
  8
0
 10
-9.93082
 20
134.713
 11
-9.5
 21
134.755
  0
LINE
  8
0
 10
-9.5
 20
134.755
 11
-9.0686
 21
134.714
  0
LINE
  8
0
 10
-9.0686
 20
134.714
 11
-8.6546
 21
134.588
  0
LINE
  8
0
 10
-8.6546
 20
134.588
 11
-8.27191
 21
134.383
  0
LINE
  8
0
 10
-8.27191
 20
134.383
 11
-7.93735
 21
134.109
  0
LINE
  8
0
 10
-7.93735
 20
134.109
 11
-7.66251
 21
133.774
  0
LINE
  8
0
 10
-7.66251
 20
133.774
 11
-7.4584
 21
133.392
  0
LINE
  8
0
 10
-7.4584
 20
133.392
 11
-7.33374
 21
132.978
  0
LINE
  8
0
 10
-7.33374
 20
132.978
 11
-7.29083
 21
132.546
  0
LINE
  8
0
 10
-7.29083
 20
132.546
 11
-7.3291
 21
132.159
  0
LINE
  8
0
 10
-7.3291
 20
132.159
 11
-7.34592
 21
132.173
  0
LINE
  8
0
 10
-4.20322
 20
132.288
 11
-4.19742
 21
132.355
  0
LINE
  8
0
 10
-4.19742
 20
132.355
 11
-4.19452
 21
132.363
  0
LINE
  8
0
 10
-4.19452
 20
132.363
 11
-4.13654
 21
132.406
  0
LINE
  8
0
 10
-4.13654
 20
132.406
 11
-3.91678
 21
132.201
  0
LINE
  8
0
 10
-3.91678
 20
132.201
 11
-4.20322
 21
132.288
  0
LINE
  8
0
 10
-14.8629
 20
132.406
 11
-14.8043
 21
132.362
  0
LINE
  8
0
 10
-14.8043
 20
132.362
 11
-14.8026
 21
132.355
  0
LINE
  8
0
 10
-14.8026
 20
132.355
 11
-14.7962
 21
132.288
  0
LINE
  8
0
 10
-14.7962
 20
132.288
 11
-15.0809
 21
132.202
  0
LINE
  8
0
 10
-15.0809
 20
132.202
 11
-14.8629
 21
132.406
  0
LINE
  8
0
 10
-5.02368
 20
126.309
 11
-5.47189
 21
127.147
  0
LINE
  8
0
 10
-5.47189
 20
127.147
 11
-6.07376
 21
127.881
  0
LINE
  8
0
 10
-6.07376
 20
127.881
 11
-6.80783
 21
128.483
  0
LINE
  8
0
 10
-6.80783
 20
128.483
 11
-7.64511
 21
128.931
  0
LINE
  8
0
 10
-7.64511
 20
128.931
 11
-8.55545
 21
129.206
  0
LINE
  8
0
 10
-8.55545
 20
129.206
 11
-9.5
 21
129.3
  0
LINE
  8
0
 10
-9.5
 20
129.3
 11
-10.444
 21
129.206
  0
LINE
  8
0
 10
-10.444
 20
129.206
 11
-11.3543
 21
128.931
  0
LINE
  8
0
 10
-11.3543
 20
128.931
 11
-12.1916
 21
128.483
  0
LINE
  8
0
 10
-12.1916
 20
128.483
 11
-12.9257
 21
127.881
  0
LINE
  8
0
 10
-12.9257
 20
127.881
 11
-13.5275
 21
127.147
  0
LINE
  8
0
 10
-13.5275
 20
127.147
 11
-13.9757
 21
126.309
  0
LINE
  8
0
 10
-13.9757
 20
126.309
 11
-14.1033
 21
125.887
  0
LINE
  8
0
 10
-14.1033
 20
125.887
 11
-14.1885
 21
125.895
  0
LINE
  8
0
 10
-14.1885
 20
125.895
 11
-14.7057
 21
126.052
  0
LINE
  8
0
 10
-14.7057
 20
126.052
 11
-15.1847
 21
126.308
  0
LINE
  8
0
 10
-15.1847
 20
126.308
 11
-15.6028
 21
126.652
  0
LINE
  8
0
 10
-15.6028
 20
126.652
 11
-15.946
 21
127.07
  0
LINE
  8
0
 10
-15.946
 20
127.07
 11
-16.2017
 21
127.547
  0
LINE
  8
0
 10
-16.2017
 20
127.547
 11
-16.3583
 21
128.065
  0
LINE
  8
0
 10
-16.3583
 20
128.065
 11
-16.4116
 21
128.605
  0
LINE
  8
0
 10
-16.4116
 20
128.605
 11
-16.3589
 21
129.144
  0
LINE
  8
0
 10
-16.3589
 20
129.144
 11
-16.2017
 21
129.661
  0
LINE
  8
0
 10
-16.2017
 20
129.661
 11
-15.946
 21
130.139
  0
LINE
  8
0
 10
-15.946
 20
130.139
 11
-15.6028
 21
130.557
  0
LINE
  8
0
 10
-15.6028
 20
130.557
 11
-15.1847
 21
130.901
  0
LINE
  8
0
 10
-15.1847
 20
130.901
 11
-14.7057
 21
131.157
  0
LINE
  8
0
 10
-14.7057
 20
131.157
 11
-14.1885
 21
131.313
  0
LINE
  8
0
 10
-14.1885
 20
131.313
 11
-13.6493
 21
131.367
  0
LINE
  8
0
 10
-13.6493
 20
131.367
 11
-13.11
 21
131.314
  0
LINE
  8
0
 10
-13.11
 20
131.314
 11
-12.5917
 21
131.157
  0
LINE
  8
0
 10
-12.5917
 20
131.157
 11
-12.1139
 21
130.901
  0
LINE
  8
0
 10
-12.1139
 20
130.901
 11
-11.7202
 21
130.578
  0
LINE
  8
0
 10
-11.7202
 20
130.578
 11
-11.4535
 21
130.903
  0
LINE
  8
0
 10
-11.4535
 20
130.903
 11
-11.0342
 21
131.247
  0
LINE
  8
0
 10
-11.0342
 20
131.247
 11
-10.5565
 21
131.502
  0
LINE
  8
0
 10
-10.5565
 20
131.502
 11
-10.0387
 21
131.659
  0
LINE
  8
0
 10
-10.0387
 20
131.659
 11
-9.5
 21
131.712
  0
LINE
  8
0
 10
-9.5
 20
131.712
 11
-8.96075
 21
131.66
  0
LINE
  8
0
 10
-8.96075
 20
131.66
 11
-8.44296
 21
131.502
  0
LINE
  8
0
 10
-8.44296
 20
131.502
 11
-7.96518
 21
131.247
  0
LINE
  8
0
 10
-7.96518
 20
131.247
 11
-7.54596
 21
130.903
  0
LINE
  8
0
 10
-7.54596
 20
130.903
 11
-7.27924
 21
130.578
  0
LINE
  8
0
 10
-7.27924
 20
130.578
 11
-6.88553
 21
130.901
  0
LINE
  8
0
 10
-6.88553
 20
130.901
 11
-6.40775
 21
131.157
  0
LINE
  8
0
 10
-6.40775
 20
131.157
 11
-5.88937
 21
131.313
  0
LINE
  8
0
 10
-5.88937
 20
131.313
 11
-5.35013
 21
131.367
  0
LINE
  8
0
 10
-5.35013
 20
131.367
 11
-4.81088
 21
131.314
  0
LINE
  8
0
 10
-4.81088
 20
131.314
 11
-4.29367
 21
131.157
  0
LINE
  8
0
 10
-4.29367
 20
131.157
 11
-3.81473
 21
130.901
  0
LINE
  8
0
 10
-3.81473
 20
130.901
 11
-3.39667
 21
130.557
  0
LINE
  8
0
 10
-3.39667
 20
130.557
 11
-3.05341
 21
130.139
  0
LINE
  8
0
 10
-3.05341
 20
130.139
 11
-2.7977
 21
129.661
  0
LINE
  8
0
 10
-2.7977
 20
129.661
 11
-2.64114
 21
129.144
  0
LINE
  8
0
 10
-2.64114
 20
129.144
 11
-2.5878
 21
128.604
  0
LINE
  8
0
 10
-2.5878
 20
128.604
 11
-2.64056
 21
128.065
  0
LINE
  8
0
 10
-2.64056
 20
128.065
 11
-2.7977
 21
127.547
  0
LINE
  8
0
 10
-2.7977
 20
127.547
 11
-3.05399
 21
127.069
  0
LINE
  8
0
 10
-3.05399
 20
127.069
 11
-3.39725
 21
126.651
  0
LINE
  8
0
 10
-3.39725
 20
126.651
 11
-3.81473
 21
126.308
  0
LINE
  8
0
 10
-3.81473
 20
126.308
 11
-4.29367
 21
126.052
  0
LINE
  8
0
 10
-4.29367
 20
126.052
 11
-4.81088
 21
125.895
  0
LINE
  8
0
 10
-4.81088
 20
125.895
 11
-4.89612
 21
125.887
  0
LINE
  8
0
 10
-4.89612
 20
125.887
 11
-5.02368
 21
126.309
  0
LINE
  8
0
 10
-1.76907
 20
130.088
 11
-2.12741
 21
130.758
  0
LINE
  8
0
 10
-2.12741
 20
130.758
 11
-2.60867
 21
131.346
  0
LINE
  8
0
 10
-2.60867
 20
131.346
 11
-3.02151
 21
131.684
  0
LINE
  8
0
 10
-3.02151
 20
131.684
 11
-2.52228
 21
131.497
  0
LINE
  8
0
 10
-2.52228
 20
131.497
 11
-1.77255
 21
131.373
  0
LINE
  8
0
 10
-1.77255
 20
131.373
 11
-1.01297
 21
131.397
  0
LINE
  8
0
 10
-1.01297
 20
131.397
 11
-0.669708
 21
131.477
  0
LINE
  8
0
 10
-0.669708
 20
131.477
 11
-0.641876
 21
131.415
  0
LINE
  8
0
 10
-0.641876
 20
131.415
 11
-0.544464
 21
130.996
  0
LINE
  8
0
 10
-0.544464
 20
130.996
 11
-0.529388
 21
130.561
  0
LINE
  8
0
 10
-0.529388
 20
130.561
 11
-0.576935
 21
130.273
  0
LINE
  8
0
 10
-0.576935
 20
130.273
 11
-0.80249
 21
130.088
  0
LINE
  8
0
 10
-0.80249
 20
130.088
 11
-1.18576
 21
129.883
  0
LINE
  8
0
 10
-1.18576
 20
129.883
 11
-1.59918
 21
129.758
  0
LINE
  8
0
 10
-1.59918
 20
129.758
 11
-1.66644
 21
129.751
  0
LINE
  8
0
 10
-1.66644
 20
129.751
 11
-1.76907
 21
130.088
  0
LINE
  8
0
 10
-17.4002
 20
129.757
 11
-17.8137
 21
129.883
  0
LINE
  8
0
 10
-17.8137
 20
129.883
 11
-18.1969
 21
130.088
  0
LINE
  8
0
 10
-18.1969
 20
130.088
 11
-18.4225
 21
130.273
  0
LINE
  8
0
 10
-18.4225
 20
130.273
 11
-18.47
 21
130.561
  0
LINE
  8
0
 10
-18.47
 20
130.561
 11
-18.4561
 21
130.995
  0
LINE
  8
0
 10
-18.4561
 20
130.995
 11
-18.3575
 21
131.415
  0
LINE
  8
0
 10
-18.3575
 20
131.415
 11
-18.3297
 21
131.477
  0
LINE
  8
0
 10
-18.3297
 20
131.477
 11
-17.9865
 21
131.397
  0
LINE
  8
0
 10
-17.9865
 20
131.397
 11
-17.2269
 21
131.372
  0
LINE
  8
0
 10
-17.2269
 20
131.372
 11
-16.4771
 21
131.496
  0
LINE
  8
0
 10
-16.4771
 20
131.496
 11
-15.9796
 21
131.683
  0
LINE
  8
0
 10
-15.9796
 20
131.683
 11
-16.3907
 21
131.346
  0
LINE
  8
0
 10
-16.3907
 20
131.346
 11
-16.872
 21
130.758
  0
LINE
  8
0
 10
-16.872
 20
130.758
 11
-17.2303
 21
130.088
  0
LINE
  8
0
 10
-17.2303
 20
130.088
 11
-17.333
 21
129.751
  0
LINE
  8
0
 10
-17.333
 20
129.751
 11
-17.4002
 21
129.757
  0
LINE
  8
0
 10
19.8031
 20
130.088
 11
19.5775
 21
130.273
  0
LINE
  8
0
 10
19.5775
 20
130.273
 11
19.53
 21
130.561
  0
LINE
  8
0
 10
19.53
 20
130.561
 11
19.5439
 21
130.995
  0
LINE
  8
0
 10
19.5439
 20
130.995
 11
19.6425
 21
131.415
  0
LINE
  8
0
 10
19.6425
 20
131.415
 11
19.6661
 21
131.467
  0
LINE
  8
0
 10
19.6661
 20
131.467
 11
20.1798
 21
129.886
  0
LINE
  8
0
 10
20.1798
 20
129.886
 11
19.8031
 21
130.088
  0
LINE
  8
0
 10
-9.94183
 20
121.045
 11
-10.5999
 21
121.199
  0
LINE
  8
0
 10
-10.5999
 20
121.199
 11
-11.2151
 21
121.477
  0
LINE
  8
0
 10
-11.2151
 20
121.477
 11
-11.7689
 21
121.874
  0
LINE
  8
0
 10
-11.7689
 20
121.874
 11
-12.2316
 21
122.368
  0
LINE
  8
0
 10
-12.2316
 20
122.368
 11
-12.4624
 21
122.739
  0
LINE
  8
0
 10
-12.4624
 20
122.739
 11
-12.6729
 21
123.133
  0
LINE
  8
0
 10
-12.6729
 20
123.133
 11
-12.8688
 21
123.78
  0
LINE
  8
0
 10
-12.8688
 20
123.78
 11
-12.9361
 21
124.458
  0
LINE
  8
0
 10
-12.9361
 20
124.458
 11
-12.9535
 21
124.458
  0
LINE
  8
0
 10
-12.9535
 20
124.458
 11
-12.8874
 21
125.129
  0
LINE
  8
0
 10
-12.8874
 20
125.129
 11
-12.6908
 21
125.776
  0
LINE
  8
0
 10
-12.6908
 20
125.776
 11
-12.3719
 21
126.373
  0
LINE
  8
0
 10
-12.3719
 20
126.373
 11
-11.9423
 21
126.897
  0
LINE
  8
0
 10
-11.9423
 20
126.897
 11
-11.4187
 21
127.326
  0
LINE
  8
0
 10
-11.4187
 20
127.326
 11
-10.8209
 21
127.646
  0
LINE
  8
0
 10
-10.8209
 20
127.646
 11
-10.1732
 21
127.842
  0
LINE
  8
0
 10
-10.1732
 20
127.842
 11
-9.5
 21
127.909
  0
LINE
  8
0
 10
-9.5
 20
127.909
 11
-8.82623
 21
127.842
  0
LINE
  8
0
 10
-8.82623
 20
127.842
 11
-8.17856
 21
127.646
  0
LINE
  8
0
 10
-8.17856
 20
127.646
 11
-7.58075
 21
127.326
  0
LINE
  8
0
 10
-7.58075
 20
127.326
 11
-7.05716
 21
126.897
  0
LINE
  8
0
 10
-7.05716
 20
126.897
 11
-6.6275
 21
126.373
  0
LINE
  8
0
 10
-6.6275
 20
126.373
 11
-6.30859
 21
125.776
  0
LINE
  8
0
 10
-6.30859
 20
125.776
 11
-6.11261
 21
125.129
  0
LINE
  8
0
 10
-6.11261
 20
125.129
 11
-6.04593
 21
124.458
  0
LINE
  8
0
 10
-6.04593
 20
124.458
 11
-6.0639
 21
124.458
  0
LINE
  8
0
 10
-6.0639
 20
124.458
 11
-6.13058
 21
123.78
  0
LINE
  8
0
 10
-6.13058
 20
123.78
 11
-6.32715
 21
123.133
  0
LINE
  8
0
 10
-6.32715
 20
123.133
 11
-6.53705
 21
122.739
  0
LINE
  8
0
 10
-6.53705
 20
122.739
 11
-6.76898
 21
122.367
  0
LINE
  8
0
 10
-6.76898
 20
122.367
 11
-7.23169
 21
121.873
  0
LINE
  8
0
 10
-7.23169
 20
121.873
 11
-7.78485
 21
121.477
  0
LINE
  8
0
 10
-7.78485
 20
121.477
 11
-8.39948
 21
121.199
  0
LINE
  8
0
 10
-8.39948
 20
121.199
 11
-9.05759
 21
121.046
  0
LINE
  8
0
 10
-9.05759
 20
121.046
 11
-9.5
 21
121.031
  0
LINE
  8
0
 10
-9.5
 20
121.031
 11
-9.94183
 21
121.045
  0
LINE
  8
0
 10
8.82623
 20
121.067
 11
8.17856
 21
121.263
  0
LINE
  8
0
 10
8.17856
 20
121.263
 11
7.58075
 21
121.583
  0
LINE
  8
0
 10
7.58075
 20
121.583
 11
7.05716
 21
122.012
  0
LINE
  8
0
 10
7.05716
 20
122.012
 11
6.6275
 21
122.536
  0
LINE
  8
0
 10
6.6275
 20
122.536
 11
6.30859
 21
123.133
  0
LINE
  8
0
 10
6.30859
 20
123.133
 11
6.11261
 21
123.78
  0
LINE
  8
0
 10
6.11261
 20
123.78
 11
6.04593
 21
124.451
  0
LINE
  8
0
 10
6.04593
 20
124.451
 11
6.0639
 21
124.451
  0
LINE
  8
0
 10
6.0639
 20
124.451
 11
6.13058
 21
125.129
  0
LINE
  8
0
 10
6.13058
 20
125.129
 11
6.32715
 21
125.776
  0
LINE
  8
0
 10
6.32715
 20
125.776
 11
6.53705
 21
126.17
  0
LINE
  8
0
 10
6.53705
 20
126.17
 11
6.7684
 21
126.541
  0
LINE
  8
0
 10
6.7684
 20
126.541
 11
7.23111
 21
127.035
  0
LINE
  8
0
 10
7.23111
 20
127.035
 11
7.78485
 21
127.433
  0
LINE
  8
0
 10
7.78485
 20
127.433
 11
8.39948
 21
127.71
  0
LINE
  8
0
 10
8.39948
 20
127.71
 11
9.05759
 21
127.863
  0
LINE
  8
0
 10
9.05759
 20
127.863
 11
9.5
 21
127.878
  0
LINE
  8
0
 10
9.5
 20
127.878
 11
9.94183
 21
127.864
  0
LINE
  8
0
 10
9.94183
 20
127.864
 11
10.5999
 21
127.71
  0
LINE
  8
0
 10
10.5999
 20
127.71
 11
11.2151
 21
127.432
  0
LINE
  8
0
 10
11.2151
 20
127.432
 11
11.7689
 21
127.035
  0
LINE
  8
0
 10
11.7689
 20
127.035
 11
12.2316
 21
126.541
  0
LINE
  8
0
 10
12.2316
 20
126.541
 11
12.4624
 21
126.17
  0
LINE
  8
0
 10
12.4624
 20
126.17
 11
12.6729
 21
125.776
  0
LINE
  8
0
 10
12.6729
 20
125.776
 11
12.8688
 21
125.129
  0
LINE
  8
0
 10
12.8688
 20
125.129
 11
12.9361
 21
124.451
  0
LINE
  8
0
 10
12.9361
 20
124.451
 11
12.9535
 21
124.451
  0
LINE
  8
0
 10
12.9535
 20
124.451
 11
12.8874
 21
123.78
  0
LINE
  8
0
 10
12.8874
 20
123.78
 11
12.6908
 21
123.133
  0
LINE
  8
0
 10
12.6908
 20
123.133
 11
12.3713
 21
122.535
  0
LINE
  8
0
 10
12.3713
 20
122.535
 11
11.9417
 21
122.011
  0
LINE
  8
0
 10
11.9417
 20
122.011
 11
11.4187
 21
121.583
  0
LINE
  8
0
 10
11.4187
 20
121.583
 11
10.8209
 21
121.263
  0
LINE
  8
0
 10
10.8209
 20
121.263
 11
10.1732
 21
121.067
  0
LINE
  8
0
 10
10.1732
 20
121.067
 11
9.5
 21
121
  0
LINE
  8
0
 10
9.5
 20
121
 11
8.82623
 21
121.067
  0
LINE
  8
0
 10
17.8079
 20
122.762
 11
17.4849
 21
122.861
  0
LINE
  8
0
 10
17.4849
 20
122.861
 11
17.1857
 21
123.02
  0
LINE
  8
0
 10
17.1857
 20
123.02
 11
16.9242
 21
123.235
  0
LINE
  8
0
 10
16.9242
 20
123.235
 11
16.7097
 21
123.496
  0
LINE
  8
0
 10
16.7097
 20
123.496
 11
16.5502
 21
123.795
  0
LINE
  8
0
 10
16.5502
 20
123.795
 11
16.4528
 21
124.118
  0
LINE
  8
0
 10
16.4528
 20
124.118
 11
16.4197
 21
124.451
  0
LINE
  8
0
 10
16.4197
 20
124.451
 11
18.1302
 21
124.451
  0
LINE
  8
0
 10
18.1302
 20
124.451
 11
18.1633
 21
124.791
  0
LINE
  8
0
 10
18.1633
 20
124.791
 11
18.2613
 21
125.114
  0
LINE
  8
0
 10
18.2613
 20
125.114
 11
18.4207
 21
125.413
  0
LINE
  8
0
 10
18.4207
 20
125.413
 11
18.6353
 21
125.674
  0
LINE
  8
0
 10
18.6353
 20
125.674
 11
18.8968
 21
125.889
  0
LINE
  8
0
 10
18.8968
 20
125.889
 11
19.196
 21
126.048
  0
LINE
  8
0
 10
19.196
 20
126.048
 11
19.519
 21
126.146
  0
LINE
  8
0
 10
19.519
 20
126.146
 11
19.8553
 21
126.18
  0
LINE
  8
0
 10
19.8553
 20
126.18
 11
20.1921
 21
126.147
  0
LINE
  8
0
 10
20.1921
 20
126.147
 11
20.5151
 21
126.048
  0
LINE
  8
0
 10
20.5151
 20
126.048
 11
20.8143
 21
125.889
  0
LINE
  8
0
 10
20.8143
 20
125.889
 11
21.0758
 21
125.674
  0
LINE
  8
0
 10
21.0758
 20
125.674
 11
21.2903
 21
125.413
  0
LINE
  8
0
 10
21.2903
 20
125.413
 11
21.4498
 21
125.114
  0
LINE
  8
0
 10
21.4498
 20
125.114
 11
21.5472
 21
124.791
  0
LINE
  8
0
 10
21.5472
 20
124.791
 11
21.5803
 21
124.458
  0
LINE
  8
0
 10
21.5803
 20
124.458
 11
19.8698
 21
124.458
  0
LINE
  8
0
 10
19.8698
 20
124.458
 11
19.8367
 21
124.118
  0
LINE
  8
0
 10
19.8367
 20
124.118
 11
19.7387
 21
123.795
  0
LINE
  8
0
 10
19.7387
 20
123.795
 11
19.5787
 21
123.495
  0
LINE
  8
0
 10
19.5787
 20
123.495
 11
19.3641
 21
123.234
  0
LINE
  8
0
 10
19.3641
 20
123.234
 11
19.1032
 21
123.02
  0
LINE
  8
0
 10
19.1032
 20
123.02
 11
18.804
 21
122.861
  0
LINE
  8
0
 10
18.804
 20
122.861
 11
18.481
 21
122.763
  0
LINE
  8
0
 10
18.481
 20
122.763
 11
18.1447
 21
122.73
  0
LINE
  8
0
 10
18.1447
 20
122.73
 11
17.8079
 21
122.762
  0
LINE
  8
0
 10
0.518372
 20
122.762
 11
0.195404
 21
122.861
  0
LINE
  8
0
 10
0.195404
 20
122.861
 11
-0.10321
 21
123.02
  0
LINE
  8
0
 10
-0.10321
 20
123.02
 11
-0.364716
 21
123.235
  0
LINE
  8
0
 10
-0.364716
 20
123.235
 11
-0.579254
 21
123.496
  0
LINE
  8
0
 10
-0.579254
 20
123.496
 11
-0.738708
 21
123.795
  0
LINE
  8
0
 10
-0.738708
 20
123.795
 11
-0.836121
 21
124.118
  0
LINE
  8
0
 10
-0.836121
 20
124.118
 11
-0.869751
 21
124.458
  0
LINE
  8
0
 10
-0.869751
 20
124.458
 11
-2.57968
 21
124.458
  0
LINE
  8
0
 10
-2.57968
 20
124.458
 11
-2.54721
 21
124.791
  0
LINE
  8
0
 10
-2.54721
 20
124.791
 11
-2.44922
 21
125.114
  0
LINE
  8
0
 10
-2.44922
 20
125.114
 11
-2.28976
 21
125.413
  0
LINE
  8
0
 10
-2.28976
 20
125.413
 11
-2.07523
 21
125.674
  0
LINE
  8
0
 10
-2.07523
 20
125.674
 11
-1.81372
 21
125.889
  0
LINE
  8
0
 10
-1.81372
 20
125.889
 11
-1.51453
 21
126.048
  0
LINE
  8
0
 10
-1.51453
 20
126.048
 11
-1.19156
 21
126.146
  0
LINE
  8
0
 10
-1.19156
 20
126.146
 11
-0.854675
 21
126.18
  0
LINE
  8
0
 10
-0.854675
 20
126.18
 11
-0.518372
 21
126.147
  0
LINE
  8
0
 10
-0.518372
 20
126.147
 11
-0.195404
 21
126.048
  0
LINE
  8
0
 10
-0.195404
 20
126.048
 11
0.10321
 21
125.889
  0
LINE
  8
0
 10
0.10321
 20
125.889
 11
0.364716
 21
125.674
  0
LINE
  8
0
 10
0.364716
 20
125.674
 11
0.579254
 21
125.413
  0
LINE
  8
0
 10
0.579254
 20
125.413
 11
0.738708
 21
125.114
  0
LINE
  8
0
 10
0.738708
 20
125.114
 11
0.836121
 21
124.791
  0
LINE
  8
0
 10
0.836121
 20
124.791
 11
0.869751
 21
124.451
  0
LINE
  8
0
 10
0.869751
 20
124.451
 11
2.57968
 21
124.451
  0
LINE
  8
0
 10
2.57968
 20
124.451
 11
2.54721
 21
124.118
  0
LINE
  8
0
 10
2.54721
 20
124.118
 11
2.44922
 21
123.795
  0
LINE
  8
0
 10
2.44922
 20
123.795
 11
2.28918
 21
123.495
  0
LINE
  8
0
 10
2.28918
 20
123.495
 11
2.07465
 21
123.234
  0
LINE
  8
0
 10
2.07465
 20
123.234
 11
1.81372
 21
123.02
  0
LINE
  8
0
 10
1.81372
 20
123.02
 11
1.51453
 21
122.861
  0
LINE
  8
0
 10
1.51453
 20
122.861
 11
1.19156
 21
122.763
  0
LINE
  8
0
 10
1.19156
 20
122.763
 11
0.854675
 21
122.73
  0
LINE
  8
0
 10
0.854675
 20
122.73
 11
0.518372
 21
122.762
  0
LINE
  8
0
 10
-20.1921
 20
122.762
 11
-20.5151
 21
122.861
  0
LINE
  8
0
 10
-20.5151
 20
122.861
 11
-20.8143
 21
123.02
  0
LINE
  8
0
 10
-20.8143
 20
123.02
 11
-21.0758
 21
123.235
  0
LINE
  8
0
 10
-21.0758
 20
123.235
 11
-21.2903
 21
123.496
  0
LINE
  8
0
 10
-21.2903
 20
123.496
 11
-21.4498
 21
123.795
  0
LINE
  8
0
 10
-21.4498
 20
123.795
 11
-21.5472
 21
124.118
  0
LINE
  8
0
 10
-21.5472
 20
124.118
 11
-21.5803
 21
124.451
  0
LINE
  8
0
 10
-21.5803
 20
124.451
 11
-19.8698
 21
124.451
  0
LINE
  8
0
 10
-19.8698
 20
124.451
 11
-19.8367
 21
124.791
  0
LINE
  8
0
 10
-19.8367
 20
124.791
 11
-19.7387
 21
125.114
  0
LINE
  8
0
 10
-19.7387
 20
125.114
 11
-19.5793
 21
125.413
  0
LINE
  8
0
 10
-19.5793
 20
125.413
 11
-19.3647
 21
125.674
  0
LINE
  8
0
 10
-19.3647
 20
125.674
 11
-19.1032
 21
125.889
  0
LINE
  8
0
 10
-19.1032
 20
125.889
 11
-18.804
 21
126.048
  0
LINE
  8
0
 10
-18.804
 20
126.048
 11
-18.481
 21
126.146
  0
LINE
  8
0
 10
-18.481
 20
126.146
 11
-18.1447
 21
126.18
  0
LINE
  8
0
 10
-18.1447
 20
126.18
 11
-17.8079
 21
126.147
  0
LINE
  8
0
 10
-17.8079
 20
126.147
 11
-17.4849
 21
126.048
  0
LINE
  8
0
 10
-17.4849
 20
126.048
 11
-17.1857
 21
125.889
  0
LINE
  8
0
 10
-17.1857
 20
125.889
 11
-16.9242
 21
125.674
  0
LINE
  8
0
 10
-16.9242
 20
125.674
 11
-16.7097
 21
125.413
  0
LINE
  8
0
 10
-16.7097
 20
125.413
 11
-16.5502
 21
125.114
  0
LINE
  8
0
 10
-16.5502
 20
125.114
 11
-16.4528
 21
124.791
  0
LINE
  8
0
 10
-16.4528
 20
124.791
 11
-16.4197
 21
124.458
  0
LINE
  8
0
 10
-16.4197
 20
124.458
 11
-18.1302
 21
124.458
  0
LINE
  8
0
 10
-18.1302
 20
124.458
 11
-18.1633
 21
124.118
  0
LINE
  8
0
 10
-18.1633
 20
124.118
 11
-18.2613
 21
123.795
  0
LINE
  8
0
 10
-18.2613
 20
123.795
 11
-18.4213
 21
123.495
  0
LINE
  8
0
 10
-18.4213
 20
123.495
 11
-18.6359
 21
123.234
  0
LINE
  8
0
 10
-18.6359
 20
123.234
 11
-18.8968
 21
123.02
  0
LINE
  8
0
 10
-18.8968
 20
123.02
 11
-19.196
 21
122.861
  0
LINE
  8
0
 10
-19.196
 20
122.861
 11
-19.519
 21
122.763
  0
LINE
  8
0
 10
-19.519
 20
122.763
 11
-19.8553
 21
122.73
  0
LINE
  8
0
 10
-19.8553
 20
122.73
 11
-20.1921
 21
122.762
  0
LINE
  8
0
 10
8.96075
 20
117.25
 11
8.44296
 21
117.407
  0
LINE
  8
0
 10
8.44296
 20
117.407
 11
7.96518
 21
117.662
  0
LINE
  8
0
 10
7.96518
 20
117.662
 11
7.54596
 21
118.006
  0
LINE
  8
0
 10
7.54596
 20
118.006
 11
7.27924
 21
118.331
  0
LINE
  8
0
 10
7.27924
 20
118.331
 11
6.88553
 21
118.008
  0
LINE
  8
0
 10
6.88553
 20
118.008
 11
6.40775
 21
117.752
  0
LINE
  8
0
 10
6.40775
 20
117.752
 11
5.88937
 21
117.596
  0
LINE
  8
0
 10
5.88937
 20
117.596
 11
5.35013
 21
117.542
  0
LINE
  8
0
 10
5.35013
 20
117.542
 11
4.81088
 21
117.595
  0
LINE
  8
0
 10
4.81088
 20
117.595
 11
4.29367
 21
117.752
  0
LINE
  8
0
 10
4.29367
 20
117.752
 11
3.81473
 21
118.008
  0
LINE
  8
0
 10
3.81473
 20
118.008
 11
3.39667
 21
118.352
  0
LINE
  8
0
 10
3.39667
 20
118.352
 11
3.05341
 21
118.77
  0
LINE
  8
0
 10
3.05341
 20
118.77
 11
2.7977
 21
119.248
  0
LINE
  8
0
 10
2.7977
 20
119.248
 11
2.64114
 21
119.765
  0
LINE
  8
0
 10
2.64114
 20
119.765
 11
2.5878
 21
120.305
  0
LINE
  8
0
 10
2.5878
 20
120.305
 11
2.64056
 21
120.844
  0
LINE
  8
0
 10
2.64056
 20
120.844
 11
2.7977
 21
121.362
  0
LINE
  8
0
 10
2.7977
 20
121.362
 11
3.05341
 21
121.839
  0
LINE
  8
0
 10
3.05341
 20
121.839
 11
3.39667
 21
122.258
  0
LINE
  8
0
 10
3.39667
 20
122.258
 11
3.81473
 21
122.601
  0
LINE
  8
0
 10
3.81473
 20
122.601
 11
4.29367
 21
122.857
  0
LINE
  8
0
 10
4.29367
 20
122.857
 11
4.81088
 21
123.014
  0
LINE
  8
0
 10
4.81088
 20
123.014
 11
4.89612
 21
123.022
  0
LINE
  8
0
 10
4.89612
 20
123.022
 11
5.02368
 21
122.6
  0
LINE
  8
0
 10
5.02368
 20
122.6
 11
5.47189
 21
121.762
  0
LINE
  8
0
 10
5.47189
 20
121.762
 11
6.07376
 21
121.028
  0
LINE
  8
0
 10
6.07376
 20
121.028
 11
6.80783
 21
120.426
  0
LINE
  8
0
 10
6.80783
 20
120.426
 11
7.64511
 21
119.978
  0
LINE
  8
0
 10
7.64511
 20
119.978
 11
8.55545
 21
119.703
  0
LINE
  8
0
 10
8.55545
 20
119.703
 11
9.5
 21
119.609
  0
LINE
  8
0
 10
9.5
 20
119.609
 11
10.444
 21
119.703
  0
LINE
  8
0
 10
10.444
 20
119.703
 11
11.3543
 21
119.978
  0
LINE
  8
0
 10
11.3543
 20
119.978
 11
12.1916
 21
120.426
  0
LINE
  8
0
 10
12.1916
 20
120.426
 11
12.9257
 21
121.028
  0
LINE
  8
0
 10
12.9257
 20
121.028
 11
13.5275
 21
121.762
  0
LINE
  8
0
 10
13.5275
 20
121.762
 11
13.9757
 21
122.6
  0
LINE
  8
0
 10
13.9757
 20
122.6
 11
14.1033
 21
123.022
  0
LINE
  8
0
 10
14.1033
 20
123.022
 11
14.1885
 21
123.014
  0
LINE
  8
0
 10
14.1885
 20
123.014
 11
14.7057
 21
122.857
  0
LINE
  8
0
 10
14.7057
 20
122.857
 11
15.1847
 21
122.601
  0
LINE
  8
0
 10
15.1847
 20
122.601
 11
15.6028
 21
122.258
  0
LINE
  8
0
 10
15.6028
 20
122.258
 11
15.946
 21
121.839
  0
LINE
  8
0
 10
15.946
 20
121.839
 11
16.2017
 21
121.362
  0
LINE
  8
0
 10
16.2017
 20
121.362
 11
16.3583
 21
120.844
  0
LINE
  8
0
 10
16.3583
 20
120.844
 11
16.4116
 21
120.304
  0
LINE
  8
0
 10
16.4116
 20
120.304
 11
16.3589
 21
119.765
  0
LINE
  8
0
 10
16.3589
 20
119.765
 11
16.2017
 21
119.248
  0
LINE
  8
0
 10
16.2017
 20
119.248
 11
15.9454
 21
118.769
  0
LINE
  8
0
 10
15.9454
 20
118.769
 11
15.6022
 21
118.351
  0
LINE
  8
0
 10
15.6022
 20
118.351
 11
15.1847
 21
118.008
  0
LINE
  8
0
 10
15.1847
 20
118.008
 11
14.7057
 21
117.752
  0
LINE
  8
0
 10
14.7057
 20
117.752
 11
14.1885
 21
117.596
  0
LINE
  8
0
 10
14.1885
 20
117.596
 11
13.6493
 21
117.542
  0
LINE
  8
0
 10
13.6493
 20
117.542
 11
13.11
 21
117.595
  0
LINE
  8
0
 10
13.11
 20
117.595
 11
12.5917
 21
117.752
  0
LINE
  8
0
 10
12.5917
 20
117.752
 11
12.1139
 21
118.008
  0
LINE
  8
0
 10
12.1139
 20
118.008
 11
11.7202
 21
118.331
  0
LINE
  8
0
 10
11.7202
 20
118.331
 11
11.4529
 21
118.006
  0
LINE
  8
0
 10
11.4529
 20
118.006
 11
11.0342
 21
117.662
  0
LINE
  8
0
 10
11.0342
 20
117.662
 11
10.5565
 21
117.407
  0
LINE
  8
0
 10
10.5565
 20
117.407
 11
10.0387
 21
117.25
  0
LINE
  8
0
 10
10.0387
 20
117.25
 11
9.5
 21
117.197
  0
LINE
  8
0
 10
9.5
 20
117.197
 11
8.96075
 21
117.25
  0
LINE
  8
0
 10
-22.6035
 20
122.427
 11
-22.3972
 21
122.258
  0
LINE
  8
0
 10
-22.3972
 20
122.258
 11
-22.054
 21
121.839
  0
LINE
  8
0
 10
-22.054
 20
121.839
 11
-21.7983
 21
121.362
  0
LINE
  8
0
 10
-21.7983
 20
121.362
 11
-21.6417
 21
120.844
  0
LINE
  8
0
 10
-21.6417
 20
120.844
 11
-21.5884
 21
120.304
  0
LINE
  8
0
 10
-21.5884
 20
120.304
 11
-21.6411
 21
119.765
  0
LINE
  8
0
 10
-21.6411
 20
119.765
 11
-21.7983
 21
119.248
  0
LINE
  8
0
 10
-21.7983
 20
119.248
 11
-22.0546
 21
118.769
  0
LINE
  8
0
 10
-22.0546
 20
118.769
 11
-22.3978
 21
118.351
  0
LINE
  8
0
 10
-22.3978
 20
118.351
 11
-22.8153
 21
118.008
  0
LINE
  8
0
 10
-22.8153
 20
118.008
 11
-23.2943
 21
117.752
  0
LINE
  8
0
 10
-23.2943
 20
117.752
 11
-23.8115
 21
117.596
  0
LINE
  8
0
 10
-23.8115
 20
117.596
 11
-24.1853
 21
117.559
  0
LINE
  8
0
 10
-24.1853
 20
117.559
 11
-22.6035
 21
122.427
  0
LINE
  8
0
 10
-21.6093
 20
117.563
 11
-21.128
 21
118.151
  0
LINE
  8
0
 10
-21.128
 20
118.151
 11
-20.7697
 21
118.821
  0
LINE
  8
0
 10
-20.7697
 20
118.821
 11
-20.667
 21
119.158
  0
LINE
  8
0
 10
-20.667
 20
119.158
 11
-20.5998
 21
119.152
  0
LINE
  8
0
 10
-20.5998
 20
119.152
 11
-20.1863
 21
119.026
  0
LINE
  8
0
 10
-20.1863
 20
119.026
 11
-19.8031
 21
118.821
  0
LINE
  8
0
 10
-19.8031
 20
118.821
 11
-19.5775
 21
118.636
  0
LINE
  8
0
 10
-19.5775
 20
118.636
 11
-19.53
 21
118.348
  0
LINE
  8
0
 10
-19.53
 20
118.348
 11
-19.5439
 21
117.914
  0
LINE
  8
0
 10
-19.5439
 20
117.914
 11
-19.6425
 21
117.494
  0
LINE
  8
0
 10
-19.6425
 20
117.494
 11
-19.6703
 21
117.432
  0
LINE
  8
0
 10
-19.6703
 20
117.432
 11
-20.0135
 21
117.512
  0
LINE
  8
0
 10
-20.0135
 20
117.512
 11
-20.7731
 21
117.537
  0
LINE
  8
0
 10
-20.7731
 20
117.537
 11
-21.5229
 21
117.413
  0
LINE
  8
0
 10
-21.5229
 20
117.413
 11
-22.0204
 21
117.226
  0
LINE
  8
0
 10
-22.0204
 20
117.226
 11
-21.6093
 21
117.563
  0
LINE
  8
0
 10
16.3907
 20
117.563
 11
16.872
 21
118.151
  0
LINE
  8
0
 10
16.872
 20
118.151
 11
17.2303
 21
118.821
  0
LINE
  8
0
 10
17.2303
 20
118.821
 11
17.333
 21
119.158
  0
LINE
  8
0
 10
17.333
 20
119.158
 11
17.4002
 21
119.152
  0
LINE
  8
0
 10
17.4002
 20
119.152
 11
17.8137
 21
119.026
  0
LINE
  8
0
 10
17.8137
 20
119.026
 11
18.1969
 21
118.821
  0
LINE
  8
0
 10
18.1969
 20
118.821
 11
18.4225
 21
118.636
  0
LINE
  8
0
 10
18.4225
 20
118.636
 11
18.47
 21
118.348
  0
LINE
  8
0
 10
18.47
 20
118.348
 11
18.4561
 21
117.914
  0
LINE
  8
0
 10
18.4561
 20
117.914
 11
18.3575
 21
117.494
  0
LINE
  8
0
 10
18.3575
 20
117.494
 11
18.3297
 21
117.432
  0
LINE
  8
0
 10
18.3297
 20
117.432
 11
17.9865
 21
117.512
  0
LINE
  8
0
 10
17.9865
 20
117.512
 11
17.2269
 21
117.537
  0
LINE
  8
0
 10
17.2269
 20
117.537
 11
16.4771
 21
117.413
  0
LINE
  8
0
 10
16.4771
 20
117.413
 11
15.9796
 21
117.226
  0
LINE
  8
0
 10
15.9796
 20
117.226
 11
16.3907
 21
117.563
  0
LINE
  8
0
 10
2.52228
 20
117.412
 11
1.77255
 21
117.537
  0
LINE
  8
0
 10
1.77255
 20
117.537
 11
1.01297
 21
117.512
  0
LINE
  8
0
 10
1.01297
 20
117.512
 11
0.669708
 21
117.432
  0
LINE
  8
0
 10
0.669708
 20
117.432
 11
0.641876
 21
117.494
  0
LINE
  8
0
 10
0.641876
 20
117.494
 11
0.544464
 21
117.913
  0
LINE
  8
0
 10
0.544464
 20
117.913
 11
0.529388
 21
118.348
  0
LINE
  8
0
 10
0.529388
 20
118.348
 11
0.576935
 21
118.636
  0
LINE
  8
0
 10
0.576935
 20
118.636
 11
0.80249
 21
118.821
  0
LINE
  8
0
 10
0.80249
 20
118.821
 11
1.18576
 21
119.026
  0
LINE
  8
0
 10
1.18576
 20
119.026
 11
1.59918
 21
119.151
  0
LINE
  8
0
 10
1.59918
 20
119.151
 11
1.66644
 21
119.158
  0
LINE
  8
0
 10
1.66644
 20
119.158
 11
1.76907
 21
118.821
  0
LINE
  8
0
 10
1.76907
 20
118.821
 11
2.12741
 21
118.151
  0
LINE
  8
0
 10
2.12741
 20
118.151
 11
2.60867
 21
117.563
  0
LINE
  8
0
 10
2.60867
 20
117.563
 11
3.02151
 21
117.225
  0
LINE
  8
0
 10
3.02151
 20
117.225
 11
2.52228
 21
117.412
  0
LINE
  8
0
 10
-4.76913
 20
113.82
 11
-5.08572
 21
113.939
  0
LINE
  8
0
 10
-5.08572
 20
113.939
 11
-5.37332
 21
114.118
  0
LINE
  8
0
 10
-5.37332
 20
114.118
 11
-5.62033
 21
114.349
  0
LINE
  8
0
 10
-5.62033
 20
114.349
 11
-5.81631
 21
114.624
  0
LINE
  8
0
 10
-5.81631
 20
114.624
 11
-5.95605
 21
114.932
  0
LINE
  8
0
 10
-5.95605
 20
114.932
 11
-6.03201
 21
115.261
  0
LINE
  8
0
 10
-6.03201
 20
115.261
 11
-6.04419
 21
115.599
  0
LINE
  8
0
 10
-6.04419
 20
115.599
 11
-5.98911
 21
115.932
  0
LINE
  8
0
 10
-5.98911
 20
115.932
 11
-5.86966
 21
116.249
  0
LINE
  8
0
 10
-5.86966
 20
116.249
 11
-5.69107
 21
116.536
  0
LINE
  8
0
 10
-5.69107
 20
116.536
 11
-5.45972
 21
116.783
  0
LINE
  8
0
 10
-5.45972
 20
116.783
 11
-5.1814
 21
116.982
  0
LINE
  8
0
 10
-5.1814
 20
116.982
 11
-4.87582
 21
117.12
  0
LINE
  8
0
 10
-4.87582
 20
117.12
 11
-4.54764
 21
117.197
  0
LINE
  8
0
 10
-4.54764
 20
117.197
 11
-4.20844
 21
117.208
  0
LINE
  8
0
 10
-4.20844
 20
117.208
 11
-3.87503
 21
117.153
  0
LINE
  8
0
 10
-3.87503
 20
117.153
 11
-3.55844
 21
117.033
  0
LINE
  8
0
 10
-3.55844
 20
117.033
 11
-3.27084
 21
116.854
  0
LINE
  8
0
 10
-3.27084
 20
116.854
 11
-3.02383
 21
116.623
  0
LINE
  8
0
 10
-3.02383
 20
116.623
 11
-2.82785
 21
116.349
  0
LINE
  8
0
 10
-2.82785
 20
116.349
 11
-2.68811
 21
116.041
  0
LINE
  8
0
 10
-2.68811
 20
116.041
 11
-2.61215
 21
115.712
  0
LINE
  8
0
 10
-2.61215
 20
115.712
 11
-2.59998
 21
115.373
  0
LINE
  8
0
 10
-2.59998
 20
115.373
 11
-2.65506
 21
115.039
  0
LINE
  8
0
 10
-2.65506
 20
115.039
 11
-2.77451
 21
114.723
  0
LINE
  8
0
 10
-2.77451
 20
114.723
 11
-2.95367
 21
114.435
  0
LINE
  8
0
 10
-2.95367
 20
114.435
 11
-3.18445
 21
114.189
  0
LINE
  8
0
 10
-3.18445
 20
114.189
 11
-3.45871
 21
113.993
  0
LINE
  8
0
 10
-3.45871
 20
113.993
 11
-3.76834
 21
113.853
  0
LINE
  8
0
 10
-3.76834
 20
113.853
 11
-4.09653
 21
113.776
  0
LINE
  8
0
 10
-4.09653
 20
113.776
 11
-4.43573
 21
113.764
  0
LINE
  8
0
 10
-4.43573
 20
113.764
 11
-4.76913
 21
113.82
  0
LINE
  8
0
 10
-14.9035
 20
113.775
 11
-15.2311
 21
113.852
  0
LINE
  8
0
 10
-15.2311
 20
113.852
 11
-15.5372
 21
113.991
  0
LINE
  8
0
 10
-15.5372
 20
113.991
 11
-15.8156
 21
114.19
  0
LINE
  8
0
 10
-15.8156
 20
114.19
 11
-16.0469
 21
114.436
  0
LINE
  8
0
 10
-16.0469
 20
114.436
 11
-16.2255
 21
114.724
  0
LINE
  8
0
 10
-16.2255
 20
114.724
 11
-16.3449
 21
115.04
  0
LINE
  8
0
 10
-16.3449
 20
115.04
 11
-16.3994
 21
115.374
  0
LINE
  8
0
 10
-16.3994
 20
115.374
 11
-16.3884
 21
115.713
  0
LINE
  8
0
 10
-16.3884
 20
115.713
 11
-16.3119
 21
116.041
  0
LINE
  8
0
 10
-16.3119
 20
116.041
 11
-16.1716
 21
116.35
  0
LINE
  8
0
 10
-16.1716
 20
116.35
 11
-15.9756
 21
116.624
  0
LINE
  8
0
 10
-15.9756
 20
116.624
 11
-15.7286
 21
116.855
  0
LINE
  8
0
 10
-15.7286
 20
116.855
 11
-15.4416
 21
117.033
  0
LINE
  8
0
 10
-15.4416
 20
117.033
 11
-15.125
 21
117.153
  0
LINE
  8
0
 10
-15.125
 20
117.153
 11
-14.7916
 21
117.208
  0
LINE
  8
0
 10
-14.7916
 20
117.208
 11
-14.4524
 21
117.197
  0
LINE
  8
0
 10
-14.4524
 20
117.197
 11
-14.1242
 21
117.12
  0
LINE
  8
0
 10
-14.1242
 20
117.12
 11
-13.8169
 21
116.981
  0
LINE
  8
0
 10
-13.8169
 20
116.981
 11
-13.5397
 21
116.783
  0
LINE
  8
0
 10
-13.5397
 20
116.783
 11
-13.3083
 21
116.536
  0
LINE
  8
0
 10
-13.3083
 20
116.536
 11
-13.1298
 21
116.249
  0
LINE
  8
0
 10
-13.1298
 20
116.249
 11
-13.0103
 21
115.932
  0
LINE
  8
0
 10
-13.0103
 20
115.932
 11
-12.9558
 21
115.599
  0
LINE
  8
0
 10
-12.9558
 20
115.599
 11
-12.9668
 21
115.26
  0
LINE
  8
0
 10
-12.9668
 20
115.26
 11
-13.0434
 21
114.932
  0
LINE
  8
0
 10
-13.0434
 20
114.932
 11
-13.1831
 21
114.623
  0
LINE
  8
0
 10
-13.1831
 20
114.623
 11
-13.3802
 21
114.348
  0
LINE
  8
0
 10
-13.3802
 20
114.348
 11
-13.6267
 21
114.118
  0
LINE
  8
0
 10
-13.6267
 20
114.118
 11
-13.9143
 21
113.939
  0
LINE
  8
0
 10
-13.9143
 20
113.939
 11
-14.2309
 21
113.819
  0
LINE
  8
0
 10
-14.2309
 20
113.819
 11
-14.5643
 21
113.765
  0
LINE
  8
0
 10
-14.5643
 20
113.765
 11
-14.9035
 21
113.775
  0
LINE
  8
0
 10
23.0965
 20
113.775
 11
22.7689
 21
113.852
  0
LINE
  8
0
 10
22.7689
 20
113.852
 11
22.4628
 21
113.991
  0
LINE
  8
0
 10
22.4628
 20
113.991
 11
22.1844
 21
114.19
  0
LINE
  8
0
 10
22.1844
 20
114.19
 11
21.9531
 21
114.436
  0
LINE
  8
0
 10
21.9531
 20
114.436
 11
21.7745
 21
114.724
  0
LINE
  8
0
 10
21.7745
 20
114.724
 11
21.6551
 21
115.04
  0
LINE
  8
0
 10
21.6551
 20
115.04
 11
21.6006
 21
115.374
  0
LINE
  8
0
 10
21.6006
 20
115.374
 11
21.6116
 21
115.713
  0
LINE
  8
0
 10
21.6116
 20
115.713
 11
21.6881
 21
116.041
  0
LINE
  8
0
 10
21.6881
 20
116.041
 11
21.8284
 21
116.35
  0
LINE
  8
0
 10
21.8284
 20
116.35
 11
22.0244
 21
116.624
  0
LINE
  8
0
 10
22.0244
 20
116.624
 11
22.2714
 21
116.855
  0
LINE
  8
0
 10
22.2714
 20
116.855
 11
22.5584
 21
117.033
  0
LINE
  8
0
 10
22.5584
 20
117.033
 11
22.875
 21
117.153
  0
LINE
  8
0
 10
22.875
 20
117.153
 11
23.2084
 21
117.208
  0
LINE
  8
0
 10
23.2084
 20
117.208
 11
23.5476
 21
117.197
  0
LINE
  8
0
 10
23.5476
 20
117.197
 11
23.8758
 21
117.12
  0
LINE
  8
0
 10
23.8758
 20
117.12
 11
24.1831
 21
116.981
  0
LINE
  8
0
 10
24.1831
 20
116.981
 11
24.4305
 21
116.804
  0
LINE
  8
0
 10
24.4305
 20
116.804
 11
24.991
 21
115.079
  0
LINE
  8
0
 10
24.991
 20
115.079
 11
24.9566
 21
114.932
  0
LINE
  8
0
 10
24.9566
 20
114.932
 11
24.8169
 21
114.623
  0
LINE
  8
0
 10
24.8169
 20
114.623
 11
24.6198
 21
114.348
  0
LINE
  8
0
 10
24.6198
 20
114.348
 11
24.3733
 21
114.118
  0
LINE
  8
0
 10
24.3733
 20
114.118
 11
24.0857
 21
113.939
  0
LINE
  8
0
 10
24.0857
 20
113.939
 11
23.7691
 21
113.819
  0
LINE
  8
0
 10
23.7691
 20
113.819
 11
23.4357
 21
113.765
  0
LINE
  8
0
 10
23.4357
 20
113.765
 11
23.0965
 21
113.775
  0
LINE
  8
0
 10
9.0686
 20
114.196
 11
8.6546
 21
114.321
  0
LINE
  8
0
 10
8.6546
 20
114.321
 11
8.27191
 21
114.526
  0
LINE
  8
0
 10
8.27191
 20
114.526
 11
7.93735
 21
114.8
  0
LINE
  8
0
 10
7.93735
 20
114.8
 11
7.66251
 21
115.135
  0
LINE
  8
0
 10
7.66251
 20
115.135
 11
7.4584
 21
115.518
  0
LINE
  8
0
 10
7.4584
 20
115.518
 11
7.33374
 21
115.932
  0
LINE
  8
0
 10
7.33374
 20
115.932
 11
7.29083
 21
116.363
  0
LINE
  8
0
 10
7.29083
 20
116.363
 11
7.3291
 21
116.75
  0
LINE
  8
0
 10
7.3291
 20
116.75
 11
7.34592
 21
116.736
  0
LINE
  8
0
 10
7.34592
 20
116.736
 11
8.0162
 21
116.377
  0
LINE
  8
0
 10
8.0162
 20
116.377
 11
8.7439
 21
116.157
  0
LINE
  8
0
 10
8.7439
 20
116.157
 11
9.5
 21
116.082
  0
LINE
  8
0
 10
9.5
 20
116.082
 11
10.2555
 21
116.157
  0
LINE
  8
0
 10
10.2555
 20
116.157
 11
10.9832
 21
116.377
  0
LINE
  8
0
 10
10.9832
 20
116.377
 11
11.6535
 21
116.736
  0
LINE
  8
0
 10
11.6535
 20
116.736
 11
11.6703
 21
116.75
  0
LINE
  8
0
 10
11.6703
 20
116.75
 11
11.7086
 21
116.362
  0
LINE
  8
0
 10
11.7086
 20
116.362
 11
11.6663
 21
115.932
  0
LINE
  8
0
 10
11.6663
 20
115.932
 11
11.541
 21
115.518
  0
LINE
  8
0
 10
11.541
 20
115.518
 11
11.3363
 21
115.135
  0
LINE
  8
0
 10
11.3363
 20
115.135
 11
11.0615
 21
114.8
  0
LINE
  8
0
 10
11.0615
 20
114.8
 11
10.7275
 21
114.526
  0
LINE
  8
0
 10
10.7275
 20
114.526
 11
10.3448
 21
114.321
  0
LINE
  8
0
 10
10.3448
 20
114.321
 11
9.93082
 21
114.196
  0
LINE
  8
0
 10
9.93082
 20
114.196
 11
9.5
 21
114.154
  0
LINE
  8
0
 10
9.5
 20
114.154
 11
9.0686
 21
114.196
  0
LINE
  8
0
 10
3.91678
 20
116.708
 11
4.20322
 21
116.621
  0
LINE
  8
0
 10
4.20322
 20
116.621
 11
4.19742
 21
116.554
  0
LINE
  8
0
 10
4.19742
 20
116.554
 11
4.19452
 21
116.546
  0
LINE
  8
0
 10
4.19452
 20
116.546
 11
4.13654
 21
116.503
  0
LINE
  8
0
 10
4.13654
 20
116.503
 11
3.91678
 21
116.708
  0
LINE
  8
0
 10
-23.1957
 20
116.547
 11
-23.1974
 21
116.554
  0
LINE
  8
0
 10
-23.1974
 20
116.554
 11
-23.2038
 21
116.621
  0
LINE
  8
0
 10
-23.2038
 20
116.621
 11
-22.9191
 21
116.707
  0
LINE
  8
0
 10
-22.9191
 20
116.707
 11
-23.1371
 21
116.503
  0
LINE
  8
0
 10
-23.1371
 20
116.503
 11
-23.1957
 21
116.547
  0
LINE
  8
0
 10
14.8043
 20
116.547
 11
14.8026
 21
116.554
  0
LINE
  8
0
 10
14.8026
 20
116.554
 11
14.7962
 21
116.621
  0
LINE
  8
0
 10
14.7962
 20
116.621
 11
15.0809
 21
116.707
  0
LINE
  8
0
 10
15.0809
 20
116.707
 11
14.8629
 21
116.503
  0
LINE
  8
0
 10
14.8629
 20
116.503
 11
14.8043
 21
116.547
  0
LINE
  8
0
 10
4.9541
 20
103.813
 11
4.44675
 21
104.004
  0
LINE
  8
0
 10
4.44675
 20
104.004
 11
3.98578
 21
104.291
  0
LINE
  8
0
 10
3.98578
 20
104.291
 11
3.59149
 21
104.66
  0
LINE
  8
0
 10
3.59149
 20
104.66
 11
3.54221
 21
104.729
  0
LINE
  8
0
 10
3.54221
 20
104.729
 11
3.84372
 21
105.051
  0
LINE
  8
0
 10
3.84372
 20
105.051
 11
4.34528
 21
105.858
  0
LINE
  8
0
 10
4.34528
 20
105.858
 11
4.67984
 21
106.746
  0
LINE
  8
0
 10
4.67984
 20
106.746
 11
4.83466
 21
107.683
  0
LINE
  8
0
 10
4.83466
 20
107.683
 11
4.80392
 21
108.632
  0
LINE
  8
0
 10
4.80392
 20
108.632
 11
4.58707
 21
109.557
  0
LINE
  8
0
 10
4.58707
 20
109.557
 11
4.19626
 21
110.423
  0
LINE
  8
0
 10
4.19626
 20
110.423
 11
3.6431
 21
111.193
  0
LINE
  8
0
 10
3.6431
 20
111.193
 11
2.94962
 21
111.844
  0
LINE
  8
0
 10
2.94962
 20
111.844
 11
2.14307
 21
112.345
  0
LINE
  8
0
 10
2.14307
 20
112.345
 11
1.25418
 21
112.679
  0
LINE
  8
0
 10
1.25418
 20
112.679
 11
0.317169
 21
112.834
  0
LINE
  8
0
 10
0.317169
 20
112.834
 11
-0.631439
 21
112.803
  0
LINE
  8
0
 10
-0.631439
 20
112.803
 11
-1.0611
 21
112.702
  0
LINE
  8
0
 10
-1.0611
 20
112.702
 11
-1.09647
 21
112.781
  0
LINE
  8
0
 10
-1.09647
 20
112.781
 11
-1.21881
 21
113.307
  0
LINE
  8
0
 10
-1.21881
 20
113.307
 11
-1.23737
 21
113.849
  0
LINE
  8
0
 10
-1.23737
 20
113.849
 11
-1.14865
 21
114.383
  0
LINE
  8
0
 10
-1.14865
 20
114.383
 11
-0.957886
 21
114.89
  0
LINE
  8
0
 10
-0.957886
 20
114.89
 11
-0.672607
 21
115.35
  0
LINE
  8
0
 10
-0.672607
 20
115.35
 11
-0.302094
 21
115.745
  0
LINE
  8
0
 10
-0.302094
 20
115.745
 11
0.137421
 21
116.06
  0
LINE
  8
0
 10
0.137421
 20
116.06
 11
0.631439
 21
116.284
  0
LINE
  8
0
 10
0.631439
 20
116.284
 11
1.15735
 21
116.406
  0
LINE
  8
0
 10
1.15735
 20
116.406
 11
1.70065
 21
116.425
  0
LINE
  8
0
 10
1.70065
 20
116.425
 11
2.23352
 21
116.336
  0
LINE
  8
0
 10
2.23352
 20
116.336
 11
2.74088
 21
116.146
  0
LINE
  8
0
 10
2.74088
 20
116.146
 11
3.20184
 21
115.859
  0
LINE
  8
0
 10
3.20184
 20
115.859
 11
3.59613
 21
115.489
  0
LINE
  8
0
 10
3.59613
 20
115.489
 11
3.91156
 21
115.05
  0
LINE
  8
0
 10
3.91156
 20
115.05
 11
4.1348
 21
114.556
  0
LINE
  8
0
 10
4.1348
 20
114.556
 11
4.2583
 21
114.029
  0
LINE
  8
0
 10
4.2583
 20
114.029
 11
4.27628
 21
113.487
  0
LINE
  8
0
 10
4.27628
 20
113.487
 11
4.1922
 21
112.984
  0
LINE
  8
0
 10
4.1922
 20
112.984
 11
4.60736
 21
112.916
  0
LINE
  8
0
 10
4.60736
 20
112.916
 11
5.1153
 21
112.724
  0
LINE
  8
0
 10
5.1153
 20
112.724
 11
5.57568
 21
112.439
  0
LINE
  8
0
 10
5.57568
 20
112.439
 11
5.97055
 21
112.068
  0
LINE
  8
0
 10
5.97055
 20
112.068
 11
6.2854
 21
111.629
  0
LINE
  8
0
 10
6.2854
 20
111.629
 11
6.50864
 21
111.135
  0
LINE
  8
0
 10
6.50864
 20
111.135
 11
6.63156
 21
110.609
  0
LINE
  8
0
 10
6.63156
 20
110.609
 11
6.64954
 21
110.067
  0
LINE
  8
0
 10
6.64954
 20
110.067
 11
6.5614
 21
109.532
  0
LINE
  8
0
 10
6.5614
 20
109.532
 11
6.41296
 21
109.138
  0
LINE
  8
0
 10
6.41296
 20
109.138
 11
6.89017
 21
108.958
  0
LINE
  8
0
 10
6.89017
 20
108.958
 11
7.35056
 21
108.673
  0
LINE
  8
0
 10
7.35056
 20
108.673
 11
7.746
 21
108.302
  0
LINE
  8
0
 10
7.746
 20
108.302
 11
8.06085
 21
107.863
  0
LINE
  8
0
 10
8.06085
 20
107.863
 11
8.28467
 21
107.369
  0
LINE
  8
0
 10
8.28467
 20
107.369
 11
8.40701
 21
106.843
  0
LINE
  8
0
 10
8.40701
 20
106.843
 11
8.42557
 21
106.301
  0
LINE
  8
0
 10
8.42557
 20
106.301
 11
8.33685
 21
105.766
  0
LINE
  8
0
 10
8.33685
 20
105.766
 11
8.14609
 21
105.26
  0
LINE
  8
0
 10
8.14609
 20
105.26
 11
7.85965
 21
104.799
  0
LINE
  8
0
 10
7.85965
 20
104.799
 11
7.48972
 21
104.404
  0
LINE
  8
0
 10
7.48972
 20
104.404
 11
7.0502
 21
104.089
  0
LINE
  8
0
 10
7.0502
 20
104.089
 11
6.5556
 21
103.865
  0
LINE
  8
0
 10
6.5556
 20
103.865
 11
6.02969
 21
103.743
  0
LINE
  8
0
 10
6.02969
 20
103.743
 11
5.48697
 21
103.725
  0
LINE
  8
0
 10
5.48697
 20
103.725
 11
4.9541
 21
103.813
  0
LINE
  8
0
 10
-25.0297
 20
103.742
 11
-25.5562
 21
103.866
  0
LINE
  8
0
 10
-25.5562
 20
103.866
 11
-26.0502
 21
104.09
  0
LINE
  8
0
 10
-26.0502
 20
104.09
 11
-26.4903
 21
104.405
  0
LINE
  8
0
 10
-26.4903
 20
104.405
 11
-26.8602
 21
104.8
  0
LINE
  8
0
 10
-26.8602
 20
104.8
 11
-27.1467
 21
105.261
  0
LINE
  8
0
 10
-27.1467
 20
105.261
 11
-27.3369
 21
105.767
  0
LINE
  8
0
 10
-27.3369
 20
105.767
 11
-27.4256
 21
106.301
  0
LINE
  8
0
 10
-27.4256
 20
106.301
 11
-27.4082
 21
106.843
  0
LINE
  8
0
 10
-27.4082
 20
106.843
 11
-27.2847
 21
107.369
  0
LINE
  8
0
 10
-27.2847
 20
107.369
 11
-27.0614
 21
107.863
  0
LINE
  8
0
 10
-27.0614
 20
107.863
 11
-26.746
 21
108.303
  0
LINE
  8
0
 10
-26.746
 20
108.303
 11
-26.3511
 21
108.673
  0
LINE
  8
0
 10
-26.3511
 20
108.673
 11
-25.8907
 21
108.959
  0
LINE
  8
0
 10
-25.8907
 20
108.959
 11
-25.4135
 21
109.138
  0
LINE
  8
0
 10
-25.4135
 20
109.138
 11
-25.5614
 21
109.533
  0
LINE
  8
0
 10
-25.5614
 20
109.533
 11
-25.6495
 21
110.068
  0
LINE
  8
0
 10
-25.6495
 20
110.068
 11
-25.6327
 21
110.609
  0
LINE
  8
0
 10
-25.6327
 20
110.609
 11
-25.5092
 21
111.135
  0
LINE
  8
0
 10
-25.5092
 20
111.135
 11
-25.286
 21
111.629
  0
LINE
  8
0
 10
-25.286
 20
111.629
 11
-24.9706
 21
112.069
  0
LINE
  8
0
 10
-24.9706
 20
112.069
 11
-24.5757
 21
112.439
  0
LINE
  8
0
 10
-24.5757
 20
112.439
 11
-24.1153
 21
112.725
  0
LINE
  8
0
 10
-24.1153
 20
112.725
 11
-23.6079
 21
112.916
  0
LINE
  8
0
 10
-23.6079
 20
112.916
 11
-23.1922
 21
112.985
  0
LINE
  8
0
 10
-23.1922
 20
112.985
 11
-23.2757
 21
113.488
  0
LINE
  8
0
 10
-23.2757
 20
113.488
 11
-23.2589
 21
114.029
  0
LINE
  8
0
 10
-23.2589
 20
114.029
 11
-23.1354
 21
114.556
  0
LINE
  8
0
 10
-23.1354
 20
114.556
 11
-22.9116
 21
115.05
  0
LINE
  8
0
 10
-22.9116
 20
115.05
 11
-22.5967
 21
115.49
  0
LINE
  8
0
 10
-22.5967
 20
115.49
 11
-22.2018
 21
115.86
  0
LINE
  8
0
 10
-22.2018
 20
115.86
 11
-21.7409
 21
116.147
  0
LINE
  8
0
 10
-21.7409
 20
116.147
 11
-21.2341
 21
116.337
  0
LINE
  8
0
 10
-21.2341
 20
116.337
 11
-20.7007
 21
116.424
  0
LINE
  8
0
 10
-20.7007
 20
116.424
 11
-20.1579
 21
116.408
  0
LINE
  8
0
 10
-20.1579
 20
116.408
 11
-19.632
 21
116.285
  0
LINE
  8
0
 10
-19.632
 20
116.285
 11
-19.138
 21
116.061
  0
LINE
  8
0
 10
-19.138
 20
116.061
 11
-18.6973
 21
115.745
  0
LINE
  8
0
 10
-18.6973
 20
115.745
 11
-18.3274
 21
115.351
  0
LINE
  8
0
 10
-18.3274
 20
115.351
 11
-18.0415
 21
114.89
  0
LINE
  8
0
 10
-18.0415
 20
114.89
 11
-17.8513
 21
114.383
  0
LINE
  8
0
 10
-17.8513
 20
114.383
 11
-17.7626
 21
113.85
  0
LINE
  8
0
 10
-17.7626
 20
113.85
 11
-17.78
 21
113.307
  0
LINE
  8
0
 10
-17.78
 20
113.307
 11
-17.9035
 21
112.781
  0
LINE
  8
0
 10
-17.9035
 20
112.781
 11
-17.9389
 21
112.703
  0
LINE
  8
0
 10
-17.9389
 20
112.703
 11
-18.368
 21
112.804
  0
LINE
  8
0
 10
-18.368
 20
112.804
 11
-19.3172
 21
112.835
  0
LINE
  8
0
 10
-19.3172
 20
112.835
 11
-20.2548
 21
112.68
  0
LINE
  8
0
 10
-20.2548
 20
112.68
 11
-21.1431
 21
112.345
  0
LINE
  8
0
 10
-21.1431
 20
112.345
 11
-21.9496
 21
111.844
  0
LINE
  8
0
 10
-21.9496
 20
111.844
 11
-22.6431
 21
111.194
  0
LINE
  8
0
 10
-22.6431
 20
111.194
 11
-23.1968
 21
110.423
  0
LINE
  8
0
 10
-23.1968
 20
110.423
 11
-23.5876
 21
109.558
  0
LINE
  8
0
 10
-23.5876
 20
109.558
 11
-23.8045
 21
108.633
  0
LINE
  8
0
 10
-23.8045
 20
108.633
 11
-23.8352
 21
107.684
  0
LINE
  8
0
 10
-23.8352
 20
107.684
 11
-23.6798
 21
106.747
  0
LINE
  8
0
 10
-23.6798
 20
106.747
 11
-23.3459
 21
105.858
  0
LINE
  8
0
 10
-23.3459
 20
105.858
 11
-22.8443
 21
105.052
  0
LINE
  8
0
 10
-22.8443
 20
105.052
 11
-22.5422
 21
104.729
  0
LINE
  8
0
 10
-22.5422
 20
104.729
 11
-22.5921
 21
104.66
  0
LINE
  8
0
 10
-22.5921
 20
104.66
 11
-22.9864
 21
104.291
  0
LINE
  8
0
 10
-22.9864
 20
104.291
 11
-23.4473
 21
104.004
  0
LINE
  8
0
 10
-23.4473
 20
104.004
 11
-23.9541
 21
103.814
  0
LINE
  8
0
 10
-23.9541
 20
103.814
 11
-24.4875
 21
103.725
  0
LINE
  8
0
 10
-24.4875
 20
103.725
 11
-25.0297
 21
103.742
  0
LINE
  8
0
 10
12.9703
 20
103.742
 11
12.4438
 21
103.866
  0
LINE
  8
0
 10
12.4438
 20
103.866
 11
11.9498
 21
104.09
  0
LINE
  8
0
 10
11.9498
 20
104.09
 11
11.5097
 21
104.405
  0
LINE
  8
0
 10
11.5097
 20
104.405
 11
11.1398
 21
104.8
  0
LINE
  8
0
 10
11.1398
 20
104.8
 11
10.8533
 21
105.261
  0
LINE
  8
0
 10
10.8533
 20
105.261
 11
10.6631
 21
105.767
  0
LINE
  8
0
 10
10.6631
 20
105.767
 11
10.5744
 21
106.301
  0
LINE
  8
0
 10
10.5744
 20
106.301
 11
10.5918
 21
106.843
  0
LINE
  8
0
 10
10.5918
 20
106.843
 11
10.7153
 21
107.369
  0
LINE
  8
0
 10
10.7153
 20
107.369
 11
10.9386
 21
107.863
  0
LINE
  8
0
 10
10.9386
 20
107.863
 11
11.254
 21
108.303
  0
LINE
  8
0
 10
11.254
 20
108.303
 11
11.6489
 21
108.673
  0
LINE
  8
0
 10
11.6489
 20
108.673
 11
12.1093
 21
108.959
  0
LINE
  8
0
 10
12.1093
 20
108.959
 11
12.5865
 21
109.138
  0
LINE
  8
0
 10
12.5865
 20
109.138
 11
12.4386
 21
109.533
  0
LINE
  8
0
 10
12.4386
 20
109.533
 11
12.3505
 21
110.068
  0
LINE
  8
0
 10
12.3505
 20
110.068
 11
12.3673
 21
110.609
  0
LINE
  8
0
 10
12.3673
 20
110.609
 11
12.4908
 21
111.135
  0
LINE
  8
0
 10
12.4908
 20
111.135
 11
12.714
 21
111.629
  0
LINE
  8
0
 10
12.714
 20
111.629
 11
13.0294
 21
112.069
  0
LINE
  8
0
 10
13.0294
 20
112.069
 11
13.4243
 21
112.439
  0
LINE
  8
0
 10
13.4243
 20
112.439
 11
13.8847
 21
112.725
  0
LINE
  8
0
 10
13.8847
 20
112.725
 11
14.3921
 21
112.916
  0
LINE
  8
0
 10
14.3921
 20
112.916
 11
14.8078
 21
112.985
  0
LINE
  8
0
 10
14.8078
 20
112.985
 11
14.7243
 21
113.488
  0
LINE
  8
0
 10
14.7243
 20
113.488
 11
14.7411
 21
114.029
  0
LINE
  8
0
 10
14.7411
 20
114.029
 11
14.8646
 21
114.556
  0
LINE
  8
0
 10
14.8646
 20
114.556
 11
15.0884
 21
115.05
  0
LINE
  8
0
 10
15.0884
 20
115.05
 11
15.4033
 21
115.49
  0
LINE
  8
0
 10
15.4033
 20
115.49
 11
15.7982
 21
115.86
  0
LINE
  8
0
 10
15.7982
 20
115.86
 11
16.2591
 21
116.147
  0
LINE
  8
0
 10
16.2591
 20
116.147
 11
16.7659
 21
116.337
  0
LINE
  8
0
 10
16.7659
 20
116.337
 11
17.2993
 21
116.424
  0
LINE
  8
0
 10
17.2993
 20
116.424
 11
17.8421
 21
116.408
  0
LINE
  8
0
 10
17.8421
 20
116.408
 11
18.368
 21
116.285
  0
LINE
  8
0
 10
18.368
 20
116.285
 11
18.862
 21
116.061
  0
LINE
  8
0
 10
18.862
 20
116.061
 11
19.3027
 21
115.745
  0
LINE
  8
0
 10
19.3027
 20
115.745
 11
19.6726
 21
115.351
  0
LINE
  8
0
 10
19.6726
 20
115.351
 11
19.9585
 21
114.89
  0
LINE
  8
0
 10
19.9585
 20
114.89
 11
20.1487
 21
114.383
  0
LINE
  8
0
 10
20.1487
 20
114.383
 11
20.2374
 21
113.85
  0
LINE
  8
0
 10
20.2374
 20
113.85
 11
20.22
 21
113.307
  0
LINE
  8
0
 10
20.22
 20
113.307
 11
20.0965
 21
112.781
  0
LINE
  8
0
 10
20.0965
 20
112.781
 11
20.0611
 21
112.703
  0
LINE
  8
0
 10
20.0611
 20
112.703
 11
19.632
 21
112.804
  0
LINE
  8
0
 10
19.632
 20
112.804
 11
18.6828
 21
112.835
  0
LINE
  8
0
 10
18.6828
 20
112.835
 11
17.7452
 21
112.68
  0
LINE
  8
0
 10
17.7452
 20
112.68
 11
16.8569
 21
112.345
  0
LINE
  8
0
 10
16.8569
 20
112.345
 11
16.0504
 21
111.844
  0
LINE
  8
0
 10
16.0504
 20
111.844
 11
15.3569
 21
111.194
  0
LINE
  8
0
 10
15.3569
 20
111.194
 11
14.8032
 21
110.423
  0
LINE
  8
0
 10
14.8032
 20
110.423
 11
14.4124
 21
109.558
  0
LINE
  8
0
 10
14.4124
 20
109.558
 11
14.1955
 21
108.633
  0
LINE
  8
0
 10
14.1955
 20
108.633
 11
14.1648
 21
107.684
  0
LINE
  8
0
 10
14.1648
 20
107.684
 11
14.3202
 21
106.747
  0
LINE
  8
0
 10
14.3202
 20
106.747
 11
14.6541
 21
105.858
  0
LINE
  8
0
 10
14.6541
 20
105.858
 11
15.1557
 21
105.052
  0
LINE
  8
0
 10
15.1557
 20
105.052
 11
15.4578
 21
104.729
  0
LINE
  8
0
 10
15.4578
 20
104.729
 11
15.4079
 21
104.66
  0
LINE
  8
0
 10
15.4079
 20
104.66
 11
15.0136
 21
104.291
  0
LINE
  8
0
 10
15.0136
 20
104.291
 11
14.5527
 21
104.004
  0
LINE
  8
0
 10
14.5527
 20
104.004
 11
14.0459
 21
103.814
  0
LINE
  8
0
 10
14.0459
 20
103.814
 11
13.5125
 21
103.725
  0
LINE
  8
0
 10
13.5125
 20
103.725
 11
12.9703
 21
103.742
  0
LINE
  8
0
 10
7.76166
 20
109.994
 11
7.73672
 21
110.754
  0
LINE
  8
0
 10
7.73672
 20
110.754
 11
7.56393
 21
111.493
  0
LINE
  8
0
 10
7.56393
 20
111.493
 11
7.25024
 21
112.186
  0
LINE
  8
0
 10
7.25024
 20
112.186
 11
6.80783
 21
112.803
  0
LINE
  8
0
 10
6.80783
 20
112.803
 11
6.25351
 21
113.322
  0
LINE
  8
0
 10
6.25351
 20
113.322
 11
5.60815
 21
113.724
  0
LINE
  8
0
 10
5.60815
 20
113.724
 11
5.5867
 21
113.732
  0
LINE
  8
0
 10
5.5867
 20
113.732
 11
5.90329
 21
113.958
  0
LINE
  8
0
 10
5.90329
 20
113.958
 11
6.29816
 21
114.137
  0
LINE
  8
0
 10
6.29816
 20
114.137
 11
6.71854
 21
114.236
  0
LINE
  8
0
 10
6.71854
 20
114.236
 11
7.15225
 21
114.251
  0
LINE
  8
0
 10
7.15225
 20
114.251
 11
7.57959
 21
114.18
  0
LINE
  8
0
 10
7.57959
 20
114.18
 11
7.98489
 21
114.027
  0
LINE
  8
0
 10
7.98489
 20
114.027
 11
8.35309
 21
113.798
  0
LINE
  8
0
 10
8.35309
 20
113.798
 11
8.6691
 21
113.502
  0
LINE
  8
0
 10
8.6691
 20
113.502
 11
8.92075
 21
113.151
  0
LINE
  8
0
 10
8.92075
 20
113.151
 11
9.09991
 21
112.755
  0
LINE
  8
0
 10
9.09991
 20
112.755
 11
9.19791
 21
112.334
  0
LINE
  8
0
 10
9.19791
 20
112.334
 11
9.2124
 21
111.901
  0
LINE
  8
0
 10
9.2124
 20
111.901
 11
9.14224
 21
111.474
  0
LINE
  8
0
 10
9.14224
 20
111.474
 11
8.98917
 21
111.068
  0
LINE
  8
0
 10
8.98917
 20
111.068
 11
8.76013
 21
110.7
  0
LINE
  8
0
 10
8.76013
 20
110.7
 11
8.46384
 21
110.384
  0
LINE
  8
0
 10
8.46384
 20
110.384
 11
8.11246
 21
110.133
  0
LINE
  8
0
 10
8.11246
 20
110.133
 11
7.7576
 21
109.972
  0
LINE
  8
0
 10
7.7576
 20
109.972
 11
7.76166
 21
109.994
  0
LINE
  8
0
 10
10.887
 20
110.133
 11
10.5356
 21
110.385
  0
LINE
  8
0
 10
10.5356
 20
110.385
 11
10.2393
 21
110.701
  0
LINE
  8
0
 10
10.2393
 20
110.701
 11
10.0108
 21
111.069
  0
LINE
  8
0
 10
10.0108
 20
111.069
 11
9.85776
 21
111.475
  0
LINE
  8
0
 10
9.85776
 20
111.475
 11
9.7876
 21
111.901
  0
LINE
  8
0
 10
9.7876
 20
111.901
 11
9.80151
 21
112.335
  0
LINE
  8
0
 10
9.80151
 20
112.335
 11
9.90009
 21
112.756
  0
LINE
  8
0
 10
9.90009
 20
112.756
 11
10.0787
 21
113.151
  0
LINE
  8
0
 10
10.0787
 20
113.151
 11
10.3303
 21
113.502
  0
LINE
  8
0
 10
10.3303
 20
113.502
 11
10.6463
 21
113.798
  0
LINE
  8
0
 10
10.6463
 20
113.798
 11
11.0151
 21
114.027
  0
LINE
  8
0
 10
11.0151
 20
114.027
 11
11.4198
 21
114.18
  0
LINE
  8
0
 10
11.4198
 20
114.18
 11
11.8472
 21
114.25
  0
LINE
  8
0
 10
11.8472
 20
114.25
 11
12.2809
 21
114.237
  0
LINE
  8
0
 10
12.2809
 20
114.237
 11
12.7013
 21
114.138
  0
LINE
  8
0
 10
12.7013
 20
114.138
 11
13.0967
 21
113.959
  0
LINE
  8
0
 10
13.0967
 20
113.959
 11
13.4133
 21
113.733
  0
LINE
  8
0
 10
13.4133
 20
113.733
 11
13.3918
 21
113.725
  0
LINE
  8
0
 10
13.3918
 20
113.725
 11
12.7465
 21
113.323
  0
LINE
  8
0
 10
12.7465
 20
113.323
 11
12.1916
 21
112.803
  0
LINE
  8
0
 10
12.1916
 20
112.803
 11
11.7492
 21
112.186
  0
LINE
  8
0
 10
11.7492
 20
112.186
 11
11.4361
 21
111.494
  0
LINE
  8
0
 10
11.4361
 20
111.494
 11
11.2627
 21
110.754
  0
LINE
  8
0
 10
11.2627
 20
110.754
 11
11.2378
 21
109.995
  0
LINE
  8
0
 10
11.2378
 20
109.995
 11
11.2418
 21
109.972
  0
LINE
  8
0
 10
11.2418
 20
109.972
 11
10.887
 21
110.133
  0
LINE
  8
0
 10
-25.2971
 20
114.137
 11
-24.9033
 21
113.959
  0
LINE
  8
0
 10
-24.9033
 20
113.959
 11
-24.5867
 21
113.733
  0
LINE
  8
0
 10
-24.5867
 20
113.733
 11
-24.6082
 21
113.725
  0
LINE
  8
0
 10
-24.6082
 20
113.725
 11
-25.2535
 21
113.323
  0
LINE
  8
0
 10
-25.2535
 20
113.323
 11
-25.6963
 21
112.908
  0
LINE
  8
0
 10
-25.6963
 20
112.908
 11
-25.2971
 21
114.137
  0
LINE
  8
0
 10
-9.58698
 20
110.522
 11
-9.85428
 21
111.233
  0
LINE
  8
0
 10
-9.85428
 20
111.233
 11
-10.2561
 21
111.877
  0
LINE
  8
0
 10
-10.2561
 20
111.877
 11
-10.4967
 21
112.135
  0
LINE
  8
0
 10
-10.4967
 20
112.135
 11
-10.4579
 21
112.189
  0
LINE
  8
0
 10
-10.4579
 20
112.189
 11
-10.1419
 21
112.485
  0
LINE
  8
0
 10
-10.1419
 20
112.485
 11
-9.7731
 21
112.715
  0
LINE
  8
0
 10
-9.7731
 20
112.715
 11
-9.49942
 21
112.817
  0
LINE
  8
0
 10
-9.49942
 20
112.817
 11
-9.22632
 21
112.715
  0
LINE
  8
0
 10
-9.22632
 20
112.715
 11
-8.85754
 21
112.486
  0
LINE
  8
0
 10
-8.85754
 20
112.486
 11
-8.54211
 21
112.19
  0
LINE
  8
0
 10
-8.54211
 20
112.19
 11
-8.50327
 21
112.136
  0
LINE
  8
0
 10
-8.50327
 20
112.136
 11
-8.7439
 21
111.878
  0
LINE
  8
0
 10
-8.7439
 20
111.878
 11
-9.14572
 21
111.233
  0
LINE
  8
0
 10
-9.14572
 20
111.233
 11
-9.41302
 21
110.522
  0
LINE
  8
0
 10
-9.41302
 20
110.522
 11
-9.5
 21
109.999
  0
LINE
  8
0
 10
-9.5
 20
109.999
 11
-9.58698
 21
110.522
  0
LINE
  8
0
 10
-2.23352
 20
99.6637
 11
-2.74088
 21
99.8539
  0
LINE
  8
0
 10
-2.74088
 20
99.8539
 11
-3.20184
 21
100.141
  0
LINE
  8
0
 10
-3.20184
 20
100.141
 11
-3.59613
 21
100.511
  0
LINE
  8
0
 10
-3.59613
 20
100.511
 11
-3.91156
 21
100.95
  0
LINE
  8
0
 10
-3.91156
 20
100.95
 11
-4.1348
 21
101.444
  0
LINE
  8
0
 10
-4.1348
 20
101.444
 11
-4.2583
 21
101.971
  0
LINE
  8
0
 10
-4.2583
 20
101.971
 11
-4.27628
 21
102.513
  0
LINE
  8
0
 10
-4.27628
 20
102.513
 11
-4.1922
 21
103.016
  0
LINE
  8
0
 10
-4.1922
 20
103.016
 11
-4.60736
 21
103.084
  0
LINE
  8
0
 10
-4.60736
 20
103.084
 11
-5.1153
 21
103.276
  0
LINE
  8
0
 10
-5.1153
 20
103.276
 11
-5.57568
 21
103.561
  0
LINE
  8
0
 10
-5.57568
 20
103.561
 11
-5.97055
 21
103.932
  0
LINE
  8
0
 10
-5.97055
 20
103.932
 11
-6.2854
 21
104.371
  0
LINE
  8
0
 10
-6.2854
 20
104.371
 11
-6.50864
 21
104.865
  0
LINE
  8
0
 10
-6.50864
 20
104.865
 11
-6.63156
 21
105.391
  0
LINE
  8
0
 10
-6.63156
 20
105.391
 11
-6.64954
 21
105.933
  0
LINE
  8
0
 10
-6.64954
 20
105.933
 11
-6.5614
 21
106.467
  0
LINE
  8
0
 10
-6.5614
 20
106.467
 11
-6.41296
 21
106.862
  0
LINE
  8
0
 10
-6.41296
 20
106.862
 11
-6.89017
 21
107.042
  0
LINE
  8
0
 10
-6.89017
 20
107.042
 11
-7.35056
 21
107.327
  0
LINE
  8
0
 10
-7.35056
 20
107.327
 11
-7.746
 21
107.698
  0
LINE
  8
0
 10
-7.746
 20
107.698
 11
-8.06085
 21
108.137
  0
LINE
  8
0
 10
-8.06085
 20
108.137
 11
-8.28467
 21
108.631
  0
LINE
  8
0
 10
-8.28467
 20
108.631
 11
-8.40701
 21
109.157
  0
LINE
  8
0
 10
-8.40701
 20
109.157
 11
-8.42557
 21
109.699
  0
LINE
  8
0
 10
-8.42557
 20
109.699
 11
-8.33685
 21
110.234
  0
LINE
  8
0
 10
-8.33685
 20
110.234
 11
-8.14609
 21
110.74
  0
LINE
  8
0
 10
-8.14609
 20
110.74
 11
-7.86023
 21
111.201
  0
LINE
  8
0
 10
-7.86023
 20
111.201
 11
-7.4903
 21
111.596
  0
LINE
  8
0
 10
-7.4903
 20
111.596
 11
-7.0502
 21
111.911
  0
LINE
  8
0
 10
-7.0502
 20
111.911
 11
-6.5556
 21
112.135
  0
LINE
  8
0
 10
-6.5556
 20
112.135
 11
-6.02969
 21
112.257
  0
LINE
  8
0
 10
-6.02969
 20
112.257
 11
-5.48697
 21
112.275
  0
LINE
  8
0
 10
-5.48697
 20
112.275
 11
-4.9541
 21
112.187
  0
LINE
  8
0
 10
-4.9541
 20
112.187
 11
-4.44675
 21
111.996
  0
LINE
  8
0
 10
-4.44675
 20
111.996
 11
-3.98578
 21
111.709
  0
LINE
  8
0
 10
-3.98578
 20
111.709
 11
-3.59149
 21
111.34
  0
LINE
  8
0
 10
-3.59149
 20
111.34
 11
-3.54221
 21
111.271
  0
LINE
  8
0
 10
-3.54221
 20
111.271
 11
-3.84372
 21
110.949
  0
LINE
  8
0
 10
-3.84372
 20
110.949
 11
-4.34528
 21
110.142
  0
LINE
  8
0
 10
-4.34528
 20
110.142
 11
-4.67984
 21
109.254
  0
LINE
  8
0
 10
-4.67984
 20
109.254
 11
-4.83466
 21
108.317
  0
LINE
  8
0
 10
-4.83466
 20
108.317
 11
-4.80392
 21
107.368
  0
LINE
  8
0
 10
-4.80392
 20
107.368
 11
-4.58707
 21
106.443
  0
LINE
  8
0
 10
-4.58707
 20
106.443
 11
-4.19626
 21
105.577
  0
LINE
  8
0
 10
-4.19626
 20
105.577
 11
-3.6431
 21
104.807
  0
LINE
  8
0
 10
-3.6431
 20
104.807
 11
-2.94962
 21
104.156
  0
LINE
  8
0
 10
-2.94962
 20
104.156
 11
-2.14307
 21
103.655
  0
LINE
  8
0
 10
-2.14307
 20
103.655
 11
-1.25418
 21
103.321
  0
LINE
  8
0
 10
-1.25418
 20
103.321
 11
-0.317169
 21
103.166
  0
LINE
  8
0
 10
-0.317169
 20
103.166
 11
0.631439
 21
103.197
  0
LINE
  8
0
 10
0.631439
 20
103.197
 11
1.0611
 21
103.298
  0
LINE
  8
0
 10
1.0611
 20
103.298
 11
1.09647
 21
103.219
  0
LINE
  8
0
 10
1.09647
 20
103.219
 11
1.21881
 21
102.693
  0
LINE
  8
0
 10
1.21881
 20
102.693
 11
1.23737
 21
102.151
  0
LINE
  8
0
 10
1.23737
 20
102.151
 11
1.14865
 21
101.617
  0
LINE
  8
0
 10
1.14865
 20
101.617
 11
0.957886
 21
101.11
  0
LINE
  8
0
 10
0.957886
 20
101.11
 11
0.672028
 21
100.649
  0
LINE
  8
0
 10
0.672028
 20
100.649
 11
0.301514
 21
100.255
  0
LINE
  8
0
 10
0.301514
 20
100.255
 11
-0.137421
 21
99.9397
  0
LINE
  8
0
 10
-0.137421
 20
99.9397
 11
-0.631439
 21
99.7159
  0
LINE
  8
0
 10
-0.631439
 20
99.7159
 11
-1.15735
 21
99.5936
  0
LINE
  8
0
 10
-1.15735
 20
99.5936
 11
-1.70065
 21
99.575
  0
LINE
  8
0
 10
-1.70065
 20
99.575
 11
-2.23352
 21
99.6637
  0
LINE
  8
0
 10
20.1579
 20
99.5924
 11
19.632
 21
99.7153
  0
LINE
  8
0
 10
19.632
 20
99.7153
 11
19.138
 21
99.9391
  0
LINE
  8
0
 10
19.138
 20
99.9391
 11
18.6973
 21
100.255
  0
LINE
  8
0
 10
18.6973
 20
100.255
 11
18.3274
 21
100.649
  0
LINE
  8
0
 10
18.3274
 20
100.649
 11
18.0415
 21
101.11
  0
LINE
  8
0
 10
18.0415
 20
101.11
 11
17.8513
 21
101.617
  0
LINE
  8
0
 10
17.8513
 20
101.617
 11
17.7626
 21
102.15
  0
LINE
  8
0
 10
17.7626
 20
102.15
 11
17.78
 21
102.693
  0
LINE
  8
0
 10
17.78
 20
102.693
 11
17.9035
 21
103.219
  0
LINE
  8
0
 10
17.9035
 20
103.219
 11
17.9389
 21
103.297
  0
LINE
  8
0
 10
17.9389
 20
103.297
 11
18.368
 21
103.196
  0
LINE
  8
0
 10
18.368
 20
103.196
 11
19.3172
 21
103.165
  0
LINE
  8
0
 10
19.3172
 20
103.165
 11
20.2548
 21
103.32
  0
LINE
  8
0
 10
20.2548
 20
103.32
 11
21.1431
 21
103.655
  0
LINE
  8
0
 10
21.1431
 20
103.655
 11
21.9496
 21
104.156
  0
LINE
  8
0
 10
21.9496
 20
104.156
 11
22.6431
 21
104.806
  0
LINE
  8
0
 10
22.6431
 20
104.806
 11
23.1968
 21
105.577
  0
LINE
  8
0
 10
23.1968
 20
105.577
 11
23.5876
 21
106.442
  0
LINE
  8
0
 10
23.5876
 20
106.442
 11
23.8045
 21
107.367
  0
LINE
  8
0
 10
23.8045
 20
107.367
 11
23.8352
 21
108.316
  0
LINE
  8
0
 10
23.8352
 20
108.316
 11
23.6798
 21
109.253
  0
LINE
  8
0
 10
23.6798
 20
109.253
 11
23.3459
 21
110.142
  0
LINE
  8
0
 10
23.3459
 20
110.142
 11
22.8443
 21
110.948
  0
LINE
  8
0
 10
22.8443
 20
110.948
 11
22.5422
 21
111.271
  0
LINE
  8
0
 10
22.5422
 20
111.271
 11
22.5915
 21
111.339
  0
LINE
  8
0
 10
22.5915
 20
111.339
 11
22.9864
 21
111.709
  0
LINE
  8
0
 10
22.9864
 20
111.709
 11
23.4473
 21
111.996
  0
LINE
  8
0
 10
23.4473
 20
111.996
 11
23.9541
 21
112.186
  0
LINE
  8
0
 10
23.9541
 20
112.186
 11
24.4875
 21
112.274
  0
LINE
  8
0
 10
24.4875
 20
112.274
 11
25.0297
 21
112.258
  0
LINE
  8
0
 10
25.0297
 20
112.258
 11
25.5562
 21
112.134
  0
LINE
  8
0
 10
25.5562
 20
112.134
 11
26.0154
 21
111.926
  0
LINE
  8
0
 10
26.0154
 20
111.926
 11
27.1692
 21
108.375
  0
LINE
  8
0
 10
27.1692
 20
108.375
 11
27.0614
 21
108.137
  0
LINE
  8
0
 10
27.0614
 20
108.137
 11
26.7454
 21
107.697
  0
LINE
  8
0
 10
26.7454
 20
107.697
 11
26.3511
 21
107.327
  0
LINE
  8
0
 10
26.3511
 20
107.327
 11
25.8907
 21
107.041
  0
LINE
  8
0
 10
25.8907
 20
107.041
 11
25.4135
 21
106.862
  0
LINE
  8
0
 10
25.4135
 20
106.862
 11
25.5614
 21
106.467
  0
LINE
  8
0
 10
25.5614
 20
106.467
 11
25.6495
 21
105.932
  0
LINE
  8
0
 10
25.6495
 20
105.932
 11
25.6327
 21
105.391
  0
LINE
  8
0
 10
25.6327
 20
105.391
 11
25.5092
 21
104.865
  0
LINE
  8
0
 10
25.5092
 20
104.865
 11
25.286
 21
104.371
  0
LINE
  8
0
 10
25.286
 20
104.371
 11
24.97
 21
103.931
  0
LINE
  8
0
 10
24.97
 20
103.931
 11
24.5757
 21
103.561
  0
LINE
  8
0
 10
24.5757
 20
103.561
 11
24.1153
 21
103.275
  0
LINE
  8
0
 10
24.1153
 20
103.275
 11
23.6079
 21
103.084
  0
LINE
  8
0
 10
23.6079
 20
103.084
 11
23.1922
 21
103.015
  0
LINE
  8
0
 10
23.1922
 20
103.015
 11
23.2757
 21
102.512
  0
LINE
  8
0
 10
23.2757
 20
102.512
 11
23.2589
 21
101.971
  0
LINE
  8
0
 10
23.2589
 20
101.971
 11
23.1354
 21
101.444
  0
LINE
  8
0
 10
23.1354
 20
101.444
 11
22.9116
 21
100.95
  0
LINE
  8
0
 10
22.9116
 20
100.95
 11
22.5961
 21
100.51
  0
LINE
  8
0
 10
22.5961
 20
100.51
 11
22.2018
 21
100.14
  0
LINE
  8
0
 10
22.2018
 20
100.14
 11
21.7409
 21
99.8533
  0
LINE
  8
0
 10
21.7409
 20
99.8533
 11
21.2341
 21
99.6631
  0
LINE
  8
0
 10
21.2341
 20
99.6631
 11
20.7007
 21
99.575
  0
LINE
  8
0
 10
20.7007
 20
99.575
 11
20.1579
 21
99.5924
  0
LINE
  8
0
 10
-17.8421
 20
99.5924
 11
-18.368
 21
99.7153
  0
LINE
  8
0
 10
-18.368
 20
99.7153
 11
-18.862
 21
99.9391
  0
LINE
  8
0
 10
-18.862
 20
99.9391
 11
-19.3027
 21
100.255
  0
LINE
  8
0
 10
-19.3027
 20
100.255
 11
-19.6726
 21
100.649
  0
LINE
  8
0
 10
-19.6726
 20
100.649
 11
-19.9585
 21
101.11
  0
LINE
  8
0
 10
-19.9585
 20
101.11
 11
-20.1487
 21
101.617
  0
LINE
  8
0
 10
-20.1487
 20
101.617
 11
-20.2374
 21
102.15
  0
LINE
  8
0
 10
-20.2374
 20
102.15
 11
-20.22
 21
102.693
  0
LINE
  8
0
 10
-20.22
 20
102.693
 11
-20.0965
 21
103.219
  0
LINE
  8
0
 10
-20.0965
 20
103.219
 11
-20.0611
 21
103.297
  0
LINE
  8
0
 10
-20.0611
 20
103.297
 11
-19.632
 21
103.196
  0
LINE
  8
0
 10
-19.632
 20
103.196
 11
-18.6828
 21
103.165
  0
LINE
  8
0
 10
-18.6828
 20
103.165
 11
-17.7452
 21
103.32
  0
LINE
  8
0
 10
-17.7452
 20
103.32
 11
-16.8569
 21
103.655
  0
LINE
  8
0
 10
-16.8569
 20
103.655
 11
-16.0504
 21
104.156
  0
LINE
  8
0
 10
-16.0504
 20
104.156
 11
-15.3569
 21
104.806
  0
LINE
  8
0
 10
-15.3569
 20
104.806
 11
-14.8032
 21
105.577
  0
LINE
  8
0
 10
-14.8032
 20
105.577
 11
-14.4124
 21
106.442
  0
LINE
  8
0
 10
-14.4124
 20
106.442
 11
-14.1955
 21
107.367
  0
LINE
  8
0
 10
-14.1955
 20
107.367
 11
-14.1648
 21
108.316
  0
LINE
  8
0
 10
-14.1648
 20
108.316
 11
-14.3202
 21
109.253
  0
LINE
  8
0
 10
-14.3202
 20
109.253
 11
-14.6541
 21
110.142
  0
LINE
  8
0
 10
-14.6541
 20
110.142
 11
-15.1557
 21
110.948
  0
LINE
  8
0
 10
-15.1557
 20
110.948
 11
-15.4578
 21
111.271
  0
LINE
  8
0
 10
-15.4578
 20
111.271
 11
-15.4085
 21
111.339
  0
LINE
  8
0
 10
-15.4085
 20
111.339
 11
-15.0136
 21
111.709
  0
LINE
  8
0
 10
-15.0136
 20
111.709
 11
-14.5527
 21
111.996
  0
LINE
  8
0
 10
-14.5527
 20
111.996
 11
-14.0459
 21
112.186
  0
LINE
  8
0
 10
-14.0459
 20
112.186
 11
-13.5125
 21
112.274
  0
LINE
  8
0
 10
-13.5125
 20
112.274
 11
-12.9703
 21
112.258
  0
LINE
  8
0
 10
-12.9703
 20
112.258
 11
-12.4438
 21
112.134
  0
LINE
  8
0
 10
-12.4438
 20
112.134
 11
-11.9498
 21
111.91
  0
LINE
  8
0
 10
-11.9498
 20
111.91
 11
-11.5097
 21
111.595
  0
LINE
  8
0
 10
-11.5097
 20
111.595
 11
-11.1398
 21
111.2
  0
LINE
  8
0
 10
-11.1398
 20
111.2
 11
-10.8533
 21
110.739
  0
LINE
  8
0
 10
-10.8533
 20
110.739
 11
-10.6631
 21
110.233
  0
LINE
  8
0
 10
-10.6631
 20
110.233
 11
-10.5744
 21
109.699
  0
LINE
  8
0
 10
-10.5744
 20
109.699
 11
-10.5918
 21
109.157
  0
LINE
  8
0
 10
-10.5918
 20
109.157
 11
-10.7153
 21
108.631
  0
LINE
  8
0
 10
-10.7153
 20
108.631
 11
-10.9386
 21
108.137
  0
LINE
  8
0
 10
-10.9386
 20
108.137
 11
-11.2546
 21
107.697
  0
LINE
  8
0
 10
-11.2546
 20
107.697
 11
-11.6489
 21
107.327
  0
LINE
  8
0
 10
-11.6489
 20
107.327
 11
-12.1093
 21
107.041
  0
LINE
  8
0
 10
-12.1093
 20
107.041
 11
-12.5865
 21
106.862
  0
LINE
  8
0
 10
-12.5865
 20
106.862
 11
-12.4386
 21
106.467
  0
LINE
  8
0
 10
-12.4386
 20
106.467
 11
-12.3505
 21
105.932
  0
LINE
  8
0
 10
-12.3505
 20
105.932
 11
-12.3673
 21
105.391
  0
LINE
  8
0
 10
-12.3673
 20
105.391
 11
-12.4908
 21
104.865
  0
LINE
  8
0
 10
-12.4908
 20
104.865
 11
-12.714
 21
104.371
  0
LINE
  8
0
 10
-12.714
 20
104.371
 11
-13.03
 21
103.931
  0
LINE
  8
0
 10
-13.03
 20
103.931
 11
-13.4243
 21
103.561
  0
LINE
  8
0
 10
-13.4243
 20
103.561
 11
-13.8847
 21
103.275
  0
LINE
  8
0
 10
-13.8847
 20
103.275
 11
-14.3921
 21
103.084
  0
LINE
  8
0
 10
-14.3921
 20
103.084
 11
-14.8078
 21
103.015
  0
LINE
  8
0
 10
-14.8078
 20
103.015
 11
-14.7243
 21
102.512
  0
LINE
  8
0
 10
-14.7243
 20
102.512
 11
-14.7411
 21
101.971
  0
LINE
  8
0
 10
-14.7411
 20
101.971
 11
-14.8646
 21
101.444
  0
LINE
  8
0
 10
-14.8646
 20
101.444
 11
-15.0884
 21
100.95
  0
LINE
  8
0
 10
-15.0884
 20
100.95
 11
-15.4039
 21
100.51
  0
LINE
  8
0
 10
-15.4039
 20
100.51
 11
-15.7982
 21
100.14
  0
LINE
  8
0
 10
-15.7982
 20
100.14
 11
-16.2591
 21
99.8533
  0
LINE
  8
0
 10
-16.2591
 20
99.8533
 11
-16.7659
 21
99.6631
  0
LINE
  8
0
 10
-16.7659
 20
99.6631
 11
-17.2993
 21
99.575
  0
LINE
  8
0
 10
-17.2993
 20
99.575
 11
-17.8421
 21
99.5924
  0
LINE
  8
0
 10
-0.894104
 20
104.664
 11
-1.52786
 21
104.903
  0
LINE
  8
0
 10
-1.52786
 20
104.903
 11
-2.10364
 21
105.261
  0
LINE
  8
0
 10
-2.10364
 20
105.261
 11
-2.59766
 21
105.724
  0
LINE
  8
0
 10
-2.59766
 20
105.724
 11
-2.99136
 21
106.273
  0
LINE
  8
0
 10
-2.99136
 20
106.273
 11
-3.27026
 21
106.89
  0
LINE
  8
0
 10
-3.27026
 20
106.89
 11
-3.42392
 21
107.549
  0
LINE
  8
0
 10
-3.42392
 20
107.549
 11
-3.44711
 21
108.226
  0
LINE
  8
0
 10
-3.44711
 20
108.226
 11
-3.33694
 21
108.893
  0
LINE
  8
0
 10
-3.33694
 20
108.893
 11
-3.09747
 21
109.527
  0
LINE
  8
0
 10
-3.09747
 20
109.527
 11
-2.7403
 21
110.102
  0
LINE
  8
0
 10
-2.7403
 20
110.102
 11
-2.27759
 21
110.596
  0
LINE
  8
0
 10
-2.27759
 20
110.596
 11
-1.72733
 21
110.991
  0
LINE
  8
0
 10
-1.72733
 20
110.991
 11
-1.10864
 21
111.27
  0
LINE
  8
0
 10
-1.10864
 20
111.27
 11
-0.451111
 21
111.424
  0
LINE
  8
0
 10
-0.451111
 20
111.424
 11
0.226135
 21
111.447
  0
LINE
  8
0
 10
0.226135
 20
111.447
 11
0.894104
 21
111.336
  0
LINE
  8
0
 10
0.894104
 20
111.336
 11
1.52786
 21
111.097
  0
LINE
  8
0
 10
1.52786
 20
111.097
 11
2.10364
 21
110.739
  0
LINE
  8
0
 10
2.10364
 20
110.739
 11
2.59766
 21
110.276
  0
LINE
  8
0
 10
2.59766
 20
110.276
 11
2.99136
 21
109.727
  0
LINE
  8
0
 10
2.99136
 20
109.727
 11
3.27026
 21
109.11
  0
LINE
  8
0
 10
3.27026
 20
109.11
 11
3.42392
 21
108.451
  0
LINE
  8
0
 10
3.42392
 20
108.451
 11
3.44711
 21
107.774
  0
LINE
  8
0
 10
3.44711
 20
107.774
 11
3.33694
 21
107.106
  0
LINE
  8
0
 10
3.33694
 20
107.106
 11
3.09747
 21
106.473
  0
LINE
  8
0
 10
3.09747
 20
106.473
 11
2.73972
 21
105.897
  0
LINE
  8
0
 10
2.73972
 20
105.897
 11
2.27701
 21
105.403
  0
LINE
  8
0
 10
2.27701
 20
105.403
 11
1.72733
 21
105.009
  0
LINE
  8
0
 10
1.72733
 20
105.009
 11
1.10864
 21
104.73
  0
LINE
  8
0
 10
1.10864
 20
104.73
 11
0.451111
 21
104.576
  0
LINE
  8
0
 10
0.451111
 20
104.576
 11
-0.226135
 21
104.553
  0
LINE
  8
0
 10
-0.226135
 20
104.553
 11
-0.894104
 21
104.664
  0
LINE
  8
0
 10
-19.4511
 20
104.576
 11
-20.1092
 21
104.729
  0
LINE
  8
0
 10
-20.1092
 20
104.729
 11
-20.7244
 21
105.007
  0
LINE
  8
0
 10
-20.7244
 20
105.007
 11
-21.2782
 21
105.404
  0
LINE
  8
0
 10
-21.2782
 20
105.404
 11
-21.7403
 21
105.898
  0
LINE
  8
0
 10
-21.7403
 20
105.898
 11
-22.0981
 21
106.473
  0
LINE
  8
0
 10
-22.0981
 20
106.473
 11
-22.3369
 21
107.108
  0
LINE
  8
0
 10
-22.3369
 20
107.108
 11
-22.4465
 21
107.775
  0
LINE
  8
0
 10
-22.4465
 20
107.775
 11
-22.4251
 21
108.452
  0
LINE
  8
0
 10
-22.4251
 20
108.452
 11
-22.2708
 21
109.11
  0
LINE
  8
0
 10
-22.2708
 20
109.11
 11
-21.9919
 21
109.727
  0
LINE
  8
0
 10
-21.9919
 20
109.727
 11
-21.5977
 21
110.276
  0
LINE
  8
0
 10
-21.5977
 20
110.276
 11
-21.1036
 21
110.74
  0
LINE
  8
0
 10
-21.1036
 20
110.74
 11
-20.5284
 21
111.097
  0
LINE
  8
0
 10
-20.5284
 20
111.097
 11
-19.8947
 21
111.337
  0
LINE
  8
0
 10
-19.8947
 20
111.337
 11
-19.2261
 21
111.447
  0
LINE
  8
0
 10
-19.2261
 20
111.447
 11
-18.5489
 21
111.424
  0
LINE
  8
0
 10
-18.5489
 20
111.424
 11
-17.8908
 21
111.271
  0
LINE
  8
0
 10
-17.8908
 20
111.271
 11
-17.2756
 21
110.993
  0
LINE
  8
0
 10
-17.2756
 20
110.993
 11
-16.7218
 21
110.596
  0
LINE
  8
0
 10
-16.7218
 20
110.596
 11
-16.2597
 21
110.102
  0
LINE
  8
0
 10
-16.2597
 20
110.102
 11
-15.9019
 21
109.527
  0
LINE
  8
0
 10
-15.9019
 20
109.527
 11
-15.6631
 21
108.892
  0
LINE
  8
0
 10
-15.6631
 20
108.892
 11
-15.5535
 21
108.225
  0
LINE
  8
0
 10
-15.5535
 20
108.225
 11
-15.5749
 21
107.548
  0
LINE
  8
0
 10
-15.5749
 20
107.548
 11
-15.7292
 21
106.89
  0
LINE
  8
0
 10
-15.7292
 20
106.89
 11
-16.0081
 21
106.273
  0
LINE
  8
0
 10
-16.0081
 20
106.273
 11
-16.4029
 21
105.723
  0
LINE
  8
0
 10
-16.4029
 20
105.723
 11
-16.8964
 21
105.26
  0
LINE
  8
0
 10
-16.8964
 20
105.26
 11
-17.4716
 21
104.903
  0
LINE
  8
0
 10
-17.4716
 20
104.903
 11
-18.1053
 21
104.663
  0
LINE
  8
0
 10
-18.1053
 20
104.663
 11
-18.7739
 21
104.553
  0
LINE
  8
0
 10
-18.7739
 20
104.553
 11
-19.4511
 21
104.576
  0
LINE
  8
0
 10
18.5489
 20
104.576
 11
17.8908
 21
104.729
  0
LINE
  8
0
 10
17.8908
 20
104.729
 11
17.2756
 21
105.007
  0
LINE
  8
0
 10
17.2756
 20
105.007
 11
16.7218
 21
105.404
  0
LINE
  8
0
 10
16.7218
 20
105.404
 11
16.2597
 21
105.898
  0
LINE
  8
0
 10
16.2597
 20
105.898
 11
15.9019
 21
106.473
  0
LINE
  8
0
 10
15.9019
 20
106.473
 11
15.6631
 21
107.108
  0
LINE
  8
0
 10
15.6631
 20
107.108
 11
15.5535
 21
107.775
  0
LINE
  8
0
 10
15.5535
 20
107.775
 11
15.5749
 21
108.452
  0
LINE
  8
0
 10
15.5749
 20
108.452
 11
15.7292
 21
109.11
  0
LINE
  8
0
 10
15.7292
 20
109.11
 11
16.0081
 21
109.727
  0
LINE
  8
0
 10
16.0081
 20
109.727
 11
16.4023
 21
110.276
  0
LINE
  8
0
 10
16.4023
 20
110.276
 11
16.8964
 21
110.74
  0
LINE
  8
0
 10
16.8964
 20
110.74
 11
17.4716
 21
111.097
  0
LINE
  8
0
 10
17.4716
 20
111.097
 11
18.1053
 21
111.337
  0
LINE
  8
0
 10
18.1053
 20
111.337
 11
18.7739
 21
111.447
  0
LINE
  8
0
 10
18.7739
 20
111.447
 11
19.4511
 21
111.424
  0
LINE
  8
0
 10
19.4511
 20
111.424
 11
20.1092
 21
111.271
  0
LINE
  8
0
 10
20.1092
 20
111.271
 11
20.7244
 21
110.993
  0
LINE
  8
0
 10
20.7244
 20
110.993
 11
21.2782
 21
110.596
  0
LINE
  8
0
 10
21.2782
 20
110.596
 11
21.7403
 21
110.102
  0
LINE
  8
0
 10
21.7403
 20
110.102
 11
22.0981
 21
109.527
  0
LINE
  8
0
 10
22.0981
 20
109.527
 11
22.3369
 21
108.892
  0
LINE
  8
0
 10
22.3369
 20
108.892
 11
22.4465
 21
108.225
  0
LINE
  8
0
 10
22.4465
 20
108.225
 11
22.4251
 21
107.548
  0
LINE
  8
0
 10
22.4251
 20
107.548
 11
22.2708
 21
106.89
  0
LINE
  8
0
 10
22.2708
 20
106.89
 11
21.9919
 21
106.273
  0
LINE
  8
0
 10
21.9919
 20
106.273
 11
21.5971
 21
105.723
  0
LINE
  8
0
 10
21.5971
 20
105.723
 11
21.1036
 21
105.26
  0
LINE
  8
0
 10
21.1036
 20
105.26
 11
20.5284
 21
104.903
  0
LINE
  8
0
 10
20.5284
 20
104.903
 11
19.8947
 21
104.663
  0
LINE
  8
0
 10
19.8947
 20
104.663
 11
19.2261
 21
104.553
  0
LINE
  8
0
 10
19.2261
 20
104.553
 11
18.5489
 21
104.576
  0
LINE
  8
0
 10
-9.56784
 20
108.669
 11
-9.5
 21
108.958
  0
LINE
  8
0
 10
-9.5
 20
108.958
 11
-9.43216
 21
108.67
  0
LINE
  8
0
 10
-9.43216
 20
108.67
 11
-9.49362
 21
108.641
  0
LINE
  8
0
 10
-9.49362
 20
108.641
 11
-9.50058
 21
108.64
  0
LINE
  8
0
 10
-9.50058
 20
108.64
 11
-9.56784
 21
108.669
  0
LINE
  8
0
 10
9.43216
 20
107.33
 11
9.49362
 21
107.359
  0
LINE
  8
0
 10
9.49362
 20
107.359
 11
9.50058
 21
107.36
  0
LINE
  8
0
 10
9.50058
 20
107.36
 11
9.56784
 21
107.331
  0
LINE
  8
0
 10
9.56784
 20
107.331
 11
9.5
 21
107.042
  0
LINE
  8
0
 10
9.5
 20
107.042
 11
9.43216
 21
107.33
  0
LINE
  8
0
 10
-12.2809
 20
101.763
 11
-12.7013
 21
101.862
  0
LINE
  8
0
 10
-12.7013
 20
101.862
 11
-13.0967
 21
102.041
  0
LINE
  8
0
 10
-13.0967
 20
102.041
 11
-13.4133
 21
102.267
  0
LINE
  8
0
 10
-13.4133
 20
102.267
 11
-13.3918
 21
102.275
  0
LINE
  8
0
 10
-13.3918
 20
102.275
 11
-12.7465
 21
102.677
  0
LINE
  8
0
 10
-12.7465
 20
102.677
 11
-12.1916
 21
103.197
  0
LINE
  8
0
 10
-12.1916
 20
103.197
 11
-11.7492
 21
103.814
  0
LINE
  8
0
 10
-11.7492
 20
103.814
 11
-11.4361
 21
104.506
  0
LINE
  8
0
 10
-11.4361
 20
104.506
 11
-11.2627
 21
105.246
  0
LINE
  8
0
 10
-11.2627
 20
105.246
 11
-11.2378
 21
106.005
  0
LINE
  8
0
 10
-11.2378
 20
106.005
 11
-11.2418
 21
106.028
  0
LINE
  8
0
 10
-11.2418
 20
106.028
 11
-10.887
 21
105.867
  0
LINE
  8
0
 10
-10.887
 20
105.867
 11
-10.5356
 21
105.615
  0
LINE
  8
0
 10
-10.5356
 20
105.615
 11
-10.2393
 21
105.299
  0
LINE
  8
0
 10
-10.2393
 20
105.299
 11
-10.0108
 21
104.931
  0
LINE
  8
0
 10
-10.0108
 20
104.931
 11
-9.85776
 21
104.525
  0
LINE
  8
0
 10
-9.85776
 20
104.525
 11
-9.7876
 21
104.099
  0
LINE
  8
0
 10
-9.7876
 20
104.099
 11
-9.80151
 21
103.665
  0
LINE
  8
0
 10
-9.80151
 20
103.665
 11
-9.90009
 21
103.244
  0
LINE
  8
0
 10
-9.90009
 20
103.244
 11
-10.0787
 21
102.849
  0
LINE
  8
0
 10
-10.0787
 20
102.849
 11
-10.3309
 21
102.497
  0
LINE
  8
0
 10
-10.3309
 20
102.497
 11
-10.6463
 21
102.202
  0
LINE
  8
0
 10
-10.6463
 20
102.202
 11
-11.0151
 21
101.973
  0
LINE
  8
0
 10
-11.0151
 20
101.973
 11
-11.4198
 21
101.82
  0
LINE
  8
0
 10
-11.4198
 20
101.82
 11
-11.8472
 21
101.749
  0
LINE
  8
0
 10
-11.8472
 20
101.749
 11
-12.2809
 21
101.763
  0
LINE
  8
0
 10
25.7191
 20
101.763
 11
25.2987
 21
101.862
  0
LINE
  8
0
 10
25.2987
 20
101.862
 11
24.9033
 21
102.041
  0
LINE
  8
0
 10
24.9033
 20
102.041
 11
24.5867
 21
102.267
  0
LINE
  8
0
 10
24.5867
 20
102.267
 11
24.6082
 21
102.275
  0
LINE
  8
0
 10
24.6082
 20
102.275
 11
25.2535
 21
102.677
  0
LINE
  8
0
 10
25.2535
 20
102.677
 11
25.8084
 21
103.197
  0
LINE
  8
0
 10
25.8084
 20
103.197
 11
26.2508
 21
103.814
  0
LINE
  8
0
 10
26.2508
 20
103.814
 11
26.5639
 21
104.506
  0
LINE
  8
0
 10
26.5639
 20
104.506
 11
26.7373
 21
105.246
  0
LINE
  8
0
 10
26.7373
 20
105.246
 11
26.7622
 21
106.005
  0
LINE
  8
0
 10
26.7622
 20
106.005
 11
26.7582
 21
106.028
  0
LINE
  8
0
 10
26.7582
 20
106.028
 11
27.113
 21
105.867
  0
LINE
  8
0
 10
27.113
 20
105.867
 11
27.4644
 21
105.615
  0
LINE
  8
0
 10
27.4644
 20
105.615
 11
27.7607
 21
105.299
  0
LINE
  8
0
 10
27.7607
 20
105.299
 11
27.9892
 21
104.931
  0
LINE
  8
0
 10
27.9892
 20
104.931
 11
28.1422
 21
104.525
  0
LINE
  8
0
 10
28.1422
 20
104.525
 11
28.2124
 21
104.099
  0
LINE
  8
0
 10
28.2124
 20
104.099
 11
28.1985
 21
103.665
  0
LINE
  8
0
 10
28.1985
 20
103.665
 11
28.0999
 21
103.244
  0
LINE
  8
0
 10
28.0999
 20
103.244
 11
27.9213
 21
102.849
  0
LINE
  8
0
 10
27.9213
 20
102.849
 11
27.6691
 21
102.497
  0
LINE
  8
0
 10
27.6691
 20
102.497
 11
27.3537
 21
102.202
  0
LINE
  8
0
 10
27.3537
 20
102.202
 11
26.9849
 21
101.973
  0
LINE
  8
0
 10
26.9849
 20
101.973
 11
26.5802
 21
101.82
  0
LINE
  8
0
 10
26.5802
 20
101.82
 11
26.1528
 21
101.749
  0
LINE
  8
0
 10
26.1528
 20
101.749
 11
25.7191
 21
101.763
  0
LINE
  8
0
 10
-7.57959
 20
101.82
 11
-7.98489
 21
101.973
  0
LINE
  8
0
 10
-7.98489
 20
101.973
 11
-8.35309
 21
102.202
  0
LINE
  8
0
 10
-8.35309
 20
102.202
 11
-8.6691
 21
102.498
  0
LINE
  8
0
 10
-8.6691
 20
102.498
 11
-8.92075
 21
102.849
  0
LINE
  8
0
 10
-8.92075
 20
102.849
 11
-9.09991
 21
103.245
  0
LINE
  8
0
 10
-9.09991
 20
103.245
 11
-9.19791
 21
103.666
  0
LINE
  8
0
 10
-9.19791
 20
103.666
 11
-9.2124
 21
104.099
  0
LINE
  8
0
 10
-9.2124
 20
104.099
 11
-9.14224
 21
104.526
  0
LINE
  8
0
 10
-9.14224
 20
104.526
 11
-8.98917
 21
104.932
  0
LINE
  8
0
 10
-8.98917
 20
104.932
 11
-8.76071
 21
105.3
  0
LINE
  8
0
 10
-8.76071
 20
105.3
 11
-8.46442
 21
105.615
  0
LINE
  8
0
 10
-8.46442
 20
105.615
 11
-8.11246
 21
105.867
  0
LINE
  8
0
 10
-8.11246
 20
105.867
 11
-7.7576
 21
106.028
  0
LINE
  8
0
 10
-7.7576
 20
106.028
 11
-7.76166
 21
106.006
  0
LINE
  8
0
 10
-7.76166
 20
106.006
 11
-7.73672
 21
105.246
  0
LINE
  8
0
 10
-7.73672
 20
105.246
 11
-7.56393
 21
104.507
  0
LINE
  8
0
 10
-7.56393
 20
104.507
 11
-7.25024
 21
103.814
  0
LINE
  8
0
 10
-7.25024
 20
103.814
 11
-6.80783
 21
103.197
  0
LINE
  8
0
 10
-6.80783
 20
103.197
 11
-6.25351
 21
102.678
  0
LINE
  8
0
 10
-6.25351
 20
102.678
 11
-5.60815
 21
102.276
  0
LINE
  8
0
 10
-5.60815
 20
102.276
 11
-5.5867
 21
102.268
  0
LINE
  8
0
 10
-5.5867
 20
102.268
 11
-5.90329
 21
102.042
  0
LINE
  8
0
 10
-5.90329
 20
102.042
 11
-6.29816
 21
101.863
  0
LINE
  8
0
 10
-6.29816
 20
101.863
 11
-6.71854
 21
101.764
  0
LINE
  8
0
 10
-6.71854
 20
101.764
 11
-7.15225
 21
101.749
  0
LINE
  8
0
 10
-7.15225
 20
101.749
 11
-7.57959
 21
101.82
  0
LINE
  8
0
 10
9.22632
 20
103.285
 11
8.85754
 21
103.514
  0
LINE
  8
0
 10
8.85754
 20
103.514
 11
8.54211
 21
103.81
  0
LINE
  8
0
 10
8.54211
 20
103.81
 11
8.50327
 21
103.864
  0
LINE
  8
0
 10
8.50327
 20
103.864
 11
8.7439
 21
104.122
  0
LINE
  8
0
 10
8.7439
 20
104.122
 11
9.14572
 21
104.767
  0
LINE
  8
0
 10
9.14572
 20
104.767
 11
9.41302
 21
105.478
  0
LINE
  8
0
 10
9.41302
 20
105.478
 11
9.5
 21
106.001
  0
LINE
  8
0
 10
9.5
 20
106.001
 11
9.58698
 21
105.478
  0
LINE
  8
0
 10
9.58698
 20
105.478
 11
9.85428
 21
104.767
  0
LINE
  8
0
 10
9.85428
 20
104.767
 11
10.2561
 21
104.123
  0
LINE
  8
0
 10
10.2561
 20
104.123
 11
10.4967
 21
103.865
  0
LINE
  8
0
 10
10.4967
 20
103.865
 11
10.4573
 21
103.81
  0
LINE
  8
0
 10
10.4573
 20
103.81
 11
10.1419
 21
103.515
  0
LINE
  8
0
 10
10.1419
 20
103.515
 11
9.7731
 21
103.285
  0
LINE
  8
0
 10
9.7731
 20
103.285
 11
9.49942
 21
103.183
  0
LINE
  8
0
 10
9.49942
 20
103.183
 11
9.22632
 21
103.285
  0
LINE
  8
0
 10
-28.7737
 20
103.285
 11
-28.8149
 21
103.31
  0
LINE
  8
0
 10
-28.8149
 20
103.31
 11
-28.2507
 21
105.047
  0
LINE
  8
0
 10
-28.2507
 20
105.047
 11
-28.1457
 21
104.767
  0
LINE
  8
0
 10
-28.1457
 20
104.767
 11
-27.7439
 21
104.123
  0
LINE
  8
0
 10
-27.7439
 20
104.123
 11
-27.5033
 21
103.865
  0
LINE
  8
0
 10
-27.5033
 20
103.865
 11
-27.5427
 21
103.81
  0
LINE
  8
0
 10
-27.5427
 20
103.81
 11
-27.8581
 21
103.515
  0
LINE
  8
0
 10
-27.8581
 20
103.515
 11
-28.2269
 21
103.285
  0
LINE
  8
0
 10
-28.2269
 20
103.285
 11
-28.5006
 21
103.183
  0
LINE
  8
0
 10
-28.5006
 20
103.183
 11
-28.7737
 21
103.285
  0
LINE
  8
0
 10
3.87503
 20
98.8473
 11
3.55844
 21
98.9668
  0
LINE
  8
0
 10
3.55844
 20
98.9668
 11
3.27084
 21
99.1459
  0
LINE
  8
0
 10
3.27084
 20
99.1459
 11
3.02383
 21
99.3767
  0
LINE
  8
0
 10
3.02383
 20
99.3767
 11
2.82785
 21
99.651
  0
LINE
  8
0
 10
2.82785
 20
99.651
 11
2.68811
 21
99.9594
  0
LINE
  8
0
 10
2.68811
 20
99.9594
 11
2.61215
 21
100.288
  0
LINE
  8
0
 10
2.61215
 20
100.288
 11
2.59998
 21
100.627
  0
LINE
  8
0
 10
2.59998
 20
100.627
 11
2.65506
 21
100.96
  0
LINE
  8
0
 10
2.65506
 20
100.96
 11
2.77451
 21
101.277
  0
LINE
  8
0
 10
2.77451
 20
101.277
 11
2.95309
 21
101.564
  0
LINE
  8
0
 10
2.95309
 20
101.564
 11
3.18387
 21
101.811
  0
LINE
  8
0
 10
3.18387
 20
101.811
 11
3.45871
 21
102.007
  0
LINE
  8
0
 10
3.45871
 20
102.007
 11
3.76834
 21
102.147
  0
LINE
  8
0
 10
3.76834
 20
102.147
 11
4.09653
 21
102.224
  0
LINE
  8
0
 10
4.09653
 20
102.224
 11
4.43573
 21
102.236
  0
LINE
  8
0
 10
4.43573
 20
102.236
 11
4.76913
 21
102.18
  0
LINE
  8
0
 10
4.76913
 20
102.18
 11
5.08572
 21
102.061
  0
LINE
  8
0
 10
5.08572
 20
102.061
 11
5.37332
 21
101.882
  0
LINE
  8
0
 10
5.37332
 20
101.882
 11
5.62033
 21
101.651
  0
LINE
  8
0
 10
5.62033
 20
101.651
 11
5.81631
 21
101.376
  0
LINE
  8
0
 10
5.81631
 20
101.376
 11
5.95605
 21
101.068
  0
LINE
  8
0
 10
5.95605
 20
101.068
 11
6.03201
 21
100.739
  0
LINE
  8
0
 10
6.03201
 20
100.739
 11
6.04419
 21
100.401
  0
LINE
  8
0
 10
6.04419
 20
100.401
 11
5.98911
 21
100.067
  0
LINE
  8
0
 10
5.98911
 20
100.067
 11
5.86966
 21
99.7513
  0
LINE
  8
0
 10
5.86966
 20
99.7513
 11
5.69049
 21
99.4631
  0
LINE
  8
0
 10
5.69049
 20
99.4631
 11
5.45914
 21
99.2167
  0
LINE
  8
0
 10
5.45914
 20
99.2167
 11
5.1814
 21
99.0184
  0
LINE
  8
0
 10
5.1814
 20
99.0184
 11
4.87582
 21
98.8798
  0
LINE
  8
0
 10
4.87582
 20
98.8798
 11
4.54764
 21
98.8033
  0
LINE
  8
0
 10
4.54764
 20
98.8033
 11
4.20844
 21
98.7917
  0
LINE
  8
0
 10
4.20844
 20
98.7917
 11
3.87503
 21
98.8473
  0
LINE
  8
0
 10
-23.5476
 20
98.8027
 11
-23.8758
 21
98.8798
  0
LINE
  8
0
 10
-23.8758
 20
98.8798
 11
-24.1831
 21
99.019
  0
LINE
  8
0
 10
-24.1831
 20
99.019
 11
-24.4603
 21
99.2173
  0
LINE
  8
0
 10
-24.4603
 20
99.2173
 11
-24.6917
 21
99.4637
  0
LINE
  8
0
 10
-24.6917
 20
99.4637
 11
-24.8702
 21
99.7513
  0
LINE
  8
0
 10
-24.8702
 20
99.7513
 11
-24.9897
 21
100.068
  0
LINE
  8
0
 10
-24.9897
 20
100.068
 11
-25.0442
 21
100.401
  0
LINE
  8
0
 10
-25.0442
 20
100.401
 11
-25.0332
 21
100.74
  0
LINE
  8
0
 10
-25.0332
 20
100.74
 11
-24.9566
 21
101.068
  0
LINE
  8
0
 10
-24.9566
 20
101.068
 11
-24.8169
 21
101.377
  0
LINE
  8
0
 10
-24.8169
 20
101.377
 11
-24.6203
 21
101.651
  0
LINE
  8
0
 10
-24.6203
 20
101.651
 11
-24.3733
 21
101.882
  0
LINE
  8
0
 10
-24.3733
 20
101.882
 11
-24.0857
 21
102.061
  0
LINE
  8
0
 10
-24.0857
 20
102.061
 11
-23.7691
 21
102.181
  0
LINE
  8
0
 10
-23.7691
 20
102.181
 11
-23.4357
 21
102.235
  0
LINE
  8
0
 10
-23.4357
 20
102.235
 11
-23.0965
 21
102.225
  0
LINE
  8
0
 10
-23.0965
 20
102.225
 11
-22.7689
 21
102.148
  0
LINE
  8
0
 10
-22.7689
 20
102.148
 11
-22.4628
 21
102.009
  0
LINE
  8
0
 10
-22.4628
 20
102.009
 11
-22.1844
 21
101.81
  0
LINE
  8
0
 10
-22.1844
 20
101.81
 11
-21.9531
 21
101.564
  0
LINE
  8
0
 10
-21.9531
 20
101.564
 11
-21.7745
 21
101.276
  0
LINE
  8
0
 10
-21.7745
 20
101.276
 11
-21.6551
 21
100.96
  0
LINE
  8
0
 10
-21.6551
 20
100.96
 11
-21.6006
 21
100.626
  0
LINE
  8
0
 10
-21.6006
 20
100.626
 11
-21.6116
 21
100.287
  0
LINE
  8
0
 10
-21.6116
 20
100.287
 11
-21.6881
 21
99.9589
  0
LINE
  8
0
 10
-21.6881
 20
99.9589
 11
-21.8284
 21
99.6504
  0
LINE
  8
0
 10
-21.8284
 20
99.6504
 11
-22.025
 21
99.3755
  0
LINE
  8
0
 10
-22.025
 20
99.3755
 11
-22.2714
 21
99.1454
  0
LINE
  8
0
 10
-22.2714
 20
99.1454
 11
-22.5584
 21
98.9668
  0
LINE
  8
0
 10
-22.5584
 20
98.9668
 11
-22.875
 21
98.8473
  0
LINE
  8
0
 10
-22.875
 20
98.8473
 11
-23.2084
 21
98.7922
  0
LINE
  8
0
 10
-23.2084
 20
98.7922
 11
-23.5476
 21
98.8027
  0
LINE
  8
0
 10
14.4524
 20
98.8027
 11
14.1242
 21
98.8798
  0
LINE
  8
0
 10
14.1242
 20
98.8798
 11
13.8169
 21
99.019
  0
LINE
  8
0
 10
13.8169
 20
99.019
 11
13.5397
 21
99.2173
  0
LINE
  8
0
 10
13.5397
 20
99.2173
 11
13.3083
 21
99.4637
  0
LINE
  8
0
 10
13.3083
 20
99.4637
 11
13.1298
 21
99.7513
  0
LINE
  8
0
 10
13.1298
 20
99.7513
 11
13.0103
 21
100.068
  0
LINE
  8
0
 10
13.0103
 20
100.068
 11
12.9558
 21
100.401
  0
LINE
  8
0
 10
12.9558
 20
100.401
 11
12.9668
 21
100.74
  0
LINE
  8
0
 10
12.9668
 20
100.74
 11
13.0434
 21
101.068
  0
LINE
  8
0
 10
13.0434
 20
101.068
 11
13.1831
 21
101.377
  0
LINE
  8
0
 10
13.1831
 20
101.377
 11
13.3797
 21
101.651
  0
LINE
  8
0
 10
13.3797
 20
101.651
 11
13.6267
 21
101.882
  0
LINE
  8
0
 10
13.6267
 20
101.882
 11
13.9143
 21
102.061
  0
LINE
  8
0
 10
13.9143
 20
102.061
 11
14.2309
 21
102.181
  0
LINE
  8
0
 10
14.2309
 20
102.181
 11
14.5643
 21
102.235
  0
LINE
  8
0
 10
14.5643
 20
102.235
 11
14.9035
 21
102.225
  0
LINE
  8
0
 10
14.9035
 20
102.225
 11
15.2311
 21
102.148
  0
LINE
  8
0
 10
15.2311
 20
102.148
 11
15.5372
 21
102.009
  0
LINE
  8
0
 10
15.5372
 20
102.009
 11
15.8156
 21
101.81
  0
LINE
  8
0
 10
15.8156
 20
101.81
 11
16.0469
 21
101.564
  0
LINE
  8
0
 10
16.0469
 20
101.564
 11
16.2255
 21
101.276
  0
LINE
  8
0
 10
16.2255
 20
101.276
 11
16.3449
 21
100.96
  0
LINE
  8
0
 10
16.3449
 20
100.96
 11
16.3994
 21
100.626
  0
LINE
  8
0
 10
16.3994
 20
100.626
 11
16.3884
 21
100.287
  0
LINE
  8
0
 10
16.3884
 20
100.287
 11
16.3119
 21
99.9589
  0
LINE
  8
0
 10
16.3119
 20
99.9589
 11
16.1716
 21
99.6504
  0
LINE
  8
0
 10
16.1716
 20
99.6504
 11
15.975
 21
99.3755
  0
LINE
  8
0
 10
15.975
 20
99.3755
 11
15.7286
 21
99.1454
  0
LINE
  8
0
 10
15.7286
 20
99.1454
 11
15.4416
 21
98.9668
  0
LINE
  8
0
 10
15.4416
 20
98.9668
 11
15.125
 21
98.8473
  0
LINE
  8
0
 10
15.125
 20
98.8473
 11
14.7916
 21
98.7922
  0
LINE
  8
0
 10
14.7916
 20
98.7922
 11
14.4524
 21
98.8027
  0
LINE
  8
0
 10
26.2914
 20
99.6382
 11
26.3337
 21
100.068
  0
LINE
  8
0
 10
26.3337
 20
100.068
 11
26.459
 21
100.482
  0
LINE
  8
0
 10
26.459
 20
100.482
 11
26.6631
 21
100.865
  0
LINE
  8
0
 10
26.6631
 20
100.865
 11
26.9379
 21
101.2
  0
LINE
  8
0
 10
26.9379
 20
101.2
 11
27.2725
 21
101.474
  0
LINE
  8
0
 10
27.2725
 20
101.474
 11
27.6552
 21
101.679
  0
LINE
  8
0
 10
27.6552
 20
101.679
 11
28.0692
 21
101.804
  0
LINE
  8
0
 10
28.0692
 20
101.804
 11
28.5
 21
101.846
  0
LINE
  8
0
 10
28.5
 20
101.846
 11
28.9314
 21
101.804
  0
LINE
  8
0
 10
28.9314
 20
101.804
 11
29.345
 21
101.679
  0
LINE
  8
0
 10
29.345
 20
101.679
 11
30.0193
 21
99.6036
  0
LINE
  8
0
 10
30.0193
 20
99.6036
 11
29.9838
 21
99.6226
  0
LINE
  8
0
 10
29.9838
 20
99.6226
 11
29.2561
 21
99.8429
  0
LINE
  8
0
 10
29.2561
 20
99.8429
 11
28.5
 21
99.9177
  0
LINE
  8
0
 10
28.5
 20
99.9177
 11
27.7445
 21
99.8429
  0
LINE
  8
0
 10
27.7445
 20
99.8429
 11
27.0168
 21
99.6226
  0
LINE
  8
0
 10
27.0168
 20
99.6226
 11
26.3465
 21
99.2642
  0
LINE
  8
0
 10
26.3465
 20
99.2642
 11
26.3297
 21
99.2503
  0
LINE
  8
0
 10
26.3297
 20
99.2503
 11
26.2914
 21
99.6382
  0
LINE
  8
0
 10
-7.34592
 20
99.2642
 11
-8.0162
 21
99.6226
  0
LINE
  8
0
 10
-8.0162
 20
99.6226
 11
-8.7439
 21
99.8429
  0
LINE
  8
0
 10
-8.7439
 20
99.8429
 11
-9.5
 21
99.9177
  0
LINE
  8
0
 10
-9.5
 20
99.9177
 11
-10.2555
 21
99.8429
  0
LINE
  8
0
 10
-10.2555
 20
99.8429
 11
-10.9832
 21
99.6226
  0
LINE
  8
0
 10
-10.9832
 20
99.6226
 11
-11.6535
 21
99.2642
  0
LINE
  8
0
 10
-11.6535
 20
99.2642
 11
-11.6703
 21
99.2503
  0
LINE
  8
0
 10
-11.6703
 20
99.2503
 11
-11.7086
 21
99.6382
  0
LINE
  8
0
 10
-11.7086
 20
99.6382
 11
-11.6663
 21
100.068
  0
LINE
  8
0
 10
-11.6663
 20
100.068
 11
-11.541
 21
100.482
  0
LINE
  8
0
 10
-11.541
 20
100.482
 11
-11.3369
 21
100.865
  0
LINE
  8
0
 10
-11.3369
 20
100.865
 11
-11.0621
 21
101.2
  0
LINE
  8
0
 10
-11.0621
 20
101.2
 11
-10.7275
 21
101.474
  0
LINE
  8
0
 10
-10.7275
 20
101.474
 11
-10.3448
 21
101.679
  0
LINE
  8
0
 10
-10.3448
 20
101.679
 11
-9.93082
 21
101.804
  0
LINE
  8
0
 10
-9.93082
 20
101.804
 11
-9.5
 21
101.846
  0
LINE
  8
0
 10
-9.5
 20
101.846
 11
-9.0686
 21
101.804
  0
LINE
  8
0
 10
-9.0686
 20
101.804
 11
-8.6546
 21
101.679
  0
LINE
  8
0
 10
-8.6546
 20
101.679
 11
-8.27191
 21
101.474
  0
LINE
  8
0
 10
-8.27191
 20
101.474
 11
-7.93735
 21
101.2
  0
LINE
  8
0
 10
-7.93735
 20
101.2
 11
-7.66251
 21
100.865
  0
LINE
  8
0
 10
-7.66251
 20
100.865
 11
-7.4584
 21
100.482
  0
LINE
  8
0
 10
-7.4584
 20
100.482
 11
-7.33374
 21
100.068
  0
LINE
  8
0
 10
-7.33374
 20
100.068
 11
-7.29083
 21
99.6371
  0
LINE
  8
0
 10
-7.29083
 20
99.6371
 11
-7.3291
 21
99.2503
  0
LINE
  8
0
 10
-7.3291
 20
99.2503
 11
-7.34592
 21
99.2642
  0
LINE
  8
0
 10
-4.20322
 20
99.379
 11
-4.19742
 21
99.4463
  0
LINE
  8
0
 10
-4.19742
 20
99.4463
 11
-4.19452
 21
99.4538
  0
LINE
  8
0
 10
-4.19452
 20
99.4538
 11
-4.13654
 21
99.4973
  0
LINE
  8
0
 10
-4.13654
 20
99.4973
 11
-3.91678
 21
99.2921
  0
LINE
  8
0
 10
-3.91678
 20
99.2921
 11
-4.20322
 21
99.379
  0
LINE
  8
0
 10
-14.8629
 20
99.4967
 11
-14.8043
 21
99.4527
  0
LINE
  8
0
 10
-14.8043
 20
99.4527
 11
-14.8026
 21
99.4463
  0
LINE
  8
0
 10
-14.8026
 20
99.4463
 11
-14.7962
 21
99.379
  0
LINE
  8
0
 10
-14.7962
 20
99.379
 11
-15.0809
 21
99.2926
  0
LINE
  8
0
 10
-15.0809
 20
99.2926
 11
-14.8629
 21
99.4967
  0
LINE
  8
0
 10
23.1371
 20
99.4967
 11
23.1957
 21
99.4527
  0
LINE
  8
0
 10
23.1957
 20
99.4527
 11
23.1974
 21
99.4463
  0
LINE
  8
0
 10
23.1974
 20
99.4463
 11
23.2038
 21
99.379
  0
LINE
  8
0
 10
23.2038
 20
99.379
 11
22.9191
 21
99.2926
  0
LINE
  8
0
 10
22.9191
 20
99.2926
 11
23.1371
 21
99.4967
  0
LINE
  8
0
 10
-5.02368
 20
93.4004
 11
-5.47189
 21
94.2376
  0
LINE
  8
0
 10
-5.47189
 20
94.2376
 11
-6.07376
 21
94.9717
  0
LINE
  8
0
 10
-6.07376
 20
94.9717
 11
-6.80783
 21
95.5736
  0
LINE
  8
0
 10
-6.80783
 20
95.5736
 11
-7.64511
 21
96.0218
  0
LINE
  8
0
 10
-7.64511
 20
96.0218
 11
-8.55545
 21
96.2972
  0
LINE
  8
0
 10
-8.55545
 20
96.2972
 11
-9.5
 21
96.3911
  0
LINE
  8
0
 10
-9.5
 20
96.3911
 11
-10.444
 21
96.2972
  0
LINE
  8
0
 10
-10.444
 20
96.2972
 11
-11.3543
 21
96.0218
  0
LINE
  8
0
 10
-11.3543
 20
96.0218
 11
-12.1916
 21
95.5736
  0
LINE
  8
0
 10
-12.1916
 20
95.5736
 11
-12.9257
 21
94.9717
  0
LINE
  8
0
 10
-12.9257
 20
94.9717
 11
-13.5275
 21
94.2376
  0
LINE
  8
0
 10
-13.5275
 20
94.2376
 11
-13.9757
 21
93.4004
  0
LINE
  8
0
 10
-13.9757
 20
93.4004
 11
-14.1033
 21
92.9782
  0
LINE
  8
0
 10
-14.1033
 20
92.9782
 11
-14.1885
 21
92.9858
  0
LINE
  8
0
 10
-14.1885
 20
92.9858
 11
-14.7057
 21
93.1429
  0
LINE
  8
0
 10
-14.7057
 20
93.1429
 11
-15.1847
 21
93.3986
  0
LINE
  8
0
 10
-15.1847
 20
93.3986
 11
-15.6028
 21
93.7425
  0
LINE
  8
0
 10
-15.6028
 20
93.7425
 11
-15.946
 21
94.1605
  0
LINE
  8
0
 10
-15.946
 20
94.1605
 11
-16.2017
 21
94.6383
  0
LINE
  8
0
 10
-16.2017
 20
94.6383
 11
-16.3583
 21
95.1561
  0
LINE
  8
0
 10
-16.3583
 20
95.1561
 11
-16.4116
 21
95.6959
  0
LINE
  8
0
 10
-16.4116
 20
95.6959
 11
-16.3589
 21
96.2346
  0
LINE
  8
0
 10
-16.3589
 20
96.2346
 11
-16.2017
 21
96.7518
  0
LINE
  8
0
 10
-16.2017
 20
96.7518
 11
-15.946
 21
97.2302
  0
LINE
  8
0
 10
-15.946
 20
97.2302
 11
-15.6028
 21
97.6482
  0
LINE
  8
0
 10
-15.6028
 20
97.6482
 11
-15.1847
 21
97.9921
  0
LINE
  8
0
 10
-15.1847
 20
97.9921
 11
-14.7057
 21
98.2478
  0
LINE
  8
0
 10
-14.7057
 20
98.2478
 11
-14.1885
 21
98.4043
  0
LINE
  8
0
 10
-14.1885
 20
98.4043
 11
-13.6493
 21
98.4577
  0
LINE
  8
0
 10
-13.6493
 20
98.4577
 11
-13.11
 21
98.4049
  0
LINE
  8
0
 10
-13.11
 20
98.4049
 11
-12.5917
 21
98.2478
  0
LINE
  8
0
 10
-12.5917
 20
98.2478
 11
-12.1139
 21
97.9921
  0
LINE
  8
0
 10
-12.1139
 20
97.9921
 11
-11.7202
 21
97.6685
  0
LINE
  8
0
 10
-11.7202
 20
97.6685
 11
-11.4535
 21
97.9938
  0
LINE
  8
0
 10
-11.4535
 20
97.9938
 11
-11.0342
 21
98.3376
  0
LINE
  8
0
 10
-11.0342
 20
98.3376
 11
-10.5565
 21
98.5934
  0
LINE
  8
0
 10
-10.5565
 20
98.5934
 11
-10.0387
 21
98.7499
  0
LINE
  8
0
 10
-10.0387
 20
98.7499
 11
-9.5
 21
98.8033
  0
LINE
  8
0
 10
-9.5
 20
98.8033
 11
-8.96075
 21
98.7505
  0
LINE
  8
0
 10
-8.96075
 20
98.7505
 11
-8.44296
 21
98.5934
  0
LINE
  8
0
 10
-8.44296
 20
98.5934
 11
-7.96518
 21
98.3376
  0
LINE
  8
0
 10
-7.96518
 20
98.3376
 11
-7.54596
 21
97.9938
  0
LINE
  8
0
 10
-7.54596
 20
97.9938
 11
-7.27924
 21
97.6685
  0
LINE
  8
0
 10
-7.27924
 20
97.6685
 11
-6.88553
 21
97.9921
  0
LINE
  8
0
 10
-6.88553
 20
97.9921
 11
-6.40775
 21
98.2478
  0
LINE
  8
0
 10
-6.40775
 20
98.2478
 11
-5.88937
 21
98.4043
  0
LINE
  8
0
 10
-5.88937
 20
98.4043
 11
-5.35013
 21
98.4577
  0
LINE
  8
0
 10
-5.35013
 20
98.4577
 11
-4.81088
 21
98.4049
  0
LINE
  8
0
 10
-4.81088
 20
98.4049
 11
-4.29367
 21
98.2478
  0
LINE
  8
0
 10
-4.29367
 20
98.2478
 11
-3.81473
 21
97.9921
  0
LINE
  8
0
 10
-3.81473
 20
97.9921
 11
-3.39667
 21
97.6482
  0
LINE
  8
0
 10
-3.39667
 20
97.6482
 11
-3.05341
 21
97.2302
  0
LINE
  8
0
 10
-3.05341
 20
97.2302
 11
-2.7977
 21
96.7518
  0
LINE
  8
0
 10
-2.7977
 20
96.7518
 11
-2.64114
 21
96.2346
  0
LINE
  8
0
 10
-2.64114
 20
96.2346
 11
-2.5878
 21
95.6948
  0
LINE
  8
0
 10
-2.5878
 20
95.6948
 11
-2.64056
 21
95.1561
  0
LINE
  8
0
 10
-2.64056
 20
95.1561
 11
-2.7977
 21
94.6383
  0
LINE
  8
0
 10
-2.7977
 20
94.6383
 11
-3.05399
 21
94.1599
  0
LINE
  8
0
 10
-3.05399
 20
94.1599
 11
-3.39725
 21
93.7419
  0
LINE
  8
0
 10
-3.39725
 20
93.7419
 11
-3.81473
 21
93.3986
  0
LINE
  8
0
 10
-3.81473
 20
93.3986
 11
-4.29367
 21
93.1429
  0
LINE
  8
0
 10
-4.29367
 20
93.1429
 11
-4.81088
 21
92.9864
  0
LINE
  8
0
 10
-4.81088
 20
92.9864
 11
-4.89612
 21
92.9782
  0
LINE
  8
0
 10
-4.89612
 20
92.9782
 11
-5.02368
 21
93.4004
  0
LINE
  8
0
 10
23.8115
 20
92.9858
 11
23.2943
 21
93.1429
  0
LINE
  8
0
 10
23.2943
 20
93.1429
 11
22.8153
 21
93.3986
  0
LINE
  8
0
 10
22.8153
 20
93.3986
 11
22.3972
 21
93.7425
  0
LINE
  8
0
 10
22.3972
 20
93.7425
 11
22.054
 21
94.1605
  0
LINE
  8
0
 10
22.054
 20
94.1605
 11
21.7983
 21
94.6383
  0
LINE
  8
0
 10
21.7983
 20
94.6383
 11
21.6417
 21
95.1561
  0
LINE
  8
0
 10
21.6417
 20
95.1561
 11
21.5884
 21
95.6959
  0
LINE
  8
0
 10
21.5884
 20
95.6959
 11
21.6411
 21
96.2346
  0
LINE
  8
0
 10
21.6411
 20
96.2346
 11
21.7983
 21
96.7518
  0
LINE
  8
0
 10
21.7983
 20
96.7518
 11
22.054
 21
97.2302
  0
LINE
  8
0
 10
22.054
 20
97.2302
 11
22.3972
 21
97.6482
  0
LINE
  8
0
 10
22.3972
 20
97.6482
 11
22.8153
 21
97.9921
  0
LINE
  8
0
 10
22.8153
 20
97.9921
 11
23.2943
 21
98.2478
  0
LINE
  8
0
 10
23.2943
 20
98.2478
 11
23.8115
 21
98.4043
  0
LINE
  8
0
 10
23.8115
 20
98.4043
 11
24.3507
 21
98.4577
  0
LINE
  8
0
 10
24.3507
 20
98.4577
 11
24.89
 21
98.4049
  0
LINE
  8
0
 10
24.89
 20
98.4049
 11
25.4083
 21
98.2478
  0
LINE
  8
0
 10
25.4083
 20
98.2478
 11
25.8861
 21
97.9921
  0
LINE
  8
0
 10
25.8861
 20
97.9921
 11
26.2798
 21
97.6685
  0
LINE
  8
0
 10
26.2798
 20
97.6685
 11
26.5465
 21
97.9938
  0
LINE
  8
0
 10
26.5465
 20
97.9938
 11
26.9658
 21
98.3376
  0
LINE
  8
0
 10
26.9658
 20
98.3376
 11
27.4435
 21
98.5934
  0
LINE
  8
0
 10
27.4435
 20
98.5934
 11
27.9613
 21
98.7499
  0
LINE
  8
0
 10
27.9613
 20
98.7499
 11
28.5
 21
98.8033
  0
LINE
  8
0
 10
28.5
 20
98.8033
 11
29.0392
 21
98.7505
  0
LINE
  8
0
 10
29.0392
 20
98.7505
 11
29.557
 21
98.5934
  0
LINE
  8
0
 10
29.557
 20
98.5934
 11
30.0348
 21
98.3376
  0
LINE
  8
0
 10
30.0348
 20
98.3376
 11
30.454
 21
97.9938
  0
LINE
  8
0
 10
30.454
 20
97.9938
 11
30.6003
 21
97.8154
  0
LINE
  8
0
 10
30.6003
 20
97.8154
 11
31.3783
 21
95.421
  0
LINE
  8
0
 10
31.3783
 20
95.421
 11
31.1922
 21
95.5736
  0
LINE
  8
0
 10
31.1922
 20
95.5736
 11
30.3549
 21
96.0218
  0
LINE
  8
0
 10
30.3549
 20
96.0218
 11
29.4445
 21
96.2972
  0
LINE
  8
0
 10
29.4445
 20
96.2972
 11
28.5
 21
96.3911
  0
LINE
  8
0
 10
28.5
 20
96.3911
 11
27.556
 21
96.2972
  0
LINE
  8
0
 10
27.556
 20
96.2972
 11
26.6457
 21
96.0218
  0
LINE
  8
0
 10
26.6457
 20
96.0218
 11
25.8084
 21
95.5736
  0
LINE
  8
0
 10
25.8084
 20
95.5736
 11
25.0743
 21
94.9717
  0
LINE
  8
0
 10
25.0743
 20
94.9717
 11
24.4725
 21
94.2376
  0
LINE
  8
0
 10
24.4725
 20
94.2376
 11
24.0243
 21
93.4004
  0
LINE
  8
0
 10
24.0243
 20
93.4004
 11
23.8967
 21
92.9782
  0
LINE
  8
0
 10
23.8967
 20
92.9782
 11
23.8115
 21
92.9858
  0
LINE
  8
0
 10
-1.76907
 20
97.1791
 11
-2.12741
 21
97.8494
  0
LINE
  8
0
 10
-2.12741
 20
97.8494
 11
-2.60867
 21
98.4368
  0
LINE
  8
0
 10
-2.60867
 20
98.4368
 11
-3.02151
 21
98.7748
  0
LINE
  8
0
 10
-3.02151
 20
98.7748
 11
-2.52228
 21
98.5876
  0
LINE
  8
0
 10
-2.52228
 20
98.5876
 11
-1.77255
 21
98.4635
  0
LINE
  8
0
 10
-1.77255
 20
98.4635
 11
-1.01297
 21
98.4884
  0
LINE
  8
0
 10
-1.01297
 20
98.4884
 11
-0.669708
 21
98.5684
  0
LINE
  8
0
 10
-0.669708
 20
98.5684
 11
-0.641876
 21
98.5064
  0
LINE
  8
0
 10
-0.641876
 20
98.5064
 11
-0.544464
 21
98.0866
  0
LINE
  8
0
 10
-0.544464
 20
98.0866
 11
-0.529388
 21
97.6523
  0
LINE
  8
0
 10
-0.529388
 20
97.6523
 11
-0.576935
 21
97.3641
  0
LINE
  8
0
 10
-0.576935
 20
97.3641
 11
-0.80249
 21
97.1786
  0
LINE
  8
0
 10
-0.80249
 20
97.1786
 11
-1.18576
 21
96.9739
  0
LINE
  8
0
 10
-1.18576
 20
96.9739
 11
-1.59918
 21
96.8486
  0
LINE
  8
0
 10
-1.59918
 20
96.8486
 11
-1.66644
 21
96.8423
  0
LINE
  8
0
 10
-1.66644
 20
96.8423
 11
-1.76907
 21
97.1791
  0
LINE
  8
0
 10
-17.4002
 20
96.8481
 11
-17.8137
 21
96.9739
  0
LINE
  8
0
 10
-17.8137
 20
96.9739
 11
-18.1969
 21
97.1786
  0
LINE
  8
0
 10
-18.1969
 20
97.1786
 11
-18.4225
 21
97.3635
  0
LINE
  8
0
 10
-18.4225
 20
97.3635
 11
-18.47
 21
97.6517
  0
LINE
  8
0
 10
-18.47
 20
97.6517
 11
-18.4561
 21
98.086
  0
LINE
  8
0
 10
-18.4561
 20
98.086
 11
-18.3575
 21
98.5058
  0
LINE
  8
0
 10
-18.3575
 20
98.5058
 11
-18.3297
 21
98.5678
  0
LINE
  8
0
 10
-18.3297
 20
98.5678
 11
-17.9865
 21
98.4878
  0
LINE
  8
0
 10
-17.9865
 20
98.4878
 11
-17.2269
 21
98.4629
  0
LINE
  8
0
 10
-17.2269
 20
98.4629
 11
-16.4771
 21
98.587
  0
LINE
  8
0
 10
-16.4771
 20
98.587
 11
-15.9796
 21
98.7743
  0
LINE
  8
0
 10
-15.9796
 20
98.7743
 11
-16.3907
 21
98.4368
  0
LINE
  8
0
 10
-16.3907
 20
98.4368
 11
-16.872
 21
97.8494
  0
LINE
  8
0
 10
-16.872
 20
97.8494
 11
-17.2303
 21
97.1791
  0
LINE
  8
0
 10
-17.2303
 20
97.1791
 11
-17.333
 21
96.8423
  0
LINE
  8
0
 10
-17.333
 20
96.8423
 11
-17.4002
 21
96.8481
  0
LINE
  8
0
 10
20.5998
 20
96.8481
 11
20.1863
 21
96.9739
  0
LINE
  8
0
 10
20.1863
 20
96.9739
 11
19.8031
 21
97.1786
  0
LINE
  8
0
 10
19.8031
 20
97.1786
 11
19.5775
 21
97.3635
  0
LINE
  8
0
 10
19.5775
 20
97.3635
 11
19.53
 21
97.6517
  0
LINE
  8
0
 10
19.53
 20
97.6517
 11
19.5439
 21
98.086
  0
LINE
  8
0
 10
19.5439
 20
98.086
 11
19.6425
 21
98.5058
  0
LINE
  8
0
 10
19.6425
 20
98.5058
 11
19.6703
 21
98.5678
  0
LINE
  8
0
 10
19.6703
 20
98.5678
 11
20.0135
 21
98.4878
  0
LINE
  8
0
 10
20.0135
 20
98.4878
 11
20.7731
 21
98.4629
  0
LINE
  8
0
 10
20.7731
 20
98.4629
 11
21.5229
 21
98.587
  0
LINE
  8
0
 10
21.5229
 20
98.587
 11
22.0204
 21
98.7743
  0
LINE
  8
0
 10
22.0204
 20
98.7743
 11
21.6093
 21
98.4368
  0
LINE
  8
0
 10
21.6093
 20
98.4368
 11
21.128
 21
97.8494
  0
LINE
  8
0
 10
21.128
 20
97.8494
 11
20.7697
 21
97.1791
  0
LINE
  8
0
 10
20.7697
 20
97.1791
 11
20.667
 21
96.8423
  0
LINE
  8
0
 10
20.667
 20
96.8423
 11
20.5998
 21
96.8481
  0
LINE
  8
0
 10
-9.94183
 20
88.136
 11
-10.5999
 21
88.2903
  0
LINE
  8
0
 10
-10.5999
 20
88.2903
 11
-11.2151
 21
88.568
  0
LINE
  8
0
 10
-11.2151
 20
88.568
 11
-11.7689
 21
88.9646
  0
LINE
  8
0
 10
-11.7689
 20
88.9646
 11
-12.2316
 21
89.4586
  0
LINE
  8
0
 10
-12.2316
 20
89.4586
 11
-12.4624
 21
89.8297
  0
LINE
  8
0
 10
-12.4624
 20
89.8297
 11
-12.6729
 21
90.224
  0
LINE
  8
0
 10
-12.6729
 20
90.224
 11
-12.8688
 21
90.8711
  0
LINE
  8
0
 10
-12.8688
 20
90.8711
 11
-12.9361
 21
91.549
  0
LINE
  8
0
 10
-12.9361
 20
91.549
 11
-12.9535
 21
91.549
  0
LINE
  8
0
 10
-12.9535
 20
91.549
 11
-12.8874
 21
92.2198
  0
LINE
  8
0
 10
-12.8874
 20
92.2198
 11
-12.6908
 21
92.8669
  0
LINE
  8
0
 10
-12.6908
 20
92.8669
 11
-12.3719
 21
93.4641
  0
LINE
  8
0
 10
-12.3719
 20
93.4641
 11
-11.9423
 21
93.9883
  0
LINE
  8
0
 10
-11.9423
 20
93.9883
 11
-11.4187
 21
94.4174
  0
LINE
  8
0
 10
-11.4187
 20
94.4174
 11
-10.8209
 21
94.7369
  0
LINE
  8
0
 10
-10.8209
 20
94.7369
 11
-10.1732
 21
94.9329
  0
LINE
  8
0
 10
-10.1732
 20
94.9329
 11
-9.5
 21
94.9995
  0
LINE
  8
0
 10
-9.5
 20
94.9995
 11
-8.82623
 21
94.9334
  0
LINE
  8
0
 10
-8.82623
 20
94.9334
 11
-8.17856
 21
94.7369
  0
LINE
  8
0
 10
-8.17856
 20
94.7369
 11
-7.58075
 21
94.4174
  0
LINE
  8
0
 10
-7.58075
 20
94.4174
 11
-7.05716
 21
93.9883
  0
LINE
  8
0
 10
-7.05716
 20
93.9883
 11
-6.6275
 21
93.4641
  0
LINE
  8
0
 10
-6.6275
 20
93.4641
 11
-6.30859
 21
92.8669
  0
LINE
  8
0
 10
-6.30859
 20
92.8669
 11
-6.11261
 21
92.2198
  0
LINE
  8
0
 10
-6.11261
 20
92.2198
 11
-6.04593
 21
91.549
  0
LINE
  8
0
 10
-6.04593
 20
91.549
 11
-6.0639
 21
91.549
  0
LINE
  8
0
 10
-6.0639
 20
91.549
 11
-6.13058
 21
90.8711
  0
LINE
  8
0
 10
-6.13058
 20
90.8711
 11
-6.32715
 21
90.224
  0
LINE
  8
0
 10
-6.32715
 20
90.224
 11
-6.53705
 21
89.8297
  0
LINE
  8
0
 10
-6.53705
 20
89.8297
 11
-6.76898
 21
89.4581
  0
LINE
  8
0
 10
-6.76898
 20
89.4581
 11
-7.23169
 21
88.9641
  0
LINE
  8
0
 10
-7.23169
 20
88.9641
 11
-7.78485
 21
88.5674
  0
LINE
  8
0
 10
-7.78485
 20
88.5674
 11
-8.39948
 21
88.2903
  0
LINE
  8
0
 10
-8.39948
 20
88.2903
 11
-9.05759
 21
88.1366
  0
LINE
  8
0
 10
-9.05759
 20
88.1366
 11
-9.5
 21
88.1216
  0
LINE
  8
0
 10
-9.5
 20
88.1216
 11
-9.94183
 21
88.136
  0
LINE
  8
0
 10
28.0582
 20
88.136
 11
27.4001
 21
88.2903
  0
LINE
  8
0
 10
27.4001
 20
88.2903
 11
26.7849
 21
88.568
  0
LINE
  8
0
 10
26.7849
 20
88.568
 11
26.2311
 21
88.9646
  0
LINE
  8
0
 10
26.2311
 20
88.9646
 11
25.7684
 21
89.4586
  0
LINE
  8
0
 10
25.7684
 20
89.4586
 11
25.5376
 21
89.8297
  0
LINE
  8
0
 10
25.5376
 20
89.8297
 11
25.3271
 21
90.224
  0
LINE
  8
0
 10
25.3271
 20
90.224
 11
25.1312
 21
90.8711
  0
LINE
  8
0
 10
25.1312
 20
90.8711
 11
25.0639
 21
91.549
  0
LINE
  8
0
 10
25.0639
 20
91.549
 11
25.0465
 21
91.549
  0
LINE
  8
0
 10
25.0465
 20
91.549
 11
25.1126
 21
92.2198
  0
LINE
  8
0
 10
25.1126
 20
92.2198
 11
25.3092
 21
92.8669
  0
LINE
  8
0
 10
25.3092
 20
92.8669
 11
25.6281
 21
93.4641
  0
LINE
  8
0
 10
25.6281
 20
93.4641
 11
26.0577
 21
93.9883
  0
LINE
  8
0
 10
26.0577
 20
93.9883
 11
26.5813
 21
94.4174
  0
LINE
  8
0
 10
26.5813
 20
94.4174
 11
27.1791
 21
94.7369
  0
LINE
  8
0
 10
27.1791
 20
94.7369
 11
27.8268
 21
94.9329
  0
LINE
  8
0
 10
27.8268
 20
94.9329
 11
28.5
 21
94.9995
  0
LINE
  8
0
 10
28.5
 20
94.9995
 11
29.1738
 21
94.9334
  0
LINE
  8
0
 10
29.1738
 20
94.9334
 11
29.8214
 21
94.7369
  0
LINE
  8
0
 10
29.8214
 20
94.7369
 11
30.4193
 21
94.4174
  0
LINE
  8
0
 10
30.4193
 20
94.4174
 11
30.9428
 21
93.9883
  0
LINE
  8
0
 10
30.9428
 20
93.9883
 11
31.3725
 21
93.4641
  0
LINE
  8
0
 10
31.3725
 20
93.4641
 11
31.6914
 21
92.8669
  0
LINE
  8
0
 10
31.6914
 20
92.8669
 11
31.8874
 21
92.2198
  0
LINE
  8
0
 10
31.8874
 20
92.2198
 11
31.9541
 21
91.549
  0
LINE
  8
0
 10
31.9541
 20
91.549
 11
31.9361
 21
91.549
  0
LINE
  8
0
 10
31.9361
 20
91.549
 11
31.8694
 21
90.8711
  0
LINE
  8
0
 10
31.8694
 20
90.8711
 11
31.6729
 21
90.224
  0
LINE
  8
0
 10
31.6729
 20
90.224
 11
31.463
 21
89.8297
  0
LINE
  8
0
 10
31.463
 20
89.8297
 11
31.231
 21
89.4581
  0
LINE
  8
0
 10
31.231
 20
89.4581
 11
30.7683
 21
88.9641
  0
LINE
  8
0
 10
30.7683
 20
88.9641
 11
30.2151
 21
88.5674
  0
LINE
  8
0
 10
30.2151
 20
88.5674
 11
29.6005
 21
88.2903
  0
LINE
  8
0
 10
29.6005
 20
88.2903
 11
28.9424
 21
88.1366
  0
LINE
  8
0
 10
28.9424
 20
88.1366
 11
28.5
 21
88.1216
  0
LINE
  8
0
 10
28.5
 20
88.1216
 11
28.0582
 21
88.136
  0
LINE
  8
0
 10
8.82623
 20
88.1575
 11
8.17856
 21
88.3541
  0
LINE
  8
0
 10
8.17856
 20
88.3541
 11
7.58075
 21
88.6736
  0
LINE
  8
0
 10
7.58075
 20
88.6736
 11
7.05716
 21
89.1026
  0
LINE
  8
0
 10
7.05716
 20
89.1026
 11
6.6275
 21
89.6268
  0
LINE
  8
0
 10
6.6275
 20
89.6268
 11
6.30859
 21
90.224
  0
LINE
  8
0
 10
6.30859
 20
90.224
 11
6.11261
 21
90.8711
  0
LINE
  8
0
 10
6.11261
 20
90.8711
 11
6.04593
 21
91.542
  0
LINE
  8
0
 10
6.04593
 20
91.542
 11
6.0639
 21
91.542
  0
LINE
  8
0
 10
6.0639
 20
91.542
 11
6.13058
 21
92.2198
  0
LINE
  8
0
 10
6.13058
 20
92.2198
 11
6.32715
 21
92.8669
  0
LINE
  8
0
 10
6.32715
 20
92.8669
 11
6.53705
 21
93.2612
  0
LINE
  8
0
 10
6.53705
 20
93.2612
 11
6.7684
 21
93.6323
  0
LINE
  8
0
 10
6.7684
 20
93.6323
 11
7.23111
 21
94.1263
  0
LINE
  8
0
 10
7.23111
 20
94.1263
 11
7.78485
 21
94.5235
  0
LINE
  8
0
 10
7.78485
 20
94.5235
 11
8.39948
 21
94.8007
  0
LINE
  8
0
 10
8.39948
 20
94.8007
 11
9.05759
 21
94.9543
  0
LINE
  8
0
 10
9.05759
 20
94.9543
 11
9.5
 21
94.9694
  0
LINE
  8
0
 10
9.5
 20
94.9694
 11
9.94183
 21
94.9549
  0
LINE
  8
0
 10
9.94183
 20
94.9549
 11
10.5999
 21
94.8007
  0
LINE
  8
0
 10
10.5999
 20
94.8007
 11
11.2151
 21
94.5229
  0
LINE
  8
0
 10
11.2151
 20
94.5229
 11
11.7689
 21
94.1263
  0
LINE
  8
0
 10
11.7689
 20
94.1263
 11
12.2316
 21
93.6323
  0
LINE
  8
0
 10
12.2316
 20
93.6323
 11
12.4624
 21
93.2612
  0
LINE
  8
0
 10
12.4624
 20
93.2612
 11
12.6729
 21
92.8669
  0
LINE
  8
0
 10
12.6729
 20
92.8669
 11
12.8688
 21
92.2198
  0
LINE
  8
0
 10
12.8688
 20
92.2198
 11
12.9361
 21
91.542
  0
LINE
  8
0
 10
12.9361
 20
91.542
 11
12.9535
 21
91.542
  0
LINE
  8
0
 10
12.9535
 20
91.542
 11
12.8874
 21
90.8711
  0
LINE
  8
0
 10
12.8874
 20
90.8711
 11
12.6908
 21
90.224
  0
LINE
  8
0
 10
12.6908
 20
90.224
 11
12.3713
 21
89.6262
  0
LINE
  8
0
 10
12.3713
 20
89.6262
 11
11.9417
 21
89.1021
  0
LINE
  8
0
 10
11.9417
 20
89.1021
 11
11.4187
 21
88.6736
  0
LINE
  8
0
 10
11.4187
 20
88.6736
 11
10.8209
 21
88.3541
  0
LINE
  8
0
 10
10.8209
 20
88.3541
 11
10.1732
 21
88.1581
  0
LINE
  8
0
 10
10.1732
 20
88.1581
 11
9.5
 21
88.0914
  0
LINE
  8
0
 10
9.5
 20
88.0914
 11
8.82623
 21
88.1575
  0
LINE
  8
0
 10
-29.1738
 20
88.1575
 11
-29.8214
 21
88.3541
  0
LINE
  8
0
 10
-29.8214
 20
88.3541
 11
-30.4193
 21
88.6736
  0
LINE
  8
0
 10
-30.4193
 20
88.6736
 11
-30.9428
 21
89.1026
  0
LINE
  8
0
 10
-30.9428
 20
89.1026
 11
-31.3725
 21
89.6268
  0
LINE
  8
0
 10
-31.3725
 20
89.6268
 11
-31.6914
 21
90.224
  0
LINE
  8
0
 10
-31.6914
 20
90.224
 11
-31.8874
 21
90.8711
  0
LINE
  8
0
 10
-31.8874
 20
90.8711
 11
-31.9541
 21
91.542
  0
LINE
  8
0
 10
-31.9541
 20
91.542
 11
-31.9361
 21
91.542
  0
LINE
  8
0
 10
-31.9361
 20
91.542
 11
-31.8694
 21
92.2198
  0
LINE
  8
0
 10
-31.8694
 20
92.2198
 11
-31.6729
 21
92.8669
  0
LINE
  8
0
 10
-31.6729
 20
92.8669
 11
-31.463
 21
93.2612
  0
LINE
  8
0
 10
-31.463
 20
93.2612
 11
-31.2316
 21
93.6323
  0
LINE
  8
0
 10
-31.2316
 20
93.6323
 11
-30.7689
 21
94.1263
  0
LINE
  8
0
 10
-30.7689
 20
94.1263
 11
-30.2151
 21
94.5235
  0
LINE
  8
0
 10
-30.2151
 20
94.5235
 11
-29.6005
 21
94.8007
  0
LINE
  8
0
 10
-29.6005
 20
94.8007
 11
-28.9424
 21
94.9543
  0
LINE
  8
0
 10
-28.9424
 20
94.9543
 11
-28.5
 21
94.9694
  0
LINE
  8
0
 10
-28.5
 20
94.9694
 11
-28.0582
 21
94.9549
  0
LINE
  8
0
 10
-28.0582
 20
94.9549
 11
-27.4001
 21
94.8007
  0
LINE
  8
0
 10
-27.4001
 20
94.8007
 11
-26.7849
 21
94.5229
  0
LINE
  8
0
 10
-26.7849
 20
94.5229
 11
-26.2311
 21
94.1263
  0
LINE
  8
0
 10
-26.2311
 20
94.1263
 11
-25.7684
 21
93.6323
  0
LINE
  8
0
 10
-25.7684
 20
93.6323
 11
-25.5376
 21
93.2612
  0
LINE
  8
0
 10
-25.5376
 20
93.2612
 11
-25.3271
 21
92.8669
  0
LINE
  8
0
 10
-25.3271
 20
92.8669
 11
-25.1312
 21
92.2198
  0
LINE
  8
0
 10
-25.1312
 20
92.2198
 11
-25.0639
 21
91.542
  0
LINE
  8
0
 10
-25.0639
 20
91.542
 11
-25.0465
 21
91.542
  0
LINE
  8
0
 10
-25.0465
 20
91.542
 11
-25.1126
 21
90.8711
  0
LINE
  8
0
 10
-25.1126
 20
90.8711
 11
-25.3092
 21
90.224
  0
LINE
  8
0
 10
-25.3092
 20
90.224
 11
-25.6287
 21
89.6262
  0
LINE
  8
0
 10
-25.6287
 20
89.6262
 11
-26.0583
 21
89.1021
  0
LINE
  8
0
 10
-26.0583
 20
89.1021
 11
-26.5813
 21
88.6736
  0
LINE
  8
0
 10
-26.5813
 20
88.6736
 11
-27.1791
 21
88.3541
  0
LINE
  8
0
 10
-27.1791
 20
88.3541
 11
-27.8268
 21
88.1581
  0
LINE
  8
0
 10
-27.8268
 20
88.1581
 11
-28.5
 21
88.0914
  0
LINE
  8
0
 10
-28.5
 20
88.0914
 11
-29.1738
 21
88.1575
  0
LINE
  8
0
 10
17.8079
 20
89.8529
 11
17.4849
 21
89.9515
  0
LINE
  8
0
 10
17.4849
 20
89.9515
 11
17.1857
 21
90.111
  0
LINE
  8
0
 10
17.1857
 20
90.111
 11
16.9242
 21
90.3255
  0
LINE
  8
0
 10
16.9242
 20
90.3255
 11
16.7097
 21
90.587
  0
LINE
  8
0
 10
16.7097
 20
90.587
 11
16.5502
 21
90.8856
  0
LINE
  8
0
 10
16.5502
 20
90.8856
 11
16.4528
 21
91.2086
  0
LINE
  8
0
 10
16.4528
 20
91.2086
 11
16.4197
 21
91.542
  0
LINE
  8
0
 10
16.4197
 20
91.542
 11
18.1302
 21
91.542
  0
LINE
  8
0
 10
18.1302
 20
91.542
 11
18.1633
 21
91.8824
  0
LINE
  8
0
 10
18.1633
 20
91.8824
 11
18.2613
 21
92.2053
  0
LINE
  8
0
 10
18.2613
 20
92.2053
 11
18.4207
 21
92.5039
  0
LINE
  8
0
 10
18.4207
 20
92.5039
 11
18.6353
 21
92.7654
  0
LINE
  8
0
 10
18.6353
 20
92.7654
 11
18.8968
 21
92.98
  0
LINE
  8
0
 10
18.8968
 20
92.98
 11
19.196
 21
93.1394
  0
LINE
  8
0
 10
19.196
 20
93.1394
 11
19.519
 21
93.2374
  0
LINE
  8
0
 10
19.519
 20
93.2374
 11
19.8553
 21
93.2705
  0
LINE
  8
0
 10
19.8553
 20
93.2705
 11
20.1921
 21
93.238
  0
LINE
  8
0
 10
20.1921
 20
93.238
 11
20.5151
 21
93.1394
  0
LINE
  8
0
 10
20.5151
 20
93.1394
 11
20.8143
 21
92.98
  0
LINE
  8
0
 10
20.8143
 20
92.98
 11
21.0758
 21
92.7654
  0
LINE
  8
0
 10
21.0758
 20
92.7654
 11
21.2903
 21
92.5039
  0
LINE
  8
0
 10
21.2903
 20
92.5039
 11
21.4498
 21
92.2053
  0
LINE
  8
0
 10
21.4498
 20
92.2053
 11
21.5472
 21
91.8824
  0
LINE
  8
0
 10
21.5472
 20
91.8824
 11
21.5803
 21
91.549
  0
LINE
  8
0
 10
21.5803
 20
91.549
 11
19.8698
 21
91.549
  0
LINE
  8
0
 10
19.8698
 20
91.549
 11
19.8367
 21
91.2086
  0
LINE
  8
0
 10
19.8367
 20
91.2086
 11
19.7387
 21
90.8856
  0
LINE
  8
0
 10
19.7387
 20
90.8856
 11
19.5787
 21
90.5864
  0
LINE
  8
0
 10
19.5787
 20
90.5864
 11
19.3641
 21
90.3249
  0
LINE
  8
0
 10
19.3641
 20
90.3249
 11
19.1032
 21
90.111
  0
LINE
  8
0
 10
19.1032
 20
90.111
 11
18.804
 21
89.9515
  0
LINE
  8
0
 10
18.804
 20
89.9515
 11
18.481
 21
89.8535
  0
LINE
  8
0
 10
18.481
 20
89.8535
 11
18.1447
 21
89.8205
  0
LINE
  8
0
 10
18.1447
 20
89.8205
 11
17.8079
 21
89.8529
  0
LINE
  8
0
 10
-20.1921
 20
89.8529
 11
-20.5151
 21
89.9515
  0
LINE
  8
0
 10
-20.5151
 20
89.9515
 11
-20.8143
 21
90.111
  0
LINE
  8
0
 10
-20.8143
 20
90.111
 11
-21.0758
 21
90.3255
  0
LINE
  8
0
 10
-21.0758
 20
90.3255
 11
-21.2903
 21
90.587
  0
LINE
  8
0
 10
-21.2903
 20
90.587
 11
-21.4498
 21
90.8856
  0
LINE
  8
0
 10
-21.4498
 20
90.8856
 11
-21.5472
 21
91.2086
  0
LINE
  8
0
 10
-21.5472
 20
91.2086
 11
-21.5803
 21
91.542
  0
LINE
  8
0
 10
-21.5803
 20
91.542
 11
-19.8698
 21
91.542
  0
LINE
  8
0
 10
-19.8698
 20
91.542
 11
-19.8367
 21
91.8824
  0
LINE
  8
0
 10
-19.8367
 20
91.8824
 11
-19.7387
 21
92.2053
  0
LINE
  8
0
 10
-19.7387
 20
92.2053
 11
-19.5793
 21
92.5039
  0
LINE
  8
0
 10
-19.5793
 20
92.5039
 11
-19.3647
 21
92.7654
  0
LINE
  8
0
 10
-19.3647
 20
92.7654
 11
-19.1032
 21
92.98
  0
LINE
  8
0
 10
-19.1032
 20
92.98
 11
-18.804
 21
93.1394
  0
LINE
  8
0
 10
-18.804
 20
93.1394
 11
-18.481
 21
93.2374
  0
LINE
  8
0
 10
-18.481
 20
93.2374
 11
-18.1447
 21
93.2705
  0
LINE
  8
0
 10
-18.1447
 20
93.2705
 11
-17.8079
 21
93.238
  0
LINE
  8
0
 10
-17.8079
 20
93.238
 11
-17.4849
 21
93.1394
  0
LINE
  8
0
 10
-17.4849
 20
93.1394
 11
-17.1857
 21
92.98
  0
LINE
  8
0
 10
-17.1857
 20
92.98
 11
-16.9242
 21
92.7654
  0
LINE
  8
0
 10
-16.9242
 20
92.7654
 11
-16.7097
 21
92.5039
  0
LINE
  8
0
 10
-16.7097
 20
92.5039
 11
-16.5502
 21
92.2053
  0
LINE
  8
0
 10
-16.5502
 20
92.2053
 11
-16.4528
 21
91.8824
  0
LINE
  8
0
 10
-16.4528
 20
91.8824
 11
-16.4197
 21
91.549
  0
LINE
  8
0
 10
-16.4197
 20
91.549
 11
-18.1302
 21
91.549
  0
LINE
  8
0
 10
-18.1302
 20
91.549
 11
-18.1633
 21
91.2086
  0
LINE
  8
0
 10
-18.1633
 20
91.2086
 11
-18.2613
 21
90.8856
  0
LINE
  8
0
 10
-18.2613
 20
90.8856
 11
-18.4213
 21
90.5864
  0
LINE
  8
0
 10
-18.4213
 20
90.5864
 11
-18.6359
 21
90.3249
  0
LINE
  8
0
 10
-18.6359
 20
90.3249
 11
-18.8968
 21
90.111
  0
LINE
  8
0
 10
-18.8968
 20
90.111
 11
-19.196
 21
89.9515
  0
LINE
  8
0
 10
-19.196
 20
89.9515
 11
-19.519
 21
89.8535
  0
LINE
  8
0
 10
-19.519
 20
89.8535
 11
-19.8553
 21
89.8205
  0
LINE
  8
0
 10
-19.8553
 20
89.8205
 11
-20.1921
 21
89.8529
  0
LINE
  8
0
 10
0.518372
 20
89.8529
 11
0.195404
 21
89.9515
  0
LINE
  8
0
 10
0.195404
 20
89.9515
 11
-0.10321
 21
90.111
  0
LINE
  8
0
 10
-0.10321
 20
90.111
 11
-0.364716
 21
90.3255
  0
LINE
  8
0
 10
-0.364716
 20
90.3255
 11
-0.579254
 21
90.587
  0
LINE
  8
0
 10
-0.579254
 20
90.587
 11
-0.738708
 21
90.8856
  0
LINE
  8
0
 10
-0.738708
 20
90.8856
 11
-0.836121
 21
91.2086
  0
LINE
  8
0
 10
-0.836121
 20
91.2086
 11
-0.869751
 21
91.549
  0
LINE
  8
0
 10
-0.869751
 20
91.549
 11
-2.57968
 21
91.549
  0
LINE
  8
0
 10
-2.57968
 20
91.549
 11
-2.54721
 21
91.8824
  0
LINE
  8
0
 10
-2.54721
 20
91.8824
 11
-2.44922
 21
92.2053
  0
LINE
  8
0
 10
-2.44922
 20
92.2053
 11
-2.28976
 21
92.5039
  0
LINE
  8
0
 10
-2.28976
 20
92.5039
 11
-2.07523
 21
92.7654
  0
LINE
  8
0
 10
-2.07523
 20
92.7654
 11
-1.81372
 21
92.98
  0
LINE
  8
0
 10
-1.81372
 20
92.98
 11
-1.51453
 21
93.1394
  0
LINE
  8
0
 10
-1.51453
 20
93.1394
 11
-1.19156
 21
93.2374
  0
LINE
  8
0
 10
-1.19156
 20
93.2374
 11
-0.854675
 21
93.2705
  0
LINE
  8
0
 10
-0.854675
 20
93.2705
 11
-0.518372
 21
93.238
  0
LINE
  8
0
 10
-0.518372
 20
93.238
 11
-0.195404
 21
93.1394
  0
LINE
  8
0
 10
-0.195404
 20
93.1394
 11
0.10321
 21
92.98
  0
LINE
  8
0
 10
0.10321
 20
92.98
 11
0.364716
 21
92.7654
  0
LINE
  8
0
 10
0.364716
 20
92.7654
 11
0.579254
 21
92.5039
  0
LINE
  8
0
 10
0.579254
 20
92.5039
 11
0.738708
 21
92.2053
  0
LINE
  8
0
 10
0.738708
 20
92.2053
 11
0.836121
 21
91.8824
  0
LINE
  8
0
 10
0.836121
 20
91.8824
 11
0.869751
 21
91.542
  0
LINE
  8
0
 10
0.869751
 20
91.542
 11
2.57968
 21
91.542
  0
LINE
  8
0
 10
2.57968
 20
91.542
 11
2.54721
 21
91.2086
  0
LINE
  8
0
 10
2.54721
 20
91.2086
 11
2.44922
 21
90.8856
  0
LINE
  8
0
 10
2.44922
 20
90.8856
 11
2.28918
 21
90.5864
  0
LINE
  8
0
 10
2.28918
 20
90.5864
 11
2.07465
 21
90.3249
  0
LINE
  8
0
 10
2.07465
 20
90.3249
 11
1.81372
 21
90.111
  0
LINE
  8
0
 10
1.81372
 20
90.111
 11
1.51453
 21
89.9515
  0
LINE
  8
0
 10
1.51453
 20
89.9515
 11
1.19156
 21
89.8535
  0
LINE
  8
0
 10
1.19156
 20
89.8535
 11
0.854675
 21
89.8205
  0
LINE
  8
0
 10
0.854675
 20
89.8205
 11
0.518372
 21
89.8529
  0
LINE
  8
0
 10
8.96075
 20
84.3405
 11
8.44296
 21
84.4976
  0
LINE
  8
0
 10
8.44296
 20
84.4976
 11
7.96518
 21
84.7533
  0
LINE
  8
0
 10
7.96518
 20
84.7533
 11
7.54596
 21
85.0971
  0
LINE
  8
0
 10
7.54596
 20
85.0971
 11
7.27924
 21
85.4224
  0
LINE
  8
0
 10
7.27924
 20
85.4224
 11
6.88553
 21
85.0989
  0
LINE
  8
0
 10
6.88553
 20
85.0989
 11
6.40775
 21
84.8432
  0
LINE
  8
0
 10
6.40775
 20
84.8432
 11
5.88937
 21
84.6866
  0
LINE
  8
0
 10
5.88937
 20
84.6866
 11
5.35013
 21
84.6333
  0
LINE
  8
0
 10
5.35013
 20
84.6333
 11
4.81088
 21
84.686
  0
LINE
  8
0
 10
4.81088
 20
84.686
 11
4.29367
 21
84.8432
  0
LINE
  8
0
 10
4.29367
 20
84.8432
 11
3.81473
 21
85.0989
  0
LINE
  8
0
 10
3.81473
 20
85.0989
 11
3.39667
 21
85.4427
  0
LINE
  8
0
 10
3.39667
 20
85.4427
 11
3.05341
 21
85.8608
  0
LINE
  8
0
 10
3.05341
 20
85.8608
 11
2.7977
 21
86.3391
  0
LINE
  8
0
 10
2.7977
 20
86.3391
 11
2.64114
 21
86.8564
  0
LINE
  8
0
 10
2.64114
 20
86.8564
 11
2.5878
 21
87.3962
  0
LINE
  8
0
 10
2.5878
 20
87.3962
 11
2.64056
 21
87.9348
  0
LINE
  8
0
 10
2.64056
 20
87.9348
 11
2.7977
 21
88.4526
  0
LINE
  8
0
 10
2.7977
 20
88.4526
 11
3.05341
 21
88.9304
  0
LINE
  8
0
 10
3.05341
 20
88.9304
 11
3.39667
 21
89.3485
  0
LINE
  8
0
 10
3.39667
 20
89.3485
 11
3.81473
 21
89.6923
  0
LINE
  8
0
 10
3.81473
 20
89.6923
 11
4.29367
 21
89.948
  0
LINE
  8
0
 10
4.29367
 20
89.948
 11
4.81088
 21
90.1046
  0
LINE
  8
0
 10
4.81088
 20
90.1046
 11
4.89612
 21
90.1127
  0
LINE
  8
0
 10
4.89612
 20
90.1127
 11
5.02368
 21
89.6906
  0
LINE
  8
0
 10
5.02368
 20
89.6906
 11
5.47189
 21
88.8533
  0
LINE
  8
0
 10
5.47189
 20
88.8533
 11
6.07376
 21
88.1192
  0
LINE
  8
0
 10
6.07376
 20
88.1192
 11
6.80783
 21
87.5174
  0
LINE
  8
0
 10
6.80783
 20
87.5174
 11
7.64511
 21
87.0692
  0
LINE
  8
0
 10
7.64511
 20
87.0692
 11
8.55545
 21
86.7937
  0
LINE
  8
0
 10
8.55545
 20
86.7937
 11
9.5
 21
86.6998
  0
LINE
  8
0
 10
9.5
 20
86.6998
 11
10.444
 21
86.7937
  0
LINE
  8
0
 10
10.444
 20
86.7937
 11
11.3543
 21
87.0692
  0
LINE
  8
0
 10
11.3543
 20
87.0692
 11
12.1916
 21
87.5174
  0
LINE
  8
0
 10
12.1916
 20
87.5174
 11
12.9257
 21
88.1192
  0
LINE
  8
0
 10
12.9257
 20
88.1192
 11
13.5275
 21
88.8533
  0
LINE
  8
0
 10
13.5275
 20
88.8533
 11
13.9757
 21
89.6906
  0
LINE
  8
0
 10
13.9757
 20
89.6906
 11
14.1033
 21
90.1127
  0
LINE
  8
0
 10
14.1033
 20
90.1127
 11
14.1885
 21
90.1052
  0
LINE
  8
0
 10
14.1885
 20
90.1052
 11
14.7057
 21
89.948
  0
LINE
  8
0
 10
14.7057
 20
89.948
 11
15.1847
 21
89.6923
  0
LINE
  8
0
 10
15.1847
 20
89.6923
 11
15.6028
 21
89.3485
  0
LINE
  8
0
 10
15.6028
 20
89.3485
 11
15.946
 21
88.9304
  0
LINE
  8
0
 10
15.946
 20
88.9304
 11
16.2017
 21
88.4526
  0
LINE
  8
0
 10
16.2017
 20
88.4526
 11
16.3583
 21
87.9348
  0
LINE
  8
0
 10
16.3583
 20
87.9348
 11
16.4116
 21
87.395
  0
LINE
  8
0
 10
16.4116
 20
87.395
 11
16.3589
 21
86.8564
  0
LINE
  8
0
 10
16.3589
 20
86.8564
 11
16.2017
 21
86.3391
  0
LINE
  8
0
 10
16.2017
 20
86.3391
 11
15.9454
 21
85.8602
  0
LINE
  8
0
 10
15.9454
 20
85.8602
 11
15.6022
 21
85.4421
  0
LINE
  8
0
 10
15.6022
 20
85.4421
 11
15.1847
 21
85.0989
  0
LINE
  8
0
 10
15.1847
 20
85.0989
 11
14.7057
 21
84.8432
  0
LINE
  8
0
 10
14.7057
 20
84.8432
 11
14.1885
 21
84.6866
  0
LINE
  8
0
 10
14.1885
 20
84.6866
 11
13.6493
 21
84.6333
  0
LINE
  8
0
 10
13.6493
 20
84.6333
 11
13.11
 21
84.686
  0
LINE
  8
0
 10
13.11
 20
84.686
 11
12.5917
 21
84.8432
  0
LINE
  8
0
 10
12.5917
 20
84.8432
 11
12.1139
 21
85.0989
  0
LINE
  8
0
 10
12.1139
 20
85.0989
 11
11.7202
 21
85.4224
  0
LINE
  8
0
 10
11.7202
 20
85.4224
 11
11.4529
 21
85.0966
  0
LINE
  8
0
 10
11.4529
 20
85.0966
 11
11.0342
 21
84.7533
  0
LINE
  8
0
 10
11.0342
 20
84.7533
 11
10.5565
 21
84.4976
  0
LINE
  8
0
 10
10.5565
 20
84.4976
 11
10.0387
 21
84.341
  0
LINE
  8
0
 10
10.0387
 20
84.341
 11
9.5
 21
84.2877
  0
LINE
  8
0
 10
9.5
 20
84.2877
 11
8.96075
 21
84.3405
  0
LINE
  8
0
 10
-29.0392
 20
84.3405
 11
-29.557
 21
84.4976
  0
LINE
  8
0
 10
-29.557
 20
84.4976
 11
-30.0348
 21
84.7533
  0
LINE
  8
0
 10
-30.0348
 20
84.7533
 11
-30.454
 21
85.0971
  0
LINE
  8
0
 10
-30.454
 20
85.0971
 11
-30.7208
 21
85.4224
  0
LINE
  8
0
 10
-30.7208
 20
85.4224
 11
-31.1145
 21
85.0989
  0
LINE
  8
0
 10
-31.1145
 20
85.0989
 11
-31.5923
 21
84.8432
  0
LINE
  8
0
 10
-31.5923
 20
84.8432
 11
-32.1106
 21
84.6866
  0
LINE
  8
0
 10
-32.1106
 20
84.6866
 11
-32.6499
 21
84.6333
  0
LINE
  8
0
 10
-32.6499
 20
84.6333
 11
-33.1891
 21
84.686
  0
LINE
  8
0
 10
-33.1891
 20
84.686
 11
-33.7063
 21
84.8432
  0
LINE
  8
0
 10
-33.7063
 20
84.8432
 11
-34.1853
 21
85.0989
  0
LINE
  8
0
 10
-34.1853
 20
85.0989
 11
-34.6033
 21
85.4427
  0
LINE
  8
0
 10
-34.6033
 20
85.4427
 11
-34.6156
 21
85.4576
  0
LINE
  8
0
 10
-34.6156
 20
85.4576
 11
-33.1035
 21
90.1114
  0
LINE
  8
0
 10
-33.1035
 20
90.1114
 11
-32.9763
 21
89.6906
  0
LINE
  8
0
 10
-32.9763
 20
89.6906
 11
-32.5281
 21
88.8533
  0
LINE
  8
0
 10
-32.5281
 20
88.8533
 11
-31.9262
 21
88.1192
  0
LINE
  8
0
 10
-31.9262
 20
88.1192
 11
-31.1922
 21
87.5174
  0
LINE
  8
0
 10
-31.1922
 20
87.5174
 11
-30.3549
 21
87.0692
  0
LINE
  8
0
 10
-30.3549
 20
87.0692
 11
-29.4445
 21
86.7937
  0
LINE
  8
0
 10
-29.4445
 20
86.7937
 11
-28.5
 21
86.6998
  0
LINE
  8
0
 10
-28.5
 20
86.6998
 11
-27.556
 21
86.7937
  0
LINE
  8
0
 10
-27.556
 20
86.7937
 11
-26.6457
 21
87.0692
  0
LINE
  8
0
 10
-26.6457
 20
87.0692
 11
-25.8084
 21
87.5174
  0
LINE
  8
0
 10
-25.8084
 20
87.5174
 11
-25.0743
 21
88.1192
  0
LINE
  8
0
 10
-25.0743
 20
88.1192
 11
-24.4725
 21
88.8533
  0
LINE
  8
0
 10
-24.4725
 20
88.8533
 11
-24.0243
 21
89.6906
  0
LINE
  8
0
 10
-24.0243
 20
89.6906
 11
-23.8967
 21
90.1127
  0
LINE
  8
0
 10
-23.8967
 20
90.1127
 11
-23.8115
 21
90.1052
  0
LINE
  8
0
 10
-23.8115
 20
90.1052
 11
-23.2943
 21
89.948
  0
LINE
  8
0
 10
-23.2943
 20
89.948
 11
-22.8153
 21
89.6923
  0
LINE
  8
0
 10
-22.8153
 20
89.6923
 11
-22.3972
 21
89.3485
  0
LINE
  8
0
 10
-22.3972
 20
89.3485
 11
-22.054
 21
88.9304
  0
LINE
  8
0
 10
-22.054
 20
88.9304
 11
-21.7983
 21
88.4526
  0
LINE
  8
0
 10
-21.7983
 20
88.4526
 11
-21.6417
 21
87.9348
  0
LINE
  8
0
 10
-21.6417
 20
87.9348
 11
-21.5884
 21
87.395
  0
LINE
  8
0
 10
-21.5884
 20
87.395
 11
-21.6411
 21
86.8564
  0
LINE
  8
0
 10
-21.6411
 20
86.8564
 11
-21.7983
 21
86.3391
  0
LINE
  8
0
 10
-21.7983
 20
86.3391
 11
-22.0546
 21
85.8602
  0
LINE
  8
0
 10
-22.0546
 20
85.8602
 11
-22.3978
 21
85.4421
  0
LINE
  8
0
 10
-22.3978
 20
85.4421
 11
-22.8153
 21
85.0989
  0
LINE
  8
0
 10
-22.8153
 20
85.0989
 11
-23.2943
 21
84.8432
  0
LINE
  8
0
 10
-23.2943
 20
84.8432
 11
-23.8115
 21
84.6866
  0
LINE
  8
0
 10
-23.8115
 20
84.6866
 11
-24.3507
 21
84.6333
  0
LINE
  8
0
 10
-24.3507
 20
84.6333
 11
-24.89
 21
84.686
  0
LINE
  8
0
 10
-24.89
 20
84.686
 11
-25.4083
 21
84.8432
  0
LINE
  8
0
 10
-25.4083
 20
84.8432
 11
-25.8861
 21
85.0989
  0
LINE
  8
0
 10
-25.8861
 20
85.0989
 11
-26.2798
 21
85.4224
  0
LINE
  8
0
 10
-26.2798
 20
85.4224
 11
-26.5471
 21
85.0966
  0
LINE
  8
0
 10
-26.5471
 20
85.0966
 11
-26.9658
 21
84.7533
  0
LINE
  8
0
 10
-26.9658
 20
84.7533
 11
-27.4435
 21
84.4976
  0
LINE
  8
0
 10
-27.4435
 20
84.4976
 11
-27.9613
 21
84.341
  0
LINE
  8
0
 10
-27.9613
 20
84.341
 11
-28.5
 21
84.2877
  0
LINE
  8
0
 10
-28.5
 20
84.2877
 11
-29.0392
 21
84.3405
  0
LINE
  8
0
 10
-21.6093
 20
84.6541
 11
-21.128
 21
85.2415
  0
LINE
  8
0
 10
-21.128
 20
85.2415
 11
-20.7697
 21
85.9118
  0
LINE
  8
0
 10
-20.7697
 20
85.9118
 11
-20.667
 21
86.2487
  0
LINE
  8
0
 10
-20.667
 20
86.2487
 11
-20.5998
 21
86.2429
  0
LINE
  8
0
 10
-20.5998
 20
86.2429
 11
-20.1863
 21
86.1171
  0
LINE
  8
0
 10
-20.1863
 20
86.1171
 11
-19.8031
 21
85.9124
  0
LINE
  8
0
 10
-19.8031
 20
85.9124
 11
-19.5775
 21
85.7274
  0
LINE
  8
0
 10
-19.5775
 20
85.7274
 11
-19.53
 21
85.4392
  0
LINE
  8
0
 10
-19.53
 20
85.4392
 11
-19.5439
 21
85.0049
  0
LINE
  8
0
 10
-19.5439
 20
85.0049
 11
-19.6425
 21
84.5851
  0
LINE
  8
0
 10
-19.6425
 20
84.5851
 11
-19.6703
 21
84.5231
  0
LINE
  8
0
 10
-19.6703
 20
84.5231
 11
-20.0135
 21
84.6031
  0
LINE
  8
0
 10
-20.0135
 20
84.6031
 11
-20.7731
 21
84.6281
  0
LINE
  8
0
 10
-20.7731
 20
84.6281
 11
-21.5229
 21
84.504
  0
LINE
  8
0
 10
-21.5229
 20
84.504
 11
-22.0204
 21
84.3167
  0
LINE
  8
0
 10
-22.0204
 20
84.3167
 11
-21.6093
 21
84.6541
  0
LINE
  8
0
 10
2.52228
 20
84.5034
 11
1.77255
 21
84.6275
  0
LINE
  8
0
 10
1.77255
 20
84.6275
 11
1.01297
 21
84.6025
  0
LINE
  8
0
 10
1.01297
 20
84.6025
 11
0.669708
 21
84.5225
  0
LINE
  8
0
 10
0.669708
 20
84.5225
 11
0.641876
 21
84.5846
  0
LINE
  8
0
 10
0.641876
 20
84.5846
 11
0.544464
 21
85.0044
  0
LINE
  8
0
 10
0.544464
 20
85.0044
 11
0.529388
 21
85.4387
  0
LINE
  8
0
 10
0.529388
 20
85.4387
 11
0.576935
 21
85.7268
  0
LINE
  8
0
 10
0.576935
 20
85.7268
 11
0.80249
 21
85.9124
  0
LINE
  8
0
 10
0.80249
 20
85.9124
 11
1.18576
 21
86.1171
  0
LINE
  8
0
 10
1.18576
 20
86.1171
 11
1.59918
 21
86.2423
  0
LINE
  8
0
 10
1.59918
 20
86.2423
 11
1.66644
 21
86.2487
  0
LINE
  8
0
 10
1.66644
 20
86.2487
 11
1.76907
 21
85.9118
  0
LINE
  8
0
 10
1.76907
 20
85.9118
 11
2.12741
 21
85.2415
  0
LINE
  8
0
 10
2.12741
 20
85.2415
 11
2.60867
 21
84.6541
  0
LINE
  8
0
 10
2.60867
 20
84.6541
 11
3.02151
 21
84.3161
  0
LINE
  8
0
 10
3.02151
 20
84.3161
 11
2.52228
 21
84.5034
  0
LINE
  8
0
 10
16.3907
 20
84.6541
 11
16.872
 21
85.2415
  0
LINE
  8
0
 10
16.872
 20
85.2415
 11
17.2303
 21
85.9118
  0
LINE
  8
0
 10
17.2303
 20
85.9118
 11
17.333
 21
86.2487
  0
LINE
  8
0
 10
17.333
 20
86.2487
 11
17.4002
 21
86.2429
  0
LINE
  8
0
 10
17.4002
 20
86.2429
 11
17.8137
 21
86.1171
  0
LINE
  8
0
 10
17.8137
 20
86.1171
 11
18.1969
 21
85.9124
  0
LINE
  8
0
 10
18.1969
 20
85.9124
 11
18.4225
 21
85.7274
  0
LINE
  8
0
 10
18.4225
 20
85.7274
 11
18.47
 21
85.4392
  0
LINE
  8
0
 10
18.47
 20
85.4392
 11
18.4561
 21
85.0049
  0
LINE
  8
0
 10
18.4561
 20
85.0049
 11
18.3575
 21
84.5851
  0
LINE
  8
0
 10
18.3575
 20
84.5851
 11
18.3297
 21
84.5231
  0
LINE
  8
0
 10
18.3297
 20
84.5231
 11
17.9865
 21
84.6031
  0
LINE
  8
0
 10
17.9865
 20
84.6031
 11
17.2269
 21
84.6281
  0
LINE
  8
0
 10
17.2269
 20
84.6281
 11
16.4771
 21
84.504
  0
LINE
  8
0
 10
16.4771
 20
84.504
 11
15.9796
 21
84.3167
  0
LINE
  8
0
 10
15.9796
 20
84.3167
 11
16.3907
 21
84.6541
  0
LINE
  8
0
 10
-34.9856
 20
84.3188
 11
-34.9848
 21
84.3213
  0
LINE
  8
0
 10
-34.9848
 20
84.3213
 11
-34.9785
 21
84.3161
  0
LINE
  8
0
 10
-34.9785
 20
84.3161
 11
-34.9856
 21
84.3188
  0
LINE
  8
0
 10
-4.76913
 20
80.9107
 11
-5.08572
 21
81.0302
  0
LINE
  8
0
 10
-5.08572
 20
81.0302
 11
-5.37332
 21
81.2094
  0
LINE
  8
0
 10
-5.37332
 20
81.2094
 11
-5.62033
 21
81.4401
  0
LINE
  8
0
 10
-5.62033
 20
81.4401
 11
-5.81631
 21
81.715
  0
LINE
  8
0
 10
-5.81631
 20
81.715
 11
-5.95605
 21
82.0229
  0
LINE
  8
0
 10
-5.95605
 20
82.0229
 11
-6.03201
 21
82.3516
  0
LINE
  8
0
 10
-6.03201
 20
82.3516
 11
-6.04419
 21
82.6897
  0
LINE
  8
0
 10
-6.04419
 20
82.6897
 11
-5.98911
 21
83.0231
  0
LINE
  8
0
 10
-5.98911
 20
83.0231
 11
-5.86966
 21
83.3397
  0
LINE
  8
0
 10
-5.86966
 20
83.3397
 11
-5.69107
 21
83.6273
  0
LINE
  8
0
 10
-5.69107
 20
83.6273
 11
-5.45972
 21
83.8737
  0
LINE
  8
0
 10
-5.45972
 20
83.8737
 11
-5.1814
 21
84.0726
  0
LINE
  8
0
 10
-5.1814
 20
84.0726
 11
-4.87582
 21
84.2112
  0
LINE
  8
0
 10
-4.87582
 20
84.2112
 11
-4.54764
 21
84.2877
  0
LINE
  8
0
 10
-4.54764
 20
84.2877
 11
-4.20844
 21
84.2993
  0
LINE
  8
0
 10
-4.20844
 20
84.2993
 11
-3.87503
 21
84.2436
  0
LINE
  8
0
 10
-3.87503
 20
84.2436
 11
-3.55844
 21
84.1242
  0
LINE
  8
0
 10
-3.55844
 20
84.1242
 11
-3.27084
 21
83.945
  0
LINE
  8
0
 10
-3.27084
 20
83.945
 11
-3.02383
 21
83.7142
  0
LINE
  8
0
 10
-3.02383
 20
83.7142
 11
-2.82785
 21
83.44
  0
LINE
  8
0
 10
-2.82785
 20
83.44
 11
-2.68811
 21
83.1315
  0
LINE
  8
0
 10
-2.68811
 20
83.1315
 11
-2.61215
 21
82.8033
  0
LINE
  8
0
 10
-2.61215
 20
82.8033
 11
-2.59998
 21
82.4641
  0
LINE
  8
0
 10
-2.59998
 20
82.4641
 11
-2.65506
 21
82.1301
  0
LINE
  8
0
 10
-2.65506
 20
82.1301
 11
-2.77451
 21
81.8141
  0
LINE
  8
0
 10
-2.77451
 20
81.8141
 11
-2.95367
 21
81.5259
  0
LINE
  8
0
 10
-2.95367
 20
81.5259
 11
-3.18445
 21
81.2795
  0
LINE
  8
0
 10
-3.18445
 20
81.2795
 11
-3.45871
 21
81.0835
  0
LINE
  8
0
 10
-3.45871
 20
81.0835
 11
-3.76834
 21
80.9438
  0
LINE
  8
0
 10
-3.76834
 20
80.9438
 11
-4.09653
 21
80.8667
  0
LINE
  8
0
 10
-4.09653
 20
80.8667
 11
-4.43573
 21
80.8551
  0
LINE
  8
0
 10
-4.43573
 20
80.8551
 11
-4.76913
 21
80.9107
  0
LINE
  8
0
 10
33.2309
 20
80.9107
 11
32.9143
 21
81.0302
  0
LINE
  8
0
 10
32.9143
 20
81.0302
 11
32.6267
 21
81.2094
  0
LINE
  8
0
 10
32.6267
 20
81.2094
 11
32.3797
 21
81.4401
  0
LINE
  8
0
 10
32.3797
 20
81.4401
 11
32.1837
 21
81.715
  0
LINE
  8
0
 10
32.1837
 20
81.715
 11
32.0439
 21
82.0229
  0
LINE
  8
0
 10
32.0439
 20
82.0229
 11
31.968
 21
82.3516
  0
LINE
  8
0
 10
31.968
 20
82.3516
 11
31.9558
 21
82.6897
  0
LINE
  8
0
 10
31.9558
 20
82.6897
 11
32.0109
 21
83.0231
  0
LINE
  8
0
 10
32.0109
 20
83.0231
 11
32.1303
 21
83.3397
  0
LINE
  8
0
 10
32.1303
 20
83.3397
 11
32.3089
 21
83.6273
  0
LINE
  8
0
 10
32.3089
 20
83.6273
 11
32.5403
 21
83.8737
  0
LINE
  8
0
 10
32.5403
 20
83.8737
 11
32.8186
 21
84.0726
  0
LINE
  8
0
 10
32.8186
 20
84.0726
 11
33.1242
 21
84.2112
  0
LINE
  8
0
 10
33.1242
 20
84.2112
 11
33.4524
 21
84.2877
  0
LINE
  8
0
 10
33.4524
 20
84.2877
 11
33.7916
 21
84.2993
  0
LINE
  8
0
 10
33.7916
 20
84.2993
 11
34.125
 21
84.2436
  0
LINE
  8
0
 10
34.125
 20
84.2436
 11
34.4416
 21
84.1242
  0
LINE
  8
0
 10
34.4416
 20
84.1242
 11
34.7292
 21
83.945
  0
LINE
  8
0
 10
34.7292
 20
83.945
 11
34.9762
 21
83.7142
  0
LINE
  8
0
 10
34.9762
 20
83.7142
 11
35.1721
 21
83.44
  0
LINE
  8
0
 10
35.1721
 20
83.44
 11
35.3119
 21
83.1315
  0
LINE
  8
0
 10
35.3119
 20
83.1315
 11
35.3878
 21
82.8033
  0
LINE
  8
0
 10
35.3878
 20
82.8033
 11
35.4
 21
82.4641
  0
LINE
  8
0
 10
35.4
 20
82.4641
 11
35.3449
 21
82.1301
  0
LINE
  8
0
 10
35.3449
 20
82.1301
 11
35.2255
 21
81.8141
  0
LINE
  8
0
 10
35.2255
 20
81.8141
 11
35.0463
 21
81.5259
  0
LINE
  8
0
 10
35.0463
 20
81.5259
 11
34.8156
 21
81.2795
  0
LINE
  8
0
 10
34.8156
 20
81.2795
 11
34.5413
 21
81.0835
  0
LINE
  8
0
 10
34.5413
 20
81.0835
 11
34.2317
 21
80.9438
  0
LINE
  8
0
 10
34.2317
 20
80.9438
 11
33.9035
 21
80.8667
  0
LINE
  8
0
 10
33.9035
 20
80.8667
 11
33.5643
 21
80.8551
  0
LINE
  8
0
 10
33.5643
 20
80.8551
 11
33.2309
 21
80.9107
  0
LINE
  8
0
 10
-14.9035
 20
80.8661
 11
-15.2311
 21
80.9432
  0
LINE
  8
0
 10
-15.2311
 20
80.9432
 11
-15.5372
 21
81.0818
  0
LINE
  8
0
 10
-15.5372
 20
81.0818
 11
-15.8156
 21
81.2807
  0
LINE
  8
0
 10
-15.8156
 20
81.2807
 11
-16.0469
 21
81.5271
  0
LINE
  8
0
 10
-16.0469
 20
81.5271
 11
-16.2255
 21
81.8147
  0
LINE
  8
0
 10
-16.2255
 20
81.8147
 11
-16.3449
 21
82.1313
  0
LINE
  8
0
 10
-16.3449
 20
82.1313
 11
-16.3994
 21
82.4647
  0
LINE
  8
0
 10
-16.3994
 20
82.4647
 11
-16.3884
 21
82.8039
  0
LINE
  8
0
 10
-16.3884
 20
82.8039
 11
-16.3119
 21
83.1321
  0
LINE
  8
0
 10
-16.3119
 20
83.1321
 11
-16.1716
 21
83.4406
  0
LINE
  8
0
 10
-16.1716
 20
83.4406
 11
-15.9756
 21
83.7148
  0
LINE
  8
0
 10
-15.9756
 20
83.7148
 11
-15.7286
 21
83.9456
  0
LINE
  8
0
 10
-15.7286
 20
83.9456
 11
-15.4416
 21
84.1242
  0
LINE
  8
0
 10
-15.4416
 20
84.1242
 11
-15.125
 21
84.2436
  0
LINE
  8
0
 10
-15.125
 20
84.2436
 11
-14.7916
 21
84.2987
  0
LINE
  8
0
 10
-14.7916
 20
84.2987
 11
-14.4524
 21
84.2883
  0
LINE
  8
0
 10
-14.4524
 20
84.2883
 11
-14.1242
 21
84.2112
  0
LINE
  8
0
 10
-14.1242
 20
84.2112
 11
-13.8169
 21
84.072
  0
LINE
  8
0
 10
-13.8169
 20
84.072
 11
-13.5397
 21
83.8737
  0
LINE
  8
0
 10
-13.5397
 20
83.8737
 11
-13.3083
 21
83.6273
  0
LINE
  8
0
 10
-13.3083
 20
83.6273
 11
-13.1298
 21
83.3397
  0
LINE
  8
0
 10
-13.1298
 20
83.3397
 11
-13.0103
 21
83.0231
  0
LINE
  8
0
 10
-13.0103
 20
83.0231
 11
-12.9558
 21
82.6897
  0
LINE
  8
0
 10
-12.9558
 20
82.6897
 11
-12.9668
 21
82.351
  0
LINE
  8
0
 10
-12.9668
 20
82.351
 11
-13.0434
 21
82.0229
  0
LINE
  8
0
 10
-13.0434
 20
82.0229
 11
-13.1831
 21
81.7144
  0
LINE
  8
0
 10
-13.1831
 20
81.7144
 11
-13.3802
 21
81.439
  0
LINE
  8
0
 10
-13.3802
 20
81.439
 11
-13.6267
 21
81.2088
  0
LINE
  8
0
 10
-13.6267
 20
81.2088
 11
-13.9143
 21
81.0296
  0
LINE
  8
0
 10
-13.9143
 20
81.0296
 11
-14.2309
 21
80.9102
  0
LINE
  8
0
 10
-14.2309
 20
80.9102
 11
-14.5643
 21
80.8557
  0
LINE
  8
0
 10
-14.5643
 20
80.8557
 11
-14.9035
 21
80.8661
  0
LINE
  8
0
 10
23.0965
 20
80.8661
 11
22.7689
 21
80.9432
  0
LINE
  8
0
 10
22.7689
 20
80.9432
 11
22.4628
 21
81.0818
  0
LINE
  8
0
 10
22.4628
 20
81.0818
 11
22.1844
 21
81.2807
  0
LINE
  8
0
 10
22.1844
 20
81.2807
 11
21.9531
 21
81.5271
  0
LINE
  8
0
 10
21.9531
 20
81.5271
 11
21.7745
 21
81.8147
  0
LINE
  8
0
 10
21.7745
 20
81.8147
 11
21.6551
 21
82.1313
  0
LINE
  8
0
 10
21.6551
 20
82.1313
 11
21.6006
 21
82.4647
  0
LINE
  8
0
 10
21.6006
 20
82.4647
 11
21.6116
 21
82.8039
  0
LINE
  8
0
 10
21.6116
 20
82.8039
 11
21.6881
 21
83.1321
  0
LINE
  8
0
 10
21.6881
 20
83.1321
 11
21.8284
 21
83.4406
  0
LINE
  8
0
 10
21.8284
 20
83.4406
 11
22.0244
 21
83.7148
  0
LINE
  8
0
 10
22.0244
 20
83.7148
 11
22.2714
 21
83.9456
  0
LINE
  8
0
 10
22.2714
 20
83.9456
 11
22.5584
 21
84.1242
  0
LINE
  8
0
 10
22.5584
 20
84.1242
 11
22.875
 21
84.2436
  0
LINE
  8
0
 10
22.875
 20
84.2436
 11
23.2084
 21
84.2987
  0
LINE
  8
0
 10
23.2084
 20
84.2987
 11
23.5476
 21
84.2883
  0
LINE
  8
0
 10
23.5476
 20
84.2883
 11
23.8758
 21
84.2112
  0
LINE
  8
0
 10
23.8758
 20
84.2112
 11
24.1831
 21
84.072
  0
LINE
  8
0
 10
24.1831
 20
84.072
 11
24.4603
 21
83.8737
  0
LINE
  8
0
 10
24.4603
 20
83.8737
 11
24.6917
 21
83.6273
  0
LINE
  8
0
 10
24.6917
 20
83.6273
 11
24.8702
 21
83.3397
  0
LINE
  8
0
 10
24.8702
 20
83.3397
 11
24.9897
 21
83.0231
  0
LINE
  8
0
 10
24.9897
 20
83.0231
 11
25.0442
 21
82.6897
  0
LINE
  8
0
 10
25.0442
 20
82.6897
 11
25.0332
 21
82.351
  0
LINE
  8
0
 10
25.0332
 20
82.351
 11
24.9566
 21
82.0229
  0
LINE
  8
0
 10
24.9566
 20
82.0229
 11
24.8169
 21
81.7144
  0
LINE
  8
0
 10
24.8169
 20
81.7144
 11
24.6198
 21
81.439
  0
LINE
  8
0
 10
24.6198
 20
81.439
 11
24.3733
 21
81.2088
  0
LINE
  8
0
 10
24.3733
 20
81.2088
 11
24.0857
 21
81.0296
  0
LINE
  8
0
 10
24.0857
 20
81.0296
 11
23.7691
 21
80.9102
  0
LINE
  8
0
 10
23.7691
 20
80.9102
 11
23.4357
 21
80.8557
  0
LINE
  8
0
 10
23.4357
 20
80.8557
 11
23.0965
 21
80.8661
  0
LINE
  8
0
 10
-28.9314
 20
81.2865
 11
-29.3454
 21
81.4123
  0
LINE
  8
0
 10
-29.3454
 20
81.4123
 11
-29.7281
 21
81.617
  0
LINE
  8
0
 10
-29.7281
 20
81.617
 11
-30.0627
 21
81.8912
  0
LINE
  8
0
 10
-30.0627
 20
81.8912
 11
-30.3375
 21
82.2264
  0
LINE
  8
0
 10
-30.3375
 20
82.2264
 11
-30.5416
 21
82.6085
  0
LINE
  8
0
 10
-30.5416
 20
82.6085
 11
-30.6663
 21
83.0225
  0
LINE
  8
0
 10
-30.6663
 20
83.0225
 11
-30.7092
 21
83.4539
  0
LINE
  8
0
 10
-30.7092
 20
83.4539
 11
-30.6709
 21
83.8406
  0
LINE
  8
0
 10
-30.6709
 20
83.8406
 11
-30.6541
 21
83.8267
  0
LINE
  8
0
 10
-30.6541
 20
83.8267
 11
-29.9838
 21
83.4684
  0
LINE
  8
0
 10
-29.9838
 20
83.4684
 11
-29.2561
 21
83.248
  0
LINE
  8
0
 10
-29.2561
 20
83.248
 11
-28.5
 21
83.1732
  0
LINE
  8
0
 10
-28.5
 20
83.1732
 11
-27.7445
 21
83.248
  0
LINE
  8
0
 10
-27.7445
 20
83.248
 11
-27.0168
 21
83.4684
  0
LINE
  8
0
 10
-27.0168
 20
83.4684
 11
-26.3465
 21
83.8267
  0
LINE
  8
0
 10
-26.3465
 20
83.8267
 11
-26.3297
 21
83.8406
  0
LINE
  8
0
 10
-26.3297
 20
83.8406
 11
-26.2914
 21
83.4527
  0
LINE
  8
0
 10
-26.2914
 20
83.4527
 11
-26.3337
 21
83.0225
  0
LINE
  8
0
 10
-26.3337
 20
83.0225
 11
-26.459
 21
82.6085
  0
LINE
  8
0
 10
-26.459
 20
82.6085
 11
-26.6637
 21
82.2258
  0
LINE
  8
0
 10
-26.6637
 20
82.2258
 11
-26.9385
 21
81.8907
  0
LINE
  8
0
 10
-26.9385
 20
81.8907
 11
-27.2725
 21
81.617
  0
LINE
  8
0
 10
-27.2725
 20
81.617
 11
-27.6552
 21
81.4123
  0
LINE
  8
0
 10
-27.6552
 20
81.4123
 11
-28.0692
 21
81.287
  0
LINE
  8
0
 10
-28.0692
 20
81.287
 11
-28.5
 21
81.2447
  0
LINE
  8
0
 10
-28.5
 20
81.2447
 11
-28.9314
 21
81.2865
  0
LINE
  8
0
 10
9.0686
 20
81.2865
 11
8.6546
 21
81.4123
  0
LINE
  8
0
 10
8.6546
 20
81.4123
 11
8.27191
 21
81.617
  0
LINE
  8
0
 10
8.27191
 20
81.617
 11
7.93735
 21
81.8912
  0
LINE
  8
0
 10
7.93735
 20
81.8912
 11
7.66251
 21
82.2264
  0
LINE
  8
0
 10
7.66251
 20
82.2264
 11
7.4584
 21
82.6085
  0
LINE
  8
0
 10
7.4584
 20
82.6085
 11
7.33374
 21
83.0225
  0
LINE
  8
0
 10
7.33374
 20
83.0225
 11
7.29083
 21
83.4539
  0
LINE
  8
0
 10
7.29083
 20
83.4539
 11
7.3291
 21
83.8406
  0
LINE
  8
0
 10
7.3291
 20
83.8406
 11
7.34592
 21
83.8267
  0
LINE
  8
0
 10
7.34592
 20
83.8267
 11
8.0162
 21
83.4684
  0
LINE
  8
0
 10
8.0162
 20
83.4684
 11
8.7439
 21
83.248
  0
LINE
  8
0
 10
8.7439
 20
83.248
 11
9.5
 21
83.1732
  0
LINE
  8
0
 10
9.5
 20
83.1732
 11
10.2555
 21
83.248
  0
LINE
  8
0
 10
10.2555
 20
83.248
 11
10.9832
 21
83.4684
  0
LINE
  8
0
 10
10.9832
 20
83.4684
 11
11.6535
 21
83.8267
  0
LINE
  8
0
 10
11.6535
 20
83.8267
 11
11.6703
 21
83.8406
  0
LINE
  8
0
 10
11.6703
 20
83.8406
 11
11.7086
 21
83.4527
  0
LINE
  8
0
 10
11.7086
 20
83.4527
 11
11.6663
 21
83.0225
  0
LINE
  8
0
 10
11.6663
 20
83.0225
 11
11.541
 21
82.6085
  0
LINE
  8
0
 10
11.541
 20
82.6085
 11
11.3363
 21
82.2258
  0
LINE
  8
0
 10
11.3363
 20
82.2258
 11
11.0615
 21
81.8907
  0
LINE
  8
0
 10
11.0615
 20
81.8907
 11
10.7275
 21
81.617
  0
LINE
  8
0
 10
10.7275
 20
81.617
 11
10.3448
 21
81.4123
  0
LINE
  8
0
 10
10.3448
 20
81.4123
 11
9.93082
 21
81.287
  0
LINE
  8
0
 10
9.93082
 20
81.287
 11
9.5
 21
81.2447
  0
LINE
  8
0
 10
9.5
 20
81.2447
 11
9.0686
 21
81.2865
  0
LINE
  8
0
 10
3.91678
 20
83.7989
 11
4.20322
 21
83.7119
  0
LINE
  8
0
 10
4.20322
 20
83.7119
 11
4.19742
 21
83.6447
  0
LINE
  8
0
 10
4.19742
 20
83.6447
 11
4.19452
 21
83.6371
  0
LINE
  8
0
 10
4.19452
 20
83.6371
 11
4.13654
 21
83.5936
  0
LINE
  8
0
 10
4.13654
 20
83.5936
 11
3.91678
 21
83.7989
  0
LINE
  8
0
 10
-34.0832
 20
83.7989
 11
-33.7968
 21
83.7119
  0
LINE
  8
0
 10
-33.7968
 20
83.7119
 11
-33.8026
 21
83.6447
  0
LINE
  8
0
 10
-33.8026
 20
83.6447
 11
-33.8055
 21
83.6371
  0
LINE
  8
0
 10
-33.8055
 20
83.6371
 11
-33.8635
 21
83.5936
  0
LINE
  8
0
 10
-33.8635
 20
83.5936
 11
-34.0832
 21
83.7989
  0
LINE
  8
0
 10
14.8043
 20
83.6383
 11
14.8026
 21
83.6447
  0
LINE
  8
0
 10
14.8026
 20
83.6447
 11
14.7962
 21
83.7119
  0
LINE
  8
0
 10
14.7962
 20
83.7119
 11
15.0809
 21
83.7983
  0
LINE
  8
0
 10
15.0809
 20
83.7983
 11
14.8629
 21
83.5942
  0
LINE
  8
0
 10
14.8629
 20
83.5942
 11
14.8043
 21
83.6383
  0
LINE
  8
0
 10
-23.1957
 20
83.6383
 11
-23.1974
 21
83.6447
  0
LINE
  8
0
 10
-23.1974
 20
83.6447
 11
-23.2038
 21
83.7119
  0
LINE
  8
0
 10
-23.2038
 20
83.7119
 11
-22.9191
 21
83.7983
  0
LINE
  8
0
 10
-22.9191
 20
83.7983
 11
-23.1371
 21
83.5942
  0
LINE
  8
0
 10
-23.1371
 20
83.5942
 11
-23.1957
 21
83.6383
  0
LINE
  8
0
 10
4.9541
 20
70.904
 11
4.44675
 21
71.0947
  0
LINE
  8
0
 10
4.44675
 20
71.0947
 11
3.98578
 21
71.3817
  0
LINE
  8
0
 10
3.98578
 20
71.3817
 11
3.59149
 21
71.7511
  0
LINE
  8
0
 10
3.59149
 20
71.7511
 11
3.54221
 21
71.8195
  0
LINE
  8
0
 10
3.54221
 20
71.8195
 11
3.84372
 21
72.1419
  0
LINE
  8
0
 10
3.84372
 20
72.1419
 11
4.34528
 21
72.9485
  0
LINE
  8
0
 10
4.34528
 20
72.9485
 11
4.67984
 21
73.8373
  0
LINE
  8
0
 10
4.67984
 20
73.8373
 11
4.83466
 21
74.7744
  0
LINE
  8
0
 10
4.83466
 20
74.7744
 11
4.80392
 21
75.723
  0
LINE
  8
0
 10
4.80392
 20
75.723
 11
4.58707
 21
76.6484
  0
LINE
  8
0
 10
4.58707
 20
76.6484
 11
4.19626
 21
77.5135
  0
LINE
  8
0
 10
4.19626
 20
77.5135
 11
3.6431
 21
78.2841
  0
LINE
  8
0
 10
3.6431
 20
78.2841
 11
2.94962
 21
78.9347
  0
LINE
  8
0
 10
2.94962
 20
78.9347
 11
2.14307
 21
79.4356
  0
LINE
  8
0
 10
2.14307
 20
79.4356
 11
1.25418
 21
79.7702
  0
LINE
  8
0
 10
1.25418
 20
79.7702
 11
0.317169
 21
79.925
  0
LINE
  8
0
 10
0.317169
 20
79.925
 11
-0.631439
 21
79.8943
  0
LINE
  8
0
 10
-0.631439
 20
79.8943
 11
-1.0611
 21
79.7934
  0
LINE
  8
0
 10
-1.0611
 20
79.7934
 11
-1.09647
 21
79.8717
  0
LINE
  8
0
 10
-1.09647
 20
79.8717
 11
-1.21881
 21
80.3976
  0
LINE
  8
0
 10
-1.21881
 20
80.3976
 11
-1.23737
 21
80.9403
  0
LINE
  8
0
 10
-1.23737
 20
80.9403
 11
-1.14865
 21
81.4738
  0
LINE
  8
0
 10
-1.14865
 20
81.4738
 11
-0.957886
 21
81.9805
  0
LINE
  8
0
 10
-0.957886
 20
81.9805
 11
-0.672607
 21
82.4409
  0
LINE
  8
0
 10
-0.672607
 20
82.4409
 11
-0.302094
 21
82.8358
  0
LINE
  8
0
 10
-0.302094
 20
82.8358
 11
0.137421
 21
83.1512
  0
LINE
  8
0
 10
0.137421
 20
83.1512
 11
0.631439
 21
83.375
  0
LINE
  8
0
 10
0.631439
 20
83.375
 11
1.15735
 21
83.4974
  0
LINE
  8
0
 10
1.15735
 20
83.4974
 11
1.70065
 21
83.5159
  0
LINE
  8
0
 10
1.70065
 20
83.5159
 11
2.23352
 21
83.4272
  0
LINE
  8
0
 10
2.23352
 20
83.4272
 11
2.74088
 21
83.237
  0
LINE
  8
0
 10
2.74088
 20
83.237
 11
3.20184
 21
82.95
  0
LINE
  8
0
 10
3.20184
 20
82.95
 11
3.59613
 21
82.5801
  0
LINE
  8
0
 10
3.59613
 20
82.5801
 11
3.91156
 21
82.1406
  0
LINE
  8
0
 10
3.91156
 20
82.1406
 11
4.1348
 21
81.6465
  0
LINE
  8
0
 10
4.1348
 20
81.6465
 11
4.2583
 21
81.1195
  0
LINE
  8
0
 10
4.2583
 20
81.1195
 11
4.27628
 21
80.5779
  0
LINE
  8
0
 10
4.27628
 20
80.5779
 11
4.1922
 21
80.0752
  0
LINE
  8
0
 10
4.1922
 20
80.0752
 11
4.60736
 21
80.0068
  0
LINE
  8
0
 10
4.60736
 20
80.0068
 11
5.1153
 21
79.8154
  0
LINE
  8
0
 10
5.1153
 20
79.8154
 11
5.57568
 21
79.5296
  0
LINE
  8
0
 10
5.57568
 20
79.5296
 11
5.97055
 21
79.1591
  0
LINE
  8
0
 10
5.97055
 20
79.1591
 11
6.2854
 21
78.7201
  0
LINE
  8
0
 10
6.2854
 20
78.7201
 11
6.50864
 21
78.2255
  0
LINE
  8
0
 10
6.50864
 20
78.2255
 11
6.63156
 21
77.6996
  0
LINE
  8
0
 10
6.63156
 20
77.6996
 11
6.64954
 21
77.1581
  0
LINE
  8
0
 10
6.64954
 20
77.1581
 11
6.5614
 21
76.6229
  0
LINE
  8
0
 10
6.5614
 20
76.6229
 11
6.41296
 21
76.2286
  0
LINE
  8
0
 10
6.41296
 20
76.2286
 11
6.89017
 21
76.0494
  0
LINE
  8
0
 10
6.89017
 20
76.0494
 11
7.35056
 21
75.7635
  0
LINE
  8
0
 10
7.35056
 20
75.7635
 11
7.746
 21
75.393
  0
LINE
  8
0
 10
7.746
 20
75.393
 11
8.06085
 21
74.9541
  0
LINE
  8
0
 10
8.06085
 20
74.9541
 11
8.28467
 21
74.4595
  0
LINE
  8
0
 10
8.28467
 20
74.4595
 11
8.40701
 21
73.9342
  0
LINE
  8
0
 10
8.40701
 20
73.9342
 11
8.42557
 21
73.3914
  0
LINE
  8
0
 10
8.42557
 20
73.3914
 11
8.33685
 21
72.8568
  0
LINE
  8
0
 10
8.33685
 20
72.8568
 11
8.14609
 21
72.3512
  0
LINE
  8
0
 10
8.14609
 20
72.3512
 11
7.85965
 21
71.8897
  0
LINE
  8
0
 10
7.85965
 20
71.8897
 11
7.48972
 21
71.4948
  0
LINE
  8
0
 10
7.48972
 20
71.4948
 11
7.0502
 21
71.18
  0
LINE
  8
0
 10
7.0502
 20
71.18
 11
6.5556
 21
70.9561
  0
LINE
  8
0
 10
6.5556
 20
70.9561
 11
6.02969
 21
70.8338
  0
LINE
  8
0
 10
6.02969
 20
70.8338
 11
5.48697
 21
70.8158
  0
LINE
  8
0
 10
5.48697
 20
70.8158
 11
4.9541
 21
70.904
  0
LINE
  8
0
 10
-25.0297
 20
70.8332
 11
-25.5562
 21
70.9567
  0
LINE
  8
0
 10
-25.5562
 20
70.9567
 11
-26.0502
 21
71.1805
  0
LINE
  8
0
 10
-26.0502
 20
71.1805
 11
-26.4903
 21
71.496
  0
LINE
  8
0
 10
-26.4903
 20
71.496
 11
-26.8602
 21
71.8908
  0
LINE
  8
0
 10
-26.8602
 20
71.8908
 11
-27.1467
 21
72.3518
  0
LINE
  8
0
 10
-27.1467
 20
72.3518
 11
-27.3369
 21
72.858
  0
LINE
  8
0
 10
-27.3369
 20
72.858
 11
-27.4256
 21
73.392
  0
LINE
  8
0
 10
-27.4256
 20
73.392
 11
-27.4082
 21
73.9342
  0
LINE
  8
0
 10
-27.4082
 20
73.9342
 11
-27.2847
 21
74.4601
  0
LINE
  8
0
 10
-27.2847
 20
74.4601
 11
-27.0614
 21
74.9541
  0
LINE
  8
0
 10
-27.0614
 20
74.9541
 11
-26.746
 21
75.3936
  0
LINE
  8
0
 10
-26.746
 20
75.3936
 11
-26.3511
 21
75.7641
  0
LINE
  8
0
 10
-26.3511
 20
75.7641
 11
-25.8907
 21
76.05
  0
LINE
  8
0
 10
-25.8907
 20
76.05
 11
-25.4135
 21
76.2292
  0
LINE
  8
0
 10
-25.4135
 20
76.2292
 11
-25.5614
 21
76.624
  0
LINE
  8
0
 10
-25.5614
 20
76.624
 11
-25.6495
 21
77.1586
  0
LINE
  8
0
 10
-25.6495
 20
77.1586
 11
-25.6327
 21
77.7002
  0
LINE
  8
0
 10
-25.6327
 20
77.7002
 11
-25.5092
 21
78.2261
  0
LINE
  8
0
 10
-25.5092
 20
78.2261
 11
-25.286
 21
78.7201
  0
LINE
  8
0
 10
-25.286
 20
78.7201
 11
-24.9706
 21
79.1596
  0
LINE
  8
0
 10
-24.9706
 20
79.1596
 11
-24.5757
 21
79.5302
  0
LINE
  8
0
 10
-24.5757
 20
79.5302
 11
-24.1153
 21
79.816
  0
LINE
  8
0
 10
-24.1153
 20
79.816
 11
-23.6079
 21
80.0074
  0
LINE
  8
0
 10
-23.6079
 20
80.0074
 11
-23.1922
 21
80.0758
  0
LINE
  8
0
 10
-23.1922
 20
80.0758
 11
-23.2757
 21
80.5785
  0
LINE
  8
0
 10
-23.2757
 20
80.5785
 11
-23.2589
 21
81.1201
  0
LINE
  8
0
 10
-23.2589
 20
81.1201
 11
-23.1354
 21
81.6471
  0
LINE
  8
0
 10
-23.1354
 20
81.6471
 11
-22.9116
 21
82.1411
  0
LINE
  8
0
 10
-22.9116
 20
82.1411
 11
-22.5967
 21
82.5807
  0
LINE
  8
0
 10
-22.5967
 20
82.5807
 11
-22.2018
 21
82.9506
  0
LINE
  8
0
 10
-22.2018
 20
82.9506
 11
-21.7409
 21
83.2376
  0
LINE
  8
0
 10
-21.7409
 20
83.2376
 11
-21.2341
 21
83.4278
  0
LINE
  8
0
 10
-21.2341
 20
83.4278
 11
-20.7007
 21
83.5154
  0
LINE
  8
0
 10
-20.7007
 20
83.5154
 11
-20.1579
 21
83.4985
  0
LINE
  8
0
 10
-20.1579
 20
83.4985
 11
-19.632
 21
83.3756
  0
LINE
  8
0
 10
-19.632
 20
83.3756
 11
-19.138
 21
83.1518
  0
LINE
  8
0
 10
-19.138
 20
83.1518
 11
-18.6973
 21
82.8364
  0
LINE
  8
0
 10
-18.6973
 20
82.8364
 11
-18.3274
 21
82.4415
  0
LINE
  8
0
 10
-18.3274
 20
82.4415
 11
-18.0415
 21
81.9805
  0
LINE
  8
0
 10
-18.0415
 20
81.9805
 11
-17.8513
 21
81.4743
  0
LINE
  8
0
 10
-17.8513
 20
81.4743
 11
-17.7626
 21
80.9409
  0
LINE
  8
0
 10
-17.7626
 20
80.9409
 11
-17.78
 21
80.3982
  0
LINE
  8
0
 10
-17.78
 20
80.3982
 11
-17.9035
 21
79.8723
  0
LINE
  8
0
 10
-17.9035
 20
79.8723
 11
-17.9389
 21
79.794
  0
LINE
  8
0
 10
-17.9389
 20
79.794
 11
-18.368
 21
79.8949
  0
LINE
  8
0
 10
-18.368
 20
79.8949
 11
-19.3172
 21
79.9256
  0
LINE
  8
0
 10
-19.3172
 20
79.9256
 11
-20.2548
 21
79.7708
  0
LINE
  8
0
 10
-20.2548
 20
79.7708
 11
-21.1431
 21
79.4362
  0
LINE
  8
0
 10
-21.1431
 20
79.4362
 11
-21.9496
 21
78.9352
  0
LINE
  8
0
 10
-21.9496
 20
78.9352
 11
-22.6431
 21
78.2847
  0
LINE
  8
0
 10
-22.6431
 20
78.2847
 11
-23.1968
 21
77.5135
  0
LINE
  8
0
 10
-23.1968
 20
77.5135
 11
-23.5876
 21
76.649
  0
LINE
  8
0
 10
-23.5876
 20
76.649
 11
-23.8045
 21
75.7235
  0
LINE
  8
0
 10
-23.8045
 20
75.7235
 11
-23.8352
 21
74.7749
  0
LINE
  8
0
 10
-23.8352
 20
74.7749
 11
-23.6798
 21
73.8379
  0
LINE
  8
0
 10
-23.6798
 20
73.8379
 11
-23.3459
 21
72.949
  0
LINE
  8
0
 10
-23.3459
 20
72.949
 11
-22.8443
 21
72.1425
  0
LINE
  8
0
 10
-22.8443
 20
72.1425
 11
-22.5422
 21
71.8201
  0
LINE
  8
0
 10
-22.5422
 20
71.8201
 11
-22.5921
 21
71.7511
  0
LINE
  8
0
 10
-22.5921
 20
71.7511
 11
-22.9864
 21
71.3817
  0
LINE
  8
0
 10
-22.9864
 20
71.3817
 11
-23.4473
 21
71.0953
  0
LINE
  8
0
 10
-23.4473
 20
71.0953
 11
-23.9541
 21
70.9045
  0
LINE
  8
0
 10
-23.9541
 20
70.9045
 11
-24.4875
 21
70.8164
  0
LINE
  8
0
 10
-24.4875
 20
70.8164
 11
-25.0297
 21
70.8332
  0
LINE
  8
0
 10
12.9703
 20
70.8332
 11
12.4438
 21
70.9567
  0
LINE
  8
0
 10
12.4438
 20
70.9567
 11
11.9498
 21
71.1805
  0
LINE
  8
0
 10
11.9498
 20
71.1805
 11
11.5097
 21
71.496
  0
LINE
  8
0
 10
11.5097
 20
71.496
 11
11.1398
 21
71.8908
  0
LINE
  8
0
 10
11.1398
 20
71.8908
 11
10.8533
 21
72.3518
  0
LINE
  8
0
 10
10.8533
 20
72.3518
 11
10.6631
 21
72.858
  0
LINE
  8
0
 10
10.6631
 20
72.858
 11
10.5744
 21
73.392
  0
LINE
  8
0
 10
10.5744
 20
73.392
 11
10.5918
 21
73.9342
  0
LINE
  8
0
 10
10.5918
 20
73.9342
 11
10.7153
 21
74.4601
  0
LINE
  8
0
 10
10.7153
 20
74.4601
 11
10.9386
 21
74.9541
  0
LINE
  8
0
 10
10.9386
 20
74.9541
 11
11.254
 21
75.3936
  0
LINE
  8
0
 10
11.254
 20
75.3936
 11
11.6489
 21
75.7641
  0
LINE
  8
0
 10
11.6489
 20
75.7641
 11
12.1093
 21
76.05
  0
LINE
  8
0
 10
12.1093
 20
76.05
 11
12.5865
 21
76.2292
  0
LINE
  8
0
 10
12.5865
 20
76.2292
 11
12.4386
 21
76.624
  0
LINE
  8
0
 10
12.4386
 20
76.624
 11
12.3505
 21
77.1586
  0
LINE
  8
0
 10
12.3505
 20
77.1586
 11
12.3673
 21
77.7002
  0
LINE
  8
0
 10
12.3673
 20
77.7002
 11
12.4908
 21
78.2261
  0
LINE
  8
0
 10
12.4908
 20
78.2261
 11
12.714
 21
78.7201
  0
LINE
  8
0
 10
12.714
 20
78.7201
 11
13.0294
 21
79.1596
  0
LINE
  8
0
 10
13.0294
 20
79.1596
 11
13.4243
 21
79.5302
  0
LINE
  8
0
 10
13.4243
 20
79.5302
 11
13.8847
 21
79.816
  0
LINE
  8
0
 10
13.8847
 20
79.816
 11
14.3921
 21
80.0074
  0
LINE
  8
0
 10
14.3921
 20
80.0074
 11
14.8078
 21
80.0758
  0
LINE
  8
0
 10
14.8078
 20
80.0758
 11
14.7243
 21
80.5785
  0
LINE
  8
0
 10
14.7243
 20
80.5785
 11
14.7411
 21
81.1201
  0
LINE
  8
0
 10
14.7411
 20
81.1201
 11
14.8646
 21
81.6471
  0
LINE
  8
0
 10
14.8646
 20
81.6471
 11
15.0884
 21
82.1411
  0
LINE
  8
0
 10
15.0884
 20
82.1411
 11
15.4033
 21
82.5807
  0
LINE
  8
0
 10
15.4033
 20
82.5807
 11
15.7982
 21
82.9506
  0
LINE
  8
0
 10
15.7982
 20
82.9506
 11
16.2591
 21
83.2376
  0
LINE
  8
0
 10
16.2591
 20
83.2376
 11
16.7659
 21
83.4278
  0
LINE
  8
0
 10
16.7659
 20
83.4278
 11
17.2993
 21
83.5154
  0
LINE
  8
0
 10
17.2993
 20
83.5154
 11
17.8421
 21
83.4985
  0
LINE
  8
0
 10
17.8421
 20
83.4985
 11
18.368
 21
83.3756
  0
LINE
  8
0
 10
18.368
 20
83.3756
 11
18.862
 21
83.1518
  0
LINE
  8
0
 10
18.862
 20
83.1518
 11
19.3027
 21
82.8364
  0
LINE
  8
0
 10
19.3027
 20
82.8364
 11
19.6726
 21
82.4415
  0
LINE
  8
0
 10
19.6726
 20
82.4415
 11
19.9585
 21
81.9805
  0
LINE
  8
0
 10
19.9585
 20
81.9805
 11
20.1487
 21
81.4743
  0
LINE
  8
0
 10
20.1487
 20
81.4743
 11
20.2374
 21
80.9409
  0
LINE
  8
0
 10
20.2374
 20
80.9409
 11
20.22
 21
80.3982
  0
LINE
  8
0
 10
20.22
 20
80.3982
 11
20.0965
 21
79.8723
  0
LINE
  8
0
 10
20.0965
 20
79.8723
 11
20.0611
 21
79.794
  0
LINE
  8
0
 10
20.0611
 20
79.794
 11
19.632
 21
79.8949
  0
LINE
  8
0
 10
19.632
 20
79.8949
 11
18.6828
 21
79.9256
  0
LINE
  8
0
 10
18.6828
 20
79.9256
 11
17.7452
 21
79.7708
  0
LINE
  8
0
 10
17.7452
 20
79.7708
 11
16.8569
 21
79.4362
  0
LINE
  8
0
 10
16.8569
 20
79.4362
 11
16.0504
 21
78.9352
  0
LINE
  8
0
 10
16.0504
 20
78.9352
 11
15.3569
 21
78.2847
  0
LINE
  8
0
 10
15.3569
 20
78.2847
 11
14.8032
 21
77.5135
  0
LINE
  8
0
 10
14.8032
 20
77.5135
 11
14.4124
 21
76.649
  0
LINE
  8
0
 10
14.4124
 20
76.649
 11
14.1955
 21
75.7235
  0
LINE
  8
0
 10
14.1955
 20
75.7235
 11
14.1648
 21
74.7749
  0
LINE
  8
0
 10
14.1648
 20
74.7749
 11
14.3202
 21
73.8379
  0
LINE
  8
0
 10
14.3202
 20
73.8379
 11
14.6541
 21
72.949
  0
LINE
  8
0
 10
14.6541
 20
72.949
 11
15.1557
 21
72.1425
  0
LINE
  8
0
 10
15.1557
 20
72.1425
 11
15.4578
 21
71.8201
  0
LINE
  8
0
 10
15.4578
 20
71.8201
 11
15.4079
 21
71.7511
  0
LINE
  8
0
 10
15.4079
 20
71.7511
 11
15.0136
 21
71.3817
  0
LINE
  8
0
 10
15.0136
 20
71.3817
 11
14.5527
 21
71.0953
  0
LINE
  8
0
 10
14.5527
 20
71.0953
 11
14.0459
 21
70.9045
  0
LINE
  8
0
 10
14.0459
 20
70.9045
 11
13.5125
 21
70.8164
  0
LINE
  8
0
 10
13.5125
 20
70.8164
 11
12.9703
 21
70.8332
  0
LINE
  8
0
 10
-33.0459
 20
70.904
 11
-33.5533
 21
71.0947
  0
LINE
  8
0
 10
-33.5533
 20
71.0947
 11
-34.0142
 21
71.3817
  0
LINE
  8
0
 10
-34.0142
 20
71.3817
 11
-34.4085
 21
71.7511
  0
LINE
  8
0
 10
-34.4085
 20
71.7511
 11
-34.4578
 21
71.8195
  0
LINE
  8
0
 10
-34.4578
 20
71.8195
 11
-34.1563
 21
72.1419
  0
LINE
  8
0
 10
-34.1563
 20
72.1419
 11
-33.6547
 21
72.9485
  0
LINE
  8
0
 10
-33.6547
 20
72.9485
 11
-33.3202
 21
73.8373
  0
LINE
  8
0
 10
-33.3202
 20
73.8373
 11
-33.1653
 21
74.7744
  0
LINE
  8
0
 10
-33.1653
 20
74.7744
 11
-33.1961
 21
75.723
  0
LINE
  8
0
 10
-33.1961
 20
75.723
 11
-33.4129
 21
76.6484
  0
LINE
  8
0
 10
-33.4129
 20
76.6484
 11
-33.8037
 21
77.5135
  0
LINE
  8
0
 10
-33.8037
 20
77.5135
 11
-34.3569
 21
78.2841
  0
LINE
  8
0
 10
-34.3569
 20
78.2841
 11
-35.0504
 21
78.9347
  0
LINE
  8
0
 10
-35.0504
 20
78.9347
 11
-35.8569
 21
79.4356
  0
LINE
  8
0
 10
-35.8569
 20
79.4356
 11
-36.4943
 21
79.6755
  0
LINE
  8
0
 10
-36.4943
 20
79.6755
 11
-35.3286
 21
83.2631
  0
LINE
  8
0
 10
-35.3286
 20
83.2631
 11
-35.2591
 21
83.237
  0
LINE
  8
0
 10
-35.2591
 20
83.237
 11
-34.7982
 21
82.95
  0
LINE
  8
0
 10
-34.7982
 20
82.95
 11
-34.4039
 21
82.5801
  0
LINE
  8
0
 10
-34.4039
 20
82.5801
 11
-34.0884
 21
82.1406
  0
LINE
  8
0
 10
-34.0884
 20
82.1406
 11
-33.8652
 21
81.6465
  0
LINE
  8
0
 10
-33.8652
 20
81.6465
 11
-33.7417
 21
81.1195
  0
LINE
  8
0
 10
-33.7417
 20
81.1195
 11
-33.7237
 21
80.5779
  0
LINE
  8
0
 10
-33.7237
 20
80.5779
 11
-33.8078
 21
80.0752
  0
LINE
  8
0
 10
-33.8078
 20
80.0752
 11
-33.3926
 21
80.0068
  0
LINE
  8
0
 10
-33.3926
 20
80.0068
 11
-32.8847
 21
79.8154
  0
LINE
  8
0
 10
-32.8847
 20
79.8154
 11
-32.4243
 21
79.5296
  0
LINE
  8
0
 10
-32.4243
 20
79.5296
 11
-32.0294
 21
79.1591
  0
LINE
  8
0
 10
-32.0294
 20
79.1591
 11
-31.7146
 21
78.7201
  0
LINE
  8
0
 10
-31.7146
 20
78.7201
 11
-31.4914
 21
78.2255
  0
LINE
  8
0
 10
-31.4914
 20
78.2255
 11
-31.3684
 21
77.6996
  0
LINE
  8
0
 10
-31.3684
 20
77.6996
 11
-31.3505
 21
77.1581
  0
LINE
  8
0
 10
-31.3505
 20
77.1581
 11
-31.4386
 21
76.6229
  0
LINE
  8
0
 10
-31.4386
 20
76.6229
 11
-31.587
 21
76.2286
  0
LINE
  8
0
 10
-31.587
 20
76.2286
 11
-31.1098
 21
76.0494
  0
LINE
  8
0
 10
-31.1098
 20
76.0494
 11
-30.6494
 21
75.7635
  0
LINE
  8
0
 10
-30.6494
 20
75.7635
 11
-30.254
 21
75.393
  0
LINE
  8
0
 10
-30.254
 20
75.393
 11
-29.9391
 21
74.9541
  0
LINE
  8
0
 10
-29.9391
 20
74.9541
 11
-29.7153
 21
74.4595
  0
LINE
  8
0
 10
-29.7153
 20
74.4595
 11
-29.593
 21
73.9342
  0
LINE
  8
0
 10
-29.593
 20
73.9342
 11
-29.5744
 21
73.3914
  0
LINE
  8
0
 10
-29.5744
 20
73.3914
 11
-29.6631
 21
72.8568
  0
LINE
  8
0
 10
-29.6631
 20
72.8568
 11
-29.8539
 21
72.3512
  0
LINE
  8
0
 10
-29.8539
 20
72.3512
 11
-30.1404
 21
71.8897
  0
LINE
  8
0
 10
-30.1404
 20
71.8897
 11
-30.5103
 21
71.4948
  0
LINE
  8
0
 10
-30.5103
 20
71.4948
 11
-30.9498
 21
71.18
  0
LINE
  8
0
 10
-30.9498
 20
71.18
 11
-31.4444
 21
70.9561
  0
LINE
  8
0
 10
-31.4444
 20
70.9561
 11
-31.9703
 21
70.8338
  0
LINE
  8
0
 10
-31.9703
 20
70.8338
 11
-32.513
 21
70.8158
  0
LINE
  8
0
 10
-32.513
 20
70.8158
 11
-33.0459
 21
70.904
  0
LINE
  8
0
 10
-30.2383
 20
77.085
 11
-30.2633
 21
77.8446
  0
LINE
  8
0
 10
-30.2633
 20
77.8446
 11
-30.4361
 21
78.5844
  0
LINE
  8
0
 10
-30.4361
 20
78.5844
 11
-30.7498
 21
79.2768
  0
LINE
  8
0
 10
-30.7498
 20
79.2768
 11
-31.1922
 21
79.8937
  0
LINE
  8
0
 10
-31.1922
 20
79.8937
 11
-31.7465
 21
80.4132
  0
LINE
  8
0
 10
-31.7465
 20
80.4132
 11
-32.3918
 21
80.8151
  0
LINE
  8
0
 10
-32.3918
 20
80.8151
 11
-32.4133
 21
80.8232
  0
LINE
  8
0
 10
-32.4133
 20
80.8232
 11
-32.0967
 21
81.0493
  0
LINE
  8
0
 10
-32.0967
 20
81.0493
 11
-31.7018
 21
81.2279
  0
LINE
  8
0
 10
-31.7018
 20
81.2279
 11
-31.2815
 21
81.3265
  0
LINE
  8
0
 10
-31.2815
 20
81.3265
 11
-30.8477
 21
81.3416
  0
LINE
  8
0
 10
-30.8477
 20
81.3416
 11
-30.4204
 21
81.2708
  0
LINE
  8
0
 10
-30.4204
 20
81.2708
 11
-30.0151
 21
81.1177
  0
LINE
  8
0
 10
-30.0151
 20
81.1177
 11
-29.6469
 21
80.8887
  0
LINE
  8
0
 10
-29.6469
 20
80.8887
 11
-29.3309
 21
80.593
  0
LINE
  8
0
 10
-29.3309
 20
80.593
 11
-29.0793
 21
80.2416
  0
LINE
  8
0
 10
-29.0793
 20
80.2416
 11
-28.9001
 21
79.8462
  0
LINE
  8
0
 10
-28.9001
 20
79.8462
 11
-28.8021
 21
79.4252
  0
LINE
  8
0
 10
-28.8021
 20
79.4252
 11
-28.7876
 21
78.9915
  0
LINE
  8
0
 10
-28.7876
 20
78.9915
 11
-28.8578
 21
78.5647
  0
LINE
  8
0
 10
-28.8578
 20
78.5647
 11
-29.0108
 21
78.1594
  0
LINE
  8
0
 10
-29.0108
 20
78.1594
 11
-29.2399
 21
77.7906
  0
LINE
  8
0
 10
-29.2399
 20
77.7906
 11
-29.5362
 21
77.4752
  0
LINE
  8
0
 10
-29.5362
 20
77.4752
 11
-29.8875
 21
77.2236
  0
LINE
  8
0
 10
-29.8875
 20
77.2236
 11
-30.2424
 21
77.063
  0
LINE
  8
0
 10
-30.2424
 20
77.063
 11
-30.2383
 21
77.085
  0
LINE
  8
0
 10
7.76166
 20
77.085
 11
7.73672
 21
77.8446
  0
LINE
  8
0
 10
7.73672
 20
77.8446
 11
7.56393
 21
78.5844
  0
LINE
  8
0
 10
7.56393
 20
78.5844
 11
7.25024
 21
79.2768
  0
LINE
  8
0
 10
7.25024
 20
79.2768
 11
6.80783
 21
79.8937
  0
LINE
  8
0
 10
6.80783
 20
79.8937
 11
6.25351
 21
80.4132
  0
LINE
  8
0
 10
6.25351
 20
80.4132
 11
5.60815
 21
80.8151
  0
LINE
  8
0
 10
5.60815
 20
80.8151
 11
5.5867
 21
80.8232
  0
LINE
  8
0
 10
5.5867
 20
80.8232
 11
5.90329
 21
81.0493
  0
LINE
  8
0
 10
5.90329
 20
81.0493
 11
6.29816
 21
81.2279
  0
LINE
  8
0
 10
6.29816
 20
81.2279
 11
6.71854
 21
81.3265
  0
LINE
  8
0
 10
6.71854
 20
81.3265
 11
7.15225
 21
81.3416
  0
LINE
  8
0
 10
7.15225
 20
81.3416
 11
7.57959
 21
81.2708
  0
LINE
  8
0
 10
7.57959
 20
81.2708
 11
7.98489
 21
81.1177
  0
LINE
  8
0
 10
7.98489
 20
81.1177
 11
8.35309
 21
80.8887
  0
LINE
  8
0
 10
8.35309
 20
80.8887
 11
8.6691
 21
80.593
  0
LINE
  8
0
 10
8.6691
 20
80.593
 11
8.92075
 21
80.2416
  0
LINE
  8
0
 10
8.92075
 20
80.2416
 11
9.09991
 21
79.8462
  0
LINE
  8
0
 10
9.09991
 20
79.8462
 11
9.19791
 21
79.4252
  0
LINE
  8
0
 10
9.19791
 20
79.4252
 11
9.2124
 21
78.9915
  0
LINE
  8
0
 10
9.2124
 20
78.9915
 11
9.14224
 21
78.5647
  0
LINE
  8
0
 10
9.14224
 20
78.5647
 11
8.98917
 21
78.1594
  0
LINE
  8
0
 10
8.98917
 20
78.1594
 11
8.76013
 21
77.7906
  0
LINE
  8
0
 10
8.76013
 20
77.7906
 11
8.46384
 21
77.4752
  0
LINE
  8
0
 10
8.46384
 20
77.4752
 11
8.11246
 21
77.2236
  0
LINE
  8
0
 10
8.11246
 20
77.2236
 11
7.7576
 21
77.063
  0
LINE
  8
0
 10
7.7576
 20
77.063
 11
7.76166
 21
77.085
  0
LINE
  8
0
 10
-27.113
 20
77.2242
 11
-27.4644
 21
77.4764
  0
LINE
  8
0
 10
-27.4644
 20
77.4764
 11
-27.7607
 21
77.7918
  0
LINE
  8
0
 10
-27.7607
 20
77.7918
 11
-27.9892
 21
78.16
  0
LINE
  8
0
 10
-27.9892
 20
78.16
 11
-28.1422
 21
78.5659
  0
LINE
  8
0
 10
-28.1422
 20
78.5659
 11
-28.2124
 21
78.9921
  0
LINE
  8
0
 10
-28.2124
 20
78.9921
 11
-28.1985
 21
79.4258
  0
LINE
  8
0
 10
-28.1985
 20
79.4258
 11
-28.0999
 21
79.8467
  0
LINE
  8
0
 10
-28.0999
 20
79.8467
 11
-27.9213
 21
80.2416
  0
LINE
  8
0
 10
-27.9213
 20
80.2416
 11
-27.6697
 21
80.593
  0
LINE
  8
0
 10
-27.6697
 20
80.593
 11
-27.3537
 21
80.8893
  0
LINE
  8
0
 10
-27.3537
 20
80.8893
 11
-26.9849
 21
81.1183
  0
LINE
  8
0
 10
-26.9849
 20
81.1183
 11
-26.5802
 21
81.2714
  0
LINE
  8
0
 10
-26.5802
 20
81.2714
 11
-26.1528
 21
81.341
  0
LINE
  8
0
 10
-26.1528
 20
81.341
 11
-25.7191
 21
81.3276
  0
LINE
  8
0
 10
-25.7191
 20
81.3276
 11
-25.2987
 21
81.2285
  0
LINE
  8
0
 10
-25.2987
 20
81.2285
 11
-24.9033
 21
81.0499
  0
LINE
  8
0
 10
-24.9033
 20
81.0499
 11
-24.5867
 21
80.8238
  0
LINE
  8
0
 10
-24.5867
 20
80.8238
 11
-24.6082
 21
80.8156
  0
LINE
  8
0
 10
-24.6082
 20
80.8156
 11
-25.2535
 21
80.4138
  0
LINE
  8
0
 10
-25.2535
 20
80.4138
 11
-25.8084
 21
79.8943
  0
LINE
  8
0
 10
-25.8084
 20
79.8943
 11
-26.2508
 21
79.2768
  0
LINE
  8
0
 10
-26.2508
 20
79.2768
 11
-26.5639
 21
78.585
  0
LINE
  8
0
 10
-26.5639
 20
78.585
 11
-26.7373
 21
77.8452
  0
LINE
  8
0
 10
-26.7373
 20
77.8452
 11
-26.7622
 21
77.0856
  0
LINE
  8
0
 10
-26.7622
 20
77.0856
 11
-26.7582
 21
77.063
  0
LINE
  8
0
 10
-26.7582
 20
77.063
 11
-27.113
 21
77.2242
  0
LINE
  8
0
 10
10.887
 20
77.2242
 11
10.5356
 21
77.4764
  0
LINE
  8
0
 10
10.5356
 20
77.4764
 11
10.2393
 21
77.7918
  0
LINE
  8
0
 10
10.2393
 20
77.7918
 11
10.0108
 21
78.16
  0
LINE
  8
0
 10
10.0108
 20
78.16
 11
9.85776
 21
78.5659
  0
LINE
  8
0
 10
9.85776
 20
78.5659
 11
9.7876
 21
78.9921
  0
LINE
  8
0
 10
9.7876
 20
78.9921
 11
9.80151
 21
79.4258
  0
LINE
  8
0
 10
9.80151
 20
79.4258
 11
9.90009
 21
79.8467
  0
LINE
  8
0
 10
9.90009
 20
79.8467
 11
10.0787
 21
80.2416
  0
LINE
  8
0
 10
10.0787
 20
80.2416
 11
10.3303
 21
80.593
  0
LINE
  8
0
 10
10.3303
 20
80.593
 11
10.6463
 21
80.8893
  0
LINE
  8
0
 10
10.6463
 20
80.8893
 11
11.0151
 21
81.1183
  0
LINE
  8
0
 10
11.0151
 20
81.1183
 11
11.4198
 21
81.2714
  0
LINE
  8
0
 10
11.4198
 20
81.2714
 11
11.8472
 21
81.341
  0
LINE
  8
0
 10
11.8472
 20
81.341
 11
12.2809
 21
81.3276
  0
LINE
  8
0
 10
12.2809
 20
81.3276
 11
12.7013
 21
81.2285
  0
LINE
  8
0
 10
12.7013
 20
81.2285
 11
13.0967
 21
81.0499
  0
LINE
  8
0
 10
13.0967
 20
81.0499
 11
13.4133
 21
80.8238
  0
LINE
  8
0
 10
13.4133
 20
80.8238
 11
13.3918
 21
80.8156
  0
LINE
  8
0
 10
13.3918
 20
80.8156
 11
12.7465
 21
80.4138
  0
LINE
  8
0
 10
12.7465
 20
80.4138
 11
12.1916
 21
79.8943
  0
LINE
  8
0
 10
12.1916
 20
79.8943
 11
11.7492
 21
79.2768
  0
LINE
  8
0
 10
11.7492
 20
79.2768
 11
11.4361
 21
78.585
  0
LINE
  8
0
 10
11.4361
 20
78.585
 11
11.2627
 21
77.8452
  0
LINE
  8
0
 10
11.2627
 20
77.8452
 11
11.2378
 21
77.0856
  0
LINE
  8
0
 10
11.2378
 20
77.0856
 11
11.2418
 21
77.063
  0
LINE
  8
0
 10
11.2418
 20
77.063
 11
10.887
 21
77.2242
  0
LINE
  8
0
 10
28.413
 20
77.6126
 11
28.1457
 21
78.3235
  0
LINE
  8
0
 10
28.1457
 20
78.3235
 11
27.7439
 21
78.9683
  0
LINE
  8
0
 10
27.7439
 20
78.9683
 11
27.5033
 21
79.2263
  0
LINE
  8
0
 10
27.5033
 20
79.2263
 11
27.5421
 21
79.2802
  0
LINE
  8
0
 10
27.5421
 20
79.2802
 11
27.8581
 21
79.576
  0
LINE
  8
0
 10
27.8581
 20
79.576
 11
28.2269
 21
79.8056
  0
LINE
  8
0
 10
28.2269
 20
79.8056
 11
28.5006
 21
79.9082
  0
LINE
  8
0
 10
28.5006
 20
79.9082
 11
28.7737
 21
79.8062
  0
LINE
  8
0
 10
28.7737
 20
79.8062
 11
29.1425
 21
79.5765
  0
LINE
  8
0
 10
29.1425
 20
79.5765
 11
29.4579
 21
79.2808
  0
LINE
  8
0
 10
29.4579
 20
79.2808
 11
29.4967
 21
79.2269
  0
LINE
  8
0
 10
29.4967
 20
79.2269
 11
29.2561
 21
78.9689
  0
LINE
  8
0
 10
29.2561
 20
78.9689
 11
28.8543
 21
78.3235
  0
LINE
  8
0
 10
28.8543
 20
78.3235
 11
28.587
 21
77.6132
  0
LINE
  8
0
 10
28.587
 20
77.6132
 11
28.5
 21
77.0902
  0
LINE
  8
0
 10
28.5
 20
77.0902
 11
28.413
 21
77.6126
  0
LINE
  8
0
 10
-9.58698
 20
77.6126
 11
-9.85428
 21
78.3235
  0
LINE
  8
0
 10
-9.85428
 20
78.3235
 11
-10.2561
 21
78.9683
  0
LINE
  8
0
 10
-10.2561
 20
78.9683
 11
-10.4967
 21
79.2263
  0
LINE
  8
0
 10
-10.4967
 20
79.2263
 11
-10.4579
 21
79.2802
  0
LINE
  8
0
 10
-10.4579
 20
79.2802
 11
-10.1419
 21
79.576
  0
LINE
  8
0
 10
-10.1419
 20
79.576
 11
-9.7731
 21
79.8056
  0
LINE
  8
0
 10
-9.7731
 20
79.8056
 11
-9.49942
 21
79.9082
  0
LINE
  8
0
 10
-9.49942
 20
79.9082
 11
-9.22632
 21
79.8062
  0
LINE
  8
0
 10
-9.22632
 20
79.8062
 11
-8.85754
 21
79.5765
  0
LINE
  8
0
 10
-8.85754
 20
79.5765
 11
-8.54211
 21
79.2808
  0
LINE
  8
0
 10
-8.54211
 20
79.2808
 11
-8.50327
 21
79.2269
  0
LINE
  8
0
 10
-8.50327
 20
79.2269
 11
-8.7439
 21
78.9689
  0
LINE
  8
0
 10
-8.7439
 20
78.9689
 11
-9.14572
 21
78.3235
  0
LINE
  8
0
 10
-9.14572
 20
78.3235
 11
-9.41302
 21
77.6132
  0
LINE
  8
0
 10
-9.41302
 20
77.6132
 11
-9.5
 21
77.0902
  0
LINE
  8
0
 10
-9.5
 20
77.0902
 11
-9.58698
 21
77.6126
  0
LINE
  8
0
 10
-2.23352
 20
66.7547
 11
-2.74088
 21
66.9449
  0
LINE
  8
0
 10
-2.74088
 20
66.9449
 11
-3.20184
 21
67.2319
  0
LINE
  8
0
 10
-3.20184
 20
67.2319
 11
-3.59613
 21
67.6018
  0
LINE
  8
0
 10
-3.59613
 20
67.6018
 11
-3.91156
 21
68.0413
  0
LINE
  8
0
 10
-3.91156
 20
68.0413
 11
-4.1348
 21
68.5353
  0
LINE
  8
0
 10
-4.1348
 20
68.5353
 11
-4.2583
 21
69.0624
  0
LINE
  8
0
 10
-4.2583
 20
69.0624
 11
-4.27628
 21
69.604
  0
LINE
  8
0
 10
-4.27628
 20
69.604
 11
-4.1922
 21
70.1067
  0
LINE
  8
0
 10
-4.1922
 20
70.1067
 11
-4.60736
 21
70.1751
  0
LINE
  8
0
 10
-4.60736
 20
70.1751
 11
-5.1153
 21
70.3665
  0
LINE
  8
0
 10
-5.1153
 20
70.3665
 11
-5.57568
 21
70.6523
  0
LINE
  8
0
 10
-5.57568
 20
70.6523
 11
-5.97055
 21
71.0228
  0
LINE
  8
0
 10
-5.97055
 20
71.0228
 11
-6.2854
 21
71.4618
  0
LINE
  8
0
 10
-6.2854
 20
71.4618
 11
-6.50864
 21
71.9564
  0
LINE
  8
0
 10
-6.50864
 20
71.9564
 11
-6.63156
 21
72.4823
  0
LINE
  8
0
 10
-6.63156
 20
72.4823
 11
-6.64954
 21
73.0238
  0
LINE
  8
0
 10
-6.64954
 20
73.0238
 11
-6.5614
 21
73.5584
  0
LINE
  8
0
 10
-6.5614
 20
73.5584
 11
-6.41296
 21
73.9533
  0
LINE
  8
0
 10
-6.41296
 20
73.9533
 11
-6.89017
 21
74.1325
  0
LINE
  8
0
 10
-6.89017
 20
74.1325
 11
-7.35056
 21
74.4183
  0
LINE
  8
0
 10
-7.35056
 20
74.4183
 11
-7.746
 21
74.7888
  0
LINE
  8
0
 10
-7.746
 20
74.7888
 11
-8.06085
 21
75.2278
  0
LINE
  8
0
 10
-8.06085
 20
75.2278
 11
-8.28467
 21
75.7224
  0
LINE
  8
0
 10
-8.28467
 20
75.7224
 11
-8.40701
 21
76.2477
  0
LINE
  8
0
 10
-8.40701
 20
76.2477
 11
-8.42557
 21
76.7904
  0
LINE
  8
0
 10
-8.42557
 20
76.7904
 11
-8.33685
 21
77.3245
  0
LINE
  8
0
 10
-8.33685
 20
77.3245
 11
-8.14609
 21
77.8307
  0
LINE
  8
0
 10
-8.14609
 20
77.8307
 11
-7.86023
 21
78.2916
  0
LINE
  8
0
 10
-7.86023
 20
78.2916
 11
-7.4903
 21
78.6865
  0
LINE
  8
0
 10
-7.4903
 20
78.6865
 11
-7.0502
 21
79.0019
  0
LINE
  8
0
 10
-7.0502
 20
79.0019
 11
-6.5556
 21
79.2257
  0
LINE
  8
0
 10
-6.5556
 20
79.2257
 11
-6.02969
 21
79.3481
  0
LINE
  8
0
 10
-6.02969
 20
79.3481
 11
-5.48697
 21
79.3661
  0
LINE
  8
0
 10
-5.48697
 20
79.3661
 11
-4.9541
 21
79.2779
  0
LINE
  8
0
 10
-4.9541
 20
79.2779
 11
-4.44675
 21
79.0872
  0
LINE
  8
0
 10
-4.44675
 20
79.0872
 11
-3.98578
 21
78.8001
  0
LINE
  8
0
 10
-3.98578
 20
78.8001
 11
-3.59149
 21
78.4308
  0
LINE
  8
0
 10
-3.59149
 20
78.4308
 11
-3.54221
 21
78.3624
  0
LINE
  8
0
 10
-3.54221
 20
78.3624
 11
-3.84372
 21
78.04
  0
LINE
  8
0
 10
-3.84372
 20
78.04
 11
-4.34528
 21
77.2334
  0
LINE
  8
0
 10
-4.34528
 20
77.2334
 11
-4.67984
 21
76.3445
  0
LINE
  8
0
 10
-4.67984
 20
76.3445
 11
-4.83466
 21
75.4075
  0
LINE
  8
0
 10
-4.83466
 20
75.4075
 11
-4.80392
 21
74.4589
  0
LINE
  8
0
 10
-4.80392
 20
74.4589
 11
-4.58707
 21
73.5335
  0
LINE
  8
0
 10
-4.58707
 20
73.5335
 11
-4.19626
 21
72.6684
  0
LINE
  8
0
 10
-4.19626
 20
72.6684
 11
-3.6431
 21
71.8978
  0
LINE
  8
0
 10
-3.6431
 20
71.8978
 11
-2.94962
 21
71.2472
  0
LINE
  8
0
 10
-2.94962
 20
71.2472
 11
-2.14307
 21
70.7462
  0
LINE
  8
0
 10
-2.14307
 20
70.7462
 11
-1.25418
 21
70.4117
  0
LINE
  8
0
 10
-1.25418
 20
70.4117
 11
-0.317169
 21
70.2569
  0
LINE
  8
0
 10
-0.317169
 20
70.2569
 11
0.631439
 21
70.2876
  0
LINE
  8
0
 10
0.631439
 20
70.2876
 11
1.0611
 21
70.3885
  0
LINE
  8
0
 10
1.0611
 20
70.3885
 11
1.09647
 21
70.3102
  0
LINE
  8
0
 10
1.09647
 20
70.3102
 11
1.21881
 21
69.7843
  0
LINE
  8
0
 10
1.21881
 20
69.7843
 11
1.23737
 21
69.2416
  0
LINE
  8
0
 10
1.23737
 20
69.2416
 11
1.14865
 21
68.7076
  0
LINE
  8
0
 10
1.14865
 20
68.7076
 11
0.957886
 21
68.2014
  0
LINE
  8
0
 10
0.957886
 20
68.2014
 11
0.672028
 21
67.7404
  0
LINE
  8
0
 10
0.672028
 20
67.7404
 11
0.301514
 21
67.3455
  0
LINE
  8
0
 10
0.301514
 20
67.3455
 11
-0.137421
 21
67.0307
  0
LINE
  8
0
 10
-0.137421
 20
67.0307
 11
-0.631439
 21
66.8069
  0
LINE
  8
0
 10
-0.631439
 20
66.8069
 11
-1.15735
 21
66.6845
  0
LINE
  8
0
 10
-1.15735
 20
66.6845
 11
-1.70065
 21
66.666
  0
LINE
  8
0
 10
-1.70065
 20
66.666
 11
-2.23352
 21
66.7547
  0
LINE
  8
0
 10
35.7665
 20
66.7547
 11
35.2591
 21
66.9449
  0
LINE
  8
0
 10
35.2591
 20
66.9449
 11
34.7982
 21
67.2319
  0
LINE
  8
0
 10
34.7982
 20
67.2319
 11
34.4039
 21
67.6018
  0
LINE
  8
0
 10
34.4039
 20
67.6018
 11
34.0884
 21
68.0413
  0
LINE
  8
0
 10
34.0884
 20
68.0413
 11
33.8652
 21
68.5353
  0
LINE
  8
0
 10
33.8652
 20
68.5353
 11
33.7417
 21
69.0624
  0
LINE
  8
0
 10
33.7417
 20
69.0624
 11
33.7237
 21
69.604
  0
LINE
  8
0
 10
33.7237
 20
69.604
 11
33.8078
 21
70.1067
  0
LINE
  8
0
 10
33.8078
 20
70.1067
 11
33.3926
 21
70.1751
  0
LINE
  8
0
 10
33.3926
 20
70.1751
 11
32.8847
 21
70.3665
  0
LINE
  8
0
 10
32.8847
 20
70.3665
 11
32.4243
 21
70.6523
  0
LINE
  8
0
 10
32.4243
 20
70.6523
 11
32.0294
 21
71.0228
  0
LINE
  8
0
 10
32.0294
 20
71.0228
 11
31.7146
 21
71.4618
  0
LINE
  8
0
 10
31.7146
 20
71.4618
 11
31.4914
 21
71.9564
  0
LINE
  8
0
 10
31.4914
 20
71.9564
 11
31.3684
 21
72.4823
  0
LINE
  8
0
 10
31.3684
 20
72.4823
 11
31.3505
 21
73.0238
  0
LINE
  8
0
 10
31.3505
 20
73.0238
 11
31.4386
 21
73.5584
  0
LINE
  8
0
 10
31.4386
 20
73.5584
 11
31.587
 21
73.9533
  0
LINE
  8
0
 10
31.587
 20
73.9533
 11
31.1098
 21
74.1325
  0
LINE
  8
0
 10
31.1098
 20
74.1325
 11
30.6494
 21
74.4183
  0
LINE
  8
0
 10
30.6494
 20
74.4183
 11
30.254
 21
74.7888
  0
LINE
  8
0
 10
30.254
 20
74.7888
 11
29.9391
 21
75.2278
  0
LINE
  8
0
 10
29.9391
 20
75.2278
 11
29.7153
 21
75.7224
  0
LINE
  8
0
 10
29.7153
 20
75.7224
 11
29.593
 21
76.2477
  0
LINE
  8
0
 10
29.593
 20
76.2477
 11
29.5744
 21
76.7904
  0
LINE
  8
0
 10
29.5744
 20
76.7904
 11
29.6631
 21
77.3245
  0
LINE
  8
0
 10
29.6631
 20
77.3245
 11
29.8539
 21
77.8307
  0
LINE
  8
0
 10
29.8539
 20
77.8307
 11
30.1398
 21
78.2916
  0
LINE
  8
0
 10
30.1398
 20
78.2916
 11
30.5097
 21
78.6865
  0
LINE
  8
0
 10
30.5097
 20
78.6865
 11
30.9498
 21
79.0019
  0
LINE
  8
0
 10
30.9498
 20
79.0019
 11
31.4444
 21
79.2257
  0
LINE
  8
0
 10
31.4444
 20
79.2257
 11
31.9703
 21
79.3481
  0
LINE
  8
0
 10
31.9703
 20
79.3481
 11
32.513
 21
79.3661
  0
LINE
  8
0
 10
32.513
 20
79.3661
 11
33.0459
 21
79.2779
  0
LINE
  8
0
 10
33.0459
 20
79.2779
 11
33.5533
 21
79.0872
  0
LINE
  8
0
 10
33.5533
 20
79.0872
 11
34.0142
 21
78.8001
  0
LINE
  8
0
 10
34.0142
 20
78.8001
 11
34.4085
 21
78.4308
  0
LINE
  8
0
 10
34.4085
 20
78.4308
 11
34.4578
 21
78.3624
  0
LINE
  8
0
 10
34.4578
 20
78.3624
 11
34.1563
 21
78.04
  0
LINE
  8
0
 10
34.1563
 20
78.04
 11
33.6547
 21
77.2334
  0
LINE
  8
0
 10
33.6547
 20
77.2334
 11
33.3202
 21
76.3445
  0
LINE
  8
0
 10
33.3202
 20
76.3445
 11
33.1653
 21
75.4075
  0
LINE
  8
0
 10
33.1653
 20
75.4075
 11
33.1961
 21
74.4589
  0
LINE
  8
0
 10
33.1961
 20
74.4589
 11
33.4129
 21
73.5335
  0
LINE
  8
0
 10
33.4129
 20
73.5335
 11
33.8037
 21
72.6684
  0
LINE
  8
0
 10
33.8037
 20
72.6684
 11
34.3569
 21
71.8978
  0
LINE
  8
0
 10
34.3569
 20
71.8978
 11
35.0504
 21
71.2472
  0
LINE
  8
0
 10
35.0504
 20
71.2472
 11
35.8569
 21
70.7462
  0
LINE
  8
0
 10
35.8569
 20
70.7462
 11
36.7458
 21
70.4117
  0
LINE
  8
0
 10
36.7458
 20
70.4117
 11
37.6828
 21
70.2569
  0
LINE
  8
0
 10
37.6828
 20
70.2569
 11
38.6314
 21
70.2876
  0
LINE
  8
0
 10
38.6314
 20
70.2876
 11
39.0611
 21
70.3885
  0
LINE
  8
0
 10
39.0611
 20
70.3885
 11
39.0965
 21
70.3102
  0
LINE
  8
0
 10
39.0965
 20
70.3102
 11
39.2188
 21
69.7843
  0
LINE
  8
0
 10
39.2188
 20
69.7843
 11
39.2374
 21
69.2416
  0
LINE
  8
0
 10
39.2374
 20
69.2416
 11
39.1487
 21
68.7076
  0
LINE
  8
0
 10
39.1487
 20
68.7076
 11
38.9579
 21
68.2014
  0
LINE
  8
0
 10
38.9579
 20
68.2014
 11
38.672
 21
67.7404
  0
LINE
  8
0
 10
38.672
 20
67.7404
 11
38.3015
 21
67.3455
  0
LINE
  8
0
 10
38.3015
 20
67.3455
 11
37.8626
 21
67.0307
  0
LINE
  8
0
 10
37.8626
 20
67.0307
 11
37.3686
 21
66.8069
  0
LINE
  8
0
 10
37.3686
 20
66.8069
 11
36.8427
 21
66.6845
  0
LINE
  8
0
 10
36.8427
 20
66.6845
 11
36.2993
 21
66.666
  0
LINE
  8
0
 10
36.2993
 20
66.666
 11
35.7665
 21
66.7547
  0
LINE
  8
0
 10
-17.8421
 20
66.6833
 11
-18.368
 21
66.8063
  0
LINE
  8
0
 10
-18.368
 20
66.8063
 11
-18.862
 21
67.0301
  0
LINE
  8
0
 10
-18.862
 20
67.0301
 11
-19.3027
 21
67.3455
  0
LINE
  8
0
 10
-19.3027
 20
67.3455
 11
-19.6726
 21
67.7404
  0
LINE
  8
0
 10
-19.6726
 20
67.7404
 11
-19.9585
 21
68.2014
  0
LINE
  8
0
 10
-19.9585
 20
68.2014
 11
-20.1487
 21
68.7076
  0
LINE
  8
0
 10
-20.1487
 20
68.7076
 11
-20.2374
 21
69.241
  0
LINE
  8
0
 10
-20.2374
 20
69.241
 11
-20.22
 21
69.7837
  0
LINE
  8
0
 10
-20.22
 20
69.7837
 11
-20.0965
 21
70.3096
  0
LINE
  8
0
 10
-20.0965
 20
70.3096
 11
-20.0611
 21
70.3879
  0
LINE
  8
0
 10
-20.0611
 20
70.3879
 11
-19.632
 21
70.287
  0
LINE
  8
0
 10
-19.632
 20
70.287
 11
-18.6828
 21
70.2563
  0
LINE
  8
0
 10
-18.6828
 20
70.2563
 11
-17.7452
 21
70.4111
  0
LINE
  8
0
 10
-17.7452
 20
70.4111
 11
-16.8569
 21
70.7457
  0
LINE
  8
0
 10
-16.8569
 20
70.7457
 11
-16.0504
 21
71.2466
  0
LINE
  8
0
 10
-16.0504
 20
71.2466
 11
-15.3569
 21
71.8972
  0
LINE
  8
0
 10
-15.3569
 20
71.8972
 11
-14.8032
 21
72.6684
  0
LINE
  8
0
 10
-14.8032
 20
72.6684
 11
-14.4124
 21
73.5329
  0
LINE
  8
0
 10
-14.4124
 20
73.5329
 11
-14.1955
 21
74.4583
  0
LINE
  8
0
 10
-14.1955
 20
74.4583
 11
-14.1648
 21
75.407
  0
LINE
  8
0
 10
-14.1648
 20
75.407
 11
-14.3202
 21
76.344
  0
LINE
  8
0
 10
-14.3202
 20
76.344
 11
-14.6541
 21
77.2328
  0
LINE
  8
0
 10
-14.6541
 20
77.2328
 11
-15.1557
 21
78.0394
  0
LINE
  8
0
 10
-15.1557
 20
78.0394
 11
-15.4578
 21
78.3618
  0
LINE
  8
0
 10
-15.4578
 20
78.3618
 11
-15.4085
 21
78.4302
  0
LINE
  8
0
 10
-15.4085
 20
78.4302
 11
-15.0136
 21
78.8001
  0
LINE
  8
0
 10
-15.0136
 20
78.8001
 11
-14.5527
 21
79.0866
  0
LINE
  8
0
 10
-14.5527
 20
79.0866
 11
-14.0459
 21
79.2773
  0
LINE
  8
0
 10
-14.0459
 20
79.2773
 11
-13.5125
 21
79.3649
  0
LINE
  8
0
 10
-13.5125
 20
79.3649
 11
-12.9703
 21
79.3487
  0
LINE
  8
0
 10
-12.9703
 20
79.3487
 11
-12.4438
 21
79.2252
  0
LINE
  8
0
 10
-12.4438
 20
79.2252
 11
-11.9498
 21
79.0013
  0
LINE
  8
0
 10
-11.9498
 20
79.0013
 11
-11.5097
 21
78.6859
  0
LINE
  8
0
 10
-11.5097
 20
78.6859
 11
-11.1398
 21
78.291
  0
LINE
  8
0
 10
-11.1398
 20
78.291
 11
-10.8533
 21
77.8301
  0
LINE
  8
0
 10
-10.8533
 20
77.8301
 11
-10.6631
 21
77.3239
  0
LINE
  8
0
 10
-10.6631
 20
77.3239
 11
-10.5744
 21
76.7899
  0
LINE
  8
0
 10
-10.5744
 20
76.7899
 11
-10.5918
 21
76.2477
  0
LINE
  8
0
 10
-10.5918
 20
76.2477
 11
-10.7153
 21
75.7218
  0
LINE
  8
0
 10
-10.7153
 20
75.7218
 11
-10.9386
 21
75.2278
  0
LINE
  8
0
 10
-10.9386
 20
75.2278
 11
-11.2546
 21
74.7877
  0
LINE
  8
0
 10
-11.2546
 20
74.7877
 11
-11.6489
 21
74.4178
  0
LINE
  8
0
 10
-11.6489
 20
74.4178
 11
-12.1093
 21
74.1319
  0
LINE
  8
0
 10
-12.1093
 20
74.1319
 11
-12.5865
 21
73.9527
  0
LINE
  8
0
 10
-12.5865
 20
73.9527
 11
-12.4386
 21
73.5579
  0
LINE
  8
0
 10
-12.4386
 20
73.5579
 11
-12.3505
 21
73.0233
  0
LINE
  8
0
 10
-12.3505
 20
73.0233
 11
-12.3673
 21
72.4817
  0
LINE
  8
0
 10
-12.3673
 20
72.4817
 11
-12.4908
 21
71.9558
  0
LINE
  8
0
 10
-12.4908
 20
71.9558
 11
-12.714
 21
71.4618
  0
LINE
  8
0
 10
-12.714
 20
71.4618
 11
-13.03
 21
71.0217
  0
LINE
  8
0
 10
-13.03
 20
71.0217
 11
-13.4243
 21
70.6517
  0
LINE
  8
0
 10
-13.4243
 20
70.6517
 11
-13.8847
 21
70.3659
  0
LINE
  8
0
 10
-13.8847
 20
70.3659
 11
-14.3921
 21
70.1745
  0
LINE
  8
0
 10
-14.3921
 20
70.1745
 11
-14.8078
 21
70.1061
  0
LINE
  8
0
 10
-14.8078
 20
70.1061
 11
-14.7243
 21
69.6034
  0
LINE
  8
0
 10
-14.7243
 20
69.6034
 11
-14.7411
 21
69.0618
  0
LINE
  8
0
 10
-14.7411
 20
69.0618
 11
-14.8646
 21
68.5348
  0
LINE
  8
0
 10
-14.8646
 20
68.5348
 11
-15.0884
 21
68.0407
  0
LINE
  8
0
 10
-15.0884
 20
68.0407
 11
-15.4039
 21
67.6006
  0
LINE
  8
0
 10
-15.4039
 20
67.6006
 11
-15.7982
 21
67.2313
  0
LINE
  8
0
 10
-15.7982
 20
67.2313
 11
-16.2591
 21
66.9443
  0
LINE
  8
0
 10
-16.2591
 20
66.9443
 11
-16.7659
 21
66.7541
  0
LINE
  8
0
 10
-16.7659
 20
66.7541
 11
-17.2993
 21
66.666
  0
LINE
  8
0
 10
-17.2993
 20
66.666
 11
-17.8421
 21
66.6833
  0
LINE
  8
0
 10
20.1579
 20
66.6833
 11
19.632
 21
66.8063
  0
LINE
  8
0
 10
19.632
 20
66.8063
 11
19.138
 21
67.0301
  0
LINE
  8
0
 10
19.138
 20
67.0301
 11
18.6973
 21
67.3455
  0
LINE
  8
0
 10
18.6973
 20
67.3455
 11
18.3274
 21
67.7404
  0
LINE
  8
0
 10
18.3274
 20
67.7404
 11
18.0415
 21
68.2014
  0
LINE
  8
0
 10
18.0415
 20
68.2014
 11
17.8513
 21
68.7076
  0
LINE
  8
0
 10
17.8513
 20
68.7076
 11
17.7626
 21
69.241
  0
LINE
  8
0
 10
17.7626
 20
69.241
 11
17.78
 21
69.7837
  0
LINE
  8
0
 10
17.78
 20
69.7837
 11
17.9035
 21
70.3096
  0
LINE
  8
0
 10
17.9035
 20
70.3096
 11
17.9389
 21
70.3879
  0
LINE
  8
0
 10
17.9389
 20
70.3879
 11
18.368
 21
70.287
  0
LINE
  8
0
 10
18.368
 20
70.287
 11
19.3172
 21
70.2563
  0
LINE
  8
0
 10
19.3172
 20
70.2563
 11
20.2548
 21
70.4111
  0
LINE
  8
0
 10
20.2548
 20
70.4111
 11
21.1431
 21
70.7457
  0
LINE
  8
0
 10
21.1431
 20
70.7457
 11
21.9496
 21
71.2466
  0
LINE
  8
0
 10
21.9496
 20
71.2466
 11
22.6431
 21
71.8972
  0
LINE
  8
0
 10
22.6431
 20
71.8972
 11
23.1968
 21
72.6684
  0
LINE
  8
0
 10
23.1968
 20
72.6684
 11
23.5876
 21
73.5329
  0
LINE
  8
0
 10
23.5876
 20
73.5329
 11
23.8045
 21
74.4583
  0
LINE
  8
0
 10
23.8045
 20
74.4583
 11
23.8352
 21
75.407
  0
LINE
  8
0
 10
23.8352
 20
75.407
 11
23.6798
 21
76.344
  0
LINE
  8
0
 10
23.6798
 20
76.344
 11
23.3459
 21
77.2328
  0
LINE
  8
0
 10
23.3459
 20
77.2328
 11
22.8443
 21
78.0394
  0
LINE
  8
0
 10
22.8443
 20
78.0394
 11
22.5422
 21
78.3618
  0
LINE
  8
0
 10
22.5422
 20
78.3618
 11
22.5915
 21
78.4302
  0
LINE
  8
0
 10
22.5915
 20
78.4302
 11
22.9864
 21
78.8001
  0
LINE
  8
0
 10
22.9864
 20
78.8001
 11
23.4473
 21
79.0866
  0
LINE
  8
0
 10
23.4473
 20
79.0866
 11
23.9541
 21
79.2773
  0
LINE
  8
0
 10
23.9541
 20
79.2773
 11
24.4875
 21
79.3649
  0
LINE
  8
0
 10
24.4875
 20
79.3649
 11
25.0297
 21
79.3487
  0
LINE
  8
0
 10
25.0297
 20
79.3487
 11
25.5562
 21
79.2252
  0
LINE
  8
0
 10
25.5562
 20
79.2252
 11
26.0502
 21
79.0013
  0
LINE
  8
0
 10
26.0502
 20
79.0013
 11
26.4903
 21
78.6859
  0
LINE
  8
0
 10
26.4903
 20
78.6859
 11
26.8602
 21
78.291
  0
LINE
  8
0
 10
26.8602
 20
78.291
 11
27.1467
 21
77.8301
  0
LINE
  8
0
 10
27.1467
 20
77.8301
 11
27.3369
 21
77.3239
  0
LINE
  8
0
 10
27.3369
 20
77.3239
 11
27.4256
 21
76.7899
  0
LINE
  8
0
 10
27.4256
 20
76.7899
 11
27.4082
 21
76.2477
  0
LINE
  8
0
 10
27.4082
 20
76.2477
 11
27.2847
 21
75.7218
  0
LINE
  8
0
 10
27.2847
 20
75.7218
 11
27.0614
 21
75.2278
  0
LINE
  8
0
 10
27.0614
 20
75.2278
 11
26.7454
 21
74.7877
  0
LINE
  8
0
 10
26.7454
 20
74.7877
 11
26.3511
 21
74.4178
  0
LINE
  8
0
 10
26.3511
 20
74.4178
 11
25.8907
 21
74.1319
  0
LINE
  8
0
 10
25.8907
 20
74.1319
 11
25.4135
 21
73.9527
  0
LINE
  8
0
 10
25.4135
 20
73.9527
 11
25.5614
 21
73.5579
  0
LINE
  8
0
 10
25.5614
 20
73.5579
 11
25.6495
 21
73.0233
  0
LINE
  8
0
 10
25.6495
 20
73.0233
 11
25.6327
 21
72.4817
  0
LINE
  8
0
 10
25.6327
 20
72.4817
 11
25.5092
 21
71.9558
  0
LINE
  8
0
 10
25.5092
 20
71.9558
 11
25.286
 21
71.4618
  0
LINE
  8
0
 10
25.286
 20
71.4618
 11
24.97
 21
71.0217
  0
LINE
  8
0
 10
24.97
 20
71.0217
 11
24.5757
 21
70.6517
  0
LINE
  8
0
 10
24.5757
 20
70.6517
 11
24.1153
 21
70.3659
  0
LINE
  8
0
 10
24.1153
 20
70.3659
 11
23.6079
 21
70.1745
  0
LINE
  8
0
 10
23.6079
 20
70.1745
 11
23.1922
 21
70.1061
  0
LINE
  8
0
 10
23.1922
 20
70.1061
 11
23.2757
 21
69.6034
  0
LINE
  8
0
 10
23.2757
 20
69.6034
 11
23.2589
 21
69.0618
  0
LINE
  8
0
 10
23.2589
 20
69.0618
 11
23.1354
 21
68.5348
  0
LINE
  8
0
 10
23.1354
 20
68.5348
 11
22.9116
 21
68.0407
  0
LINE
  8
0
 10
22.9116
 20
68.0407
 11
22.5961
 21
67.6006
  0
LINE
  8
0
 10
22.5961
 20
67.6006
 11
22.2018
 21
67.2313
  0
LINE
  8
0
 10
22.2018
 20
67.2313
 11
21.7409
 21
66.9443
  0
LINE
  8
0
 10
21.7409
 20
66.9443
 11
21.2341
 21
66.7541
  0
LINE
  8
0
 10
21.2341
 20
66.7541
 11
20.7007
 21
66.666
  0
LINE
  8
0
 10
20.7007
 20
66.666
 11
20.1579
 21
66.6833
  0
LINE
  8
0
 10
-19.4511
 20
71.6664
 11
-20.1092
 21
71.8201
  0
LINE
  8
0
 10
-20.1092
 20
71.8201
 11
-20.7244
 21
72.0984
  0
LINE
  8
0
 10
-20.7244
 20
72.0984
 11
-21.2782
 21
72.495
  0
LINE
  8
0
 10
-21.2782
 20
72.495
 11
-21.7403
 21
72.989
  0
LINE
  8
0
 10
-21.7403
 20
72.989
 11
-22.0981
 21
73.5637
  0
LINE
  8
0
 10
-22.0981
 20
73.5637
 11
-22.3369
 21
74.1986
  0
LINE
  8
0
 10
-22.3369
 20
74.1986
 11
-22.4465
 21
74.866
  0
LINE
  8
0
 10
-22.4465
 20
74.866
 11
-22.4251
 21
75.5426
  0
LINE
  8
0
 10
-22.4251
 20
75.5426
 11
-22.2708
 21
76.2013
  0
LINE
  8
0
 10
-22.2708
 20
76.2013
 11
-21.9919
 21
76.8183
  0
LINE
  8
0
 10
-21.9919
 20
76.8183
 11
-21.5977
 21
77.3674
  0
LINE
  8
0
 10
-21.5977
 20
77.3674
 11
-21.1036
 21
77.8307
  0
LINE
  8
0
 10
-21.1036
 20
77.8307
 11
-20.5284
 21
78.1884
  0
LINE
  8
0
 10
-20.5284
 20
78.1884
 11
-19.8947
 21
78.4279
  0
LINE
  8
0
 10
-19.8947
 20
78.4279
 11
-19.2261
 21
78.5375
  0
LINE
  8
0
 10
-19.2261
 20
78.5375
 11
-18.5489
 21
78.5154
  0
LINE
  8
0
 10
-18.5489
 20
78.5154
 11
-17.8908
 21
78.3618
  0
LINE
  8
0
 10
-17.8908
 20
78.3618
 11
-17.2756
 21
78.0835
  0
LINE
  8
0
 10
-17.2756
 20
78.0835
 11
-16.7218
 21
77.6869
  0
LINE
  8
0
 10
-16.7218
 20
77.6869
 11
-16.2597
 21
77.1928
  0
LINE
  8
0
 10
-16.2597
 20
77.1928
 11
-15.9019
 21
76.6182
  0
LINE
  8
0
 10
-15.9019
 20
76.6182
 11
-15.6631
 21
75.9833
  0
LINE
  8
0
 10
-15.6631
 20
75.9833
 11
-15.5535
 21
75.3159
  0
LINE
  8
0
 10
-15.5535
 20
75.3159
 11
-15.5749
 21
74.6393
  0
LINE
  8
0
 10
-15.5749
 20
74.6393
 11
-15.7292
 21
73.9806
  0
LINE
  8
0
 10
-15.7292
 20
73.9806
 11
-16.0081
 21
73.3636
  0
LINE
  8
0
 10
-16.0081
 20
73.3636
 11
-16.4029
 21
72.8139
  0
LINE
  8
0
 10
-16.4029
 20
72.8139
 11
-16.8964
 21
72.3512
  0
LINE
  8
0
 10
-16.8964
 20
72.3512
 11
-17.4716
 21
71.9935
  0
LINE
  8
0
 10
-17.4716
 20
71.9935
 11
-18.1053
 21
71.754
  0
LINE
  8
0
 10
-18.1053
 20
71.754
 11
-18.7739
 21
71.6444
  0
LINE
  8
0
 10
-18.7739
 20
71.6444
 11
-19.4511
 21
71.6664
  0
LINE
  8
0
 10
18.5489
 20
71.6664
 11
17.8908
 21
71.8201
  0
LINE
  8
0
 10
17.8908
 20
71.8201
 11
17.2756
 21
72.0984
  0
LINE
  8
0
 10
17.2756
 20
72.0984
 11
16.7218
 21
72.495
  0
LINE
  8
0
 10
16.7218
 20
72.495
 11
16.2597
 21
72.989
  0
LINE
  8
0
 10
16.2597
 20
72.989
 11
15.9019
 21
73.5637
  0
LINE
  8
0
 10
15.9019
 20
73.5637
 11
15.6631
 21
74.1986
  0
LINE
  8
0
 10
15.6631
 20
74.1986
 11
15.5535
 21
74.866
  0
LINE
  8
0
 10
15.5535
 20
74.866
 11
15.5749
 21
75.5426
  0
LINE
  8
0
 10
15.5749
 20
75.5426
 11
15.7292
 21
76.2013
  0
LINE
  8
0
 10
15.7292
 20
76.2013
 11
16.0081
 21
76.8183
  0
LINE
  8
0
 10
16.0081
 20
76.8183
 11
16.4023
 21
77.3674
  0
LINE
  8
0
 10
16.4023
 20
77.3674
 11
16.8964
 21
77.8307
  0
LINE
  8
0
 10
16.8964
 20
77.8307
 11
17.4716
 21
78.1884
  0
LINE
  8
0
 10
17.4716
 20
78.1884
 11
18.1053
 21
78.4279
  0
LINE
  8
0
 10
18.1053
 20
78.4279
 11
18.7739
 21
78.5375
  0
LINE
  8
0
 10
18.7739
 20
78.5375
 11
19.4511
 21
78.5154
  0
LINE
  8
0
 10
19.4511
 20
78.5154
 11
20.1092
 21
78.3618
  0
LINE
  8
0
 10
20.1092
 20
78.3618
 11
20.7244
 21
78.0835
  0
LINE
  8
0
 10
20.7244
 20
78.0835
 11
21.2782
 21
77.6869
  0
LINE
  8
0
 10
21.2782
 20
77.6869
 11
21.7403
 21
77.1928
  0
LINE
  8
0
 10
21.7403
 20
77.1928
 11
22.0981
 21
76.6182
  0
LINE
  8
0
 10
22.0981
 20
76.6182
 11
22.3369
 21
75.9833
  0
LINE
  8
0
 10
22.3369
 20
75.9833
 11
22.4465
 21
75.3159
  0
LINE
  8
0
 10
22.4465
 20
75.3159
 11
22.4251
 21
74.6393
  0
LINE
  8
0
 10
22.4251
 20
74.6393
 11
22.2708
 21
73.9806
  0
LINE
  8
0
 10
22.2708
 20
73.9806
 11
21.9919
 21
73.3636
  0
LINE
  8
0
 10
21.9919
 20
73.3636
 11
21.5971
 21
72.8139
  0
LINE
  8
0
 10
21.5971
 20
72.8139
 11
21.1036
 21
72.3512
  0
LINE
  8
0
 10
21.1036
 20
72.3512
 11
20.5284
 21
71.9935
  0
LINE
  8
0
 10
20.5284
 20
71.9935
 11
19.8947
 21
71.754
  0
LINE
  8
0
 10
19.8947
 20
71.754
 11
19.2261
 21
71.6444
  0
LINE
  8
0
 10
19.2261
 20
71.6444
 11
18.5489
 21
71.6664
  0
LINE
  8
0
 10
-0.894104
 20
71.7546
 11
-1.52786
 21
71.994
  0
LINE
  8
0
 10
-1.52786
 20
71.994
 11
-2.10364
 21
72.3518
  0
LINE
  8
0
 10
-2.10364
 20
72.3518
 11
-2.59766
 21
72.8145
  0
LINE
  8
0
 10
-2.59766
 20
72.8145
 11
-2.99136
 21
73.3636
  0
LINE
  8
0
 10
-2.99136
 20
73.3636
 11
-3.27026
 21
73.9811
  0
LINE
  8
0
 10
-3.27026
 20
73.9811
 11
-3.42392
 21
74.6398
  0
LINE
  8
0
 10
-3.42392
 20
74.6398
 11
-3.44711
 21
75.3165
  0
LINE
  8
0
 10
-3.44711
 20
75.3165
 11
-3.33694
 21
75.9839
  0
LINE
  8
0
 10
-3.33694
 20
75.9839
 11
-3.09747
 21
76.6182
  0
LINE
  8
0
 10
-3.09747
 20
76.6182
 11
-2.7403
 21
77.1934
  0
LINE
  8
0
 10
-2.7403
 20
77.1934
 11
-2.27759
 21
77.6874
  0
LINE
  8
0
 10
-2.27759
 20
77.6874
 11
-1.72733
 21
78.0817
  0
LINE
  8
0
 10
-1.72733
 20
78.0817
 11
-1.10864
 21
78.3612
  0
LINE
  8
0
 10
-1.10864
 20
78.3612
 11
-0.451111
 21
78.5149
  0
LINE
  8
0
 10
-0.451111
 20
78.5149
 11
0.226135
 21
78.5375
  0
LINE
  8
0
 10
0.226135
 20
78.5375
 11
0.894104
 21
78.4273
  0
LINE
  8
0
 10
0.894104
 20
78.4273
 11
1.52786
 21
78.1878
  0
LINE
  8
0
 10
1.52786
 20
78.1878
 11
2.10364
 21
77.8301
  0
LINE
  8
0
 10
2.10364
 20
77.8301
 11
2.59766
 21
77.3674
  0
LINE
  8
0
 10
2.59766
 20
77.3674
 11
2.99136
 21
76.8183
  0
LINE
  8
0
 10
2.99136
 20
76.8183
 11
3.27026
 21
76.2007
  0
LINE
  8
0
 10
3.27026
 20
76.2007
 11
3.42392
 21
75.5421
  0
LINE
  8
0
 10
3.42392
 20
75.5421
 11
3.44711
 21
74.8654
  0
LINE
  8
0
 10
3.44711
 20
74.8654
 11
3.33694
 21
74.1974
  0
LINE
  8
0
 10
3.33694
 20
74.1974
 11
3.09747
 21
73.5637
  0
LINE
  8
0
 10
3.09747
 20
73.5637
 11
2.73972
 21
72.9879
  0
LINE
  8
0
 10
2.73972
 20
72.9879
 11
2.27701
 21
72.4939
  0
LINE
  8
0
 10
2.27701
 20
72.4939
 11
1.72733
 21
72.1002
  0
LINE
  8
0
 10
1.72733
 20
72.1002
 11
1.10864
 21
71.8207
  0
LINE
  8
0
 10
1.10864
 20
71.8207
 11
0.451111
 21
71.667
  0
LINE
  8
0
 10
0.451111
 20
71.667
 11
-0.226135
 21
71.6444
  0
LINE
  8
0
 10
-0.226135
 20
71.6444
 11
-0.894104
 21
71.7546
  0
LINE
  8
0
 10
37.1059
 20
71.7546
 11
36.4721
 21
71.994
  0
LINE
  8
0
 10
36.4721
 20
71.994
 11
35.8964
 21
72.3518
  0
LINE
  8
0
 10
35.8964
 20
72.3518
 11
35.4023
 21
72.8145
  0
LINE
  8
0
 10
35.4023
 20
72.8145
 11
35.0086
 21
73.3636
  0
LINE
  8
0
 10
35.0086
 20
73.3636
 11
34.7297
 21
73.9811
  0
LINE
  8
0
 10
34.7297
 20
73.9811
 11
34.5761
 21
74.6398
  0
LINE
  8
0
 10
34.5761
 20
74.6398
 11
34.5529
 21
75.3165
  0
LINE
  8
0
 10
34.5529
 20
75.3165
 11
34.6631
 21
75.9839
  0
LINE
  8
0
 10
34.6631
 20
75.9839
 11
34.9025
 21
76.6182
  0
LINE
  8
0
 10
34.9025
 20
76.6182
 11
35.2597
 21
77.1934
  0
LINE
  8
0
 10
35.2597
 20
77.1934
 11
35.7224
 21
77.6874
  0
LINE
  8
0
 10
35.7224
 20
77.6874
 11
36.2727
 21
78.0817
  0
LINE
  8
0
 10
36.2727
 20
78.0817
 11
36.8914
 21
78.3612
  0
LINE
  8
0
 10
36.8914
 20
78.3612
 11
36.9192
 21
78.3677
  0
LINE
  8
0
 10
36.9192
 20
78.3677
 11
39.0509
 21
71.8072
  0
LINE
  8
0
 10
39.0509
 20
71.8072
 11
38.4511
 21
71.667
  0
LINE
  8
0
 10
38.4511
 20
71.667
 11
37.7739
 21
71.6444
  0
LINE
  8
0
 10
37.7739
 20
71.6444
 11
37.1059
 21
71.7546
  0
LINE
  8
0
 10
-38.8941
 20
71.7546
 11
-39.049
 21
71.8131
  0
LINE
  8
0
 10
-39.049
 20
71.8131
 11
-36.9224
 21
78.358
  0
LINE
  8
0
 10
-36.9224
 20
78.358
 11
-36.4721
 21
78.1878
  0
LINE
  8
0
 10
-36.4721
 20
78.1878
 11
-35.8964
 21
77.8301
  0
LINE
  8
0
 10
-35.8964
 20
77.8301
 11
-35.4023
 21
77.3674
  0
LINE
  8
0
 10
-35.4023
 20
77.3674
 11
-35.0086
 21
76.8183
  0
LINE
  8
0
 10
-35.0086
 20
76.8183
 11
-34.7297
 21
76.2007
  0
LINE
  8
0
 10
-34.7297
 20
76.2007
 11
-34.5761
 21
75.5421
  0
LINE
  8
0
 10
-34.5761
 20
75.5421
 11
-34.5529
 21
74.8654
  0
LINE
  8
0
 10
-34.5529
 20
74.8654
 11
-34.6631
 21
74.1974
  0
LINE
  8
0
 10
-34.6631
 20
74.1974
 11
-34.9025
 21
73.5637
  0
LINE
  8
0
 10
-34.9025
 20
73.5637
 11
-35.2603
 21
72.9879
  0
LINE
  8
0
 10
-35.2603
 20
72.9879
 11
-35.723
 21
72.4939
  0
LINE
  8
0
 10
-35.723
 20
72.4939
 11
-36.2727
 21
72.1002
  0
LINE
  8
0
 10
-36.2727
 20
72.1002
 11
-36.8914
 21
71.8207
  0
LINE
  8
0
 10
-36.8914
 20
71.8207
 11
-37.5489
 21
71.667
  0
LINE
  8
0
 10
-37.5489
 20
71.667
 11
-38.2261
 21
71.6444
  0
LINE
  8
0
 10
-38.2261
 20
71.6444
 11
-38.8941
 21
71.7546
  0
LINE
  8
0
 10
28.4322
 20
75.7601
 11
28.5
 21
76.0494
  0
LINE
  8
0
 10
28.5
 20
76.0494
 11
28.5678
 21
75.7607
  0
LINE
  8
0
 10
28.5678
 20
75.7607
 11
28.5064
 21
75.7322
  0
LINE
  8
0
 10
28.5064
 20
75.7322
 11
28.4994
 21
75.7305
  0
LINE
  8
0
 10
28.4994
 20
75.7305
 11
28.4322
 21
75.7601
  0
LINE
  8
0
 10
-9.56784
 20
75.7601
 11
-9.5
 21
76.0494
  0
LINE
  8
0
 10
-9.5
 20
76.0494
 11
-9.43216
 21
75.7607
  0
LINE
  8
0
 10
-9.43216
 20
75.7607
 11
-9.49362
 21
75.7322
  0
LINE
  8
0
 10
-9.49362
 20
75.7322
 11
-9.50058
 21
75.7305
  0
LINE
  8
0
 10
-9.50058
 20
75.7305
 11
-9.56784
 21
75.7601
  0
LINE
  8
0
 10
9.43216
 20
74.4212
 11
9.49362
 21
74.4496
  0
LINE
  8
0
 10
9.49362
 20
74.4496
 11
9.50058
 21
74.4514
  0
LINE
  8
0
 10
9.50058
 20
74.4514
 11
9.56784
 21
74.4218
  0
LINE
  8
0
 10
9.56784
 20
74.4218
 11
9.5
 21
74.1325
  0
LINE
  8
0
 10
9.5
 20
74.1325
 11
9.43216
 21
74.4212
  0
LINE
  8
0
 10
-28.5678
 20
74.4212
 11
-28.5064
 21
74.4496
  0
LINE
  8
0
 10
-28.5064
 20
74.4496
 11
-28.4994
 21
74.4514
  0
LINE
  8
0
 10
-28.4994
 20
74.4514
 11
-28.4322
 21
74.4218
  0
LINE
  8
0
 10
-28.4322
 20
74.4218
 11
-28.5
 21
74.1325
  0
LINE
  8
0
 10
-28.5
 20
74.1325
 11
-28.5678
 21
74.4212
  0
LINE
  8
0
 10
-7.57959
 20
68.9111
 11
-7.98489
 21
69.0641
  0
LINE
  8
0
 10
-7.98489
 20
69.0641
 11
-8.35309
 21
69.2932
  0
LINE
  8
0
 10
-8.35309
 20
69.2932
 11
-8.6691
 21
69.5889
  0
LINE
  8
0
 10
-8.6691
 20
69.5889
 11
-8.92075
 21
69.9403
  0
LINE
  8
0
 10
-8.92075
 20
69.9403
 11
-9.09991
 21
70.3357
  0
LINE
  8
0
 10
-9.09991
 20
70.3357
 11
-9.19791
 21
70.7567
  0
LINE
  8
0
 10
-9.19791
 20
70.7567
 11
-9.2124
 21
71.1904
  0
LINE
  8
0
 10
-9.2124
 20
71.1904
 11
-9.14224
 21
71.6166
  0
LINE
  8
0
 10
-9.14224
 20
71.6166
 11
-8.98917
 21
72.0225
  0
LINE
  8
0
 10
-8.98917
 20
72.0225
 11
-8.76071
 21
72.3907
  0
LINE
  8
0
 10
-8.76071
 20
72.3907
 11
-8.46442
 21
72.7061
  0
LINE
  8
0
 10
-8.46442
 20
72.7061
 11
-8.11246
 21
72.9583
  0
LINE
  8
0
 10
-8.11246
 20
72.9583
 11
-7.7576
 21
73.1189
  0
LINE
  8
0
 10
-7.7576
 20
73.1189
 11
-7.76166
 21
73.0969
  0
LINE
  8
0
 10
-7.76166
 20
73.0969
 11
-7.73672
 21
72.3373
  0
LINE
  8
0
 10
-7.73672
 20
72.3373
 11
-7.56393
 21
71.5974
  0
LINE
  8
0
 10
-7.56393
 20
71.5974
 11
-7.25024
 21
70.9051
  0
LINE
  8
0
 10
-7.25024
 20
70.9051
 11
-6.80783
 21
70.2882
  0
LINE
  8
0
 10
-6.80783
 20
70.2882
 11
-6.25351
 21
69.7686
  0
LINE
  8
0
 10
-6.25351
 20
69.7686
 11
-5.60815
 21
69.3668
  0
LINE
  8
0
 10
-5.60815
 20
69.3668
 11
-5.5867
 21
69.3587
  0
LINE
  8
0
 10
-5.5867
 20
69.3587
 11
-5.90329
 21
69.1326
  0
LINE
  8
0
 10
-5.90329
 20
69.1326
 11
-6.29816
 21
68.954
  0
LINE
  8
0
 10
-6.29816
 20
68.954
 11
-6.71854
 21
68.8554
  0
LINE
  8
0
 10
-6.71854
 20
68.8554
 11
-7.15225
 21
68.8403
  0
LINE
  8
0
 10
-7.15225
 20
68.8403
 11
-7.57959
 21
68.9111
  0
LINE
  8
0
 10
30.4204
 20
68.9111
 11
30.0151
 21
69.0641
  0
LINE
  8
0
 10
30.0151
 20
69.0641
 11
29.6469
 21
69.2932
  0
LINE
  8
0
 10
29.6469
 20
69.2932
 11
29.3309
 21
69.5889
  0
LINE
  8
0
 10
29.3309
 20
69.5889
 11
29.0793
 21
69.9403
  0
LINE
  8
0
 10
29.0793
 20
69.9403
 11
28.9001
 21
70.3357
  0
LINE
  8
0
 10
28.9001
 20
70.3357
 11
28.8021
 21
70.7567
  0
LINE
  8
0
 10
28.8021
 20
70.7567
 11
28.7876
 21
71.1904
  0
LINE
  8
0
 10
28.7876
 20
71.1904
 11
28.8578
 21
71.6166
  0
LINE
  8
0
 10
28.8578
 20
71.6166
 11
29.0108
 21
72.0225
  0
LINE
  8
0
 10
29.0108
 20
72.0225
 11
29.2393
 21
72.3907
  0
LINE
  8
0
 10
29.2393
 20
72.3907
 11
29.5356
 21
72.7061
  0
LINE
  8
0
 10
29.5356
 20
72.7061
 11
29.8875
 21
72.9583
  0
LINE
  8
0
 10
29.8875
 20
72.9583
 11
30.2424
 21
73.1189
  0
LINE
  8
0
 10
30.2424
 20
73.1189
 11
30.2383
 21
73.0969
  0
LINE
  8
0
 10
30.2383
 20
73.0969
 11
30.2633
 21
72.3373
  0
LINE
  8
0
 10
30.2633
 20
72.3373
 11
30.4361
 21
71.5974
  0
LINE
  8
0
 10
30.4361
 20
71.5974
 11
30.7498
 21
70.9051
  0
LINE
  8
0
 10
30.7498
 20
70.9051
 11
31.1922
 21
70.2882
  0
LINE
  8
0
 10
31.1922
 20
70.2882
 11
31.7465
 21
69.7686
  0
LINE
  8
0
 10
31.7465
 20
69.7686
 11
32.3918
 21
69.3668
  0
LINE
  8
0
 10
32.3918
 20
69.3668
 11
32.4133
 21
69.3587
  0
LINE
  8
0
 10
32.4133
 20
69.3587
 11
32.0967
 21
69.1326
  0
LINE
  8
0
 10
32.0967
 20
69.1326
 11
31.7018
 21
68.954
  0
LINE
  8
0
 10
31.7018
 20
68.954
 11
31.2815
 21
68.8554
  0
LINE
  8
0
 10
31.2815
 20
68.8554
 11
30.8477
 21
68.8403
  0
LINE
  8
0
 10
30.8477
 20
68.8403
 11
30.4204
 21
68.9111
  0
LINE
  8
0
 10
-12.2809
 20
68.8542
 11
-12.7013
 21
68.9534
  0
LINE
  8
0
 10
-12.7013
 20
68.9534
 11
-13.0967
 21
69.132
  0
LINE
  8
0
 10
-13.0967
 20
69.132
 11
-13.4133
 21
69.3581
  0
LINE
  8
0
 10
-13.4133
 20
69.3581
 11
-13.3918
 21
69.3662
  0
LINE
  8
0
 10
-13.3918
 20
69.3662
 11
-12.7465
 21
69.7681
  0
LINE
  8
0
 10
-12.7465
 20
69.7681
 11
-12.1916
 21
70.2876
  0
LINE
  8
0
 10
-12.1916
 20
70.2876
 11
-11.7492
 21
70.9051
  0
LINE
  8
0
 10
-11.7492
 20
70.9051
 11
-11.4361
 21
71.5969
  0
LINE
  8
0
 10
-11.4361
 20
71.5969
 11
-11.2627
 21
72.3367
  0
LINE
  8
0
 10
-11.2627
 20
72.3367
 11
-11.2378
 21
73.0963
  0
LINE
  8
0
 10
-11.2378
 20
73.0963
 11
-11.2418
 21
73.1189
  0
LINE
  8
0
 10
-11.2418
 20
73.1189
 11
-10.887
 21
72.9577
  0
LINE
  8
0
 10
-10.887
 20
72.9577
 11
-10.5356
 21
72.7055
  0
LINE
  8
0
 10
-10.5356
 20
72.7055
 11
-10.2393
 21
72.3901
  0
LINE
  8
0
 10
-10.2393
 20
72.3901
 11
-10.0108
 21
72.0219
  0
LINE
  8
0
 10
-10.0108
 20
72.0219
 11
-9.85776
 21
71.616
  0
LINE
  8
0
 10
-9.85776
 20
71.616
 11
-9.7876
 21
71.1898
  0
LINE
  8
0
 10
-9.7876
 20
71.1898
 11
-9.80151
 21
70.7561
  0
LINE
  8
0
 10
-9.80151
 20
70.7561
 11
-9.90009
 21
70.3351
  0
LINE
  8
0
 10
-9.90009
 20
70.3351
 11
-10.0787
 21
69.9403
  0
LINE
  8
0
 10
-10.0787
 20
69.9403
 11
-10.3309
 21
69.5883
  0
LINE
  8
0
 10
-10.3309
 20
69.5883
 11
-10.6463
 21
69.2926
  0
LINE
  8
0
 10
-10.6463
 20
69.2926
 11
-11.0151
 21
69.0636
  0
LINE
  8
0
 10
-11.0151
 20
69.0636
 11
-11.4198
 21
68.9105
  0
LINE
  8
0
 10
-11.4198
 20
68.9105
 11
-11.8472
 21
68.8403
  0
LINE
  8
0
 10
-11.8472
 20
68.8403
 11
-12.2809
 21
68.8542
  0
LINE
  8
0
 10
25.7191
 20
68.8542
 11
25.2987
 21
68.9534
  0
LINE
  8
0
 10
25.2987
 20
68.9534
 11
24.9033
 21
69.132
  0
LINE
  8
0
 10
24.9033
 20
69.132
 11
24.5867
 21
69.3581
  0
LINE
  8
0
 10
24.5867
 20
69.3581
 11
24.6082
 21
69.3662
  0
LINE
  8
0
 10
24.6082
 20
69.3662
 11
25.2535
 21
69.7681
  0
LINE
  8
0
 10
25.2535
 20
69.7681
 11
25.8084
 21
70.2876
  0
LINE
  8
0
 10
25.8084
 20
70.2876
 11
26.2508
 21
70.9051
  0
LINE
  8
0
 10
26.2508
 20
70.9051
 11
26.5639
 21
71.5969
  0
LINE
  8
0
 10
26.5639
 20
71.5969
 11
26.7373
 21
72.3367
  0
LINE
  8
0
 10
26.7373
 20
72.3367
 11
26.7622
 21
73.0963
  0
LINE
  8
0
 10
26.7622
 20
73.0963
 11
26.7582
 21
73.1189
  0
LINE
  8
0
 10
26.7582
 20
73.1189
 11
27.113
 21
72.9577
  0
LINE
  8
0
 10
27.113
 20
72.9577
 11
27.4644
 21
72.7055
  0
LINE
  8
0
 10
27.4644
 20
72.7055
 11
27.7607
 21
72.3901
  0
LINE
  8
0
 10
27.7607
 20
72.3901
 11
27.9892
 21
72.0219
  0
LINE
  8
0
 10
27.9892
 20
72.0219
 11
28.1422
 21
71.616
  0
LINE
  8
0
 10
28.1422
 20
71.616
 11
28.2124
 21
71.1898
  0
LINE
  8
0
 10
28.2124
 20
71.1898
 11
28.1985
 21
70.7561
  0
LINE
  8
0
 10
28.1985
 20
70.7561
 11
28.0999
 21
70.3351
  0
LINE
  8
0
 10
28.0999
 20
70.3351
 11
27.9213
 21
69.9403
  0
LINE
  8
0
 10
27.9213
 20
69.9403
 11
27.6691
 21
69.5883
  0
LINE
  8
0
 10
27.6691
 20
69.5883
 11
27.3537
 21
69.2926
  0
LINE
  8
0
 10
27.3537
 20
69.2926
 11
26.9849
 21
69.0636
  0
LINE
  8
0
 10
26.9849
 20
69.0636
 11
26.5802
 21
68.9105
  0
LINE
  8
0
 10
26.5802
 20
68.9105
 11
26.1528
 21
68.8403
  0
LINE
  8
0
 10
26.1528
 20
68.8403
 11
25.7191
 21
68.8542
  0
LINE
  8
0
 10
9.22632
 20
70.3757
 11
8.85754
 21
70.6053
  0
LINE
  8
0
 10
8.85754
 20
70.6053
 11
8.54211
 21
70.9011
  0
LINE
  8
0
 10
8.54211
 20
70.9011
 11
8.50327
 21
70.955
  0
LINE
  8
0
 10
8.50327
 20
70.955
 11
8.7439
 21
71.213
  0
LINE
  8
0
 10
8.7439
 20
71.213
 11
9.14572
 21
71.8584
  0
LINE
  8
0
 10
9.14572
 20
71.8584
 11
9.41302
 21
72.5687
  0
LINE
  8
0
 10
9.41302
 20
72.5687
 11
9.5
 21
73.0917
  0
LINE
  8
0
 10
9.5
 20
73.0917
 11
9.58698
 21
72.5692
  0
LINE
  8
0
 10
9.58698
 20
72.5692
 11
9.85428
 21
71.8584
  0
LINE
  8
0
 10
9.85428
 20
71.8584
 11
10.2561
 21
71.2136
  0
LINE
  8
0
 10
10.2561
 20
71.2136
 11
10.4967
 21
70.9556
  0
LINE
  8
0
 10
10.4967
 20
70.9556
 11
10.4573
 21
70.9011
  0
LINE
  8
0
 10
10.4573
 20
70.9011
 11
10.1419
 21
70.6059
  0
LINE
  8
0
 10
10.1419
 20
70.6059
 11
9.7731
 21
70.3763
  0
LINE
  8
0
 10
9.7731
 20
70.3763
 11
9.49942
 21
70.2737
  0
LINE
  8
0
 10
9.49942
 20
70.2737
 11
9.22632
 21
70.3757
  0
LINE
  8
0
 10
-28.7737
 20
70.3757
 11
-29.1425
 21
70.6053
  0
LINE
  8
0
 10
-29.1425
 20
70.6053
 11
-29.4579
 21
70.9011
  0
LINE
  8
0
 10
-29.4579
 20
70.9011
 11
-29.4967
 21
70.955
  0
LINE
  8
0
 10
-29.4967
 20
70.955
 11
-29.2561
 21
71.213
  0
LINE
  8
0
 10
-29.2561
 20
71.213
 11
-28.8543
 21
71.8584
  0
LINE
  8
0
 10
-28.8543
 20
71.8584
 11
-28.587
 21
72.5687
  0
LINE
  8
0
 10
-28.587
 20
72.5687
 11
-28.5
 21
73.0917
  0
LINE
  8
0
 10
-28.5
 20
73.0917
 11
-28.413
 21
72.5692
  0
LINE
  8
0
 10
-28.413
 20
72.5692
 11
-28.1457
 21
71.8584
  0
LINE
  8
0
 10
-28.1457
 20
71.8584
 11
-27.7439
 21
71.2136
  0
LINE
  8
0
 10
-27.7439
 20
71.2136
 11
-27.5033
 21
70.9556
  0
LINE
  8
0
 10
-27.5033
 20
70.9556
 11
-27.5427
 21
70.9011
  0
LINE
  8
0
 10
-27.5427
 20
70.9011
 11
-27.8581
 21
70.6059
  0
LINE
  8
0
 10
-27.8581
 20
70.6059
 11
-28.2269
 21
70.3763
  0
LINE
  8
0
 10
-28.2269
 20
70.3763
 11
-28.5006
 21
70.2737
  0
LINE
  8
0
 10
-28.5006
 20
70.2737
 11
-28.7737
 21
70.3757
  0
LINE
  8
0
 10
-40.2335
 20
66.7547
 11
-40.6427
 21
66.9081
  0
LINE
  8
0
 10
-40.6427
 20
66.9081
 11
-39.4771
 21
70.4956
  0
LINE
  8
0
 10
-39.4771
 20
70.4956
 11
-39.2542
 21
70.4117
  0
LINE
  8
0
 10
-39.2542
 20
70.4117
 11
-38.3172
 21
70.2569
  0
LINE
  8
0
 10
-38.3172
 20
70.2569
 11
-37.3686
 21
70.2876
  0
LINE
  8
0
 10
-37.3686
 20
70.2876
 11
-36.9389
 21
70.3885
  0
LINE
  8
0
 10
-36.9389
 20
70.3885
 11
-36.9035
 21
70.3102
  0
LINE
  8
0
 10
-36.9035
 20
70.3102
 11
-36.7812
 21
69.7843
  0
LINE
  8
0
 10
-36.7812
 20
69.7843
 11
-36.7626
 21
69.2416
  0
LINE
  8
0
 10
-36.7626
 20
69.2416
 11
-36.8513
 21
68.7076
  0
LINE
  8
0
 10
-36.8513
 20
68.7076
 11
-37.0421
 21
68.2014
  0
LINE
  8
0
 10
-37.0421
 20
68.2014
 11
-37.328
 21
67.7404
  0
LINE
  8
0
 10
-37.328
 20
67.7404
 11
-37.6985
 21
67.3455
  0
LINE
  8
0
 10
-37.6985
 20
67.3455
 11
-38.1374
 21
67.0307
  0
LINE
  8
0
 10
-38.1374
 20
67.0307
 11
-38.6314
 21
66.8069
  0
LINE
  8
0
 10
-38.6314
 20
66.8069
 11
-39.1573
 21
66.6845
  0
LINE
  8
0
 10
-39.1573
 20
66.6845
 11
-39.7007
 21
66.666
  0
LINE
  8
0
 10
-39.7007
 20
66.666
 11
-40.2335
 21
66.7547
  0
LINE
  8
0
 10
-34.125
 20
65.9383
 11
-34.4416
 21
66.0577
  0
LINE
  8
0
 10
-34.4416
 20
66.0577
 11
-34.7292
 21
66.2369
  0
LINE
  8
0
 10
-34.7292
 20
66.2369
 11
-34.9762
 21
66.4677
  0
LINE
  8
0
 10
-34.9762
 20
66.4677
 11
-35.1721
 21
66.7419
  0
LINE
  8
0
 10
-35.1721
 20
66.7419
 11
-35.3119
 21
67.0504
  0
LINE
  8
0
 10
-35.3119
 20
67.0504
 11
-35.3878
 21
67.3786
  0
LINE
  8
0
 10
-35.3878
 20
67.3786
 11
-35.4
 21
67.7178
  0
LINE
  8
0
 10
-35.4
 20
67.7178
 11
-35.3449
 21
68.0512
  0
LINE
  8
0
 10
-35.3449
 20
68.0512
 11
-35.2255
 21
68.3678
  0
LINE
  8
0
 10
-35.2255
 20
68.3678
 11
-35.0469
 21
68.6554
  0
LINE
  8
0
 10
-35.0469
 20
68.6554
 11
-34.8161
 21
68.9018
  0
LINE
  8
0
 10
-34.8161
 20
68.9018
 11
-34.5413
 21
69.0984
  0
LINE
  8
0
 10
-34.5413
 20
69.0984
 11
-34.2317
 21
69.2381
  0
LINE
  8
0
 10
-34.2317
 20
69.2381
 11
-33.9035
 21
69.3152
  0
LINE
  8
0
 10
-33.9035
 20
69.3152
 11
-33.5643
 21
69.3268
  0
LINE
  8
0
 10
-33.5643
 20
69.3268
 11
-33.2309
 21
69.2711
  0
LINE
  8
0
 10
-33.2309
 20
69.2711
 11
-32.9143
 21
69.1517
  0
LINE
  8
0
 10
-32.9143
 20
69.1517
 11
-32.6267
 21
68.9725
  0
LINE
  8
0
 10
-32.6267
 20
68.9725
 11
-32.3797
 21
68.7418
  0
LINE
  8
0
 10
-32.3797
 20
68.7418
 11
-32.1837
 21
68.4669
  0
LINE
  8
0
 10
-32.1837
 20
68.4669
 11
-32.0439
 21
68.159
  0
LINE
  8
0
 10
-32.0439
 20
68.159
 11
-31.968
 21
67.8303
  0
LINE
  8
0
 10
-31.968
 20
67.8303
 11
-31.9558
 21
67.4922
  0
LINE
  8
0
 10
-31.9558
 20
67.4922
 11
-32.0109
 21
67.1582
  0
LINE
  8
0
 10
-32.0109
 20
67.1582
 11
-32.1303
 21
66.8422
  0
LINE
  8
0
 10
-32.1303
 20
66.8422
 11
-32.3095
 21
66.554
  0
LINE
  8
0
 10
-32.3095
 20
66.554
 11
-32.5409
 21
66.3076
  0
LINE
  8
0
 10
-32.5409
 20
66.3076
 11
-32.8186
 21
66.1093
  0
LINE
  8
0
 10
-32.8186
 20
66.1093
 11
-33.1242
 21
65.9707
  0
LINE
  8
0
 10
-33.1242
 20
65.9707
 11
-33.4524
 21
65.8942
  0
LINE
  8
0
 10
-33.4524
 20
65.8942
 11
-33.7916
 21
65.8826
  0
LINE
  8
0
 10
-33.7916
 20
65.8826
 11
-34.125
 21
65.9383
  0
LINE
  8
0
 10
3.87503
 20
65.9383
 11
3.55844
 21
66.0577
  0
LINE
  8
0
 10
3.55844
 20
66.0577
 11
3.27084
 21
66.2369
  0
LINE
  8
0
 10
3.27084
 20
66.2369
 11
3.02383
 21
66.4677
  0
LINE
  8
0
 10
3.02383
 20
66.4677
 11
2.82785
 21
66.7419
  0
LINE
  8
0
 10
2.82785
 20
66.7419
 11
2.68811
 21
67.0504
  0
LINE
  8
0
 10
2.68811
 20
67.0504
 11
2.61215
 21
67.3786
  0
LINE
  8
0
 10
2.61215
 20
67.3786
 11
2.59998
 21
67.7178
  0
LINE
  8
0
 10
2.59998
 20
67.7178
 11
2.65506
 21
68.0512
  0
LINE
  8
0
 10
2.65506
 20
68.0512
 11
2.77451
 21
68.3678
  0
LINE
  8
0
 10
2.77451
 20
68.3678
 11
2.95309
 21
68.6554
  0
LINE
  8
0
 10
2.95309
 20
68.6554
 11
3.18387
 21
68.9018
  0
LINE
  8
0
 10
3.18387
 20
68.9018
 11
3.45871
 21
69.0984
  0
LINE
  8
0
 10
3.45871
 20
69.0984
 11
3.76834
 21
69.2381
  0
LINE
  8
0
 10
3.76834
 20
69.2381
 11
4.09653
 21
69.3152
  0
LINE
  8
0
 10
4.09653
 20
69.3152
 11
4.43573
 21
69.3268
  0
LINE
  8
0
 10
4.43573
 20
69.3268
 11
4.76913
 21
69.2711
  0
LINE
  8
0
 10
4.76913
 20
69.2711
 11
5.08572
 21
69.1517
  0
LINE
  8
0
 10
5.08572
 20
69.1517
 11
5.37332
 21
68.9725
  0
LINE
  8
0
 10
5.37332
 20
68.9725
 11
5.62033
 21
68.7418
  0
LINE
  8
0
 10
5.62033
 20
68.7418
 11
5.81631
 21
68.4669
  0
LINE
  8
0
 10
5.81631
 20
68.4669
 11
5.95605
 21
68.159
  0
LINE
  8
0
 10
5.95605
 20
68.159
 11
6.03201
 21
67.8303
  0
LINE
  8
0
 10
6.03201
 20
67.8303
 11
6.04419
 21
67.4922
  0
LINE
  8
0
 10
6.04419
 20
67.4922
 11
5.98911
 21
67.1582
  0
LINE
  8
0
 10
5.98911
 20
67.1582
 11
5.86966
 21
66.8422
  0
LINE
  8
0
 10
5.86966
 20
66.8422
 11
5.69049
 21
66.554
  0
LINE
  8
0
 10
5.69049
 20
66.554
 11
5.45914
 21
66.3076
  0
LINE
  8
0
 10
5.45914
 20
66.3076
 11
5.1814
 21
66.1093
  0
LINE
  8
0
 10
5.1814
 20
66.1093
 11
4.87582
 21
65.9707
  0
LINE
  8
0
 10
4.87582
 20
65.9707
 11
4.54764
 21
65.8942
  0
LINE
  8
0
 10
4.54764
 20
65.8942
 11
4.20844
 21
65.8826
  0
LINE
  8
0
 10
4.20844
 20
65.8826
 11
3.87503
 21
65.9383
  0
LINE
  8
0
 10
14.4524
 20
65.8936
 11
14.1242
 21
65.9707
  0
LINE
  8
0
 10
14.1242
 20
65.9707
 11
13.8169
 21
66.1099
  0
LINE
  8
0
 10
13.8169
 20
66.1099
 11
13.5397
 21
66.3082
  0
LINE
  8
0
 10
13.5397
 20
66.3082
 11
13.3083
 21
66.5546
  0
LINE
  8
0
 10
13.3083
 20
66.5546
 11
13.1298
 21
66.8422
  0
LINE
  8
0
 10
13.1298
 20
66.8422
 11
13.0103
 21
67.1588
  0
LINE
  8
0
 10
13.0103
 20
67.1588
 11
12.9558
 21
67.4922
  0
LINE
  8
0
 10
12.9558
 20
67.4922
 11
12.9668
 21
67.8308
  0
LINE
  8
0
 10
12.9668
 20
67.8308
 11
13.0434
 21
68.159
  0
LINE
  8
0
 10
13.0434
 20
68.159
 11
13.1831
 21
68.4675
  0
LINE
  8
0
 10
13.1831
 20
68.4675
 11
13.3797
 21
68.7423
  0
LINE
  8
0
 10
13.3797
 20
68.7423
 11
13.6267
 21
68.9731
  0
LINE
  8
0
 10
13.6267
 20
68.9731
 11
13.9143
 21
69.1523
  0
LINE
  8
0
 10
13.9143
 20
69.1523
 11
14.2309
 21
69.2717
  0
LINE
  8
0
 10
14.2309
 20
69.2717
 11
14.5643
 21
69.3262
  0
LINE
  8
0
 10
14.5643
 20
69.3262
 11
14.9035
 21
69.3158
  0
LINE
  8
0
 10
14.9035
 20
69.3158
 11
15.2311
 21
69.2387
  0
LINE
  8
0
 10
15.2311
 20
69.2387
 11
15.5372
 21
69.1001
  0
LINE
  8
0
 10
15.5372
 20
69.1001
 11
15.8156
 21
68.9012
  0
LINE
  8
0
 10
15.8156
 20
68.9012
 11
16.0469
 21
68.6548
  0
LINE
  8
0
 10
16.0469
 20
68.6548
 11
16.2255
 21
68.3672
  0
LINE
  8
0
 10
16.2255
 20
68.3672
 11
16.3449
 21
68.0506
  0
LINE
  8
0
 10
16.3449
 20
68.0506
 11
16.3994
 21
67.7172
  0
LINE
  8
0
 10
16.3994
 20
67.7172
 11
16.3884
 21
67.378
  0
LINE
  8
0
 10
16.3884
 20
67.378
 11
16.3119
 21
67.0498
  0
LINE
  8
0
 10
16.3119
 20
67.0498
 11
16.1716
 21
66.7413
  0
LINE
  8
0
 10
16.1716
 20
66.7413
 11
15.975
 21
66.4665
  0
LINE
  8
0
 10
15.975
 20
66.4665
 11
15.7286
 21
66.2363
  0
LINE
  8
0
 10
15.7286
 20
66.2363
 11
15.4416
 21
66.0577
  0
LINE
  8
0
 10
15.4416
 20
66.0577
 11
15.125
 21
65.9383
  0
LINE
  8
0
 10
15.125
 20
65.9383
 11
14.7916
 21
65.8832
  0
LINE
  8
0
 10
14.7916
 20
65.8832
 11
14.4524
 21
65.8936
  0
LINE
  8
0
 10
-23.5476
 20
65.8936
 11
-23.8758
 21
65.9707
  0
LINE
  8
0
 10
-23.8758
 20
65.9707
 11
-24.1831
 21
66.1099
  0
LINE
  8
0
 10
-24.1831
 20
66.1099
 11
-24.4603
 21
66.3082
  0
LINE
  8
0
 10
-24.4603
 20
66.3082
 11
-24.6917
 21
66.5546
  0
LINE
  8
0
 10
-24.6917
 20
66.5546
 11
-24.8702
 21
66.8422
  0
LINE
  8
0
 10
-24.8702
 20
66.8422
 11
-24.9897
 21
67.1588
  0
LINE
  8
0
 10
-24.9897
 20
67.1588
 11
-25.0442
 21
67.4922
  0
LINE
  8
0
 10
-25.0442
 20
67.4922
 11
-25.0332
 21
67.8308
  0
LINE
  8
0
 10
-25.0332
 20
67.8308
 11
-24.9566
 21
68.159
  0
LINE
  8
0
 10
-24.9566
 20
68.159
 11
-24.8169
 21
68.4675
  0
LINE
  8
0
 10
-24.8169
 20
68.4675
 11
-24.6203
 21
68.7423
  0
LINE
  8
0
 10
-24.6203
 20
68.7423
 11
-24.3733
 21
68.9731
  0
LINE
  8
0
 10
-24.3733
 20
68.9731
 11
-24.0857
 21
69.1523
  0
LINE
  8
0
 10
-24.0857
 20
69.1523
 11
-23.7691
 21
69.2717
  0
LINE
  8
0
 10
-23.7691
 20
69.2717
 11
-23.4357
 21
69.3262
  0
LINE
  8
0
 10
-23.4357
 20
69.3262
 11
-23.0965
 21
69.3158
  0
LINE
  8
0
 10
-23.0965
 20
69.3158
 11
-22.7689
 21
69.2387
  0
LINE
  8
0
 10
-22.7689
 20
69.2387
 11
-22.4628
 21
69.1001
  0
LINE
  8
0
 10
-22.4628
 20
69.1001
 11
-22.1844
 21
68.9012
  0
LINE
  8
0
 10
-22.1844
 20
68.9012
 11
-21.9531
 21
68.6548
  0
LINE
  8
0
 10
-21.9531
 20
68.6548
 11
-21.7745
 21
68.3672
  0
LINE
  8
0
 10
-21.7745
 20
68.3672
 11
-21.6551
 21
68.0506
  0
LINE
  8
0
 10
-21.6551
 20
68.0506
 11
-21.6006
 21
67.7172
  0
LINE
  8
0
 10
-21.6006
 20
67.7172
 11
-21.6116
 21
67.378
  0
LINE
  8
0
 10
-21.6116
 20
67.378
 11
-21.6881
 21
67.0498
  0
LINE
  8
0
 10
-21.6881
 20
67.0498
 11
-21.8284
 21
66.7413
  0
LINE
  8
0
 10
-21.8284
 20
66.7413
 11
-22.025
 21
66.4665
  0
LINE
  8
0
 10
-22.025
 20
66.4665
 11
-22.2714
 21
66.2363
  0
LINE
  8
0
 10
-22.2714
 20
66.2363
 11
-22.5584
 21
66.0577
  0
LINE
  8
0
 10
-22.5584
 20
66.0577
 11
-22.875
 21
65.9383
  0
LINE
  8
0
 10
-22.875
 20
65.9383
 11
-23.2084
 21
65.8832
  0
LINE
  8
0
 10
-23.2084
 20
65.8832
 11
-23.5476
 21
65.8936
  0
LINE
  8
0
 10
30.6541
 20
66.3552
 11
29.9838
 21
66.7135
  0
LINE
  8
0
 10
29.9838
 20
66.7135
 11
29.2561
 21
66.9338
  0
LINE
  8
0
 10
29.2561
 20
66.9338
 11
28.5
 21
67.0086
  0
LINE
  8
0
 10
28.5
 20
67.0086
 11
27.7445
 21
66.9338
  0
LINE
  8
0
 10
27.7445
 20
66.9338
 11
27.0168
 21
66.7135
  0
LINE
  8
0
 10
27.0168
 20
66.7135
 11
26.3465
 21
66.3552
  0
LINE
  8
0
 10
26.3465
 20
66.3552
 11
26.3297
 21
66.3412
  0
LINE
  8
0
 10
26.3297
 20
66.3412
 11
26.2914
 21
66.7292
  0
LINE
  8
0
 10
26.2914
 20
66.7292
 11
26.3337
 21
67.1594
  0
LINE
  8
0
 10
26.3337
 20
67.1594
 11
26.459
 21
67.5734
  0
LINE
  8
0
 10
26.459
 20
67.5734
 11
26.6631
 21
67.9555
  0
LINE
  8
0
 10
26.6631
 20
67.9555
 11
26.9379
 21
68.2906
  0
LINE
  8
0
 10
26.9379
 20
68.2906
 11
27.2725
 21
68.5649
  0
LINE
  8
0
 10
27.2725
 20
68.5649
 11
27.6552
 21
68.7696
  0
LINE
  8
0
 10
27.6552
 20
68.7696
 11
28.0692
 21
68.8948
  0
LINE
  8
0
 10
28.0692
 20
68.8948
 11
28.5
 21
68.9372
  0
LINE
  8
0
 10
28.5
 20
68.9372
 11
28.9314
 21
68.8954
  0
LINE
  8
0
 10
28.9314
 20
68.8954
 11
29.3454
 21
68.7696
  0
LINE
  8
0
 10
29.3454
 20
68.7696
 11
29.7281
 21
68.5649
  0
LINE
  8
0
 10
29.7281
 20
68.5649
 11
30.0627
 21
68.2906
  0
LINE
  8
0
 10
30.0627
 20
68.2906
 11
30.3375
 21
67.9555
  0
LINE
  8
0
 10
30.3375
 20
67.9555
 11
30.5416
 21
67.5734
  0
LINE
  8
0
 10
30.5416
 20
67.5734
 11
30.6663
 21
67.1594
  0
LINE
  8
0
 10
30.6663
 20
67.1594
 11
30.7092
 21
66.728
  0
LINE
  8
0
 10
30.7092
 20
66.728
 11
30.6709
 21
66.3412
  0
LINE
  8
0
 10
30.6709
 20
66.3412
 11
30.6541
 21
66.3552
  0
LINE
  8
0
 10
-7.34592
 20
66.3552
 11
-8.0162
 21
66.7135
  0
LINE
  8
0
 10
-8.0162
 20
66.7135
 11
-8.7439
 21
66.9338
  0
LINE
  8
0
 10
-8.7439
 20
66.9338
 11
-9.5
 21
67.0086
  0
LINE
  8
0
 10
-9.5
 20
67.0086
 11
-10.2555
 21
66.9338
  0
LINE
  8
0
 10
-10.2555
 20
66.9338
 11
-10.9832
 21
66.7135
  0
LINE
  8
0
 10
-10.9832
 20
66.7135
 11
-11.6535
 21
66.3552
  0
LINE
  8
0
 10
-11.6535
 20
66.3552
 11
-11.6703
 21
66.3412
  0
LINE
  8
0
 10
-11.6703
 20
66.3412
 11
-11.7086
 21
66.7292
  0
LINE
  8
0
 10
-11.7086
 20
66.7292
 11
-11.6663
 21
67.1594
  0
LINE
  8
0
 10
-11.6663
 20
67.1594
 11
-11.541
 21
67.5734
  0
LINE
  8
0
 10
-11.541
 20
67.5734
 11
-11.3369
 21
67.9555
  0
LINE
  8
0
 10
-11.3369
 20
67.9555
 11
-11.0621
 21
68.2906
  0
LINE
  8
0
 10
-11.0621
 20
68.2906
 11
-10.7275
 21
68.5649
  0
LINE
  8
0
 10
-10.7275
 20
68.5649
 11
-10.3448
 21
68.7696
  0
LINE
  8
0
 10
-10.3448
 20
68.7696
 11
-9.93082
 21
68.8948
  0
LINE
  8
0
 10
-9.93082
 20
68.8948
 11
-9.5
 21
68.9372
  0
LINE
  8
0
 10
-9.5
 20
68.9372
 11
-9.0686
 21
68.8954
  0
LINE
  8
0
 10
-9.0686
 20
68.8954
 11
-8.6546
 21
68.7696
  0
LINE
  8
0
 10
-8.6546
 20
68.7696
 11
-8.27191
 21
68.5649
  0
LINE
  8
0
 10
-8.27191
 20
68.5649
 11
-7.93735
 21
68.2906
  0
LINE
  8
0
 10
-7.93735
 20
68.2906
 11
-7.66251
 21
67.9555
  0
LINE
  8
0
 10
-7.66251
 20
67.9555
 11
-7.4584
 21
67.5734
  0
LINE
  8
0
 10
-7.4584
 20
67.5734
 11
-7.33374
 21
67.1594
  0
LINE
  8
0
 10
-7.33374
 20
67.1594
 11
-7.29083
 21
66.728
  0
LINE
  8
0
 10
-7.29083
 20
66.728
 11
-7.3291
 21
66.3412
  0
LINE
  8
0
 10
-7.3291
 20
66.3412
 11
-7.34592
 21
66.3552
  0
LINE
  8
0
 10
-4.20322
 20
66.47
 11
-4.19742
 21
66.5372
  0
LINE
  8
0
 10
-4.19742
 20
66.5372
 11
-4.19452
 21
66.5448
  0
LINE
  8
0
 10
-4.19452
 20
66.5448
 11
-4.13654
 21
66.5883
  0
LINE
  8
0
 10
-4.13654
 20
66.5883
 11
-3.91678
 21
66.383
  0
LINE
  8
0
 10
-3.91678
 20
66.383
 11
-4.20322
 21
66.47
  0
LINE
  8
0
 10
33.7968
 20
66.47
 11
33.8026
 21
66.5372
  0
LINE
  8
0
 10
33.8026
 20
66.5372
 11
33.8055
 21
66.5448
  0
LINE
  8
0
 10
33.8055
 20
66.5448
 11
33.8635
 21
66.5883
  0
LINE
  8
0
 10
33.8635
 20
66.5883
 11
34.0832
 21
66.383
  0
LINE
  8
0
 10
34.0832
 20
66.383
 11
33.7968
 21
66.47
  0
LINE
  8
0
 10
23.1371
 20
66.5877
 11
23.1957
 21
66.5436
  0
LINE
  8
0
 10
23.1957
 20
66.5436
 11
23.1974
 21
66.5372
  0
LINE
  8
0
 10
23.1974
 20
66.5372
 11
23.2038
 21
66.47
  0
LINE
  8
0
 10
23.2038
 20
66.47
 11
22.9191
 21
66.3836
  0
LINE
  8
0
 10
22.9191
 20
66.3836
 11
23.1371
 21
66.5877
  0
LINE
  8
0
 10
-14.8629
 20
66.5877
 11
-14.8043
 21
66.5436
  0
LINE
  8
0
 10
-14.8043
 20
66.5436
 11
-14.8026
 21
66.5372
  0
LINE
  8
0
 10
-14.8026
 20
66.5372
 11
-14.7962
 21
66.47
  0
LINE
  8
0
 10
-14.7962
 20
66.47
 11
-15.0809
 21
66.3836
  0
LINE
  8
0
 10
-15.0809
 20
66.3836
 11
-14.8629
 21
66.5877
  0
LINE
  8
0
 10
-5.02368
 20
60.4913
 11
-5.47189
 21
61.3286
  0
LINE
  8
0
 10
-5.47189
 20
61.3286
 11
-6.07376
 21
62.0627
  0
LINE
  8
0
 10
-6.07376
 20
62.0627
 11
-6.80783
 21
62.6645
  0
LINE
  8
0
 10
-6.80783
 20
62.6645
 11
-7.64511
 21
63.1127
  0
LINE
  8
0
 10
-7.64511
 20
63.1127
 11
-8.55545
 21
63.3882
  0
LINE
  8
0
 10
-8.55545
 20
63.3882
 11
-9.5
 21
63.4821
  0
LINE
  8
0
 10
-9.5
 20
63.4821
 11
-10.444
 21
63.3882
  0
LINE
  8
0
 10
-10.444
 20
63.3882
 11
-11.3543
 21
63.1127
  0
LINE
  8
0
 10
-11.3543
 20
63.1127
 11
-12.1916
 21
62.6645
  0
LINE
  8
0
 10
-12.1916
 20
62.6645
 11
-12.9257
 21
62.0627
  0
LINE
  8
0
 10
-12.9257
 20
62.0627
 11
-13.5275
 21
61.3286
  0
LINE
  8
0
 10
-13.5275
 20
61.3286
 11
-13.9757
 21
60.4913
  0
LINE
  8
0
 10
-13.9757
 20
60.4913
 11
-14.1033
 21
60.0692
  0
LINE
  8
0
 10
-14.1033
 20
60.0692
 11
-14.1885
 21
60.0767
  0
LINE
  8
0
 10
-14.1885
 20
60.0767
 11
-14.7057
 21
60.2339
  0
LINE
  8
0
 10
-14.7057
 20
60.2339
 11
-15.1847
 21
60.4896
  0
LINE
  8
0
 10
-15.1847
 20
60.4896
 11
-15.6028
 21
60.8334
  0
LINE
  8
0
 10
-15.6028
 20
60.8334
 11
-15.946
 21
61.2515
  0
LINE
  8
0
 10
-15.946
 20
61.2515
 11
-16.2017
 21
61.7292
  0
LINE
  8
0
 10
-16.2017
 20
61.7292
 11
-16.3583
 21
62.247
  0
LINE
  8
0
 10
-16.3583
 20
62.247
 11
-16.4116
 21
62.7869
  0
LINE
  8
0
 10
-16.4116
 20
62.7869
 11
-16.3589
 21
63.3255
  0
LINE
  8
0
 10
-16.3589
 20
63.3255
 11
-16.2017
 21
63.8427
  0
LINE
  8
0
 10
-16.2017
 20
63.8427
 11
-15.946
 21
64.3211
  0
LINE
  8
0
 10
-15.946
 20
64.3211
 11
-15.6028
 21
64.7392
  0
LINE
  8
0
 10
-15.6028
 20
64.7392
 11
-15.1847
 21
65.083
  0
LINE
  8
0
 10
-15.1847
 20
65.083
 11
-14.7057
 21
65.3387
  0
LINE
  8
0
 10
-14.7057
 20
65.3387
 11
-14.1885
 21
65.4953
  0
LINE
  8
0
 10
-14.1885
 20
65.4953
 11
-13.6493
 21
65.5486
  0
LINE
  8
0
 10
-13.6493
 20
65.5486
 11
-13.11
 21
65.4958
  0
LINE
  8
0
 10
-13.11
 20
65.4958
 11
-12.5917
 21
65.3387
  0
LINE
  8
0
 10
-12.5917
 20
65.3387
 11
-12.1139
 21
65.083
  0
LINE
  8
0
 10
-12.1139
 20
65.083
 11
-11.7202
 21
64.7595
  0
LINE
  8
0
 10
-11.7202
 20
64.7595
 11
-11.4535
 21
65.0847
  0
LINE
  8
0
 10
-11.4535
 20
65.0847
 11
-11.0342
 21
65.4286
  0
LINE
  8
0
 10
-11.0342
 20
65.4286
 11
-10.5565
 21
65.6843
  0
LINE
  8
0
 10
-10.5565
 20
65.6843
 11
-10.0387
 21
65.8409
  0
LINE
  8
0
 10
-10.0387
 20
65.8409
 11
-9.5
 21
65.8942
  0
LINE
  8
0
 10
-9.5
 20
65.8942
 11
-8.96075
 21
65.8414
  0
LINE
  8
0
 10
-8.96075
 20
65.8414
 11
-8.44296
 21
65.6843
  0
LINE
  8
0
 10
-8.44296
 20
65.6843
 11
-7.96518
 21
65.4286
  0
LINE
  8
0
 10
-7.96518
 20
65.4286
 11
-7.54596
 21
65.0847
  0
LINE
  8
0
 10
-7.54596
 20
65.0847
 11
-7.27924
 21
64.7595
  0
LINE
  8
0
 10
-7.27924
 20
64.7595
 11
-6.88553
 21
65.083
  0
LINE
  8
0
 10
-6.88553
 20
65.083
 11
-6.40775
 21
65.3387
  0
LINE
  8
0
 10
-6.40775
 20
65.3387
 11
-5.88937
 21
65.4953
  0
LINE
  8
0
 10
-5.88937
 20
65.4953
 11
-5.35013
 21
65.5486
  0
LINE
  8
0
 10
-5.35013
 20
65.5486
 11
-4.81088
 21
65.4958
  0
LINE
  8
0
 10
-4.81088
 20
65.4958
 11
-4.29367
 21
65.3387
  0
LINE
  8
0
 10
-4.29367
 20
65.3387
 11
-3.81473
 21
65.083
  0
LINE
  8
0
 10
-3.81473
 20
65.083
 11
-3.39667
 21
64.7392
  0
LINE
  8
0
 10
-3.39667
 20
64.7392
 11
-3.05341
 21
64.3211
  0
LINE
  8
0
 10
-3.05341
 20
64.3211
 11
-2.7977
 21
63.8427
  0
LINE
  8
0
 10
-2.7977
 20
63.8427
 11
-2.64114
 21
63.3255
  0
LINE
  8
0
 10
-2.64114
 20
63.3255
 11
-2.5878
 21
62.7857
  0
LINE
  8
0
 10
-2.5878
 20
62.7857
 11
-2.64056
 21
62.247
  0
LINE
  8
0
 10
-2.64056
 20
62.247
 11
-2.7977
 21
61.7292
  0
LINE
  8
0
 10
-2.7977
 20
61.7292
 11
-3.05399
 21
61.2509
  0
LINE
  8
0
 10
-3.05399
 20
61.2509
 11
-3.39725
 21
60.8328
  0
LINE
  8
0
 10
-3.39725
 20
60.8328
 11
-3.81473
 21
60.4896
  0
LINE
  8
0
 10
-3.81473
 20
60.4896
 11
-4.29367
 21
60.2339
  0
LINE
  8
0
 10
-4.29367
 20
60.2339
 11
-4.81088
 21
60.0773
  0
LINE
  8
0
 10
-4.81088
 20
60.0773
 11
-4.89612
 21
60.0692
  0
LINE
  8
0
 10
-4.89612
 20
60.0692
 11
-5.02368
 21
60.4913
  0
LINE
  8
0
 10
32.9763
 20
60.4913
 11
32.5281
 21
61.3286
  0
LINE
  8
0
 10
32.5281
 20
61.3286
 11
31.9262
 21
62.0627
  0
LINE
  8
0
 10
31.9262
 20
62.0627
 11
31.1922
 21
62.6645
  0
LINE
  8
0
 10
31.1922
 20
62.6645
 11
30.3549
 21
63.1127
  0
LINE
  8
0
 10
30.3549
 20
63.1127
 11
29.4445
 21
63.3882
  0
LINE
  8
0
 10
29.4445
 20
63.3882
 11
28.5
 21
63.4821
  0
LINE
  8
0
 10
28.5
 20
63.4821
 11
27.556
 21
63.3882
  0
LINE
  8
0
 10
27.556
 20
63.3882
 11
26.6457
 21
63.1127
  0
LINE
  8
0
 10
26.6457
 20
63.1127
 11
25.8084
 21
62.6645
  0
LINE
  8
0
 10
25.8084
 20
62.6645
 11
25.0743
 21
62.0627
  0
LINE
  8
0
 10
25.0743
 20
62.0627
 11
24.4725
 21
61.3286
  0
LINE
  8
0
 10
24.4725
 20
61.3286
 11
24.0243
 21
60.4913
  0
LINE
  8
0
 10
24.0243
 20
60.4913
 11
23.8967
 21
60.0692
  0
LINE
  8
0
 10
23.8967
 20
60.0692
 11
23.8115
 21
60.0767
  0
LINE
  8
0
 10
23.8115
 20
60.0767
 11
23.2943
 21
60.2339
  0
LINE
  8
0
 10
23.2943
 20
60.2339
 11
22.8153
 21
60.4896
  0
LINE
  8
0
 10
22.8153
 20
60.4896
 11
22.3972
 21
60.8334
  0
LINE
  8
0
 10
22.3972
 20
60.8334
 11
22.054
 21
61.2515
  0
LINE
  8
0
 10
22.054
 20
61.2515
 11
21.7983
 21
61.7292
  0
LINE
  8
0
 10
21.7983
 20
61.7292
 11
21.6417
 21
62.247
  0
LINE
  8
0
 10
21.6417
 20
62.247
 11
21.5884
 21
62.7869
  0
LINE
  8
0
 10
21.5884
 20
62.7869
 11
21.6411
 21
63.3255
  0
LINE
  8
0
 10
21.6411
 20
63.3255
 11
21.7983
 21
63.8427
  0
LINE
  8
0
 10
21.7983
 20
63.8427
 11
22.054
 21
64.3211
  0
LINE
  8
0
 10
22.054
 20
64.3211
 11
22.3972
 21
64.7392
  0
LINE
  8
0
 10
22.3972
 20
64.7392
 11
22.8153
 21
65.083
  0
LINE
  8
0
 10
22.8153
 20
65.083
 11
23.2943
 21
65.3387
  0
LINE
  8
0
 10
23.2943
 20
65.3387
 11
23.8115
 21
65.4953
  0
LINE
  8
0
 10
23.8115
 20
65.4953
 11
24.3507
 21
65.5486
  0
LINE
  8
0
 10
24.3507
 20
65.5486
 11
24.89
 21
65.4958
  0
LINE
  8
0
 10
24.89
 20
65.4958
 11
25.4083
 21
65.3387
  0
LINE
  8
0
 10
25.4083
 20
65.3387
 11
25.8861
 21
65.083
  0
LINE
  8
0
 10
25.8861
 20
65.083
 11
26.2798
 21
64.7595
  0
LINE
  8
0
 10
26.2798
 20
64.7595
 11
26.5465
 21
65.0847
  0
LINE
  8
0
 10
26.5465
 20
65.0847
 11
26.9658
 21
65.4286
  0
LINE
  8
0
 10
26.9658
 20
65.4286
 11
27.4435
 21
65.6843
  0
LINE
  8
0
 10
27.4435
 20
65.6843
 11
27.9613
 21
65.8409
  0
LINE
  8
0
 10
27.9613
 20
65.8409
 11
28.5
 21
65.8942
  0
LINE
  8
0
 10
28.5
 20
65.8942
 11
29.0392
 21
65.8414
  0
LINE
  8
0
 10
29.0392
 20
65.8414
 11
29.557
 21
65.6843
  0
LINE
  8
0
 10
29.557
 20
65.6843
 11
30.0348
 21
65.4286
  0
LINE
  8
0
 10
30.0348
 20
65.4286
 11
30.454
 21
65.0847
  0
LINE
  8
0
 10
30.454
 20
65.0847
 11
30.7208
 21
64.7595
  0
LINE
  8
0
 10
30.7208
 20
64.7595
 11
31.1145
 21
65.083
  0
LINE
  8
0
 10
31.1145
 20
65.083
 11
31.5923
 21
65.3387
  0
LINE
  8
0
 10
31.5923
 20
65.3387
 11
32.1106
 21
65.4953
  0
LINE
  8
0
 10
32.1106
 20
65.4953
 11
32.6499
 21
65.5486
  0
LINE
  8
0
 10
32.6499
 20
65.5486
 11
33.1891
 21
65.4958
  0
LINE
  8
0
 10
33.1891
 20
65.4958
 11
33.7063
 21
65.3387
  0
LINE
  8
0
 10
33.7063
 20
65.3387
 11
34.1853
 21
65.083
  0
LINE
  8
0
 10
34.1853
 20
65.083
 11
34.6033
 21
64.7392
  0
LINE
  8
0
 10
34.6033
 20
64.7392
 11
34.9466
 21
64.3211
  0
LINE
  8
0
 10
34.9466
 20
64.3211
 11
35.2023
 21
63.8427
  0
LINE
  8
0
 10
35.2023
 20
63.8427
 11
35.3589
 21
63.3255
  0
LINE
  8
0
 10
35.3589
 20
63.3255
 11
35.4122
 21
62.7857
  0
LINE
  8
0
 10
35.4122
 20
62.7857
 11
35.3594
 21
62.247
  0
LINE
  8
0
 10
35.3594
 20
62.247
 11
35.2023
 21
61.7292
  0
LINE
  8
0
 10
35.2023
 20
61.7292
 11
34.946
 21
61.2509
  0
LINE
  8
0
 10
34.946
 20
61.2509
 11
34.6028
 21
60.8328
  0
LINE
  8
0
 10
34.6028
 20
60.8328
 11
34.1853
 21
60.4896
  0
LINE
  8
0
 10
34.1853
 20
60.4896
 11
33.7063
 21
60.2339
  0
LINE
  8
0
 10
33.7063
 20
60.2339
 11
33.1891
 21
60.0773
  0
LINE
  8
0
 10
33.1891
 20
60.0773
 11
33.1039
 21
60.0692
  0
LINE
  8
0
 10
33.1039
 20
60.0692
 11
32.9763
 21
60.4913
  0
LINE
  8
0
 10
36.2309
 20
64.2701
 11
35.8726
 21
64.9404
  0
LINE
  8
0
 10
35.8726
 20
64.9404
 11
35.3913
 21
65.5277
  0
LINE
  8
0
 10
35.3913
 20
65.5277
 11
34.9785
 21
65.8658
  0
LINE
  8
0
 10
34.9785
 20
65.8658
 11
35.4777
 21
65.6785
  0
LINE
  8
0
 10
35.4777
 20
65.6785
 11
36.2274
 21
65.5544
  0
LINE
  8
0
 10
36.2274
 20
65.5544
 11
36.987
 21
65.5793
  0
LINE
  8
0
 10
36.987
 20
65.5793
 11
37.3303
 21
65.6594
  0
LINE
  8
0
 10
37.3303
 20
65.6594
 11
37.3581
 21
65.5973
  0
LINE
  8
0
 10
37.3581
 20
65.5973
 11
37.4555
 21
65.1775
  0
LINE
  8
0
 10
37.4555
 20
65.1775
 11
37.4706
 21
64.7432
  0
LINE
  8
0
 10
37.4706
 20
64.7432
 11
37.4231
 21
64.455
  0
LINE
  8
0
 10
37.4231
 20
64.455
 11
37.1975
 21
64.2695
  0
LINE
  8
0
 10
37.1975
 20
64.2695
 11
36.8142
 21
64.0648
  0
LINE
  8
0
 10
36.8142
 20
64.0648
 11
36.4008
 21
63.9396
  0
LINE
  8
0
 10
36.4008
 20
63.9396
 11
36.3336
 21
63.9332
  0
LINE
  8
0
 10
36.3336
 20
63.9332
 11
36.2309
 21
64.2701
  0
LINE
  8
0
 10
-1.76907
 20
64.2701
 11
-2.12741
 21
64.9404
  0
LINE
  8
0
 10
-2.12741
 20
64.9404
 11
-2.60867
 21
65.5277
  0
LINE
  8
0
 10
-2.60867
 20
65.5277
 11
-3.02151
 21
65.8658
  0
LINE
  8
0
 10
-3.02151
 20
65.8658
 11
-2.52228
 21
65.6785
  0
LINE
  8
0
 10
-2.52228
 20
65.6785
 11
-1.77255
 21
65.5544
  0
LINE
  8
0
 10
-1.77255
 20
65.5544
 11
-1.01297
 21
65.5793
  0
LINE
  8
0
 10
-1.01297
 20
65.5793
 11
-0.669708
 21
65.6594
  0
LINE
  8
0
 10
-0.669708
 20
65.6594
 11
-0.641876
 21
65.5973
  0
LINE
  8
0
 10
-0.641876
 20
65.5973
 11
-0.544464
 21
65.1775
  0
LINE
  8
0
 10
-0.544464
 20
65.1775
 11
-0.529388
 21
64.7432
  0
LINE
  8
0
 10
-0.529388
 20
64.7432
 11
-0.576935
 21
64.455
  0
LINE
  8
0
 10
-0.576935
 20
64.455
 11
-0.80249
 21
64.2695
  0
LINE
  8
0
 10
-0.80249
 20
64.2695
 11
-1.18576
 21
64.0648
  0
LINE
  8
0
 10
-1.18576
 20
64.0648
 11
-1.59918
 21
63.9396
  0
LINE
  8
0
 10
-1.59918
 20
63.9396
 11
-1.66644
 21
63.9332
  0
LINE
  8
0
 10
-1.66644
 20
63.9332
 11
-1.76907
 21
64.2701
  0
LINE
  8
0
 10
-17.4002
 20
63.939
 11
-17.8137
 21
64.0648
  0
LINE
  8
0
 10
-17.8137
 20
64.0648
 11
-18.1969
 21
64.2695
  0
LINE
  8
0
 10
-18.1969
 20
64.2695
 11
-18.4225
 21
64.4545
  0
LINE
  8
0
 10
-18.4225
 20
64.4545
 11
-18.47
 21
64.7426
  0
LINE
  8
0
 10
-18.47
 20
64.7426
 11
-18.4561
 21
65.1769
  0
LINE
  8
0
 10
-18.4561
 20
65.1769
 11
-18.3575
 21
65.5967
  0
LINE
  8
0
 10
-18.3575
 20
65.5967
 11
-18.3297
 21
65.6588
  0
LINE
  8
0
 10
-18.3297
 20
65.6588
 11
-17.9865
 21
65.5788
  0
LINE
  8
0
 10
-17.9865
 20
65.5788
 11
-17.2269
 21
65.5538
  0
LINE
  8
0
 10
-17.2269
 20
65.5538
 11
-16.4771
 21
65.6779
  0
LINE
  8
0
 10
-16.4771
 20
65.6779
 11
-15.9796
 21
65.8652
  0
LINE
  8
0
 10
-15.9796
 20
65.8652
 11
-16.3907
 21
65.5277
  0
LINE
  8
0
 10
-16.3907
 20
65.5277
 11
-16.872
 21
64.9404
  0
LINE
  8
0
 10
-16.872
 20
64.9404
 11
-17.2303
 21
64.2701
  0
LINE
  8
0
 10
-17.2303
 20
64.2701
 11
-17.333
 21
63.9332
  0
LINE
  8
0
 10
-17.333
 20
63.9332
 11
-17.4002
 21
63.939
  0
LINE
  8
0
 10
20.5998
 20
63.939
 11
20.1863
 21
64.0648
  0
LINE
  8
0
 10
20.1863
 20
64.0648
 11
19.8031
 21
64.2695
  0
LINE
  8
0
 10
19.8031
 20
64.2695
 11
19.5775
 21
64.4545
  0
LINE
  8
0
 10
19.5775
 20
64.4545
 11
19.53
 21
64.7426
  0
LINE
  8
0
 10
19.53
 20
64.7426
 11
19.5439
 21
65.1769
  0
LINE
  8
0
 10
19.5439
 20
65.1769
 11
19.6425
 21
65.5967
  0
LINE
  8
0
 10
19.6425
 20
65.5967
 11
19.6703
 21
65.6588
  0
LINE
  8
0
 10
19.6703
 20
65.6588
 11
20.0135
 21
65.5788
  0
LINE
  8
0
 10
20.0135
 20
65.5788
 11
20.7731
 21
65.5538
  0
LINE
  8
0
 10
20.7731
 20
65.5538
 11
21.5229
 21
65.6779
  0
LINE
  8
0
 10
21.5229
 20
65.6779
 11
22.0204
 21
65.8652
  0
LINE
  8
0
 10
22.0204
 20
65.8652
 11
21.6093
 21
65.5277
  0
LINE
  8
0
 10
21.6093
 20
65.5277
 11
21.128
 21
64.9404
  0
LINE
  8
0
 10
21.128
 20
64.9404
 11
20.7697
 21
64.2701
  0
LINE
  8
0
 10
20.7697
 20
64.2701
 11
20.667
 21
63.9332
  0
LINE
  8
0
 10
20.667
 20
63.9332
 11
20.5998
 21
63.939
  0
LINE
  8
0
 10
-39.7691
 20
64.2701
 11
-40.1274
 21
64.9404
  0
LINE
  8
0
 10
-40.1274
 20
64.9404
 11
-40.6087
 21
65.5277
  0
LINE
  8
0
 10
-40.6087
 20
65.5277
 11
-40.9898
 21
65.8398
  0
LINE
  8
0
 10
-40.9898
 20
65.8398
 11
-40.9857
 21
65.8524
  0
LINE
  8
0
 10
-40.9857
 20
65.8524
 11
-40.5223
 21
65.6785
  0
LINE
  8
0
 10
-40.5223
 20
65.6785
 11
-39.7726
 21
65.5544
  0
LINE
  8
0
 10
-39.7726
 20
65.5544
 11
-39.013
 21
65.5793
  0
LINE
  8
0
 10
-39.013
 20
65.5793
 11
-38.6697
 21
65.6594
  0
LINE
  8
0
 10
-38.6697
 20
65.6594
 11
-38.6419
 21
65.5973
  0
LINE
  8
0
 10
-38.6419
 20
65.5973
 11
-38.5445
 21
65.1775
  0
LINE
  8
0
 10
-38.5445
 20
65.1775
 11
-38.5294
 21
64.7432
  0
LINE
  8
0
 10
-38.5294
 20
64.7432
 11
-38.5769
 21
64.455
  0
LINE
  8
0
 10
-38.5769
 20
64.455
 11
-38.8025
 21
64.2695
  0
LINE
  8
0
 10
-38.8025
 20
64.2695
 11
-39.1858
 21
64.0648
  0
LINE
  8
0
 10
-39.1858
 20
64.0648
 11
-39.5992
 21
63.9396
  0
LINE
  8
0
 10
-39.5992
 20
63.9396
 11
-39.6664
 21
63.9332
  0
LINE
  8
0
 10
-39.6664
 20
63.9332
 11
-39.7691
 21
64.2701
  0
LINE
  8
0
 10
-41.3614
 20
64.6962
 11
-41.0534
 21
64.3211
  0
LINE
  8
0
 10
-41.0534
 20
64.3211
 11
-40.7977
 21
63.8427
  0
LINE
  8
0
 10
-40.7977
 20
63.8427
 11
-40.6411
 21
63.3255
  0
LINE
  8
0
 10
-40.6411
 20
63.3255
 11
-40.5878
 21
62.7857
  0
LINE
  8
0
 10
-40.5878
 20
62.7857
 11
-40.6406
 21
62.247
  0
LINE
  8
0
 10
-40.6406
 20
62.247
 11
-40.7977
 21
61.7292
  0
LINE
  8
0
 10
-40.7977
 20
61.7292
 11
-41.054
 21
61.2509
  0
LINE
  8
0
 10
-41.054
 20
61.2509
 11
-41.3972
 21
60.8328
  0
LINE
  8
0
 10
-41.3972
 20
60.8328
 11
-41.8147
 21
60.4896
  0
LINE
  8
0
 10
-41.8147
 20
60.4896
 11
-42.2937
 21
60.2339
  0
LINE
  8
0
 10
-42.2937
 20
60.2339
 11
-42.8109
 21
60.0773
  0
LINE
  8
0
 10
-42.8109
 20
60.0773
 11
-42.8638
 21
60.0723
  0
LINE
  8
0
 10
-42.8638
 20
60.0723
 11
-41.3614
 21
64.6962
  0
LINE
  8
0
 10
-9.94183
 20
55.227
 11
-10.5999
 21
55.3812
  0
LINE
  8
0
 10
-10.5999
 20
55.3812
 11
-11.2151
 21
55.659
  0
LINE
  8
0
 10
-11.2151
 20
55.659
 11
-11.7689
 21
56.0556
  0
LINE
  8
0
 10
-11.7689
 20
56.0556
 11
-12.2316
 21
56.5496
  0
LINE
  8
0
 10
-12.2316
 20
56.5496
 11
-12.4624
 21
56.9207
  0
LINE
  8
0
 10
-12.4624
 20
56.9207
 11
-12.6729
 21
57.315
  0
LINE
  8
0
 10
-12.6729
 20
57.315
 11
-12.8688
 21
57.9621
  0
LINE
  8
0
 10
-12.8688
 20
57.9621
 11
-12.9361
 21
58.6399
  0
LINE
  8
0
 10
-12.9361
 20
58.6399
 11
-12.9535
 21
58.6399
  0
LINE
  8
0
 10
-12.9535
 20
58.6399
 11
-12.8874
 21
59.3108
  0
LINE
  8
0
 10
-12.8874
 20
59.3108
 11
-12.6908
 21
59.9579
  0
LINE
  8
0
 10
-12.6908
 20
59.9579
 11
-12.3719
 21
60.5551
  0
LINE
  8
0
 10
-12.3719
 20
60.5551
 11
-11.9423
 21
61.0793
  0
LINE
  8
0
 10
-11.9423
 20
61.0793
 11
-11.4187
 21
61.5083
  0
LINE
  8
0
 10
-11.4187
 20
61.5083
 11
-10.8209
 21
61.8278
  0
LINE
  8
0
 10
-10.8209
 20
61.8278
 11
-10.1732
 21
62.0238
  0
LINE
  8
0
 10
-10.1732
 20
62.0238
 11
-9.5
 21
62.0905
  0
LINE
  8
0
 10
-9.5
 20
62.0905
 11
-8.82623
 21
62.0244
  0
LINE
  8
0
 10
-8.82623
 20
62.0244
 11
-8.17856
 21
61.8278
  0
LINE
  8
0
 10
-8.17856
 20
61.8278
 11
-7.58075
 21
61.5083
  0
LINE
  8
0
 10
-7.58075
 20
61.5083
 11
-7.05716
 21
61.0793
  0
LINE
  8
0
 10
-7.05716
 20
61.0793
 11
-6.6275
 21
60.5551
  0
LINE
  8
0
 10
-6.6275
 20
60.5551
 11
-6.30859
 21
59.9579
  0
LINE
  8
0
 10
-6.30859
 20
59.9579
 11
-6.11261
 21
59.3108
  0
LINE
  8
0
 10
-6.11261
 20
59.3108
 11
-6.04593
 21
58.6399
  0
LINE
  8
0
 10
-6.04593
 20
58.6399
 11
-6.0639
 21
58.6399
  0
LINE
  8
0
 10
-6.0639
 20
58.6399
 11
-6.13058
 21
57.9621
  0
LINE
  8
0
 10
-6.13058
 20
57.9621
 11
-6.32715
 21
57.315
  0
LINE
  8
0
 10
-6.32715
 20
57.315
 11
-6.53705
 21
56.9207
  0
LINE
  8
0
 10
-6.53705
 20
56.9207
 11
-6.76898
 21
56.549
  0
LINE
  8
0
 10
-6.76898
 20
56.549
 11
-7.23169
 21
56.055
  0
LINE
  8
0
 10
-7.23169
 20
56.055
 11
-7.78485
 21
55.6584
  0
LINE
  8
0
 10
-7.78485
 20
55.6584
 11
-8.39948
 21
55.3812
  0
LINE
  8
0
 10
-8.39948
 20
55.3812
 11
-9.05759
 21
55.2276
  0
LINE
  8
0
 10
-9.05759
 20
55.2276
 11
-9.5
 21
55.2125
  0
LINE
  8
0
 10
-9.5
 20
55.2125
 11
-9.94183
 21
55.227
  0
LINE
  8
0
 10
28.0582
 20
55.227
 11
27.4001
 21
55.3812
  0
LINE
  8
0
 10
27.4001
 20
55.3812
 11
26.7849
 21
55.659
  0
LINE
  8
0
 10
26.7849
 20
55.659
 11
26.2311
 21
56.0556
  0
LINE
  8
0
 10
26.2311
 20
56.0556
 11
25.7684
 21
56.5496
  0
LINE
  8
0
 10
25.7684
 20
56.5496
 11
25.5376
 21
56.9207
  0
LINE
  8
0
 10
25.5376
 20
56.9207
 11
25.3271
 21
57.315
  0
LINE
  8
0
 10
25.3271
 20
57.315
 11
25.1312
 21
57.9621
  0
LINE
  8
0
 10
25.1312
 20
57.9621
 11
25.0639
 21
58.6399
  0
LINE
  8
0
 10
25.0639
 20
58.6399
 11
25.0465
 21
58.6399
  0
LINE
  8
0
 10
25.0465
 20
58.6399
 11
25.1126
 21
59.3108
  0
LINE
  8
0
 10
25.1126
 20
59.3108
 11
25.3092
 21
59.9579
  0
LINE
  8
0
 10
25.3092
 20
59.9579
 11
25.6281
 21
60.5551
  0
LINE
  8
0
 10
25.6281
 20
60.5551
 11
26.0577
 21
61.0793
  0
LINE
  8
0
 10
26.0577
 20
61.0793
 11
26.5813
 21
61.5083
  0
LINE
  8
0
 10
26.5813
 20
61.5083
 11
27.1791
 21
61.8278
  0
LINE
  8
0
 10
27.1791
 20
61.8278
 11
27.8268
 21
62.0238
  0
LINE
  8
0
 10
27.8268
 20
62.0238
 11
28.5
 21
62.0905
  0
LINE
  8
0
 10
28.5
 20
62.0905
 11
29.1738
 21
62.0244
  0
LINE
  8
0
 10
29.1738
 20
62.0244
 11
29.8214
 21
61.8278
  0
LINE
  8
0
 10
29.8214
 20
61.8278
 11
30.4193
 21
61.5083
  0
LINE
  8
0
 10
30.4193
 20
61.5083
 11
30.9428
 21
61.0793
  0
LINE
  8
0
 10
30.9428
 20
61.0793
 11
31.3725
 21
60.5551
  0
LINE
  8
0
 10
31.3725
 20
60.5551
 11
31.6914
 21
59.9579
  0
LINE
  8
0
 10
31.6914
 20
59.9579
 11
31.8874
 21
59.3108
  0
LINE
  8
0
 10
31.8874
 20
59.3108
 11
31.9541
 21
58.6399
  0
LINE
  8
0
 10
31.9541
 20
58.6399
 11
31.9361
 21
58.6399
  0
LINE
  8
0
 10
31.9361
 20
58.6399
 11
31.8694
 21
57.9621
  0
LINE
  8
0
 10
31.8694
 20
57.9621
 11
31.6729
 21
57.315
  0
LINE
  8
0
 10
31.6729
 20
57.315
 11
31.463
 21
56.9207
  0
LINE
  8
0
 10
31.463
 20
56.9207
 11
31.231
 21
56.549
  0
LINE
  8
0
 10
31.231
 20
56.549
 11
30.7683
 21
56.055
  0
LINE
  8
0
 10
30.7683
 20
56.055
 11
30.2151
 21
55.6584
  0
LINE
  8
0
 10
30.2151
 20
55.6584
 11
29.6005
 21
55.3812
  0
LINE
  8
0
 10
29.6005
 20
55.3812
 11
28.9424
 21
55.2276
  0
LINE
  8
0
 10
28.9424
 20
55.2276
 11
28.5
 21
55.2125
  0
LINE
  8
0
 10
28.5
 20
55.2125
 11
28.0582
 21
55.227
  0
LINE
  8
0
 10
-29.1738
 20
55.2484
 11
-29.8214
 21
55.445
  0
LINE
  8
0
 10
-29.8214
 20
55.445
 11
-30.4193
 21
55.7645
  0
LINE
  8
0
 10
-30.4193
 20
55.7645
 11
-30.9428
 21
56.1936
  0
LINE
  8
0
 10
-30.9428
 20
56.1936
 11
-31.3725
 21
56.7177
  0
LINE
  8
0
 10
-31.3725
 20
56.7177
 11
-31.6914
 21
57.315
  0
LINE
  8
0
 10
-31.6914
 20
57.315
 11
-31.8874
 21
57.9621
  0
LINE
  8
0
 10
-31.8874
 20
57.9621
 11
-31.9541
 21
58.6329
  0
LINE
  8
0
 10
-31.9541
 20
58.6329
 11
-31.9361
 21
58.6329
  0
LINE
  8
0
 10
-31.9361
 20
58.6329
 11
-31.8694
 21
59.3108
  0
LINE
  8
0
 10
-31.8694
 20
59.3108
 11
-31.6729
 21
59.9579
  0
LINE
  8
0
 10
-31.6729
 20
59.9579
 11
-31.463
 21
60.3521
  0
LINE
  8
0
 10
-31.463
 20
60.3521
 11
-31.2316
 21
60.7232
  0
LINE
  8
0
 10
-31.2316
 20
60.7232
 11
-30.7689
 21
61.2173
  0
LINE
  8
0
 10
-30.7689
 20
61.2173
 11
-30.2151
 21
61.6144
  0
LINE
  8
0
 10
-30.2151
 20
61.6144
 11
-29.6005
 21
61.8916
  0
LINE
  8
0
 10
-29.6005
 20
61.8916
 11
-28.9424
 21
62.0453
  0
LINE
  8
0
 10
-28.9424
 20
62.0453
 11
-28.5
 21
62.0603
  0
LINE
  8
0
 10
-28.5
 20
62.0603
 11
-28.0582
 21
62.0458
  0
LINE
  8
0
 10
-28.0582
 20
62.0458
 11
-27.4001
 21
61.8916
  0
LINE
  8
0
 10
-27.4001
 20
61.8916
 11
-26.7849
 21
61.6139
  0
LINE
  8
0
 10
-26.7849
 20
61.6139
 11
-26.2311
 21
61.2173
  0
LINE
  8
0
 10
-26.2311
 20
61.2173
 11
-25.7684
 21
60.7232
  0
LINE
  8
0
 10
-25.7684
 20
60.7232
 11
-25.5376
 21
60.3521
  0
LINE
  8
0
 10
-25.5376
 20
60.3521
 11
-25.3271
 21
59.9579
  0
LINE
  8
0
 10
-25.3271
 20
59.9579
 11
-25.1312
 21
59.3108
  0
LINE
  8
0
 10
-25.1312
 20
59.3108
 11
-25.0639
 21
58.6329
  0
LINE
  8
0
 10
-25.0639
 20
58.6329
 11
-25.0465
 21
58.6329
  0
LINE
  8
0
 10
-25.0465
 20
58.6329
 11
-25.1126
 21
57.9621
  0
LINE
  8
0
 10
-25.1126
 20
57.9621
 11
-25.3092
 21
57.315
  0
LINE
  8
0
 10
-25.3092
 20
57.315
 11
-25.6287
 21
56.7172
  0
LINE
  8
0
 10
-25.6287
 20
56.7172
 11
-26.0583
 21
56.193
  0
LINE
  8
0
 10
-26.0583
 20
56.193
 11
-26.5813
 21
55.7645
  0
LINE
  8
0
 10
-26.5813
 20
55.7645
 11
-27.1791
 21
55.445
  0
LINE
  8
0
 10
-27.1791
 20
55.445
 11
-27.8268
 21
55.249
  0
LINE
  8
0
 10
-27.8268
 20
55.249
 11
-28.5
 21
55.1823
  0
LINE
  8
0
 10
-28.5
 20
55.1823
 11
-29.1738
 21
55.2484
  0
LINE
  8
0
 10
8.82623
 20
55.2484
 11
8.17856
 21
55.445
  0
LINE
  8
0
 10
8.17856
 20
55.445
 11
7.58075
 21
55.7645
  0
LINE
  8
0
 10
7.58075
 20
55.7645
 11
7.05716
 21
56.1936
  0
LINE
  8
0
 10
7.05716
 20
56.1936
 11
6.6275
 21
56.7177
  0
LINE
  8
0
 10
6.6275
 20
56.7177
 11
6.30859
 21
57.315
  0
LINE
  8
0
 10
6.30859
 20
57.315
 11
6.11261
 21
57.9621
  0
LINE
  8
0
 10
6.11261
 20
57.9621
 11
6.04593
 21
58.6329
  0
LINE
  8
0
 10
6.04593
 20
58.6329
 11
6.0639
 21
58.6329
  0
LINE
  8
0
 10
6.0639
 20
58.6329
 11
6.13058
 21
59.3108
  0
LINE
  8
0
 10
6.13058
 20
59.3108
 11
6.32715
 21
59.9579
  0
LINE
  8
0
 10
6.32715
 20
59.9579
 11
6.53705
 21
60.3521
  0
LINE
  8
0
 10
6.53705
 20
60.3521
 11
6.7684
 21
60.7232
  0
LINE
  8
0
 10
6.7684
 20
60.7232
 11
7.23111
 21
61.2173
  0
LINE
  8
0
 10
7.23111
 20
61.2173
 11
7.78485
 21
61.6144
  0
LINE
  8
0
 10
7.78485
 20
61.6144
 11
8.39948
 21
61.8916
  0
LINE
  8
0
 10
8.39948
 20
61.8916
 11
9.05759
 21
62.0453
  0
LINE
  8
0
 10
9.05759
 20
62.0453
 11
9.5
 21
62.0603
  0
LINE
  8
0
 10
9.5
 20
62.0603
 11
9.94183
 21
62.0458
  0
LINE
  8
0
 10
9.94183
 20
62.0458
 11
10.5999
 21
61.8916
  0
LINE
  8
0
 10
10.5999
 20
61.8916
 11
11.2151
 21
61.6139
  0
LINE
  8
0
 10
11.2151
 20
61.6139
 11
11.7689
 21
61.2173
  0
LINE
  8
0
 10
11.7689
 20
61.2173
 11
12.2316
 21
60.7232
  0
LINE
  8
0
 10
12.2316
 20
60.7232
 11
12.4624
 21
60.3521
  0
LINE
  8
0
 10
12.4624
 20
60.3521
 11
12.6729
 21
59.9579
  0
LINE
  8
0
 10
12.6729
 20
59.9579
 11
12.8688
 21
59.3108
  0
LINE
  8
0
 10
12.8688
 20
59.3108
 11
12.9361
 21
58.6329
  0
LINE
  8
0
 10
12.9361
 20
58.6329
 11
12.9535
 21
58.6329
  0
LINE
  8
0
 10
12.9535
 20
58.6329
 11
12.8874
 21
57.9621
  0
LINE
  8
0
 10
12.8874
 20
57.9621
 11
12.6908
 21
57.315
  0
LINE
  8
0
 10
12.6908
 20
57.315
 11
12.3713
 21
56.7172
  0
LINE
  8
0
 10
12.3713
 20
56.7172
 11
11.9417
 21
56.193
  0
LINE
  8
0
 10
11.9417
 20
56.193
 11
11.4187
 21
55.7645
  0
LINE
  8
0
 10
11.4187
 20
55.7645
 11
10.8209
 21
55.445
  0
LINE
  8
0
 10
10.8209
 20
55.445
 11
10.1732
 21
55.249
  0
LINE
  8
0
 10
10.1732
 20
55.249
 11
9.5
 21
55.1823
  0
LINE
  8
0
 10
9.5
 20
55.1823
 11
8.82623
 21
55.2484
  0
LINE
  8
0
 10
-20.1921
 20
56.9439
 11
-20.5151
 21
57.0424
  0
LINE
  8
0
 10
-20.5151
 20
57.0424
 11
-20.8143
 21
57.2019
  0
LINE
  8
0
 10
-20.8143
 20
57.2019
 11
-21.0758
 21
57.4164
  0
LINE
  8
0
 10
-21.0758
 20
57.4164
 11
-21.2903
 21
57.6779
  0
LINE
  8
0
 10
-21.2903
 20
57.6779
 11
-21.4498
 21
57.9766
  0
LINE
  8
0
 10
-21.4498
 20
57.9766
 11
-21.5472
 21
58.2995
  0
LINE
  8
0
 10
-21.5472
 20
58.2995
 11
-21.5803
 21
58.6329
  0
LINE
  8
0
 10
-21.5803
 20
58.6329
 11
-19.8698
 21
58.6329
  0
LINE
  8
0
 10
-19.8698
 20
58.6329
 11
-19.8367
 21
58.9733
  0
LINE
  8
0
 10
-19.8367
 20
58.9733
 11
-19.7387
 21
59.2963
  0
LINE
  8
0
 10
-19.7387
 20
59.2963
 11
-19.5793
 21
59.5949
  0
LINE
  8
0
 10
-19.5793
 20
59.5949
 11
-19.3647
 21
59.8564
  0
LINE
  8
0
 10
-19.3647
 20
59.8564
 11
-19.1032
 21
60.0709
  0
LINE
  8
0
 10
-19.1032
 20
60.0709
 11
-18.804
 21
60.2304
  0
LINE
  8
0
 10
-18.804
 20
60.2304
 11
-18.481
 21
60.3284
  0
LINE
  8
0
 10
-18.481
 20
60.3284
 11
-18.1447
 21
60.3614
  0
LINE
  8
0
 10
-18.1447
 20
60.3614
 11
-17.8079
 21
60.3289
  0
LINE
  8
0
 10
-17.8079
 20
60.3289
 11
-17.4849
 21
60.2304
  0
LINE
  8
0
 10
-17.4849
 20
60.2304
 11
-17.1857
 21
60.0709
  0
LINE
  8
0
 10
-17.1857
 20
60.0709
 11
-16.9242
 21
59.8564
  0
LINE
  8
0
 10
-16.9242
 20
59.8564
 11
-16.7097
 21
59.5949
  0
LINE
  8
0
 10
-16.7097
 20
59.5949
 11
-16.5502
 21
59.2963
  0
LINE
  8
0
 10
-16.5502
 20
59.2963
 11
-16.4528
 21
58.9733
  0
LINE
  8
0
 10
-16.4528
 20
58.9733
 11
-16.4197
 21
58.6399
  0
LINE
  8
0
 10
-16.4197
 20
58.6399
 11
-18.1302
 21
58.6399
  0
LINE
  8
0
 10
-18.1302
 20
58.6399
 11
-18.1633
 21
58.2995
  0
LINE
  8
0
 10
-18.1633
 20
58.2995
 11
-18.2613
 21
57.9766
  0
LINE
  8
0
 10
-18.2613
 20
57.9766
 11
-18.4213
 21
57.6774
  0
LINE
  8
0
 10
-18.4213
 20
57.6774
 11
-18.6359
 21
57.4159
  0
LINE
  8
0
 10
-18.6359
 20
57.4159
 11
-18.8968
 21
57.2019
  0
LINE
  8
0
 10
-18.8968
 20
57.2019
 11
-19.196
 21
57.0424
  0
LINE
  8
0
 10
-19.196
 20
57.0424
 11
-19.519
 21
56.9445
  0
LINE
  8
0
 10
-19.519
 20
56.9445
 11
-19.8553
 21
56.9114
  0
LINE
  8
0
 10
-19.8553
 20
56.9114
 11
-20.1921
 21
56.9439
  0
LINE
  8
0
 10
17.8079
 20
56.9439
 11
17.4849
 21
57.0424
  0
LINE
  8
0
 10
17.4849
 20
57.0424
 11
17.1857
 21
57.2019
  0
LINE
  8
0
 10
17.1857
 20
57.2019
 11
16.9242
 21
57.4164
  0
LINE
  8
0
 10
16.9242
 20
57.4164
 11
16.7097
 21
57.6779
  0
LINE
  8
0
 10
16.7097
 20
57.6779
 11
16.5502
 21
57.9766
  0
LINE
  8
0
 10
16.5502
 20
57.9766
 11
16.4528
 21
58.2995
  0
LINE
  8
0
 10
16.4528
 20
58.2995
 11
16.4197
 21
58.6329
  0
LINE
  8
0
 10
16.4197
 20
58.6329
 11
18.1302
 21
58.6329
  0
LINE
  8
0
 10
18.1302
 20
58.6329
 11
18.1633
 21
58.9733
  0
LINE
  8
0
 10
18.1633
 20
58.9733
 11
18.2613
 21
59.2963
  0
LINE
  8
0
 10
18.2613
 20
59.2963
 11
18.4207
 21
59.5949
  0
LINE
  8
0
 10
18.4207
 20
59.5949
 11
18.6353
 21
59.8564
  0
LINE
  8
0
 10
18.6353
 20
59.8564
 11
18.8968
 21
60.0709
  0
LINE
  8
0
 10
18.8968
 20
60.0709
 11
19.196
 21
60.2304
  0
LINE
  8
0
 10
19.196
 20
60.2304
 11
19.519
 21
60.3284
  0
LINE
  8
0
 10
19.519
 20
60.3284
 11
19.8553
 21
60.3614
  0
LINE
  8
0
 10
19.8553
 20
60.3614
 11
20.1921
 21
60.3289
  0
LINE
  8
0
 10
20.1921
 20
60.3289
 11
20.5151
 21
60.2304
  0
LINE
  8
0
 10
20.5151
 20
60.2304
 11
20.8143
 21
60.0709
  0
LINE
  8
0
 10
20.8143
 20
60.0709
 11
21.0758
 21
59.8564
  0
LINE
  8
0
 10
21.0758
 20
59.8564
 11
21.2903
 21
59.5949
  0
LINE
  8
0
 10
21.2903
 20
59.5949
 11
21.4498
 21
59.2963
  0
LINE
  8
0
 10
21.4498
 20
59.2963
 11
21.5472
 21
58.9733
  0
LINE
  8
0
 10
21.5472
 20
58.9733
 11
21.5803
 21
58.6399
  0
LINE
  8
0
 10
21.5803
 20
58.6399
 11
19.8698
 21
58.6399
  0
LINE
  8
0
 10
19.8698
 20
58.6399
 11
19.8367
 21
58.2995
  0
LINE
  8
0
 10
19.8367
 20
58.2995
 11
19.7387
 21
57.9766
  0
LINE
  8
0
 10
19.7387
 20
57.9766
 11
19.5787
 21
57.6774
  0
LINE
  8
0
 10
19.5787
 20
57.6774
 11
19.3641
 21
57.4159
  0
LINE
  8
0
 10
19.3641
 20
57.4159
 11
19.1032
 21
57.2019
  0
LINE
  8
0
 10
19.1032
 20
57.2019
 11
18.804
 21
57.0424
  0
LINE
  8
0
 10
18.804
 20
57.0424
 11
18.481
 21
56.9445
  0
LINE
  8
0
 10
18.481
 20
56.9445
 11
18.1447
 21
56.9114
  0
LINE
  8
0
 10
18.1447
 20
56.9114
 11
17.8079
 21
56.9439
  0
LINE
  8
0
 10
0.518372
 20
56.9439
 11
0.195404
 21
57.0424
  0
LINE
  8
0
 10
0.195404
 20
57.0424
 11
-0.10321
 21
57.2019
  0
LINE
  8
0
 10
-0.10321
 20
57.2019
 11
-0.364716
 21
57.4164
  0
LINE
  8
0
 10
-0.364716
 20
57.4164
 11
-0.579254
 21
57.6779
  0
LINE
  8
0
 10
-0.579254
 20
57.6779
 11
-0.738708
 21
57.9766
  0
LINE
  8
0
 10
-0.738708
 20
57.9766
 11
-0.836121
 21
58.2995
  0
LINE
  8
0
 10
-0.836121
 20
58.2995
 11
-0.869751
 21
58.6399
  0
LINE
  8
0
 10
-0.869751
 20
58.6399
 11
-2.57968
 21
58.6399
  0
LINE
  8
0
 10
-2.57968
 20
58.6399
 11
-2.54721
 21
58.9733
  0
LINE
  8
0
 10
-2.54721
 20
58.9733
 11
-2.44922
 21
59.2963
  0
LINE
  8
0
 10
-2.44922
 20
59.2963
 11
-2.28976
 21
59.5949
  0
LINE
  8
0
 10
-2.28976
 20
59.5949
 11
-2.07523
 21
59.8564
  0
LINE
  8
0
 10
-2.07523
 20
59.8564
 11
-1.81372
 21
60.0709
  0
LINE
  8
0
 10
-1.81372
 20
60.0709
 11
-1.51453
 21
60.2304
  0
LINE
  8
0
 10
-1.51453
 20
60.2304
 11
-1.19156
 21
60.3284
  0
LINE
  8
0
 10
-1.19156
 20
60.3284
 11
-0.854675
 21
60.3614
  0
LINE
  8
0
 10
-0.854675
 20
60.3614
 11
-0.518372
 21
60.3289
  0
LINE
  8
0
 10
-0.518372
 20
60.3289
 11
-0.195404
 21
60.2304
  0
LINE
  8
0
 10
-0.195404
 20
60.2304
 11
0.10321
 21
60.0709
  0
LINE
  8
0
 10
0.10321
 20
60.0709
 11
0.364716
 21
59.8564
  0
LINE
  8
0
 10
0.364716
 20
59.8564
 11
0.579254
 21
59.5949
  0
LINE
  8
0
 10
0.579254
 20
59.5949
 11
0.738708
 21
59.2963
  0
LINE
  8
0
 10
0.738708
 20
59.2963
 11
0.836121
 21
58.9733
  0
LINE
  8
0
 10
0.836121
 20
58.9733
 11
0.869751
 21
58.6329
  0
LINE
  8
0
 10
0.869751
 20
58.6329
 11
2.57968
 21
58.6329
  0
LINE
  8
0
 10
2.57968
 20
58.6329
 11
2.54721
 21
58.2995
  0
LINE
  8
0
 10
2.54721
 20
58.2995
 11
2.44922
 21
57.9766
  0
LINE
  8
0
 10
2.44922
 20
57.9766
 11
2.28918
 21
57.6774
  0
LINE
  8
0
 10
2.28918
 20
57.6774
 11
2.07465
 21
57.4159
  0
LINE
  8
0
 10
2.07465
 20
57.4159
 11
1.81372
 21
57.2019
  0
LINE
  8
0
 10
1.81372
 20
57.2019
 11
1.51453
 21
57.0424
  0
LINE
  8
0
 10
1.51453
 20
57.0424
 11
1.19156
 21
56.9445
  0
LINE
  8
0
 10
1.19156
 20
56.9445
 11
0.854675
 21
56.9114
  0
LINE
  8
0
 10
0.854675
 20
56.9114
 11
0.518372
 21
56.9439
  0
LINE
  8
0
 10
38.5184
 20
56.9439
 11
38.1954
 21
57.0424
  0
LINE
  8
0
 10
38.1954
 20
57.0424
 11
37.8968
 21
57.2019
  0
LINE
  8
0
 10
37.8968
 20
57.2019
 11
37.6353
 21
57.4164
  0
LINE
  8
0
 10
37.6353
 20
57.4164
 11
37.4207
 21
57.6779
  0
LINE
  8
0
 10
37.4207
 20
57.6779
 11
37.2613
 21
57.9766
  0
LINE
  8
0
 10
37.2613
 20
57.9766
 11
37.1639
 21
58.2995
  0
LINE
  8
0
 10
37.1639
 20
58.2995
 11
37.1302
 21
58.6399
  0
LINE
  8
0
 10
37.1302
 20
58.6399
 11
35.4203
 21
58.6399
  0
LINE
  8
0
 10
35.4203
 20
58.6399
 11
35.4528
 21
58.9733
  0
LINE
  8
0
 10
35.4528
 20
58.9733
 11
35.5508
 21
59.2963
  0
LINE
  8
0
 10
35.5508
 20
59.2963
 11
35.7102
 21
59.5949
  0
LINE
  8
0
 10
35.7102
 20
59.5949
 11
35.9248
 21
59.8564
  0
LINE
  8
0
 10
35.9248
 20
59.8564
 11
36.1863
 21
60.0709
  0
LINE
  8
0
 10
36.1863
 20
60.0709
 11
36.4855
 21
60.2304
  0
LINE
  8
0
 10
36.4855
 20
60.2304
 11
36.8084
 21
60.3284
  0
LINE
  8
0
 10
36.8084
 20
60.3284
 11
37.1453
 21
60.3614
  0
LINE
  8
0
 10
37.1453
 20
60.3614
 11
37.4816
 21
60.3289
  0
LINE
  8
0
 10
37.4816
 20
60.3289
 11
37.8046
 21
60.2304
  0
LINE
  8
0
 10
37.8046
 20
60.2304
 11
38.1032
 21
60.0709
  0
LINE
  8
0
 10
38.1032
 20
60.0709
 11
38.3647
 21
59.8564
  0
LINE
  8
0
 10
38.3647
 20
59.8564
 11
38.5793
 21
59.5949
  0
LINE
  8
0
 10
38.5793
 20
59.5949
 11
38.7387
 21
59.2963
  0
LINE
  8
0
 10
38.7387
 20
59.2963
 11
38.8361
 21
58.9733
  0
LINE
  8
0
 10
38.8361
 20
58.9733
 11
38.8698
 21
58.6329
  0
LINE
  8
0
 10
38.8698
 20
58.6329
 11
40.5797
 21
58.6329
  0
LINE
  8
0
 10
40.5797
 20
58.6329
 11
40.5472
 21
58.2995
  0
LINE
  8
0
 10
40.5472
 20
58.2995
 11
40.4492
 21
57.9766
  0
LINE
  8
0
 10
40.4492
 20
57.9766
 11
40.2892
 21
57.6774
  0
LINE
  8
0
 10
40.2892
 20
57.6774
 11
40.0746
 21
57.4159
  0
LINE
  8
0
 10
40.0746
 20
57.4159
 11
39.8137
 21
57.2019
  0
LINE
  8
0
 10
39.8137
 20
57.2019
 11
39.5145
 21
57.0424
  0
LINE
  8
0
 10
39.5145
 20
57.0424
 11
39.1916
 21
56.9445
  0
LINE
  8
0
 10
39.1916
 20
56.9445
 11
38.8547
 21
56.9114
  0
LINE
  8
0
 10
38.8547
 20
56.9114
 11
38.5184
 21
56.9439
  0
LINE
  8
0
 10
-37.4816
 20
56.9439
 11
-37.8046
 21
57.0424
  0
LINE
  8
0
 10
-37.8046
 20
57.0424
 11
-38.1032
 21
57.2019
  0
LINE
  8
0
 10
-38.1032
 20
57.2019
 11
-38.3647
 21
57.4164
  0
LINE
  8
0
 10
-38.3647
 20
57.4164
 11
-38.5793
 21
57.6779
  0
LINE
  8
0
 10
-38.5793
 20
57.6779
 11
-38.7387
 21
57.9766
  0
LINE
  8
0
 10
-38.7387
 20
57.9766
 11
-38.8361
 21
58.2995
  0
LINE
  8
0
 10
-38.8361
 20
58.2995
 11
-38.8698
 21
58.6399
  0
LINE
  8
0
 10
-38.8698
 20
58.6399
 11
-40.5797
 21
58.6399
  0
LINE
  8
0
 10
-40.5797
 20
58.6399
 11
-40.5472
 21
58.9733
  0
LINE
  8
0
 10
-40.5472
 20
58.9733
 11
-40.4492
 21
59.2963
  0
LINE
  8
0
 10
-40.4492
 20
59.2963
 11
-40.2898
 21
59.5949
  0
LINE
  8
0
 10
-40.2898
 20
59.5949
 11
-40.0752
 21
59.8564
  0
LINE
  8
0
 10
-40.0752
 20
59.8564
 11
-39.8137
 21
60.0709
  0
LINE
  8
0
 10
-39.8137
 20
60.0709
 11
-39.5145
 21
60.2304
  0
LINE
  8
0
 10
-39.5145
 20
60.2304
 11
-39.1916
 21
60.3284
  0
LINE
  8
0
 10
-39.1916
 20
60.3284
 11
-38.8547
 21
60.3614
  0
LINE
  8
0
 10
-38.8547
 20
60.3614
 11
-38.5184
 21
60.3289
  0
LINE
  8
0
 10
-38.5184
 20
60.3289
 11
-38.1954
 21
60.2304
  0
LINE
  8
0
 10
-38.1954
 20
60.2304
 11
-37.8968
 21
60.0709
  0
LINE
  8
0
 10
-37.8968
 20
60.0709
 11
-37.6353
 21
59.8564
  0
LINE
  8
0
 10
-37.6353
 20
59.8564
 11
-37.4207
 21
59.5949
  0
LINE
  8
0
 10
-37.4207
 20
59.5949
 11
-37.2613
 21
59.2963
  0
LINE
  8
0
 10
-37.2613
 20
59.2963
 11
-37.1639
 21
58.9733
  0
LINE
  8
0
 10
-37.1639
 20
58.9733
 11
-37.1302
 21
58.6329
  0
LINE
  8
0
 10
-37.1302
 20
58.6329
 11
-35.4203
 21
58.6329
  0
LINE
  8
0
 10
-35.4203
 20
58.6329
 11
-35.4528
 21
58.2995
  0
LINE
  8
0
 10
-35.4528
 20
58.2995
 11
-35.5508
 21
57.9766
  0
LINE
  8
0
 10
-35.5508
 20
57.9766
 11
-35.7108
 21
57.6774
  0
LINE
  8
0
 10
-35.7108
 20
57.6774
 11
-35.9254
 21
57.4159
  0
LINE
  8
0
 10
-35.9254
 20
57.4159
 11
-36.1863
 21
57.2019
  0
LINE
  8
0
 10
-36.1863
 20
57.2019
 11
-36.4855
 21
57.0424
  0
LINE
  8
0
 10
-36.4855
 20
57.0424
 11
-36.8084
 21
56.9445
  0
LINE
  8
0
 10
-36.8084
 20
56.9445
 11
-37.1453
 21
56.9114
  0
LINE
  8
0
 10
-37.1453
 20
56.9114
 11
-37.4816
 21
56.9439
  0
LINE
  8
0
 10
-29.0392
 20
51.4314
 11
-29.557
 21
51.5885
  0
LINE
  8
0
 10
-29.557
 20
51.5885
 11
-30.0348
 21
51.8442
  0
LINE
  8
0
 10
-30.0348
 20
51.8442
 11
-30.454
 21
52.1881
  0
LINE
  8
0
 10
-30.454
 20
52.1881
 11
-30.7208
 21
52.5134
  0
LINE
  8
0
 10
-30.7208
 20
52.5134
 11
-31.1145
 21
52.1898
  0
LINE
  8
0
 10
-31.1145
 20
52.1898
 11
-31.5923
 21
51.9341
  0
LINE
  8
0
 10
-31.5923
 20
51.9341
 11
-32.1106
 21
51.7776
  0
LINE
  8
0
 10
-32.1106
 20
51.7776
 11
-32.6499
 21
51.7242
  0
LINE
  8
0
 10
-32.6499
 20
51.7242
 11
-33.1891
 21
51.777
  0
LINE
  8
0
 10
-33.1891
 20
51.777
 11
-33.7063
 21
51.9341
  0
LINE
  8
0
 10
-33.7063
 20
51.9341
 11
-34.1853
 21
52.1898
  0
LINE
  8
0
 10
-34.1853
 20
52.1898
 11
-34.6033
 21
52.5337
  0
LINE
  8
0
 10
-34.6033
 20
52.5337
 11
-34.9466
 21
52.9517
  0
LINE
  8
0
 10
-34.9466
 20
52.9517
 11
-35.2023
 21
53.4301
  0
LINE
  8
0
 10
-35.2023
 20
53.4301
 11
-35.3589
 21
53.9473
  0
LINE
  8
0
 10
-35.3589
 20
53.9473
 11
-35.4122
 21
54.4871
  0
LINE
  8
0
 10
-35.4122
 20
54.4871
 11
-35.3594
 21
55.0258
  0
LINE
  8
0
 10
-35.3594
 20
55.0258
 11
-35.2023
 21
55.5436
  0
LINE
  8
0
 10
-35.2023
 20
55.5436
 11
-34.9466
 21
56.0214
  0
LINE
  8
0
 10
-34.9466
 20
56.0214
 11
-34.6033
 21
56.4394
  0
LINE
  8
0
 10
-34.6033
 20
56.4394
 11
-34.1853
 21
56.7833
  0
LINE
  8
0
 10
-34.1853
 20
56.7833
 11
-33.7063
 21
57.039
  0
LINE
  8
0
 10
-33.7063
 20
57.039
 11
-33.1891
 21
57.1955
  0
LINE
  8
0
 10
-33.1891
 20
57.1955
 11
-33.1039
 21
57.2036
  0
LINE
  8
0
 10
-33.1039
 20
57.2036
 11
-32.9763
 21
56.7815
  0
LINE
  8
0
 10
-32.9763
 20
56.7815
 11
-32.5281
 21
55.9442
  0
LINE
  8
0
 10
-32.5281
 20
55.9442
 11
-31.9262
 21
55.2102
  0
LINE
  8
0
 10
-31.9262
 20
55.2102
 11
-31.1922
 21
54.6083
  0
LINE
  8
0
 10
-31.1922
 20
54.6083
 11
-30.3549
 21
54.1601
  0
LINE
  8
0
 10
-30.3549
 20
54.1601
 11
-29.4445
 21
53.8847
  0
LINE
  8
0
 10
-29.4445
 20
53.8847
 11
-28.5
 21
53.7907
  0
LINE
  8
0
 10
-28.5
 20
53.7907
 11
-27.556
 21
53.8847
  0
LINE
  8
0
 10
-27.556
 20
53.8847
 11
-26.6457
 21
54.1601
  0
LINE
  8
0
 10
-26.6457
 20
54.1601
 11
-25.8084
 21
54.6083
  0
LINE
  8
0
 10
-25.8084
 20
54.6083
 11
-25.0743
 21
55.2102
  0
LINE
  8
0
 10
-25.0743
 20
55.2102
 11
-24.4725
 21
55.9442
  0
LINE
  8
0
 10
-24.4725
 20
55.9442
 11
-24.0243
 21
56.7815
  0
LINE
  8
0
 10
-24.0243
 20
56.7815
 11
-23.8967
 21
57.2036
  0
LINE
  8
0
 10
-23.8967
 20
57.2036
 11
-23.8115
 21
57.1961
  0
LINE
  8
0
 10
-23.8115
 20
57.1961
 11
-23.2943
 21
57.039
  0
LINE
  8
0
 10
-23.2943
 20
57.039
 11
-22.8153
 21
56.7833
  0
LINE
  8
0
 10
-22.8153
 20
56.7833
 11
-22.3972
 21
56.4394
  0
LINE
  8
0
 10
-22.3972
 20
56.4394
 11
-22.054
 21
56.0214
  0
LINE
  8
0
 10
-22.054
 20
56.0214
 11
-21.7983
 21
55.5436
  0
LINE
  8
0
 10
-21.7983
 20
55.5436
 11
-21.6417
 21
55.0258
  0
LINE
  8
0
 10
-21.6417
 20
55.0258
 11
-21.5884
 21
54.486
  0
LINE
  8
0
 10
-21.5884
 20
54.486
 11
-21.6411
 21
53.9473
  0
LINE
  8
0
 10
-21.6411
 20
53.9473
 11
-21.7983
 21
53.4301
  0
LINE
  8
0
 10
-21.7983
 20
53.4301
 11
-22.0546
 21
52.9511
  0
LINE
  8
0
 10
-22.0546
 20
52.9511
 11
-22.3978
 21
52.5331
  0
LINE
  8
0
 10
-22.3978
 20
52.5331
 11
-22.8153
 21
52.1898
  0
LINE
  8
0
 10
-22.8153
 20
52.1898
 11
-23.2943
 21
51.9341
  0
LINE
  8
0
 10
-23.2943
 20
51.9341
 11
-23.8115
 21
51.7776
  0
LINE
  8
0
 10
-23.8115
 20
51.7776
 11
-24.3507
 21
51.7242
  0
LINE
  8
0
 10
-24.3507
 20
51.7242
 11
-24.89
 21
51.777
  0
LINE
  8
0
 10
-24.89
 20
51.777
 11
-25.4083
 21
51.9341
  0
LINE
  8
0
 10
-25.4083
 20
51.9341
 11
-25.8861
 21
52.1898
  0
LINE
  8
0
 10
-25.8861
 20
52.1898
 11
-26.2798
 21
52.5134
  0
LINE
  8
0
 10
-26.2798
 20
52.5134
 11
-26.5471
 21
52.1875
  0
LINE
  8
0
 10
-26.5471
 20
52.1875
 11
-26.9658
 21
51.8442
  0
LINE
  8
0
 10
-26.9658
 20
51.8442
 11
-27.4435
 21
51.5885
  0
LINE
  8
0
 10
-27.4435
 20
51.5885
 11
-27.9613
 21
51.432
  0
LINE
  8
0
 10
-27.9613
 20
51.432
 11
-28.5
 21
51.3786
  0
LINE
  8
0
 10
-28.5
 20
51.3786
 11
-29.0392
 21
51.4314
  0
LINE
  8
0
 10
8.96075
 20
51.4314
 11
8.44296
 21
51.5885
  0
LINE
  8
0
 10
8.44296
 20
51.5885
 11
7.96518
 21
51.8442
  0
LINE
  8
0
 10
7.96518
 20
51.8442
 11
7.54596
 21
52.1881
  0
LINE
  8
0
 10
7.54596
 20
52.1881
 11
7.27924
 21
52.5134
  0
LINE
  8
0
 10
7.27924
 20
52.5134
 11
6.88553
 21
52.1898
  0
LINE
  8
0
 10
6.88553
 20
52.1898
 11
6.40775
 21
51.9341
  0
LINE
  8
0
 10
6.40775
 20
51.9341
 11
5.88937
 21
51.7776
  0
LINE
  8
0
 10
5.88937
 20
51.7776
 11
5.35013
 21
51.7242
  0
LINE
  8
0
 10
5.35013
 20
51.7242
 11
4.81088
 21
51.777
  0
LINE
  8
0
 10
4.81088
 20
51.777
 11
4.29367
 21
51.9341
  0
LINE
  8
0
 10
4.29367
 20
51.9341
 11
3.81473
 21
52.1898
  0
LINE
  8
0
 10
3.81473
 20
52.1898
 11
3.39667
 21
52.5337
  0
LINE
  8
0
 10
3.39667
 20
52.5337
 11
3.05341
 21
52.9517
  0
LINE
  8
0
 10
3.05341
 20
52.9517
 11
2.7977
 21
53.4301
  0
LINE
  8
0
 10
2.7977
 20
53.4301
 11
2.64114
 21
53.9473
  0
LINE
  8
0
 10
2.64114
 20
53.9473
 11
2.5878
 21
54.4871
  0
LINE
  8
0
 10
2.5878
 20
54.4871
 11
2.64056
 21
55.0258
  0
LINE
  8
0
 10
2.64056
 20
55.0258
 11
2.7977
 21
55.5436
  0
LINE
  8
0
 10
2.7977
 20
55.5436
 11
3.05341
 21
56.0214
  0
LINE
  8
0
 10
3.05341
 20
56.0214
 11
3.39667
 21
56.4394
  0
LINE
  8
0
 10
3.39667
 20
56.4394
 11
3.81473
 21
56.7833
  0
LINE
  8
0
 10
3.81473
 20
56.7833
 11
4.29367
 21
57.039
  0
LINE
  8
0
 10
4.29367
 20
57.039
 11
4.81088
 21
57.1955
  0
LINE
  8
0
 10
4.81088
 20
57.1955
 11
4.89612
 21
57.2036
  0
LINE
  8
0
 10
4.89612
 20
57.2036
 11
5.02368
 21
56.7815
  0
LINE
  8
0
 10
5.02368
 20
56.7815
 11
5.47189
 21
55.9442
  0
LINE
  8
0
 10
5.47189
 20
55.9442
 11
6.07376
 21
55.2102
  0
LINE
  8
0
 10
6.07376
 20
55.2102
 11
6.80783
 21
54.6083
  0
LINE
  8
0
 10
6.80783
 20
54.6083
 11
7.64511
 21
54.1601
  0
LINE
  8
0
 10
7.64511
 20
54.1601
 11
8.55545
 21
53.8847
  0
LINE
  8
0
 10
8.55545
 20
53.8847
 11
9.5
 21
53.7907
  0
LINE
  8
0
 10
9.5
 20
53.7907
 11
10.444
 21
53.8847
  0
LINE
  8
0
 10
10.444
 20
53.8847
 11
11.3543
 21
54.1601
  0
LINE
  8
0
 10
11.3543
 20
54.1601
 11
12.1916
 21
54.6083
  0
LINE
  8
0
 10
12.1916
 20
54.6083
 11
12.9257
 21
55.2102
  0
LINE
  8
0
 10
12.9257
 20
55.2102
 11
13.5275
 21
55.9442
  0
LINE
  8
0
 10
13.5275
 20
55.9442
 11
13.9757
 21
56.7815
  0
LINE
  8
0
 10
13.9757
 20
56.7815
 11
14.1033
 21
57.2036
  0
LINE
  8
0
 10
14.1033
 20
57.2036
 11
14.1885
 21
57.1961
  0
LINE
  8
0
 10
14.1885
 20
57.1961
 11
14.7057
 21
57.039
  0
LINE
  8
0
 10
14.7057
 20
57.039
 11
15.1847
 21
56.7833
  0
LINE
  8
0
 10
15.1847
 20
56.7833
 11
15.6028
 21
56.4394
  0
LINE
  8
0
 10
15.6028
 20
56.4394
 11
15.946
 21
56.0214
  0
LINE
  8
0
 10
15.946
 20
56.0214
 11
16.2017
 21
55.5436
  0
LINE
  8
0
 10
16.2017
 20
55.5436
 11
16.3583
 21
55.0258
  0
LINE
  8
0
 10
16.3583
 20
55.0258
 11
16.4116
 21
54.486
  0
LINE
  8
0
 10
16.4116
 20
54.486
 11
16.3589
 21
53.9473
  0
LINE
  8
0
 10
16.3589
 20
53.9473
 11
16.2017
 21
53.4301
  0
LINE
  8
0
 10
16.2017
 20
53.4301
 11
15.9454
 21
52.9511
  0
LINE
  8
0
 10
15.9454
 20
52.9511
 11
15.6022
 21
52.5331
  0
LINE
  8
0
 10
15.6022
 20
52.5331
 11
15.1847
 21
52.1898
  0
LINE
  8
0
 10
15.1847
 20
52.1898
 11
14.7057
 21
51.9341
  0
LINE
  8
0
 10
14.7057
 20
51.9341
 11
14.1885
 21
51.7776
  0
LINE
  8
0
 10
14.1885
 20
51.7776
 11
13.6493
 21
51.7242
  0
LINE
  8
0
 10
13.6493
 20
51.7242
 11
13.11
 21
51.777
  0
LINE
  8
0
 10
13.11
 20
51.777
 11
12.5917
 21
51.9341
  0
LINE
  8
0
 10
12.5917
 20
51.9341
 11
12.1139
 21
52.1898
  0
LINE
  8
0
 10
12.1139
 20
52.1898
 11
11.7202
 21
52.5134
  0
LINE
  8
0
 10
11.7202
 20
52.5134
 11
11.4529
 21
52.1875
  0
LINE
  8
0
 10
11.4529
 20
52.1875
 11
11.0342
 21
51.8442
  0
LINE
  8
0
 10
11.0342
 20
51.8442
 11
10.5565
 21
51.5885
  0
LINE
  8
0
 10
10.5565
 20
51.5885
 11
10.0387
 21
51.432
  0
LINE
  8
0
 10
10.0387
 20
51.432
 11
9.5
 21
51.3786
  0
LINE
  8
0
 10
9.5
 20
51.3786
 11
8.96075
 21
51.4314
  0
LINE
  8
0
 10
42.8109
 20
51.777
 11
42.2937
 21
51.9341
  0
LINE
  8
0
 10
42.2937
 20
51.9341
 11
41.8147
 21
52.1898
  0
LINE
  8
0
 10
41.8147
 20
52.1898
 11
41.3967
 21
52.5337
  0
LINE
  8
0
 10
41.3967
 20
52.5337
 11
41.0534
 21
52.9517
  0
LINE
  8
0
 10
41.0534
 20
52.9517
 11
40.7977
 21
53.4301
  0
LINE
  8
0
 10
40.7977
 20
53.4301
 11
40.6411
 21
53.9473
  0
LINE
  8
0
 10
40.6411
 20
53.9473
 11
40.5878
 21
54.4871
  0
LINE
  8
0
 10
40.5878
 20
54.4871
 11
40.6406
 21
55.0258
  0
LINE
  8
0
 10
40.6406
 20
55.0258
 11
40.7977
 21
55.5436
  0
LINE
  8
0
 10
40.7977
 20
55.5436
 11
41.0534
 21
56.0214
  0
LINE
  8
0
 10
41.0534
 20
56.0214
 11
41.3967
 21
56.4394
  0
LINE
  8
0
 10
41.3967
 20
56.4394
 11
41.8147
 21
56.7833
  0
LINE
  8
0
 10
41.8147
 20
56.7833
 11
42.2937
 21
57.039
  0
LINE
  8
0
 10
42.2937
 20
57.039
 11
42.8109
 21
57.1955
  0
LINE
  8
0
 10
42.8109
 20
57.1955
 11
42.8961
 21
57.2036
  0
LINE
  8
0
 10
42.8961
 20
57.2036
 11
43.0237
 21
56.7815
  0
LINE
  8
0
 10
43.0237
 20
56.7815
 11
43.4719
 21
55.9442
  0
LINE
  8
0
 10
43.4719
 20
55.9442
 11
44.0738
 21
55.2102
  0
LINE
  8
0
 10
44.0738
 20
55.2102
 11
44.5779
 21
54.7968
  0
LINE
  8
0
 10
44.5779
 20
54.7968
 11
45.3465
 21
52.4314
  0
LINE
  8
0
 10
45.3465
 20
52.4314
 11
45.2792
 21
52.5134
  0
LINE
  8
0
 10
45.2792
 20
52.5134
 11
44.8855
 21
52.1898
  0
LINE
  8
0
 10
44.8855
 20
52.1898
 11
44.4077
 21
51.9341
  0
LINE
  8
0
 10
44.4077
 20
51.9341
 11
43.8894
 21
51.7776
  0
LINE
  8
0
 10
43.8894
 20
51.7776
 11
43.3501
 21
51.7242
  0
LINE
  8
0
 10
43.3501
 20
51.7242
 11
42.8109
 21
51.777
  0
LINE
  8
0
 10
16.3907
 20
51.7451
 11
16.872
 21
52.3325
  0
LINE
  8
0
 10
16.872
 20
52.3325
 11
17.2303
 21
53.0027
  0
LINE
  8
0
 10
17.2303
 20
53.0027
 11
17.333
 21
53.3396
  0
LINE
  8
0
 10
17.333
 20
53.3396
 11
17.4002
 21
53.3338
  0
LINE
  8
0
 10
17.4002
 20
53.3338
 11
17.8137
 21
53.208
  0
LINE
  8
0
 10
17.8137
 20
53.208
 11
18.1969
 21
53.0033
  0
LINE
  8
0
 10
18.1969
 20
53.0033
 11
18.4225
 21
52.8184
  0
LINE
  8
0
 10
18.4225
 20
52.8184
 11
18.47
 21
52.5302
  0
LINE
  8
0
 10
18.47
 20
52.5302
 11
18.4561
 21
52.0959
  0
LINE
  8
0
 10
18.4561
 20
52.0959
 11
18.3575
 21
51.6761
  0
LINE
  8
0
 10
18.3575
 20
51.6761
 11
18.3297
 21
51.614
  0
LINE
  8
0
 10
18.3297
 20
51.614
 11
17.9865
 21
51.6941
  0
LINE
  8
0
 10
17.9865
 20
51.6941
 11
17.2269
 21
51.719
  0
LINE
  8
0
 10
17.2269
 20
51.719
 11
16.4771
 21
51.5949
  0
LINE
  8
0
 10
16.4771
 20
51.5949
 11
15.9796
 21
51.4076
  0
LINE
  8
0
 10
15.9796
 20
51.4076
 11
16.3907
 21
51.7451
  0
LINE
  8
0
 10
40.5223
 20
51.5943
 11
39.7726
 21
51.7184
  0
LINE
  8
0
 10
39.7726
 20
51.7184
 11
39.013
 21
51.6935
  0
LINE
  8
0
 10
39.013
 20
51.6935
 11
38.6697
 21
51.6135
  0
LINE
  8
0
 10
38.6697
 20
51.6135
 11
38.6419
 21
51.6755
  0
LINE
  8
0
 10
38.6419
 20
51.6755
 11
38.5445
 21
52.0953
  0
LINE
  8
0
 10
38.5445
 20
52.0953
 11
38.5294
 21
52.5296
  0
LINE
  8
0
 10
38.5294
 20
52.5296
 11
38.5769
 21
52.8178
  0
LINE
  8
0
 10
38.5769
 20
52.8178
 11
38.8025
 21
53.0033
  0
LINE
  8
0
 10
38.8025
 20
53.0033
 11
39.1858
 21
53.208
  0
LINE
  8
0
 10
39.1858
 20
53.208
 11
39.5992
 21
53.3333
  0
LINE
  8
0
 10
39.5992
 20
53.3333
 11
39.6664
 21
53.3396
  0
LINE
  8
0
 10
39.6664
 20
53.3396
 11
39.7691
 21
53.0027
  0
LINE
  8
0
 10
39.7691
 20
53.0027
 11
40.1274
 21
52.3325
  0
LINE
  8
0
 10
40.1274
 20
52.3325
 11
40.6087
 21
51.7451
  0
LINE
  8
0
 10
40.6087
 20
51.7451
 11
41.0215
 21
51.407
  0
LINE
  8
0
 10
41.0215
 20
51.407
 11
40.5223
 21
51.5943
  0
LINE
  8
0
 10
2.52228
 20
51.5943
 11
1.77255
 21
51.7184
  0
LINE
  8
0
 10
1.77255
 20
51.7184
 11
1.01297
 21
51.6935
  0
LINE
  8
0
 10
1.01297
 20
51.6935
 11
0.669708
 21
51.6135
  0
LINE
  8
0
 10
0.669708
 20
51.6135
 11
0.641876
 21
51.6755
  0
LINE
  8
0
 10
0.641876
 20
51.6755
 11
0.544464
 21
52.0953
  0
LINE
  8
0
 10
0.544464
 20
52.0953
 11
0.529388
 21
52.5296
  0
LINE
  8
0
 10
0.529388
 20
52.5296
 11
0.576935
 21
52.8178
  0
LINE
  8
0
 10
0.576935
 20
52.8178
 11
0.80249
 21
53.0033
  0
LINE
  8
0
 10
0.80249
 20
53.0033
 11
1.18576
 21
53.208
  0
LINE
  8
0
 10
1.18576
 20
53.208
 11
1.59918
 21
53.3333
  0
LINE
  8
0
 10
1.59918
 20
53.3333
 11
1.66644
 21
53.3396
  0
LINE
  8
0
 10
1.66644
 20
53.3396
 11
1.76907
 21
53.0027
  0
LINE
  8
0
 10
1.76907
 20
53.0027
 11
2.12741
 21
52.3325
  0
LINE
  8
0
 10
2.12741
 20
52.3325
 11
2.60867
 21
51.7451
  0
LINE
  8
0
 10
2.60867
 20
51.7451
 11
3.02151
 21
51.407
  0
LINE
  8
0
 10
3.02151
 20
51.407
 11
2.52228
 21
51.5943
  0
LINE
  8
0
 10
-21.6093
 20
51.7451
 11
-21.128
 21
52.3325
  0
LINE
  8
0
 10
-21.128
 20
52.3325
 11
-20.7697
 21
53.0027
  0
LINE
  8
0
 10
-20.7697
 20
53.0027
 11
-20.667
 21
53.3396
  0
LINE
  8
0
 10
-20.667
 20
53.3396
 11
-20.5998
 21
53.3338
  0
LINE
  8
0
 10
-20.5998
 20
53.3338
 11
-20.1863
 21
53.208
  0
LINE
  8
0
 10
-20.1863
 20
53.208
 11
-19.8031
 21
53.0033
  0
LINE
  8
0
 10
-19.8031
 20
53.0033
 11
-19.5775
 21
52.8184
  0
LINE
  8
0
 10
-19.5775
 20
52.8184
 11
-19.53
 21
52.5302
  0
LINE
  8
0
 10
-19.53
 20
52.5302
 11
-19.5439
 21
52.0959
  0
LINE
  8
0
 10
-19.5439
 20
52.0959
 11
-19.6425
 21
51.6761
  0
LINE
  8
0
 10
-19.6425
 20
51.6761
 11
-19.6703
 21
51.614
  0
LINE
  8
0
 10
-19.6703
 20
51.614
 11
-20.0135
 21
51.6941
  0
LINE
  8
0
 10
-20.0135
 20
51.6941
 11
-20.7731
 21
51.719
  0
LINE
  8
0
 10
-20.7731
 20
51.719
 11
-21.5229
 21
51.5949
  0
LINE
  8
0
 10
-21.5229
 20
51.5949
 11
-22.0204
 21
51.4076
  0
LINE
  8
0
 10
-22.0204
 20
51.4076
 11
-21.6093
 21
51.7451
  0
LINE
  8
0
 10
-35.4777
 20
51.5943
 11
-36.2274
 21
51.7184
  0
LINE
  8
0
 10
-36.2274
 20
51.7184
 11
-36.987
 21
51.6935
  0
LINE
  8
0
 10
-36.987
 20
51.6935
 11
-37.3303
 21
51.6135
  0
LINE
  8
0
 10
-37.3303
 20
51.6135
 11
-37.3581
 21
51.6755
  0
LINE
  8
0
 10
-37.3581
 20
51.6755
 11
-37.4555
 21
52.0953
  0
LINE
  8
0
 10
-37.4555
 20
52.0953
 11
-37.4706
 21
52.5296
  0
LINE
  8
0
 10
-37.4706
 20
52.5296
 11
-37.4231
 21
52.8178
  0
LINE
  8
0
 10
-37.4231
 20
52.8178
 11
-37.1975
 21
53.0033
  0
LINE
  8
0
 10
-37.1975
 20
53.0033
 11
-36.8142
 21
53.208
  0
LINE
  8
0
 10
-36.8142
 20
53.208
 11
-36.4008
 21
53.3333
  0
LINE
  8
0
 10
-36.4008
 20
53.3333
 11
-36.3336
 21
53.3396
  0
LINE
  8
0
 10
-36.3336
 20
53.3396
 11
-36.2309
 21
53.0027
  0
LINE
  8
0
 10
-36.2309
 20
53.0027
 11
-35.8726
 21
52.3325
  0
LINE
  8
0
 10
-35.8726
 20
52.3325
 11
-35.3913
 21
51.7451
  0
LINE
  8
0
 10
-35.3913
 20
51.7451
 11
-34.9785
 21
51.407
  0
LINE
  8
0
 10
-34.9785
 20
51.407
 11
-35.4777
 21
51.5943
  0
LINE
  8
0
 10
-4.76913
 20
48.0017
 11
-5.08572
 21
48.1211
  0
LINE
  8
0
 10
-5.08572
 20
48.1211
 11
-5.37332
 21
48.3003
  0
LINE
  8
0
 10
-5.37332
 20
48.3003
 11
-5.62033
 21
48.5311
  0
LINE
  8
0
 10
-5.62033
 20
48.5311
 11
-5.81631
 21
48.8059
  0
LINE
  8
0
 10
-5.81631
 20
48.8059
 11
-5.95605
 21
49.1138
  0
LINE
  8
0
 10
-5.95605
 20
49.1138
 11
-6.03201
 21
49.4426
  0
LINE
  8
0
 10
-6.03201
 20
49.4426
 11
-6.04419
 21
49.7806
  0
LINE
  8
0
 10
-6.04419
 20
49.7806
 11
-5.98911
 21
50.114
  0
LINE
  8
0
 10
-5.98911
 20
50.114
 11
-5.86966
 21
50.4306
  0
LINE
  8
0
 10
-5.86966
 20
50.4306
 11
-5.69107
 21
50.7182
  0
LINE
  8
0
 10
-5.69107
 20
50.7182
 11
-5.45972
 21
50.9646
  0
LINE
  8
0
 10
-5.45972
 20
50.9646
 11
-5.1814
 21
51.1635
  0
LINE
  8
0
 10
-5.1814
 20
51.1635
 11
-4.87582
 21
51.3021
  0
LINE
  8
0
 10
-4.87582
 20
51.3021
 11
-4.54764
 21
51.3786
  0
LINE
  8
0
 10
-4.54764
 20
51.3786
 11
-4.20844
 21
51.3902
  0
LINE
  8
0
 10
-4.20844
 20
51.3902
 11
-3.87503
 21
51.3346
  0
LINE
  8
0
 10
-3.87503
 20
51.3346
 11
-3.55844
 21
51.2151
  0
LINE
  8
0
 10
-3.55844
 20
51.2151
 11
-3.27084
 21
51.0359
  0
LINE
  8
0
 10
-3.27084
 20
51.0359
 11
-3.02383
 21
50.8052
  0
LINE
  8
0
 10
-3.02383
 20
50.8052
 11
-2.82785
 21
50.5309
  0
LINE
  8
0
 10
-2.82785
 20
50.5309
 11
-2.68811
 21
50.2224
  0
LINE
  8
0
 10
-2.68811
 20
50.2224
 11
-2.61215
 21
49.8943
  0
LINE
  8
0
 10
-2.61215
 20
49.8943
 11
-2.59998
 21
49.5551
  0
LINE
  8
0
 10
-2.59998
 20
49.5551
 11
-2.65506
 21
49.2211
  0
LINE
  8
0
 10
-2.65506
 20
49.2211
 11
-2.77451
 21
48.9051
  0
LINE
  8
0
 10
-2.77451
 20
48.9051
 11
-2.95367
 21
48.6169
  0
LINE
  8
0
 10
-2.95367
 20
48.6169
 11
-3.18445
 21
48.3705
  0
LINE
  8
0
 10
-3.18445
 20
48.3705
 11
-3.45871
 21
48.1745
  0
LINE
  8
0
 10
-3.45871
 20
48.1745
 11
-3.76834
 21
48.0347
  0
LINE
  8
0
 10
-3.76834
 20
48.0347
 11
-4.09653
 21
47.9576
  0
LINE
  8
0
 10
-4.09653
 20
47.9576
 11
-4.43573
 21
47.946
  0
LINE
  8
0
 10
-4.43573
 20
47.946
 11
-4.76913
 21
48.0017
  0
LINE
  8
0
 10
-42.7691
 20
48.0017
 11
-43.0857
 21
48.1211
  0
LINE
  8
0
 10
-43.0857
 20
48.1211
 11
-43.3733
 21
48.3003
  0
LINE
  8
0
 10
-43.3733
 20
48.3003
 11
-43.6203
 21
48.5311
  0
LINE
  8
0
 10
-43.6203
 20
48.5311
 11
-43.8163
 21
48.8059
  0
LINE
  8
0
 10
-43.8163
 20
48.8059
 11
-43.9561
 21
49.1138
  0
LINE
  8
0
 10
-43.9561
 20
49.1138
 11
-44.032
 21
49.4426
  0
LINE
  8
0
 10
-44.032
 20
49.4426
 11
-44.0442
 21
49.7806
  0
LINE
  8
0
 10
-44.0442
 20
49.7806
 11
-43.9891
 21
50.114
  0
LINE
  8
0
 10
-43.9891
 20
50.114
 11
-43.8697
 21
50.4306
  0
LINE
  8
0
 10
-43.8697
 20
50.4306
 11
-43.6911
 21
50.7182
  0
LINE
  8
0
 10
-43.6911
 20
50.7182
 11
-43.4597
 21
50.9646
  0
LINE
  8
0
 10
-43.4597
 20
50.9646
 11
-43.1814
 21
51.1635
  0
LINE
  8
0
 10
-43.1814
 20
51.1635
 11
-42.8758
 21
51.3021
  0
LINE
  8
0
 10
-42.8758
 20
51.3021
 11
-42.5476
 21
51.3786
  0
LINE
  8
0
 10
-42.5476
 20
51.3786
 11
-42.2084
 21
51.3902
  0
LINE
  8
0
 10
-42.2084
 20
51.3902
 11
-41.875
 21
51.3346
  0
LINE
  8
0
 10
-41.875
 20
51.3346
 11
-41.5584
 21
51.2151
  0
LINE
  8
0
 10
-41.5584
 20
51.2151
 11
-41.2708
 21
51.0359
  0
LINE
  8
0
 10
-41.2708
 20
51.0359
 11
-41.0238
 21
50.8052
  0
LINE
  8
0
 10
-41.0238
 20
50.8052
 11
-40.8279
 21
50.5309
  0
LINE
  8
0
 10
-40.8279
 20
50.5309
 11
-40.6881
 21
50.2224
  0
LINE
  8
0
 10
-40.6881
 20
50.2224
 11
-40.6122
 21
49.8943
  0
LINE
  8
0
 10
-40.6122
 20
49.8943
 11
-40.6
 21
49.5551
  0
LINE
  8
0
 10
-40.6
 20
49.5551
 11
-40.6551
 21
49.2211
  0
LINE
  8
0
 10
-40.6551
 20
49.2211
 11
-40.7745
 21
48.9051
  0
LINE
  8
0
 10
-40.7745
 20
48.9051
 11
-40.9537
 21
48.6169
  0
LINE
  8
0
 10
-40.9537
 20
48.6169
 11
-41.1844
 21
48.3705
  0
LINE
  8
0
 10
-41.1844
 20
48.3705
 11
-41.4587
 21
48.1745
  0
LINE
  8
0
 10
-41.4587
 20
48.1745
 11
-41.7683
 21
48.0347
  0
LINE
  8
0
 10
-41.7683
 20
48.0347
 11
-42.0965
 21
47.9576
  0
LINE
  8
0
 10
-42.0965
 20
47.9576
 11
-42.4357
 21
47.946
  0
LINE
  8
0
 10
-42.4357
 20
47.946
 11
-42.7691
 21
48.0017
  0
LINE
  8
0
 10
33.2309
 20
48.0017
 11
32.9143
 21
48.1211
  0
LINE
  8
0
 10
32.9143
 20
48.1211
 11
32.6267
 21
48.3003
  0
LINE
  8
0
 10
32.6267
 20
48.3003
 11
32.3797
 21
48.5311
  0
LINE
  8
0
 10
32.3797
 20
48.5311
 11
32.1837
 21
48.8059
  0
LINE
  8
0
 10
32.1837
 20
48.8059
 11
32.0439
 21
49.1138
  0
LINE
  8
0
 10
32.0439
 20
49.1138
 11
31.968
 21
49.4426
  0
LINE
  8
0
 10
31.968
 20
49.4426
 11
31.9558
 21
49.7806
  0
LINE
  8
0
 10
31.9558
 20
49.7806
 11
32.0109
 21
50.114
  0
LINE
  8
0
 10
32.0109
 20
50.114
 11
32.1303
 21
50.4306
  0
LINE
  8
0
 10
32.1303
 20
50.4306
 11
32.3089
 21
50.7182
  0
LINE
  8
0
 10
32.3089
 20
50.7182
 11
32.5403
 21
50.9646
  0
LINE
  8
0
 10
32.5403
 20
50.9646
 11
32.8186
 21
51.1635
  0
LINE
  8
0
 10
32.8186
 20
51.1635
 11
33.1242
 21
51.3021
  0
LINE
  8
0
 10
33.1242
 20
51.3021
 11
33.4524
 21
51.3786
  0
LINE
  8
0
 10
33.4524
 20
51.3786
 11
33.7916
 21
51.3902
  0
LINE
  8
0
 10
33.7916
 20
51.3902
 11
34.125
 21
51.3346
  0
LINE
  8
0
 10
34.125
 20
51.3346
 11
34.4416
 21
51.2151
  0
LINE
  8
0
 10
34.4416
 20
51.2151
 11
34.7292
 21
51.0359
  0
LINE
  8
0
 10
34.7292
 20
51.0359
 11
34.9762
 21
50.8052
  0
LINE
  8
0
 10
34.9762
 20
50.8052
 11
35.1721
 21
50.5309
  0
LINE
  8
0
 10
35.1721
 20
50.5309
 11
35.3119
 21
50.2224
  0
LINE
  8
0
 10
35.3119
 20
50.2224
 11
35.3878
 21
49.8943
  0
LINE
  8
0
 10
35.3878
 20
49.8943
 11
35.4
 21
49.5551
  0
LINE
  8
0
 10
35.4
 20
49.5551
 11
35.3449
 21
49.2211
  0
LINE
  8
0
 10
35.3449
 20
49.2211
 11
35.2255
 21
48.9051
  0
LINE
  8
0
 10
35.2255
 20
48.9051
 11
35.0463
 21
48.6169
  0
LINE
  8
0
 10
35.0463
 20
48.6169
 11
34.8156
 21
48.3705
  0
LINE
  8
0
 10
34.8156
 20
48.3705
 11
34.5413
 21
48.1745
  0
LINE
  8
0
 10
34.5413
 20
48.1745
 11
34.2317
 21
48.0347
  0
LINE
  8
0
 10
34.2317
 20
48.0347
 11
33.9035
 21
47.9576
  0
LINE
  8
0
 10
33.9035
 20
47.9576
 11
33.5643
 21
47.946
  0
LINE
  8
0
 10
33.5643
 20
47.946
 11
33.2309
 21
48.0017
  0
LINE
  8
0
 10
23.0965
 20
47.957
 11
22.7689
 21
48.0341
  0
LINE
  8
0
 10
22.7689
 20
48.0341
 11
22.4628
 21
48.1727
  0
LINE
  8
0
 10
22.4628
 20
48.1727
 11
22.1844
 21
48.3716
  0
LINE
  8
0
 10
22.1844
 20
48.3716
 11
21.9531
 21
48.618
  0
LINE
  8
0
 10
21.9531
 20
48.618
 11
21.7745
 21
48.9056
  0
LINE
  8
0
 10
21.7745
 20
48.9056
 11
21.6551
 21
49.2222
  0
LINE
  8
0
 10
21.6551
 20
49.2222
 11
21.6006
 21
49.5556
  0
LINE
  8
0
 10
21.6006
 20
49.5556
 11
21.6116
 21
49.8948
  0
LINE
  8
0
 10
21.6116
 20
49.8948
 11
21.6881
 21
50.223
  0
LINE
  8
0
 10
21.6881
 20
50.223
 11
21.8284
 21
50.5315
  0
LINE
  8
0
 10
21.8284
 20
50.5315
 11
22.0244
 21
50.8058
  0
LINE
  8
0
 10
22.0244
 20
50.8058
 11
22.2714
 21
51.0365
  0
LINE
  8
0
 10
22.2714
 20
51.0365
 11
22.5584
 21
51.2151
  0
LINE
  8
0
 10
22.5584
 20
51.2151
 11
22.875
 21
51.3346
  0
LINE
  8
0
 10
22.875
 20
51.3346
 11
23.2084
 21
51.3896
  0
LINE
  8
0
 10
23.2084
 20
51.3896
 11
23.5476
 21
51.3792
  0
LINE
  8
0
 10
23.5476
 20
51.3792
 11
23.8758
 21
51.3021
  0
LINE
  8
0
 10
23.8758
 20
51.3021
 11
24.1831
 21
51.1629
  0
LINE
  8
0
 10
24.1831
 20
51.1629
 11
24.4603
 21
50.9646
  0
LINE
  8
0
 10
24.4603
 20
50.9646
 11
24.6917
 21
50.7182
  0
LINE
  8
0
 10
24.6917
 20
50.7182
 11
24.8702
 21
50.4306
  0
LINE
  8
0
 10
24.8702
 20
50.4306
 11
24.9897
 21
50.114
  0
LINE
  8
0
 10
24.9897
 20
50.114
 11
25.0442
 21
49.7806
  0
LINE
  8
0
 10
25.0442
 20
49.7806
 11
25.0332
 21
49.442
  0
LINE
  8
0
 10
25.0332
 20
49.442
 11
24.9566
 21
49.1138
  0
LINE
  8
0
 10
24.9566
 20
49.1138
 11
24.8169
 21
48.8053
  0
LINE
  8
0
 10
24.8169
 20
48.8053
 11
24.6198
 21
48.5299
  0
LINE
  8
0
 10
24.6198
 20
48.5299
 11
24.3733
 21
48.2997
  0
LINE
  8
0
 10
24.3733
 20
48.2997
 11
24.0857
 21
48.1205
  0
LINE
  8
0
 10
24.0857
 20
48.1205
 11
23.7691
 21
48.0011
  0
LINE
  8
0
 10
23.7691
 20
48.0011
 11
23.4357
 21
47.9466
  0
LINE
  8
0
 10
23.4357
 20
47.9466
 11
23.0965
 21
47.957
  0
LINE
  8
0
 10
-14.9035
 20
47.957
 11
-15.2311
 21
48.0341
  0
LINE
  8
0
 10
-15.2311
 20
48.0341
 11
-15.5372
 21
48.1727
  0
LINE
  8
0
 10
-15.5372
 20
48.1727
 11
-15.8156
 21
48.3716
  0
LINE
  8
0
 10
-15.8156
 20
48.3716
 11
-16.0469
 21
48.618
  0
LINE
  8
0
 10
-16.0469
 20
48.618
 11
-16.2255
 21
48.9056
  0
LINE
  8
0
 10
-16.2255
 20
48.9056
 11
-16.3449
 21
49.2222
  0
LINE
  8
0
 10
-16.3449
 20
49.2222
 11
-16.3994
 21
49.5556
  0
LINE
  8
0
 10
-16.3994
 20
49.5556
 11
-16.3884
 21
49.8948
  0
LINE
  8
0
 10
-16.3884
 20
49.8948
 11
-16.3119
 21
50.223
  0
LINE
  8
0
 10
-16.3119
 20
50.223
 11
-16.1716
 21
50.5315
  0
LINE
  8
0
 10
-16.1716
 20
50.5315
 11
-15.9756
 21
50.8058
  0
LINE
  8
0
 10
-15.9756
 20
50.8058
 11
-15.7286
 21
51.0365
  0
LINE
  8
0
 10
-15.7286
 20
51.0365
 11
-15.4416
 21
51.2151
  0
LINE
  8
0
 10
-15.4416
 20
51.2151
 11
-15.125
 21
51.3346
  0
LINE
  8
0
 10
-15.125
 20
51.3346
 11
-14.7916
 21
51.3896
  0
LINE
  8
0
 10
-14.7916
 20
51.3896
 11
-14.4524
 21
51.3792
  0
LINE
  8
0
 10
-14.4524
 20
51.3792
 11
-14.1242
 21
51.3021
  0
LINE
  8
0
 10
-14.1242
 20
51.3021
 11
-13.8169
 21
51.1629
  0
LINE
  8
0
 10
-13.8169
 20
51.1629
 11
-13.5397
 21
50.9646
  0
LINE
  8
0
 10
-13.5397
 20
50.9646
 11
-13.3083
 21
50.7182
  0
LINE
  8
0
 10
-13.3083
 20
50.7182
 11
-13.1298
 21
50.4306
  0
LINE
  8
0
 10
-13.1298
 20
50.4306
 11
-13.0103
 21
50.114
  0
LINE
  8
0
 10
-13.0103
 20
50.114
 11
-12.9558
 21
49.7806
  0
LINE
  8
0
 10
-12.9558
 20
49.7806
 11
-12.9668
 21
49.442
  0
LINE
  8
0
 10
-12.9668
 20
49.442
 11
-13.0434
 21
49.1138
  0
LINE
  8
0
 10
-13.0434
 20
49.1138
 11
-13.1831
 21
48.8053
  0
LINE
  8
0
 10
-13.1831
 20
48.8053
 11
-13.3802
 21
48.5299
  0
LINE
  8
0
 10
-13.3802
 20
48.5299
 11
-13.6267
 21
48.2997
  0
LINE
  8
0
 10
-13.6267
 20
48.2997
 11
-13.9143
 21
48.1205
  0
LINE
  8
0
 10
-13.9143
 20
48.1205
 11
-14.2309
 21
48.0011
  0
LINE
  8
0
 10
-14.2309
 20
48.0011
 11
-14.5643
 21
47.9466
  0
LINE
  8
0
 10
-14.5643
 20
47.9466
 11
-14.9035
 21
47.957
  0
LINE
  8
0
 10
9.0686
 20
48.3774
 11
8.6546
 21
48.5032
  0
LINE
  8
0
 10
8.6546
 20
48.5032
 11
8.27191
 21
48.7079
  0
LINE
  8
0
 10
8.27191
 20
48.7079
 11
7.93735
 21
48.9822
  0
LINE
  8
0
 10
7.93735
 20
48.9822
 11
7.66251
 21
49.3173
  0
LINE
  8
0
 10
7.66251
 20
49.3173
 11
7.4584
 21
49.6994
  0
LINE
  8
0
 10
7.4584
 20
49.6994
 11
7.33374
 21
50.1134
  0
LINE
  8
0
 10
7.33374
 20
50.1134
 11
7.29083
 21
50.5448
  0
LINE
  8
0
 10
7.29083
 20
50.5448
 11
7.3291
 21
50.9316
  0
LINE
  8
0
 10
7.3291
 20
50.9316
 11
7.34592
 21
50.9177
  0
LINE
  8
0
 10
7.34592
 20
50.9177
 11
8.0162
 21
50.5593
  0
LINE
  8
0
 10
8.0162
 20
50.5593
 11
8.7439
 21
50.339
  0
LINE
  8
0
 10
8.7439
 20
50.339
 11
9.5
 21
50.2642
  0
LINE
  8
0
 10
9.5
 20
50.2642
 11
10.2555
 21
50.339
  0
LINE
  8
0
 10
10.2555
 20
50.339
 11
10.9832
 21
50.5593
  0
LINE
  8
0
 10
10.9832
 20
50.5593
 11
11.6535
 21
50.9177
  0
LINE
  8
0
 10
11.6535
 20
50.9177
 11
11.6703
 21
50.9316
  0
LINE
  8
0
 10
11.6703
 20
50.9316
 11
11.7086
 21
50.5437
  0
LINE
  8
0
 10
11.7086
 20
50.5437
 11
11.6663
 21
50.1134
  0
LINE
  8
0
 10
11.6663
 20
50.1134
 11
11.541
 21
49.6994
  0
LINE
  8
0
 10
11.541
 20
49.6994
 11
11.3363
 21
49.3167
  0
LINE
  8
0
 10
11.3363
 20
49.3167
 11
11.0615
 21
48.9816
  0
LINE
  8
0
 10
11.0615
 20
48.9816
 11
10.7275
 21
48.7079
  0
LINE
  8
0
 10
10.7275
 20
48.7079
 11
10.3448
 21
48.5032
  0
LINE
  8
0
 10
10.3448
 20
48.5032
 11
9.93082
 21
48.378
  0
LINE
  8
0
 10
9.93082
 20
48.378
 11
9.5
 21
48.3357
  0
LINE
  8
0
 10
9.5
 20
48.3357
 11
9.0686
 21
48.3774
  0
LINE
  8
0
 10
46.2719
 20
48.7079
 11
45.9373
 21
48.9822
  0
LINE
  8
0
 10
45.9373
 20
48.9822
 11
45.6625
 21
49.3173
  0
LINE
  8
0
 10
45.6625
 20
49.3173
 11
45.4584
 21
49.6994
  0
LINE
  8
0
 10
45.4584
 20
49.6994
 11
45.3337
 21
50.1134
  0
LINE
  8
0
 10
45.3337
 20
50.1134
 11
45.2908
 21
50.5448
  0
LINE
  8
0
 10
45.2908
 20
50.5448
 11
45.3291
 21
50.9316
  0
LINE
  8
0
 10
45.3291
 20
50.9316
 11
45.3459
 21
50.9177
  0
LINE
  8
0
 10
45.3459
 20
50.9177
 11
45.9418
 21
50.5991
  0
LINE
  8
0
 10
45.9418
 20
50.5991
 11
46.6161
 21
48.5238
  0
LINE
  8
0
 10
46.6161
 20
48.5238
 11
46.2719
 21
48.7079
  0
LINE
  8
0
 10
-28.9314
 20
48.3774
 11
-29.3454
 21
48.5032
  0
LINE
  8
0
 10
-29.3454
 20
48.5032
 11
-29.7281
 21
48.7079
  0
LINE
  8
0
 10
-29.7281
 20
48.7079
 11
-30.0627
 21
48.9822
  0
LINE
  8
0
 10
-30.0627
 20
48.9822
 11
-30.3375
 21
49.3173
  0
LINE
  8
0
 10
-30.3375
 20
49.3173
 11
-30.5416
 21
49.6994
  0
LINE
  8
0
 10
-30.5416
 20
49.6994
 11
-30.6663
 21
50.1134
  0
LINE
  8
0
 10
-30.6663
 20
50.1134
 11
-30.7092
 21
50.5448
  0
LINE
  8
0
 10
-30.7092
 20
50.5448
 11
-30.6709
 21
50.9316
  0
LINE
  8
0
 10
-30.6709
 20
50.9316
 11
-30.6541
 21
50.9177
  0
LINE
  8
0
 10
-30.6541
 20
50.9177
 11
-29.9838
 21
50.5593
  0
LINE
  8
0
 10
-29.9838
 20
50.5593
 11
-29.2561
 21
50.339
  0
LINE
  8
0
 10
-29.2561
 20
50.339
 11
-28.5
 21
50.2642
  0
LINE
  8
0
 10
-28.5
 20
50.2642
 11
-27.7445
 21
50.339
  0
LINE
  8
0
 10
-27.7445
 20
50.339
 11
-27.0168
 21
50.5593
  0
LINE
  8
0
 10
-27.0168
 20
50.5593
 11
-26.3465
 21
50.9177
  0
LINE
  8
0
 10
-26.3465
 20
50.9177
 11
-26.3297
 21
50.9316
  0
LINE
  8
0
 10
-26.3297
 20
50.9316
 11
-26.2914
 21
50.5437
  0
LINE
  8
0
 10
-26.2914
 20
50.5437
 11
-26.3337
 21
50.1134
  0
LINE
  8
0
 10
-26.3337
 20
50.1134
 11
-26.459
 21
49.6994
  0
LINE
  8
0
 10
-26.459
 20
49.6994
 11
-26.6637
 21
49.3167
  0
LINE
  8
0
 10
-26.6637
 20
49.3167
 11
-26.9385
 21
48.9816
  0
LINE
  8
0
 10
-26.9385
 20
48.9816
 11
-27.2725
 21
48.7079
  0
LINE
  8
0
 10
-27.2725
 20
48.7079
 11
-27.6552
 21
48.5032
  0
LINE
  8
0
 10
-27.6552
 20
48.5032
 11
-28.0692
 21
48.378
  0
LINE
  8
0
 10
-28.0692
 20
48.378
 11
-28.5
 21
48.3357
  0
LINE
  8
0
 10
-28.5
 20
48.3357
 11
-28.9314
 21
48.3774
  0
LINE
  8
0
 10
41.9168
 20
50.8898
 11
42.2032
 21
50.8029
  0
LINE
  8
0
 10
42.2032
 20
50.8029
 11
42.1974
 21
50.7356
  0
LINE
  8
0
 10
42.1974
 20
50.7356
 11
42.1945
 21
50.7281
  0
LINE
  8
0
 10
42.1945
 20
50.7281
 11
42.1365
 21
50.6846
  0
LINE
  8
0
 10
42.1365
 20
50.6846
 11
41.9168
 21
50.8898
  0
LINE
  8
0
 10
3.91678
 20
50.8898
 11
4.20322
 21
50.8029
  0
LINE
  8
0
 10
4.20322
 20
50.8029
 11
4.19742
 21
50.7356
  0
LINE
  8
0
 10
4.19742
 20
50.7356
 11
4.19452
 21
50.7281
  0
LINE
  8
0
 10
4.19452
 20
50.7281
 11
4.13654
 21
50.6846
  0
LINE
  8
0
 10
4.13654
 20
50.6846
 11
3.91678
 21
50.8898
  0
LINE
  8
0
 10
-34.0832
 20
50.8898
 11
-33.7968
 21
50.8029
  0
LINE
  8
0
 10
-33.7968
 20
50.8029
 11
-33.8026
 21
50.7356
  0
LINE
  8
0
 10
-33.8026
 20
50.7356
 11
-33.8055
 21
50.7281
  0
LINE
  8
0
 10
-33.8055
 20
50.7281
 11
-33.8635
 21
50.6846
  0
LINE
  8
0
 10
-33.8635
 20
50.6846
 11
-34.0832
 21
50.8898
  0
LINE
  8
0
 10
-23.1957
 20
50.7292
 11
-23.1974
 21
50.7356
  0
LINE
  8
0
 10
-23.1974
 20
50.7356
 11
-23.2038
 21
50.8029
  0
LINE
  8
0
 10
-23.2038
 20
50.8029
 11
-22.9191
 21
50.8893
  0
LINE
  8
0
 10
-22.9191
 20
50.8893
 11
-23.1371
 21
50.6852
  0
LINE
  8
0
 10
-23.1371
 20
50.6852
 11
-23.1957
 21
50.7292
  0
LINE
  8
0
 10
14.8043
 20
50.7292
 11
14.8026
 21
50.7356
  0
LINE
  8
0
 10
14.8026
 20
50.7356
 11
14.7962
 21
50.8029
  0
LINE
  8
0
 10
14.7962
 20
50.8029
 11
15.0809
 21
50.8893
  0
LINE
  8
0
 10
15.0809
 20
50.8893
 11
14.8629
 21
50.6852
  0
LINE
  8
0
 10
14.8629
 20
50.6852
 11
14.8043
 21
50.7292
  0
LINE
  8
0
 10
-33.0459
 20
37.9949
 11
-33.5533
 21
38.1857
  0
LINE
  8
0
 10
-33.5533
 20
38.1857
 11
-34.0142
 21
38.4727
  0
LINE
  8
0
 10
-34.0142
 20
38.4727
 11
-34.4085
 21
38.842
  0
LINE
  8
0
 10
-34.4085
 20
38.842
 11
-34.4578
 21
38.9105
  0
LINE
  8
0
 10
-34.4578
 20
38.9105
 11
-34.1563
 21
39.2328
  0
LINE
  8
0
 10
-34.1563
 20
39.2328
 11
-33.6547
 21
40.0394
  0
LINE
  8
0
 10
-33.6547
 20
40.0394
 11
-33.3202
 21
40.9283
  0
LINE
  8
0
 10
-33.3202
 20
40.9283
 11
-33.1653
 21
41.8653
  0
LINE
  8
0
 10
-33.1653
 20
41.8653
 11
-33.1961
 21
42.8139
  0
LINE
  8
0
 10
-33.1961
 20
42.8139
 11
-33.4129
 21
43.7393
  0
LINE
  8
0
 10
-33.4129
 20
43.7393
 11
-33.8037
 21
44.6044
  0
LINE
  8
0
 10
-33.8037
 20
44.6044
 11
-34.3569
 21
45.375
  0
LINE
  8
0
 10
-34.3569
 20
45.375
 11
-35.0504
 21
46.0256
  0
LINE
  8
0
 10
-35.0504
 20
46.0256
 11
-35.8569
 21
46.5266
  0
LINE
  8
0
 10
-35.8569
 20
46.5266
 11
-36.7458
 21
46.8611
  0
LINE
  8
0
 10
-36.7458
 20
46.8611
 11
-37.6828
 21
47.016
  0
LINE
  8
0
 10
-37.6828
 20
47.016
 11
-38.6314
 21
46.9852
  0
LINE
  8
0
 10
-38.6314
 20
46.9852
 11
-39.0611
 21
46.8843
  0
LINE
  8
0
 10
-39.0611
 20
46.8843
 11
-39.0965
 21
46.9626
  0
LINE
  8
0
 10
-39.0965
 20
46.9626
 11
-39.2188
 21
47.4885
  0
LINE
  8
0
 10
-39.2188
 20
47.4885
 11
-39.2374
 21
48.0312
  0
LINE
  8
0
 10
-39.2374
 20
48.0312
 11
-39.1487
 21
48.5647
  0
LINE
  8
0
 10
-39.1487
 20
48.5647
 11
-38.9579
 21
49.0715
  0
LINE
  8
0
 10
-38.9579
 20
49.0715
 11
-38.6726
 21
49.5319
  0
LINE
  8
0
 10
-38.6726
 20
49.5319
 11
-38.3021
 21
49.9267
  0
LINE
  8
0
 10
-38.3021
 20
49.9267
 11
-37.8626
 21
50.2422
  0
LINE
  8
0
 10
-37.8626
 20
50.2422
 11
-37.3686
 21
50.466
  0
LINE
  8
0
 10
-37.3686
 20
50.466
 11
-36.8427
 21
50.5883
  0
LINE
  8
0
 10
-36.8427
 20
50.5883
 11
-36.2993
 21
50.6069
  0
LINE
  8
0
 10
-36.2993
 20
50.6069
 11
-35.7665
 21
50.5182
  0
LINE
  8
0
 10
-35.7665
 20
50.5182
 11
-35.2591
 21
50.328
  0
LINE
  8
0
 10
-35.2591
 20
50.328
 11
-34.7982
 21
50.041
  0
LINE
  8
0
 10
-34.7982
 20
50.041
 11
-34.4039
 21
49.671
  0
LINE
  8
0
 10
-34.4039
 20
49.671
 11
-34.0884
 21
49.2315
  0
LINE
  8
0
 10
-34.0884
 20
49.2315
 11
-33.8652
 21
48.7375
  0
LINE
  8
0
 10
-33.8652
 20
48.7375
 11
-33.7417
 21
48.2104
  0
LINE
  8
0
 10
-33.7417
 20
48.2104
 11
-33.7237
 21
47.6689
  0
LINE
  8
0
 10
-33.7237
 20
47.6689
 11
-33.8078
 21
47.1661
  0
LINE
  8
0
 10
-33.8078
 20
47.1661
 11
-33.3926
 21
47.0977
  0
LINE
  8
0
 10
-33.3926
 20
47.0977
 11
-32.8847
 21
46.9064
  0
LINE
  8
0
 10
-32.8847
 20
46.9064
 11
-32.4243
 21
46.6205
  0
LINE
  8
0
 10
-32.4243
 20
46.6205
 11
-32.0294
 21
46.25
  0
LINE
  8
0
 10
-32.0294
 20
46.25
 11
-31.7146
 21
45.8111
  0
LINE
  8
0
 10
-31.7146
 20
45.8111
 11
-31.4914
 21
45.3165
  0
LINE
  8
0
 10
-31.4914
 20
45.3165
 11
-31.3684
 21
44.7906
  0
LINE
  8
0
 10
-31.3684
 20
44.7906
 11
-31.3505
 21
44.249
  0
LINE
  8
0
 10
-31.3505
 20
44.249
 11
-31.4386
 21
43.7138
  0
LINE
  8
0
 10
-31.4386
 20
43.7138
 11
-31.587
 21
43.3195
  0
LINE
  8
0
 10
-31.587
 20
43.3195
 11
-31.1098
 21
43.1404
  0
LINE
  8
0
 10
-31.1098
 20
43.1404
 11
-30.6494
 21
42.8545
  0
LINE
  8
0
 10
-30.6494
 20
42.8545
 11
-30.254
 21
42.484
  0
LINE
  8
0
 10
-30.254
 20
42.484
 11
-29.9391
 21
42.045
  0
LINE
  8
0
 10
-29.9391
 20
42.045
 11
-29.7153
 21
41.5504
  0
LINE
  8
0
 10
-29.7153
 20
41.5504
 11
-29.593
 21
41.0251
  0
LINE
  8
0
 10
-29.593
 20
41.0251
 11
-29.5744
 21
40.4824
  0
LINE
  8
0
 10
-29.5744
 20
40.4824
 11
-29.6631
 21
39.9478
  0
LINE
  8
0
 10
-29.6631
 20
39.9478
 11
-29.8539
 21
39.4422
  0
LINE
  8
0
 10
-29.8539
 20
39.4422
 11
-30.1404
 21
38.9806
  0
LINE
  8
0
 10
-30.1404
 20
38.9806
 11
-30.5103
 21
38.5858
  0
LINE
  8
0
 10
-30.5103
 20
38.5858
 11
-30.9498
 21
38.2709
  0
LINE
  8
0
 10
-30.9498
 20
38.2709
 11
-31.4444
 21
38.0471
  0
LINE
  8
0
 10
-31.4444
 20
38.0471
 11
-31.9703
 21
37.9247
  0
LINE
  8
0
 10
-31.9703
 20
37.9247
 11
-32.513
 21
37.9068
  0
LINE
  8
0
 10
-32.513
 20
37.9068
 11
-33.0459
 21
37.9949
  0
LINE
  8
0
 10
42.9541
 20
37.9949
 11
42.4467
 21
38.1857
  0
LINE
  8
0
 10
42.4467
 20
38.1857
 11
41.9858
 21
38.4727
  0
LINE
  8
0
 10
41.9858
 20
38.4727
 11
41.5915
 21
38.842
  0
LINE
  8
0
 10
41.5915
 20
38.842
 11
41.5422
 21
38.9105
  0
LINE
  8
0
 10
41.5422
 20
38.9105
 11
41.8437
 21
39.2328
  0
LINE
  8
0
 10
41.8437
 20
39.2328
 11
42.3453
 21
40.0394
  0
LINE
  8
0
 10
42.3453
 20
40.0394
 11
42.6798
 21
40.9283
  0
LINE
  8
0
 10
42.6798
 20
40.9283
 11
42.8347
 21
41.8653
  0
LINE
  8
0
 10
42.8347
 20
41.8653
 11
42.8039
 21
42.8139
  0
LINE
  8
0
 10
42.8039
 20
42.8139
 11
42.5871
 21
43.7393
  0
LINE
  8
0
 10
42.5871
 20
43.7393
 11
42.1963
 21
44.6044
  0
LINE
  8
0
 10
42.1963
 20
44.6044
 11
41.6431
 21
45.375
  0
LINE
  8
0
 10
41.6431
 20
45.375
 11
40.9496
 21
46.0256
  0
LINE
  8
0
 10
40.9496
 20
46.0256
 11
40.1431
 21
46.5266
  0
LINE
  8
0
 10
40.1431
 20
46.5266
 11
39.2542
 21
46.8611
  0
LINE
  8
0
 10
39.2542
 20
46.8611
 11
38.3172
 21
47.016
  0
LINE
  8
0
 10
38.3172
 20
47.016
 11
37.3686
 21
46.9852
  0
LINE
  8
0
 10
37.3686
 20
46.9852
 11
36.9389
 21
46.8843
  0
LINE
  8
0
 10
36.9389
 20
46.8843
 11
36.9035
 21
46.9626
  0
LINE
  8
0
 10
36.9035
 20
46.9626
 11
36.7812
 21
47.4885
  0
LINE
  8
0
 10
36.7812
 20
47.4885
 11
36.7626
 21
48.0312
  0
LINE
  8
0
 10
36.7626
 20
48.0312
 11
36.8513
 21
48.5647
  0
LINE
  8
0
 10
36.8513
 20
48.5647
 11
37.0421
 21
49.0715
  0
LINE
  8
0
 10
37.0421
 20
49.0715
 11
37.3274
 21
49.5319
  0
LINE
  8
0
 10
37.3274
 20
49.5319
 11
37.6979
 21
49.9267
  0
LINE
  8
0
 10
37.6979
 20
49.9267
 11
38.1374
 21
50.2422
  0
LINE
  8
0
 10
38.1374
 20
50.2422
 11
38.6314
 21
50.466
  0
LINE
  8
0
 10
38.6314
 20
50.466
 11
39.1573
 21
50.5883
  0
LINE
  8
0
 10
39.1573
 20
50.5883
 11
39.7007
 21
50.6069
  0
LINE
  8
0
 10
39.7007
 20
50.6069
 11
40.2335
 21
50.5182
  0
LINE
  8
0
 10
40.2335
 20
50.5182
 11
40.7409
 21
50.328
  0
LINE
  8
0
 10
40.7409
 20
50.328
 11
41.2018
 21
50.041
  0
LINE
  8
0
 10
41.2018
 20
50.041
 11
41.5961
 21
49.671
  0
LINE
  8
0
 10
41.5961
 20
49.671
 11
41.9116
 21
49.2315
  0
LINE
  8
0
 10
41.9116
 20
49.2315
 11
42.1348
 21
48.7375
  0
LINE
  8
0
 10
42.1348
 20
48.7375
 11
42.2583
 21
48.2104
  0
LINE
  8
0
 10
42.2583
 20
48.2104
 11
42.2763
 21
47.6689
  0
LINE
  8
0
 10
42.2763
 20
47.6689
 11
42.1922
 21
47.1661
  0
LINE
  8
0
 10
42.1922
 20
47.1661
 11
42.6074
 21
47.0977
  0
LINE
  8
0
 10
42.6074
 20
47.0977
 11
43.1153
 21
46.9064
  0
LINE
  8
0
 10
43.1153
 20
46.9064
 11
43.5757
 21
46.6205
  0
LINE
  8
0
 10
43.5757
 20
46.6205
 11
43.9706
 21
46.25
  0
LINE
  8
0
 10
43.9706
 20
46.25
 11
44.2854
 21
45.8111
  0
LINE
  8
0
 10
44.2854
 20
45.8111
 11
44.5086
 21
45.3165
  0
LINE
  8
0
 10
44.5086
 20
45.3165
 11
44.6316
 21
44.7906
  0
LINE
  8
0
 10
44.6316
 20
44.7906
 11
44.6495
 21
44.249
  0
LINE
  8
0
 10
44.6495
 20
44.249
 11
44.5614
 21
43.7138
  0
LINE
  8
0
 10
44.5614
 20
43.7138
 11
44.413
 21
43.3195
  0
LINE
  8
0
 10
44.413
 20
43.3195
 11
44.8902
 21
43.1404
  0
LINE
  8
0
 10
44.8902
 20
43.1404
 11
45.3506
 21
42.8545
  0
LINE
  8
0
 10
45.3506
 20
42.8545
 11
45.746
 21
42.484
  0
LINE
  8
0
 10
45.746
 20
42.484
 11
46.0609
 21
42.045
  0
LINE
  8
0
 10
46.0609
 20
42.045
 11
46.2847
 21
41.5504
  0
LINE
  8
0
 10
46.2847
 20
41.5504
 11
46.407
 21
41.0251
  0
LINE
  8
0
 10
46.407
 20
41.0251
 11
46.4256
 21
40.4824
  0
LINE
  8
0
 10
46.4256
 20
40.4824
 11
46.3369
 21
39.9478
  0
LINE
  8
0
 10
46.3369
 20
39.9478
 11
46.1461
 21
39.4422
  0
LINE
  8
0
 10
46.1461
 20
39.4422
 11
45.8596
 21
38.9806
  0
LINE
  8
0
 10
45.8596
 20
38.9806
 11
45.4897
 21
38.5858
  0
LINE
  8
0
 10
45.4897
 20
38.5858
 11
45.0502
 21
38.2709
  0
LINE
  8
0
 10
45.0502
 20
38.2709
 11
44.5556
 21
38.0471
  0
LINE
  8
0
 10
44.5556
 20
38.0471
 11
44.0297
 21
37.9247
  0
LINE
  8
0
 10
44.0297
 20
37.9247
 11
43.487
 21
37.9068
  0
LINE
  8
0
 10
43.487
 20
37.9068
 11
42.9541
 21
37.9949
  0
LINE
  8
0
 10
4.9541
 20
37.9949
 11
4.44675
 21
38.1857
  0
LINE
  8
0
 10
4.44675
 20
38.1857
 11
3.98578
 21
38.4727
  0
LINE
  8
0
 10
3.98578
 20
38.4727
 11
3.59149
 21
38.842
  0
LINE
  8
0
 10
3.59149
 20
38.842
 11
3.54221
 21
38.9105
  0
LINE
  8
0
 10
3.54221
 20
38.9105
 11
3.84372
 21
39.2328
  0
LINE
  8
0
 10
3.84372
 20
39.2328
 11
4.34528
 21
40.0394
  0
LINE
  8
0
 10
4.34528
 20
40.0394
 11
4.67984
 21
40.9283
  0
LINE
  8
0
 10
4.67984
 20
40.9283
 11
4.83466
 21
41.8653
  0
LINE
  8
0
 10
4.83466
 20
41.8653
 11
4.80392
 21
42.8139
  0
LINE
  8
0
 10
4.80392
 20
42.8139
 11
4.58707
 21
43.7393
  0
LINE
  8
0
 10
4.58707
 20
43.7393
 11
4.19626
 21
44.6044
  0
LINE
  8
0
 10
4.19626
 20
44.6044
 11
3.6431
 21
45.375
  0
LINE
  8
0
 10
3.6431
 20
45.375
 11
2.94962
 21
46.0256
  0
LINE
  8
0
 10
2.94962
 20
46.0256
 11
2.14307
 21
46.5266
  0
LINE
  8
0
 10
2.14307
 20
46.5266
 11
1.25418
 21
46.8611
  0
LINE
  8
0
 10
1.25418
 20
46.8611
 11
0.317169
 21
47.016
  0
LINE
  8
0
 10
0.317169
 20
47.016
 11
-0.631439
 21
46.9852
  0
LINE
  8
0
 10
-0.631439
 20
46.9852
 11
-1.0611
 21
46.8843
  0
LINE
  8
0
 10
-1.0611
 20
46.8843
 11
-1.09647
 21
46.9626
  0
LINE
  8
0
 10
-1.09647
 20
46.9626
 11
-1.21881
 21
47.4885
  0
LINE
  8
0
 10
-1.21881
 20
47.4885
 11
-1.23737
 21
48.0312
  0
LINE
  8
0
 10
-1.23737
 20
48.0312
 11
-1.14865
 21
48.5647
  0
LINE
  8
0
 10
-1.14865
 20
48.5647
 11
-0.957886
 21
49.0715
  0
LINE
  8
0
 10
-0.957886
 20
49.0715
 11
-0.672607
 21
49.5319
  0
LINE
  8
0
 10
-0.672607
 20
49.5319
 11
-0.302094
 21
49.9267
  0
LINE
  8
0
 10
-0.302094
 20
49.9267
 11
0.137421
 21
50.2422
  0
LINE
  8
0
 10
0.137421
 20
50.2422
 11
0.631439
 21
50.466
  0
LINE
  8
0
 10
0.631439
 20
50.466
 11
1.15735
 21
50.5883
  0
LINE
  8
0
 10
1.15735
 20
50.5883
 11
1.70065
 21
50.6069
  0
LINE
  8
0
 10
1.70065
 20
50.6069
 11
2.23352
 21
50.5182
  0
LINE
  8
0
 10
2.23352
 20
50.5182
 11
2.74088
 21
50.328
  0
LINE
  8
0
 10
2.74088
 20
50.328
 11
3.20184
 21
50.041
  0
LINE
  8
0
 10
3.20184
 20
50.041
 11
3.59613
 21
49.671
  0
LINE
  8
0
 10
3.59613
 20
49.671
 11
3.91156
 21
49.2315
  0
LINE
  8
0
 10
3.91156
 20
49.2315
 11
4.1348
 21
48.7375
  0
LINE
  8
0
 10
4.1348
 20
48.7375
 11
4.2583
 21
48.2104
  0
LINE
  8
0
 10
4.2583
 20
48.2104
 11
4.27628
 21
47.6689
  0
LINE
  8
0
 10
4.27628
 20
47.6689
 11
4.1922
 21
47.1661
  0
LINE
  8
0
 10
4.1922
 20
47.1661
 11
4.60736
 21
47.0977
  0
LINE
  8
0
 10
4.60736
 20
47.0977
 11
5.1153
 21
46.9064
  0
LINE
  8
0
 10
5.1153
 20
46.9064
 11
5.57568
 21
46.6205
  0
LINE
  8
0
 10
5.57568
 20
46.6205
 11
5.97055
 21
46.25
  0
LINE
  8
0
 10
5.97055
 20
46.25
 11
6.2854
 21
45.8111
  0
LINE
  8
0
 10
6.2854
 20
45.8111
 11
6.50864
 21
45.3165
  0
LINE
  8
0
 10
6.50864
 20
45.3165
 11
6.63156
 21
44.7906
  0
LINE
  8
0
 10
6.63156
 20
44.7906
 11
6.64954
 21
44.249
  0
LINE
  8
0
 10
6.64954
 20
44.249
 11
6.5614
 21
43.7138
  0
LINE
  8
0
 10
6.5614
 20
43.7138
 11
6.41296
 21
43.3195
  0
LINE
  8
0
 10
6.41296
 20
43.3195
 11
6.89017
 21
43.1404
  0
LINE
  8
0
 10
6.89017
 20
43.1404
 11
7.35056
 21
42.8545
  0
LINE
  8
0
 10
7.35056
 20
42.8545
 11
7.746
 21
42.484
  0
LINE
  8
0
 10
7.746
 20
42.484
 11
8.06085
 21
42.045
  0
LINE
  8
0
 10
8.06085
 20
42.045
 11
8.28467
 21
41.5504
  0
LINE
  8
0
 10
8.28467
 20
41.5504
 11
8.40701
 21
41.0251
  0
LINE
  8
0
 10
8.40701
 20
41.0251
 11
8.42557
 21
40.4824
  0
LINE
  8
0
 10
8.42557
 20
40.4824
 11
8.33685
 21
39.9478
  0
LINE
  8
0
 10
8.33685
 20
39.9478
 11
8.14609
 21
39.4422
  0
LINE
  8
0
 10
8.14609
 20
39.4422
 11
7.85965
 21
38.9806
  0
LINE
  8
0
 10
7.85965
 20
38.9806
 11
7.48972
 21
38.5858
  0
LINE
  8
0
 10
7.48972
 20
38.5858
 11
7.0502
 21
38.2709
  0
LINE
  8
0
 10
7.0502
 20
38.2709
 11
6.5556
 21
38.0471
  0
LINE
  8
0
 10
6.5556
 20
38.0471
 11
6.02969
 21
37.9247
  0
LINE
  8
0
 10
6.02969
 20
37.9247
 11
5.48697
 21
37.9068
  0
LINE
  8
0
 10
5.48697
 20
37.9068
 11
4.9541
 21
37.9949
  0
LINE
  8
0
 10
12.9703
 20
37.9242
 11
12.4438
 21
38.0477
  0
LINE
  8
0
 10
12.4438
 20
38.0477
 11
11.9498
 21
38.2715
  0
LINE
  8
0
 10
11.9498
 20
38.2715
 11
11.5097
 21
38.5869
  0
LINE
  8
0
 10
11.5097
 20
38.5869
 11
11.1398
 21
38.9818
  0
LINE
  8
0
 10
11.1398
 20
38.9818
 11
10.8533
 21
39.4427
  0
LINE
  8
0
 10
10.8533
 20
39.4427
 11
10.6631
 21
39.9489
  0
LINE
  8
0
 10
10.6631
 20
39.9489
 11
10.5744
 21
40.483
  0
LINE
  8
0
 10
10.5744
 20
40.483
 11
10.5918
 21
41.0251
  0
LINE
  8
0
 10
10.5918
 20
41.0251
 11
10.7153
 21
41.551
  0
LINE
  8
0
 10
10.7153
 20
41.551
 11
10.9386
 21
42.045
  0
LINE
  8
0
 10
10.9386
 20
42.045
 11
11.254
 21
42.4846
  0
LINE
  8
0
 10
11.254
 20
42.4846
 11
11.6489
 21
42.8551
  0
LINE
  8
0
 10
11.6489
 20
42.8551
 11
12.1093
 21
43.1409
  0
LINE
  8
0
 10
12.1093
 20
43.1409
 11
12.5865
 21
43.3201
  0
LINE
  8
0
 10
12.5865
 20
43.3201
 11
12.4386
 21
43.715
  0
LINE
  8
0
 10
12.4386
 20
43.715
 11
12.3505
 21
44.2496
  0
LINE
  8
0
 10
12.3505
 20
44.2496
 11
12.3673
 21
44.7911
  0
LINE
  8
0
 10
12.3673
 20
44.7911
 11
12.4908
 21
45.317
  0
LINE
  8
0
 10
12.4908
 20
45.317
 11
12.714
 21
45.8111
  0
LINE
  8
0
 10
12.714
 20
45.8111
 11
13.0294
 21
46.2506
  0
LINE
  8
0
 10
13.0294
 20
46.2506
 11
13.4243
 21
46.6211
  0
LINE
  8
0
 10
13.4243
 20
46.6211
 11
13.8847
 21
46.907
  0
LINE
  8
0
 10
13.8847
 20
46.907
 11
14.3921
 21
47.0983
  0
LINE
  8
0
 10
14.3921
 20
47.0983
 11
14.8078
 21
47.1667
  0
LINE
  8
0
 10
14.8078
 20
47.1667
 11
14.7243
 21
47.6694
  0
LINE
  8
0
 10
14.7243
 20
47.6694
 11
14.7411
 21
48.211
  0
LINE
  8
0
 10
14.7411
 20
48.211
 11
14.8646
 21
48.7381
  0
LINE
  8
0
 10
14.8646
 20
48.7381
 11
15.0884
 21
49.2321
  0
LINE
  8
0
 10
15.0884
 20
49.2321
 11
15.4033
 21
49.6716
  0
LINE
  8
0
 10
15.4033
 20
49.6716
 11
15.7982
 21
50.0415
  0
LINE
  8
0
 10
15.7982
 20
50.0415
 11
16.2591
 21
50.3286
  0
LINE
  8
0
 10
16.2591
 20
50.3286
 11
16.7659
 21
50.5187
  0
LINE
  8
0
 10
16.7659
 20
50.5187
 11
17.2993
 21
50.6063
  0
LINE
  8
0
 10
17.2993
 20
50.6063
 11
17.8421
 21
50.5895
  0
LINE
  8
0
 10
17.8421
 20
50.5895
 11
18.368
 21
50.4666
  0
LINE
  8
0
 10
18.368
 20
50.4666
 11
18.862
 21
50.2427
  0
LINE
  8
0
 10
18.862
 20
50.2427
 11
19.3027
 21
49.9273
  0
LINE
  8
0
 10
19.3027
 20
49.9273
 11
19.6726
 21
49.5324
  0
LINE
  8
0
 10
19.6726
 20
49.5324
 11
19.9585
 21
49.0715
  0
LINE
  8
0
 10
19.9585
 20
49.0715
 11
20.1487
 21
48.5653
  0
LINE
  8
0
 10
20.1487
 20
48.5653
 11
20.2374
 21
48.0318
  0
LINE
  8
0
 10
20.2374
 20
48.0318
 11
20.22
 21
47.4891
  0
LINE
  8
0
 10
20.22
 20
47.4891
 11
20.0965
 21
46.9632
  0
LINE
  8
0
 10
20.0965
 20
46.9632
 11
20.0611
 21
46.8849
  0
LINE
  8
0
 10
20.0611
 20
46.8849
 11
19.632
 21
46.9858
  0
LINE
  8
0
 10
19.632
 20
46.9858
 11
18.6828
 21
47.0165
  0
LINE
  8
0
 10
18.6828
 20
47.0165
 11
17.7452
 21
46.8617
  0
LINE
  8
0
 10
17.7452
 20
46.8617
 11
16.8569
 21
46.5272
  0
LINE
  8
0
 10
16.8569
 20
46.5272
 11
16.0504
 21
46.0262
  0
LINE
  8
0
 10
16.0504
 20
46.0262
 11
15.3569
 21
45.3756
  0
LINE
  8
0
 10
15.3569
 20
45.3756
 11
14.8032
 21
44.6044
  0
LINE
  8
0
 10
14.8032
 20
44.6044
 11
14.4124
 21
43.7399
  0
LINE
  8
0
 10
14.4124
 20
43.7399
 11
14.1955
 21
42.8145
  0
LINE
  8
0
 10
14.1955
 20
42.8145
 11
14.1648
 21
41.8659
  0
LINE
  8
0
 10
14.1648
 20
41.8659
 11
14.3202
 21
40.9289
  0
LINE
  8
0
 10
14.3202
 20
40.9289
 11
14.6541
 21
40.04
  0
LINE
  8
0
 10
14.6541
 20
40.04
 11
15.1557
 21
39.2334
  0
LINE
  8
0
 10
15.1557
 20
39.2334
 11
15.4578
 21
38.911
  0
LINE
  8
0
 10
15.4578
 20
38.911
 11
15.4079
 21
38.842
  0
LINE
  8
0
 10
15.4079
 20
38.842
 11
15.0136
 21
38.4727
  0
LINE
  8
0
 10
15.0136
 20
38.4727
 11
14.5527
 21
38.1862
  0
LINE
  8
0
 10
14.5527
 20
38.1862
 11
14.0459
 21
37.9955
  0
LINE
  8
0
 10
14.0459
 20
37.9955
 11
13.5125
 21
37.9073
  0
LINE
  8
0
 10
13.5125
 20
37.9073
 11
12.9703
 21
37.9242
  0
LINE
  8
0
 10
-25.0297
 20
37.9242
 11
-25.5562
 21
38.0477
  0
LINE
  8
0
 10
-25.5562
 20
38.0477
 11
-26.0502
 21
38.2715
  0
LINE
  8
0
 10
-26.0502
 20
38.2715
 11
-26.4903
 21
38.5869
  0
LINE
  8
0
 10
-26.4903
 20
38.5869
 11
-26.8602
 21
38.9818
  0
LINE
  8
0
 10
-26.8602
 20
38.9818
 11
-27.1467
 21
39.4427
  0
LINE
  8
0
 10
-27.1467
 20
39.4427
 11
-27.3369
 21
39.9489
  0
LINE
  8
0
 10
-27.3369
 20
39.9489
 11
-27.4256
 21
40.483
  0
LINE
  8
0
 10
-27.4256
 20
40.483
 11
-27.4082
 21
41.0251
  0
LINE
  8
0
 10
-27.4082
 20
41.0251
 11
-27.2847
 21
41.551
  0
LINE
  8
0
 10
-27.2847
 20
41.551
 11
-27.0614
 21
42.045
  0
LINE
  8
0
 10
-27.0614
 20
42.045
 11
-26.746
 21
42.4846
  0
LINE
  8
0
 10
-26.746
 20
42.4846
 11
-26.3511
 21
42.8551
  0
LINE
  8
0
 10
-26.3511
 20
42.8551
 11
-25.8907
 21
43.1409
  0
LINE
  8
0
 10
-25.8907
 20
43.1409
 11
-25.4135
 21
43.3201
  0
LINE
  8
0
 10
-25.4135
 20
43.3201
 11
-25.5614
 21
43.715
  0
LINE
  8
0
 10
-25.5614
 20
43.715
 11
-25.6495
 21
44.2496
  0
LINE
  8
0
 10
-25.6495
 20
44.2496
 11
-25.6327
 21
44.7911
  0
LINE
  8
0
 10
-25.6327
 20
44.7911
 11
-25.5092
 21
45.317
  0
LINE
  8
0
 10
-25.5092
 20
45.317
 11
-25.286
 21
45.8111
  0
LINE
  8
0
 10
-25.286
 20
45.8111
 11
-24.9706
 21
46.2506
  0
LINE
  8
0
 10
-24.9706
 20
46.2506
 11
-24.5757
 21
46.6211
  0
LINE
  8
0
 10
-24.5757
 20
46.6211
 11
-24.1153
 21
46.907
  0
LINE
  8
0
 10
-24.1153
 20
46.907
 11
-23.6079
 21
47.0983
  0
LINE
  8
0
 10
-23.6079
 20
47.0983
 11
-23.1922
 21
47.1667
  0
LINE
  8
0
 10
-23.1922
 20
47.1667
 11
-23.2757
 21
47.6694
  0
LINE
  8
0
 10
-23.2757
 20
47.6694
 11
-23.2589
 21
48.211
  0
LINE
  8
0
 10
-23.2589
 20
48.211
 11
-23.1354
 21
48.7381
  0
LINE
  8
0
 10
-23.1354
 20
48.7381
 11
-22.9116
 21
49.2321
  0
LINE
  8
0
 10
-22.9116
 20
49.2321
 11
-22.5967
 21
49.6716
  0
LINE
  8
0
 10
-22.5967
 20
49.6716
 11
-22.2018
 21
50.0415
  0
LINE
  8
0
 10
-22.2018
 20
50.0415
 11
-21.7409
 21
50.3286
  0
LINE
  8
0
 10
-21.7409
 20
50.3286
 11
-21.2341
 21
50.5187
  0
LINE
  8
0
 10
-21.2341
 20
50.5187
 11
-20.7007
 21
50.6063
  0
LINE
  8
0
 10
-20.7007
 20
50.6063
 11
-20.1579
 21
50.5895
  0
LINE
  8
0
 10
-20.1579
 20
50.5895
 11
-19.632
 21
50.4666
  0
LINE
  8
0
 10
-19.632
 20
50.4666
 11
-19.138
 21
50.2427
  0
LINE
  8
0
 10
-19.138
 20
50.2427
 11
-18.6973
 21
49.9273
  0
LINE
  8
0
 10
-18.6973
 20
49.9273
 11
-18.3274
 21
49.5324
  0
LINE
  8
0
 10
-18.3274
 20
49.5324
 11
-18.0415
 21
49.0715
  0
LINE
  8
0
 10
-18.0415
 20
49.0715
 11
-17.8513
 21
48.5653
  0
LINE
  8
0
 10
-17.8513
 20
48.5653
 11
-17.7626
 21
48.0318
  0
LINE
  8
0
 10
-17.7626
 20
48.0318
 11
-17.78
 21
47.4891
  0
LINE
  8
0
 10
-17.78
 20
47.4891
 11
-17.9035
 21
46.9632
  0
LINE
  8
0
 10
-17.9035
 20
46.9632
 11
-17.9389
 21
46.8849
  0
LINE
  8
0
 10
-17.9389
 20
46.8849
 11
-18.368
 21
46.9858
  0
LINE
  8
0
 10
-18.368
 20
46.9858
 11
-19.3172
 21
47.0165
  0
LINE
  8
0
 10
-19.3172
 20
47.0165
 11
-20.2548
 21
46.8617
  0
LINE
  8
0
 10
-20.2548
 20
46.8617
 11
-21.1431
 21
46.5272
  0
LINE
  8
0
 10
-21.1431
 20
46.5272
 11
-21.9496
 21
46.0262
  0
LINE
  8
0
 10
-21.9496
 20
46.0262
 11
-22.6431
 21
45.3756
  0
LINE
  8
0
 10
-22.6431
 20
45.3756
 11
-23.1968
 21
44.6044
  0
LINE
  8
0
 10
-23.1968
 20
44.6044
 11
-23.5876
 21
43.7399
  0
LINE
  8
0
 10
-23.5876
 20
43.7399
 11
-23.8045
 21
42.8145
  0
LINE
  8
0
 10
-23.8045
 20
42.8145
 11
-23.8352
 21
41.8659
  0
LINE
  8
0
 10
-23.8352
 20
41.8659
 11
-23.6798
 21
40.9289
  0
LINE
  8
0
 10
-23.6798
 20
40.9289
 11
-23.3459
 21
40.04
  0
LINE
  8
0
 10
-23.3459
 20
40.04
 11
-22.8443
 21
39.2334
  0
LINE
  8
0
 10
-22.8443
 20
39.2334
 11
-22.5422
 21
38.911
  0
LINE
  8
0
 10
-22.5422
 20
38.911
 11
-22.5921
 21
38.842
  0
LINE
  8
0
 10
-22.5921
 20
38.842
 11
-22.9864
 21
38.4727
  0
LINE
  8
0
 10
-22.9864
 20
38.4727
 11
-23.4473
 21
38.1862
  0
LINE
  8
0
 10
-23.4473
 20
38.1862
 11
-23.9541
 21
37.9955
  0
LINE
  8
0
 10
-23.9541
 20
37.9955
 11
-24.4875
 21
37.9073
  0
LINE
  8
0
 10
-24.4875
 20
37.9073
 11
-25.0297
 21
37.9242
  0
LINE
  8
0
 10
45.7617
 20
44.1759
 11
45.7367
 21
44.9355
  0
LINE
  8
0
 10
45.7367
 20
44.9355
 11
45.5639
 21
45.6754
  0
LINE
  8
0
 10
45.5639
 20
45.6754
 11
45.2502
 21
46.3677
  0
LINE
  8
0
 10
45.2502
 20
46.3677
 11
44.8078
 21
46.9846
  0
LINE
  8
0
 10
44.8078
 20
46.9846
 11
44.2535
 21
47.5042
  0
LINE
  8
0
 10
44.2535
 20
47.5042
 11
43.6082
 21
47.906
  0
LINE
  8
0
 10
43.6082
 20
47.906
 11
43.5867
 21
47.9141
  0
LINE
  8
0
 10
43.5867
 20
47.9141
 11
43.9033
 21
48.1403
  0
LINE
  8
0
 10
43.9033
 20
48.1403
 11
44.2982
 21
48.3188
  0
LINE
  8
0
 10
44.2982
 20
48.3188
 11
44.7185
 21
48.4174
  0
LINE
  8
0
 10
44.7185
 20
48.4174
 11
45.1523
 21
48.4325
  0
LINE
  8
0
 10
45.1523
 20
48.4325
 11
45.5796
 21
48.3618
  0
LINE
  8
0
 10
45.5796
 20
48.3618
 11
45.9849
 21
48.2087
  0
LINE
  8
0
 10
45.9849
 20
48.2087
 11
46.3531
 21
47.9796
  0
LINE
  8
0
 10
46.3531
 20
47.9796
 11
46.6691
 21
47.6839
  0
LINE
  8
0
 10
46.6691
 20
47.6839
 11
46.9207
 21
47.3326
  0
LINE
  8
0
 10
46.9207
 20
47.3326
 11
47.0999
 21
46.9371
  0
LINE
  8
0
 10
47.0999
 20
46.9371
 11
47.1979
 21
46.5161
  0
LINE
  8
0
 10
47.1979
 20
46.5161
 11
47.2124
 21
46.0824
  0
LINE
  8
0
 10
47.2124
 20
46.0824
 11
47.1422
 21
45.6557
  0
LINE
  8
0
 10
47.1422
 20
45.6557
 11
46.9892
 21
45.2504
  0
LINE
  8
0
 10
46.9892
 20
45.2504
 11
46.7601
 21
44.8816
  0
LINE
  8
0
 10
46.7601
 20
44.8816
 11
46.4638
 21
44.5662
  0
LINE
  8
0
 10
46.4638
 20
44.5662
 11
46.1125
 21
44.3145
  0
LINE
  8
0
 10
46.1125
 20
44.3145
 11
45.7576
 21
44.1539
  0
LINE
  8
0
 10
45.7576
 20
44.1539
 11
45.7617
 21
44.1759
  0
LINE
  8
0
 10
7.76166
 20
44.1759
 11
7.73672
 21
44.9355
  0
LINE
  8
0
 10
7.73672
 20
44.9355
 11
7.56393
 21
45.6754
  0
LINE
  8
0
 10
7.56393
 20
45.6754
 11
7.25024
 21
46.3677
  0
LINE
  8
0
 10
7.25024
 20
46.3677
 11
6.80783
 21
46.9846
  0
LINE
  8
0
 10
6.80783
 20
46.9846
 11
6.25351
 21
47.5042
  0
LINE
  8
0
 10
6.25351
 20
47.5042
 11
5.60815
 21
47.906
  0
LINE
  8
0
 10
5.60815
 20
47.906
 11
5.5867
 21
47.9141
  0
LINE
  8
0
 10
5.5867
 20
47.9141
 11
5.90329
 21
48.1403
  0
LINE
  8
0
 10
5.90329
 20
48.1403
 11
6.29816
 21
48.3188
  0
LINE
  8
0
 10
6.29816
 20
48.3188
 11
6.71854
 21
48.4174
  0
LINE
  8
0
 10
6.71854
 20
48.4174
 11
7.15225
 21
48.4325
  0
LINE
  8
0
 10
7.15225
 20
48.4325
 11
7.57959
 21
48.3618
  0
LINE
  8
0
 10
7.57959
 20
48.3618
 11
7.98489
 21
48.2087
  0
LINE
  8
0
 10
7.98489
 20
48.2087
 11
8.35309
 21
47.9796
  0
LINE
  8
0
 10
8.35309
 20
47.9796
 11
8.6691
 21
47.6839
  0
LINE
  8
0
 10
8.6691
 20
47.6839
 11
8.92075
 21
47.3326
  0
LINE
  8
0
 10
8.92075
 20
47.3326
 11
9.09991
 21
46.9371
  0
LINE
  8
0
 10
9.09991
 20
46.9371
 11
9.19791
 21
46.5161
  0
LINE
  8
0
 10
9.19791
 20
46.5161
 11
9.2124
 21
46.0824
  0
LINE
  8
0
 10
9.2124
 20
46.0824
 11
9.14224
 21
45.6557
  0
LINE
  8
0
 10
9.14224
 20
45.6557
 11
8.98917
 21
45.2504
  0
LINE
  8
0
 10
8.98917
 20
45.2504
 11
8.76013
 21
44.8816
  0
LINE
  8
0
 10
8.76013
 20
44.8816
 11
8.46384
 21
44.5662
  0
LINE
  8
0
 10
8.46384
 20
44.5662
 11
8.11246
 21
44.3145
  0
LINE
  8
0
 10
8.11246
 20
44.3145
 11
7.7576
 21
44.1539
  0
LINE
  8
0
 10
7.7576
 20
44.1539
 11
7.76166
 21
44.1759
  0
LINE
  8
0
 10
-30.2383
 20
44.1759
 11
-30.2633
 21
44.9355
  0
LINE
  8
0
 10
-30.2633
 20
44.9355
 11
-30.4361
 21
45.6754
  0
LINE
  8
0
 10
-30.4361
 20
45.6754
 11
-30.7498
 21
46.3677
  0
LINE
  8
0
 10
-30.7498
 20
46.3677
 11
-31.1922
 21
46.9846
  0
LINE
  8
0
 10
-31.1922
 20
46.9846
 11
-31.7465
 21
47.5042
  0
LINE
  8
0
 10
-31.7465
 20
47.5042
 11
-32.3918
 21
47.906
  0
LINE
  8
0
 10
-32.3918
 20
47.906
 11
-32.4133
 21
47.9141
  0
LINE
  8
0
 10
-32.4133
 20
47.9141
 11
-32.0967
 21
48.1403
  0
LINE
  8
0
 10
-32.0967
 20
48.1403
 11
-31.7018
 21
48.3188
  0
LINE
  8
0
 10
-31.7018
 20
48.3188
 11
-31.2815
 21
48.4174
  0
LINE
  8
0
 10
-31.2815
 20
48.4174
 11
-30.8477
 21
48.4325
  0
LINE
  8
0
 10
-30.8477
 20
48.4325
 11
-30.4204
 21
48.3618
  0
LINE
  8
0
 10
-30.4204
 20
48.3618
 11
-30.0151
 21
48.2087
  0
LINE
  8
0
 10
-30.0151
 20
48.2087
 11
-29.6469
 21
47.9796
  0
LINE
  8
0
 10
-29.6469
 20
47.9796
 11
-29.3309
 21
47.6839
  0
LINE
  8
0
 10
-29.3309
 20
47.6839
 11
-29.0793
 21
47.3326
  0
LINE
  8
0
 10
-29.0793
 20
47.3326
 11
-28.9001
 21
46.9371
  0
LINE
  8
0
 10
-28.9001
 20
46.9371
 11
-28.8021
 21
46.5161
  0
LINE
  8
0
 10
-28.8021
 20
46.5161
 11
-28.7876
 21
46.0824
  0
LINE
  8
0
 10
-28.7876
 20
46.0824
 11
-28.8578
 21
45.6557
  0
LINE
  8
0
 10
-28.8578
 20
45.6557
 11
-29.0108
 21
45.2504
  0
LINE
  8
0
 10
-29.0108
 20
45.2504
 11
-29.2399
 21
44.8816
  0
LINE
  8
0
 10
-29.2399
 20
44.8816
 11
-29.5362
 21
44.5662
  0
LINE
  8
0
 10
-29.5362
 20
44.5662
 11
-29.8875
 21
44.3145
  0
LINE
  8
0
 10
-29.8875
 20
44.3145
 11
-30.2424
 21
44.1539
  0
LINE
  8
0
 10
-30.2424
 20
44.1539
 11
-30.2383
 21
44.1759
  0
LINE
  8
0
 10
-27.113
 20
44.3151
 11
-27.4644
 21
44.5673
  0
LINE
  8
0
 10
-27.4644
 20
44.5673
 11
-27.7607
 21
44.8828
  0
LINE
  8
0
 10
-27.7607
 20
44.8828
 11
-27.9892
 21
45.2509
  0
LINE
  8
0
 10
-27.9892
 20
45.2509
 11
-28.1422
 21
45.6568
  0
LINE
  8
0
 10
-28.1422
 20
45.6568
 11
-28.2124
 21
46.083
  0
LINE
  8
0
 10
-28.2124
 20
46.083
 11
-28.1985
 21
46.5167
  0
LINE
  8
0
 10
-28.1985
 20
46.5167
 11
-28.0999
 21
46.9377
  0
LINE
  8
0
 10
-28.0999
 20
46.9377
 11
-27.9213
 21
47.3326
  0
LINE
  8
0
 10
-27.9213
 20
47.3326
 11
-27.6697
 21
47.6839
  0
LINE
  8
0
 10
-27.6697
 20
47.6839
 11
-27.3537
 21
47.9802
  0
LINE
  8
0
 10
-27.3537
 20
47.9802
 11
-26.9849
 21
48.2093
  0
LINE
  8
0
 10
-26.9849
 20
48.2093
 11
-26.5802
 21
48.3623
  0
LINE
  8
0
 10
-26.5802
 20
48.3623
 11
-26.1528
 21
48.4319
  0
LINE
  8
0
 10
-26.1528
 20
48.4319
 11
-25.7191
 21
48.4186
  0
LINE
  8
0
 10
-25.7191
 20
48.4186
 11
-25.2987
 21
48.3194
  0
LINE
  8
0
 10
-25.2987
 20
48.3194
 11
-24.9033
 21
48.1408
  0
LINE
  8
0
 10
-24.9033
 20
48.1408
 11
-24.5867
 21
47.9147
  0
LINE
  8
0
 10
-24.5867
 20
47.9147
 11
-24.6082
 21
47.9066
  0
LINE
  8
0
 10
-24.6082
 20
47.9066
 11
-25.2535
 21
47.5048
  0
LINE
  8
0
 10
-25.2535
 20
47.5048
 11
-25.8084
 21
46.9852
  0
LINE
  8
0
 10
-25.8084
 20
46.9852
 11
-26.2508
 21
46.3677
  0
LINE
  8
0
 10
-26.2508
 20
46.3677
 11
-26.5639
 21
45.676
  0
LINE
  8
0
 10
-26.5639
 20
45.676
 11
-26.7373
 21
44.9361
  0
LINE
  8
0
 10
-26.7373
 20
44.9361
 11
-26.7622
 21
44.1765
  0
LINE
  8
0
 10
-26.7622
 20
44.1765
 11
-26.7582
 21
44.1539
  0
LINE
  8
0
 10
-26.7582
 20
44.1539
 11
-27.113
 21
44.3151
  0
LINE
  8
0
 10
10.887
 20
44.3151
 11
10.5356
 21
44.5673
  0
LINE
  8
0
 10
10.5356
 20
44.5673
 11
10.2393
 21
44.8828
  0
LINE
  8
0
 10
10.2393
 20
44.8828
 11
10.0108
 21
45.2509
  0
LINE
  8
0
 10
10.0108
 20
45.2509
 11
9.85776
 21
45.6568
  0
LINE
  8
0
 10
9.85776
 20
45.6568
 11
9.7876
 21
46.083
  0
LINE
  8
0
 10
9.7876
 20
46.083
 11
9.80151
 21
46.5167
  0
LINE
  8
0
 10
9.80151
 20
46.5167
 11
9.90009
 21
46.9377
  0
LINE
  8
0
 10
9.90009
 20
46.9377
 11
10.0787
 21
47.3326
  0
LINE
  8
0
 10
10.0787
 20
47.3326
 11
10.3303
 21
47.6839
  0
LINE
  8
0
 10
10.3303
 20
47.6839
 11
10.6463
 21
47.9802
  0
LINE
  8
0
 10
10.6463
 20
47.9802
 11
11.0151
 21
48.2093
  0
LINE
  8
0
 10
11.0151
 20
48.2093
 11
11.4198
 21
48.3623
  0
LINE
  8
0
 10
11.4198
 20
48.3623
 11
11.8472
 21
48.4319
  0
LINE
  8
0
 10
11.8472
 20
48.4319
 11
12.2809
 21
48.4186
  0
LINE
  8
0
 10
12.2809
 20
48.4186
 11
12.7013
 21
48.3194
  0
LINE
  8
0
 10
12.7013
 20
48.3194
 11
13.0967
 21
48.1408
  0
LINE
  8
0
 10
13.0967
 20
48.1408
 11
13.4133
 21
47.9147
  0
LINE
  8
0
 10
13.4133
 20
47.9147
 11
13.3918
 21
47.9066
  0
LINE
  8
0
 10
13.3918
 20
47.9066
 11
12.7465
 21
47.5048
  0
LINE
  8
0
 10
12.7465
 20
47.5048
 11
12.1916
 21
46.9852
  0
LINE
  8
0
 10
12.1916
 20
46.9852
 11
11.7492
 21
46.3677
  0
LINE
  8
0
 10
11.7492
 20
46.3677
 11
11.4361
 21
45.676
  0
LINE
  8
0
 10
11.4361
 20
45.676
 11
11.2627
 21
44.9361
  0
LINE
  8
0
 10
11.2627
 20
44.9361
 11
11.2378
 21
44.1765
  0
LINE
  8
0
 10
11.2378
 20
44.1765
 11
11.2418
 21
44.1539
  0
LINE
  8
0
 10
11.2418
 20
44.1539
 11
10.887
 21
44.3151
  0
LINE
  8
0
 10
28.413
 20
44.7036
 11
28.1457
 21
45.4145
  0
LINE
  8
0
 10
28.1457
 20
45.4145
 11
27.7439
 21
46.0592
  0
LINE
  8
0
 10
27.7439
 20
46.0592
 11
27.5033
 21
46.3173
  0
LINE
  8
0
 10
27.5033
 20
46.3173
 11
27.5421
 21
46.3712
  0
LINE
  8
0
 10
27.5421
 20
46.3712
 11
27.8581
 21
46.6669
  0
LINE
  8
0
 10
27.8581
 20
46.6669
 11
28.2269
 21
46.8965
  0
LINE
  8
0
 10
28.2269
 20
46.8965
 11
28.5006
 21
46.9991
  0
LINE
  8
0
 10
28.5006
 20
46.9991
 11
28.7737
 21
46.8971
  0
LINE
  8
0
 10
28.7737
 20
46.8971
 11
29.1425
 21
46.6675
  0
LINE
  8
0
 10
29.1425
 20
46.6675
 11
29.4579
 21
46.3718
  0
LINE
  8
0
 10
29.4579
 20
46.3718
 11
29.4967
 21
46.3178
  0
LINE
  8
0
 10
29.4967
 20
46.3178
 11
29.2561
 21
46.0598
  0
LINE
  8
0
 10
29.2561
 20
46.0598
 11
28.8543
 21
45.4145
  0
LINE
  8
0
 10
28.8543
 20
45.4145
 11
28.587
 21
44.7042
  0
LINE
  8
0
 10
28.587
 20
44.7042
 11
28.5
 21
44.1812
  0
LINE
  8
0
 10
28.5
 20
44.1812
 11
28.413
 21
44.7036
  0
LINE
  8
0
 10
-9.58698
 20
44.7036
 11
-9.85428
 21
45.4145
  0
LINE
  8
0
 10
-9.85428
 20
45.4145
 11
-10.2561
 21
46.0592
  0
LINE
  8
0
 10
-10.2561
 20
46.0592
 11
-10.4967
 21
46.3173
  0
LINE
  8
0
 10
-10.4967
 20
46.3173
 11
-10.4579
 21
46.3712
  0
LINE
  8
0
 10
-10.4579
 20
46.3712
 11
-10.1419
 21
46.6669
  0
LINE
  8
0
 10
-10.1419
 20
46.6669
 11
-9.7731
 21
46.8965
  0
LINE
  8
0
 10
-9.7731
 20
46.8965
 11
-9.49942
 21
46.9991
  0
LINE
  8
0
 10
-9.49942
 20
46.9991
 11
-9.22632
 21
46.8971
  0
LINE
  8
0
 10
-9.22632
 20
46.8971
 11
-8.85754
 21
46.6675
  0
LINE
  8
0
 10
-8.85754
 20
46.6675
 11
-8.54211
 21
46.3718
  0
LINE
  8
0
 10
-8.54211
 20
46.3718
 11
-8.50327
 21
46.3178
  0
LINE
  8
0
 10
-8.50327
 20
46.3178
 11
-8.7439
 21
46.0598
  0
LINE
  8
0
 10
-8.7439
 20
46.0598
 11
-9.14572
 21
45.4145
  0
LINE
  8
0
 10
-9.14572
 20
45.4145
 11
-9.41302
 21
44.7042
  0
LINE
  8
0
 10
-9.41302
 20
44.7042
 11
-9.5
 21
44.1812
  0
LINE
  8
0
 10
-9.5
 20
44.1812
 11
-9.58698
 21
44.7036
  0
LINE
  8
0
 10
-47.587
 20
44.7036
 11
-47.732
 21
45.0894
  0
LINE
  8
0
 10
-47.732
 20
45.0894
 11
-47.1584
 21
46.8548
  0
LINE
  8
0
 10
-47.1584
 20
46.8548
 11
-46.8575
 21
46.6675
  0
LINE
  8
0
 10
-46.8575
 20
46.6675
 11
-46.5421
 21
46.3718
  0
LINE
  8
0
 10
-46.5421
 20
46.3718
 11
-46.5033
 21
46.3178
  0
LINE
  8
0
 10
-46.5033
 20
46.3178
 11
-46.7439
 21
46.0598
  0
LINE
  8
0
 10
-46.7439
 20
46.0598
 11
-47.1457
 21
45.4145
  0
LINE
  8
0
 10
-47.1457
 20
45.4145
 11
-47.413
 21
44.7042
  0
LINE
  8
0
 10
-47.413
 20
44.7042
 11
-47.5
 21
44.1812
  0
LINE
  8
0
 10
-47.5
 20
44.1812
 11
-47.587
 21
44.7036
  0
LINE
  8
0
 10
35.7665
 20
33.8456
 11
35.2591
 21
34.0358
  0
LINE
  8
0
 10
35.2591
 20
34.0358
 11
34.7982
 21
34.3228
  0
LINE
  8
0
 10
34.7982
 20
34.3228
 11
34.4039
 21
34.6927
  0
LINE
  8
0
 10
34.4039
 20
34.6927
 11
34.0884
 21
35.1323
  0
LINE
  8
0
 10
34.0884
 20
35.1323
 11
33.8652
 21
35.6263
  0
LINE
  8
0
 10
33.8652
 20
35.6263
 11
33.7417
 21
36.1534
  0
LINE
  8
0
 10
33.7417
 20
36.1534
 11
33.7237
 21
36.6949
  0
LINE
  8
0
 10
33.7237
 20
36.6949
 11
33.8078
 21
37.1976
  0
LINE
  8
0
 10
33.8078
 20
37.1976
 11
33.3926
 21
37.2661
  0
LINE
  8
0
 10
33.3926
 20
37.2661
 11
32.8847
 21
37.4574
  0
LINE
  8
0
 10
32.8847
 20
37.4574
 11
32.4243
 21
37.7433
  0
LINE
  8
0
 10
32.4243
 20
37.7433
 11
32.0294
 21
38.1138
  0
LINE
  8
0
 10
32.0294
 20
38.1138
 11
31.7146
 21
38.5527
  0
LINE
  8
0
 10
31.7146
 20
38.5527
 11
31.4914
 21
39.0473
  0
LINE
  8
0
 10
31.4914
 20
39.0473
 11
31.3684
 21
39.5732
  0
LINE
  8
0
 10
31.3684
 20
39.5732
 11
31.3505
 21
40.1148
  0
LINE
  8
0
 10
31.3505
 20
40.1148
 11
31.4386
 21
40.6494
  0
LINE
  8
0
 10
31.4386
 20
40.6494
 11
31.587
 21
41.0443
  0
LINE
  8
0
 10
31.587
 20
41.0443
 11
31.1098
 21
41.2234
  0
LINE
  8
0
 10
31.1098
 20
41.2234
 11
30.6494
 21
41.5093
  0
LINE
  8
0
 10
30.6494
 20
41.5093
 11
30.254
 21
41.8798
  0
LINE
  8
0
 10
30.254
 20
41.8798
 11
29.9391
 21
42.3187
  0
LINE
  8
0
 10
29.9391
 20
42.3187
 11
29.7153
 21
42.8133
  0
LINE
  8
0
 10
29.7153
 20
42.8133
 11
29.593
 21
43.3387
  0
LINE
  8
0
 10
29.593
 20
43.3387
 11
29.5744
 21
43.8814
  0
LINE
  8
0
 10
29.5744
 20
43.8814
 11
29.6631
 21
44.4154
  0
LINE
  8
0
 10
29.6631
 20
44.4154
 11
29.8539
 21
44.9216
  0
LINE
  8
0
 10
29.8539
 20
44.9216
 11
30.1398
 21
45.3826
  0
LINE
  8
0
 10
30.1398
 20
45.3826
 11
30.5097
 21
45.7774
  0
LINE
  8
0
 10
30.5097
 20
45.7774
 11
30.9498
 21
46.0929
  0
LINE
  8
0
 10
30.9498
 20
46.0929
 11
31.4444
 21
46.3167
  0
LINE
  8
0
 10
31.4444
 20
46.3167
 11
31.9703
 21
46.439
  0
LINE
  8
0
 10
31.9703
 20
46.439
 11
32.513
 21
46.457
  0
LINE
  8
0
 10
32.513
 20
46.457
 11
33.0459
 21
46.3689
  0
LINE
  8
0
 10
33.0459
 20
46.3689
 11
33.5533
 21
46.1781
  0
LINE
  8
0
 10
33.5533
 20
46.1781
 11
34.0142
 21
45.8911
  0
LINE
  8
0
 10
34.0142
 20
45.8911
 11
34.4085
 21
45.5217
  0
LINE
  8
0
 10
34.4085
 20
45.5217
 11
34.4578
 21
45.4533
  0
LINE
  8
0
 10
34.4578
 20
45.4533
 11
34.1563
 21
45.1309
  0
LINE
  8
0
 10
34.1563
 20
45.1309
 11
33.6547
 21
44.3244
  0
LINE
  8
0
 10
33.6547
 20
44.3244
 11
33.3202
 21
43.4355
  0
LINE
  8
0
 10
33.3202
 20
43.4355
 11
33.1653
 21
42.4985
  0
LINE
  8
0
 10
33.1653
 20
42.4985
 11
33.1961
 21
41.5499
  0
LINE
  8
0
 10
33.1961
 20
41.5499
 11
33.4129
 21
40.6245
  0
LINE
  8
0
 10
33.4129
 20
40.6245
 11
33.8037
 21
39.7593
  0
LINE
  8
0
 10
33.8037
 20
39.7593
 11
34.3569
 21
38.9887
  0
LINE
  8
0
 10
34.3569
 20
38.9887
 11
35.0504
 21
38.3382
  0
LINE
  8
0
 10
35.0504
 20
38.3382
 11
35.8569
 21
37.8372
  0
LINE
  8
0
 10
35.8569
 20
37.8372
 11
36.7458
 21
37.5026
  0
LINE
  8
0
 10
36.7458
 20
37.5026
 11
37.6828
 21
37.3478
  0
LINE
  8
0
 10
37.6828
 20
37.3478
 11
38.6314
 21
37.3785
  0
LINE
  8
0
 10
38.6314
 20
37.3785
 11
39.0611
 21
37.4794
  0
LINE
  8
0
 10
39.0611
 20
37.4794
 11
39.0965
 21
37.4012
  0
LINE
  8
0
 10
39.0965
 20
37.4012
 11
39.2188
 21
36.8752
  0
LINE
  8
0
 10
39.2188
 20
36.8752
 11
39.2374
 21
36.3325
  0
LINE
  8
0
 10
39.2374
 20
36.3325
 11
39.1487
 21
35.7985
  0
LINE
  8
0
 10
39.1487
 20
35.7985
 11
38.9579
 21
35.2923
  0
LINE
  8
0
 10
38.9579
 20
35.2923
 11
38.672
 21
34.8313
  0
LINE
  8
0
 10
38.672
 20
34.8313
 11
38.3015
 21
34.4365
  0
LINE
  8
0
 10
38.3015
 20
34.4365
 11
37.8626
 21
34.1216
  0
LINE
  8
0
 10
37.8626
 20
34.1216
 11
37.3686
 21
33.8978
  0
LINE
  8
0
 10
37.3686
 20
33.8978
 11
36.8427
 21
33.7755
  0
LINE
  8
0
 10
36.8427
 20
33.7755
 11
36.2993
 21
33.7569
  0
LINE
  8
0
 10
36.2993
 20
33.7569
 11
35.7665
 21
33.8456
  0
LINE
  8
0
 10
-2.23352
 20
33.8456
 11
-2.74088
 21
34.0358
  0
LINE
  8
0
 10
-2.74088
 20
34.0358
 11
-3.20184
 21
34.3228
  0
LINE
  8
0
 10
-3.20184
 20
34.3228
 11
-3.59613
 21
34.6927
  0
LINE
  8
0
 10
-3.59613
 20
34.6927
 11
-3.91156
 21
35.1323
  0
LINE
  8
0
 10
-3.91156
 20
35.1323
 11
-4.1348
 21
35.6263
  0
LINE
  8
0
 10
-4.1348
 20
35.6263
 11
-4.2583
 21
36.1534
  0
LINE
  8
0
 10
-4.2583
 20
36.1534
 11
-4.27628
 21
36.6949
  0
LINE
  8
0
 10
-4.27628
 20
36.6949
 11
-4.1922
 21
37.1976
  0
LINE
  8
0
 10
-4.1922
 20
37.1976
 11
-4.60736
 21
37.2661
  0
LINE
  8
0
 10
-4.60736
 20
37.2661
 11
-5.1153
 21
37.4574
  0
LINE
  8
0
 10
-5.1153
 20
37.4574
 11
-5.57568
 21
37.7433
  0
LINE
  8
0
 10
-5.57568
 20
37.7433
 11
-5.97055
 21
38.1138
  0
LINE
  8
0
 10
-5.97055
 20
38.1138
 11
-6.2854
 21
38.5527
  0
LINE
  8
0
 10
-6.2854
 20
38.5527
 11
-6.50864
 21
39.0473
  0
LINE
  8
0
 10
-6.50864
 20
39.0473
 11
-6.63156
 21
39.5732
  0
LINE
  8
0
 10
-6.63156
 20
39.5732
 11
-6.64954
 21
40.1148
  0
LINE
  8
0
 10
-6.64954
 20
40.1148
 11
-6.5614
 21
40.6494
  0
LINE
  8
0
 10
-6.5614
 20
40.6494
 11
-6.41296
 21
41.0443
  0
LINE
  8
0
 10
-6.41296
 20
41.0443
 11
-6.89017
 21
41.2234
  0
LINE
  8
0
 10
-6.89017
 20
41.2234
 11
-7.35056
 21
41.5093
  0
LINE
  8
0
 10
-7.35056
 20
41.5093
 11
-7.746
 21
41.8798
  0
LINE
  8
0
 10
-7.746
 20
41.8798
 11
-8.06085
 21
42.3187
  0
LINE
  8
0
 10
-8.06085
 20
42.3187
 11
-8.28467
 21
42.8133
  0
LINE
  8
0
 10
-8.28467
 20
42.8133
 11
-8.40701
 21
43.3387
  0
LINE
  8
0
 10
-8.40701
 20
43.3387
 11
-8.42557
 21
43.8814
  0
LINE
  8
0
 10
-8.42557
 20
43.8814
 11
-8.33685
 21
44.4154
  0
LINE
  8
0
 10
-8.33685
 20
44.4154
 11
-8.14609
 21
44.9216
  0
LINE
  8
0
 10
-8.14609
 20
44.9216
 11
-7.86023
 21
45.3826
  0
LINE
  8
0
 10
-7.86023
 20
45.3826
 11
-7.4903
 21
45.7774
  0
LINE
  8
0
 10
-7.4903
 20
45.7774
 11
-7.0502
 21
46.0929
  0
LINE
  8
0
 10
-7.0502
 20
46.0929
 11
-6.5556
 21
46.3167
  0
LINE
  8
0
 10
-6.5556
 20
46.3167
 11
-6.02969
 21
46.439
  0
LINE
  8
0
 10
-6.02969
 20
46.439
 11
-5.48697
 21
46.457
  0
LINE
  8
0
 10
-5.48697
 20
46.457
 11
-4.9541
 21
46.3689
  0
LINE
  8
0
 10
-4.9541
 20
46.3689
 11
-4.44675
 21
46.1781
  0
LINE
  8
0
 10
-4.44675
 20
46.1781
 11
-3.98578
 21
45.8911
  0
LINE
  8
0
 10
-3.98578
 20
45.8911
 11
-3.59149
 21
45.5217
  0
LINE
  8
0
 10
-3.59149
 20
45.5217
 11
-3.54221
 21
45.4533
  0
LINE
  8
0
 10
-3.54221
 20
45.4533
 11
-3.84372
 21
45.1309
  0
LINE
  8
0
 10
-3.84372
 20
45.1309
 11
-4.34528
 21
44.3244
  0
LINE
  8
0
 10
-4.34528
 20
44.3244
 11
-4.67984
 21
43.4355
  0
LINE
  8
0
 10
-4.67984
 20
43.4355
 11
-4.83466
 21
42.4985
  0
LINE
  8
0
 10
-4.83466
 20
42.4985
 11
-4.80392
 21
41.5499
  0
LINE
  8
0
 10
-4.80392
 20
41.5499
 11
-4.58707
 21
40.6245
  0
LINE
  8
0
 10
-4.58707
 20
40.6245
 11
-4.19626
 21
39.7593
  0
LINE
  8
0
 10
-4.19626
 20
39.7593
 11
-3.6431
 21
38.9887
  0
LINE
  8
0
 10
-3.6431
 20
38.9887
 11
-2.94962
 21
38.3382
  0
LINE
  8
0
 10
-2.94962
 20
38.3382
 11
-2.14307
 21
37.8372
  0
LINE
  8
0
 10
-2.14307
 20
37.8372
 11
-1.25418
 21
37.5026
  0
LINE
  8
0
 10
-1.25418
 20
37.5026
 11
-0.317169
 21
37.3478
  0
LINE
  8
0
 10
-0.317169
 20
37.3478
 11
0.631439
 21
37.3785
  0
LINE
  8
0
 10
0.631439
 20
37.3785
 11
1.0611
 21
37.4794
  0
LINE
  8
0
 10
1.0611
 20
37.4794
 11
1.09647
 21
37.4012
  0
LINE
  8
0
 10
1.09647
 20
37.4012
 11
1.21881
 21
36.8752
  0
LINE
  8
0
 10
1.21881
 20
36.8752
 11
1.23737
 21
36.3325
  0
LINE
  8
0
 10
1.23737
 20
36.3325
 11
1.14865
 21
35.7985
  0
LINE
  8
0
 10
1.14865
 20
35.7985
 11
0.957886
 21
35.2923
  0
LINE
  8
0
 10
0.957886
 20
35.2923
 11
0.672028
 21
34.8313
  0
LINE
  8
0
 10
0.672028
 20
34.8313
 11
0.301514
 21
34.4365
  0
LINE
  8
0
 10
0.301514
 20
34.4365
 11
-0.137421
 21
34.1216
  0
LINE
  8
0
 10
-0.137421
 20
34.1216
 11
-0.631439
 21
33.8978
  0
LINE
  8
0
 10
-0.631439
 20
33.8978
 11
-1.15735
 21
33.7755
  0
LINE
  8
0
 10
-1.15735
 20
33.7755
 11
-1.70065
 21
33.7569
  0
LINE
  8
0
 10
-1.70065
 20
33.7569
 11
-2.23352
 21
33.8456
  0
LINE
  8
0
 10
-40.2335
 20
33.8456
 11
-40.7409
 21
34.0358
  0
LINE
  8
0
 10
-40.7409
 20
34.0358
 11
-41.2018
 21
34.3228
  0
LINE
  8
0
 10
-41.2018
 20
34.3228
 11
-41.5961
 21
34.6927
  0
LINE
  8
0
 10
-41.5961
 20
34.6927
 11
-41.9116
 21
35.1323
  0
LINE
  8
0
 10
-41.9116
 20
35.1323
 11
-42.1348
 21
35.6263
  0
LINE
  8
0
 10
-42.1348
 20
35.6263
 11
-42.2583
 21
36.1534
  0
LINE
  8
0
 10
-42.2583
 20
36.1534
 11
-42.2763
 21
36.6949
  0
LINE
  8
0
 10
-42.2763
 20
36.6949
 11
-42.1922
 21
37.1976
  0
LINE
  8
0
 10
-42.1922
 20
37.1976
 11
-42.6074
 21
37.2661
  0
LINE
  8
0
 10
-42.6074
 20
37.2661
 11
-43.1153
 21
37.4574
  0
LINE
  8
0
 10
-43.1153
 20
37.4574
 11
-43.5757
 21
37.7433
  0
LINE
  8
0
 10
-43.5757
 20
37.7433
 11
-43.9706
 21
38.1138
  0
LINE
  8
0
 10
-43.9706
 20
38.1138
 11
-44.2854
 21
38.5527
  0
LINE
  8
0
 10
-44.2854
 20
38.5527
 11
-44.5086
 21
39.0473
  0
LINE
  8
0
 10
-44.5086
 20
39.0473
 11
-44.6316
 21
39.5732
  0
LINE
  8
0
 10
-44.6316
 20
39.5732
 11
-44.6495
 21
40.1148
  0
LINE
  8
0
 10
-44.6495
 20
40.1148
 11
-44.5614
 21
40.6494
  0
LINE
  8
0
 10
-44.5614
 20
40.6494
 11
-44.413
 21
41.0443
  0
LINE
  8
0
 10
-44.413
 20
41.0443
 11
-44.8902
 21
41.2234
  0
LINE
  8
0
 10
-44.8902
 20
41.2234
 11
-45.3506
 21
41.5093
  0
LINE
  8
0
 10
-45.3506
 20
41.5093
 11
-45.746
 21
41.8798
  0
LINE
  8
0
 10
-45.746
 20
41.8798
 11
-46.0609
 21
42.3187
  0
LINE
  8
0
 10
-46.0609
 20
42.3187
 11
-46.2847
 21
42.8133
  0
LINE
  8
0
 10
-46.2847
 20
42.8133
 11
-46.407
 21
43.3387
  0
LINE
  8
0
 10
-46.407
 20
43.3387
 11
-46.4256
 21
43.8814
  0
LINE
  8
0
 10
-46.4256
 20
43.8814
 11
-46.3369
 21
44.4154
  0
LINE
  8
0
 10
-46.3369
 20
44.4154
 11
-46.1461
 21
44.9216
  0
LINE
  8
0
 10
-46.1461
 20
44.9216
 11
-45.8602
 21
45.3826
  0
LINE
  8
0
 10
-45.8602
 20
45.3826
 11
-45.4903
 21
45.7774
  0
LINE
  8
0
 10
-45.4903
 20
45.7774
 11
-45.0502
 21
46.0929
  0
LINE
  8
0
 10
-45.0502
 20
46.0929
 11
-44.5556
 21
46.3167
  0
LINE
  8
0
 10
-44.5556
 20
46.3167
 11
-44.0297
 21
46.439
  0
LINE
  8
0
 10
-44.0297
 20
46.439
 11
-43.487
 21
46.457
  0
LINE
  8
0
 10
-43.487
 20
46.457
 11
-42.9541
 21
46.3689
  0
LINE
  8
0
 10
-42.9541
 20
46.3689
 11
-42.4467
 21
46.1781
  0
LINE
  8
0
 10
-42.4467
 20
46.1781
 11
-41.9858
 21
45.8911
  0
LINE
  8
0
 10
-41.9858
 20
45.8911
 11
-41.5915
 21
45.5217
  0
LINE
  8
0
 10
-41.5915
 20
45.5217
 11
-41.5422
 21
45.4533
  0
LINE
  8
0
 10
-41.5422
 20
45.4533
 11
-41.8437
 21
45.1309
  0
LINE
  8
0
 10
-41.8437
 20
45.1309
 11
-42.3453
 21
44.3244
  0
LINE
  8
0
 10
-42.3453
 20
44.3244
 11
-42.6798
 21
43.4355
  0
LINE
  8
0
 10
-42.6798
 20
43.4355
 11
-42.8347
 21
42.4985
  0
LINE
  8
0
 10
-42.8347
 20
42.4985
 11
-42.8039
 21
41.5499
  0
LINE
  8
0
 10
-42.8039
 20
41.5499
 11
-42.5871
 21
40.6245
  0
LINE
  8
0
 10
-42.5871
 20
40.6245
 11
-42.1963
 21
39.7593
  0
LINE
  8
0
 10
-42.1963
 20
39.7593
 11
-41.6431
 21
38.9887
  0
LINE
  8
0
 10
-41.6431
 20
38.9887
 11
-40.9496
 21
38.3382
  0
LINE
  8
0
 10
-40.9496
 20
38.3382
 11
-40.1431
 21
37.8372
  0
LINE
  8
0
 10
-40.1431
 20
37.8372
 11
-39.2542
 21
37.5026
  0
LINE
  8
0
 10
-39.2542
 20
37.5026
 11
-38.3172
 21
37.3478
  0
LINE
  8
0
 10
-38.3172
 20
37.3478
 11
-37.3686
 21
37.3785
  0
LINE
  8
0
 10
-37.3686
 20
37.3785
 11
-36.9389
 21
37.4794
  0
LINE
  8
0
 10
-36.9389
 20
37.4794
 11
-36.9035
 21
37.4012
  0
LINE
  8
0
 10
-36.9035
 20
37.4012
 11
-36.7812
 21
36.8752
  0
LINE
  8
0
 10
-36.7812
 20
36.8752
 11
-36.7626
 21
36.3325
  0
LINE
  8
0
 10
-36.7626
 20
36.3325
 11
-36.8513
 21
35.7985
  0
LINE
  8
0
 10
-36.8513
 20
35.7985
 11
-37.0421
 21
35.2923
  0
LINE
  8
0
 10
-37.0421
 20
35.2923
 11
-37.328
 21
34.8313
  0
LINE
  8
0
 10
-37.328
 20
34.8313
 11
-37.6985
 21
34.4365
  0
LINE
  8
0
 10
-37.6985
 20
34.4365
 11
-38.1374
 21
34.1216
  0
LINE
  8
0
 10
-38.1374
 20
34.1216
 11
-38.6314
 21
33.8978
  0
LINE
  8
0
 10
-38.6314
 20
33.8978
 11
-39.1573
 21
33.7755
  0
LINE
  8
0
 10
-39.1573
 20
33.7755
 11
-39.7007
 21
33.7569
  0
LINE
  8
0
 10
-39.7007
 20
33.7569
 11
-40.2335
 21
33.8456
  0
LINE
  8
0
 10
-17.8421
 20
33.7743
 11
-18.368
 21
33.8972
  0
LINE
  8
0
 10
-18.368
 20
33.8972
 11
-18.862
 21
34.121
  0
LINE
  8
0
 10
-18.862
 20
34.121
 11
-19.3027
 21
34.4365
  0
LINE
  8
0
 10
-19.3027
 20
34.4365
 11
-19.6726
 21
34.8313
  0
LINE
  8
0
 10
-19.6726
 20
34.8313
 11
-19.9585
 21
35.2923
  0
LINE
  8
0
 10
-19.9585
 20
35.2923
 11
-20.1487
 21
35.7985
  0
LINE
  8
0
 10
-20.1487
 20
35.7985
 11
-20.2374
 21
36.3319
  0
LINE
  8
0
 10
-20.2374
 20
36.3319
 11
-20.22
 21
36.8747
  0
LINE
  8
0
 10
-20.22
 20
36.8747
 11
-20.0965
 21
37.4006
  0
LINE
  8
0
 10
-20.0965
 20
37.4006
 11
-20.0611
 21
37.4789
  0
LINE
  8
0
 10
-20.0611
 20
37.4789
 11
-19.632
 21
37.378
  0
LINE
  8
0
 10
-19.632
 20
37.378
 11
-18.6828
 21
37.3472
  0
LINE
  8
0
 10
-18.6828
 20
37.3472
 11
-17.7452
 21
37.502
  0
LINE
  8
0
 10
-17.7452
 20
37.502
 11
-16.8569
 21
37.8366
  0
LINE
  8
0
 10
-16.8569
 20
37.8366
 11
-16.0504
 21
38.3376
  0
LINE
  8
0
 10
-16.0504
 20
38.3376
 11
-15.3569
 21
38.9882
  0
LINE
  8
0
 10
-15.3569
 20
38.9882
 11
-14.8032
 21
39.7593
  0
LINE
  8
0
 10
-14.8032
 20
39.7593
 11
-14.4124
 21
40.6239
  0
LINE
  8
0
 10
-14.4124
 20
40.6239
 11
-14.1955
 21
41.5493
  0
LINE
  8
0
 10
-14.1955
 20
41.5493
 11
-14.1648
 21
42.4979
  0
LINE
  8
0
 10
-14.1648
 20
42.4979
 11
-14.3202
 21
43.4349
  0
LINE
  8
0
 10
-14.3202
 20
43.4349
 11
-14.6541
 21
44.3238
  0
LINE
  8
0
 10
-14.6541
 20
44.3238
 11
-15.1557
 21
45.1303
  0
LINE
  8
0
 10
-15.1557
 20
45.1303
 11
-15.4578
 21
45.4527
  0
LINE
  8
0
 10
-15.4578
 20
45.4527
 11
-15.4085
 21
45.5211
  0
LINE
  8
0
 10
-15.4085
 20
45.5211
 11
-15.0136
 21
45.8911
  0
LINE
  8
0
 10
-15.0136
 20
45.8911
 11
-14.5527
 21
46.1775
  0
LINE
  8
0
 10
-14.5527
 20
46.1775
 11
-14.0459
 21
46.3683
  0
LINE
  8
0
 10
-14.0459
 20
46.3683
 11
-13.5125
 21
46.4558
  0
LINE
  8
0
 10
-13.5125
 20
46.4558
 11
-12.9703
 21
46.4396
  0
LINE
  8
0
 10
-12.9703
 20
46.4396
 11
-12.4438
 21
46.3161
  0
LINE
  8
0
 10
-12.4438
 20
46.3161
 11
-11.9498
 21
46.0923
  0
LINE
  8
0
 10
-11.9498
 20
46.0923
 11
-11.5097
 21
45.7769
  0
LINE
  8
0
 10
-11.5097
 20
45.7769
 11
-11.1398
 21
45.382
  0
LINE
  8
0
 10
-11.1398
 20
45.382
 11
-10.8533
 21
44.921
  0
LINE
  8
0
 10
-10.8533
 20
44.921
 11
-10.6631
 21
44.4148
  0
LINE
  8
0
 10
-10.6631
 20
44.4148
 11
-10.5744
 21
43.8808
  0
LINE
  8
0
 10
-10.5744
 20
43.8808
 11
-10.5918
 21
43.3387
  0
LINE
  8
0
 10
-10.5918
 20
43.3387
 11
-10.7153
 21
42.8127
  0
LINE
  8
0
 10
-10.7153
 20
42.8127
 11
-10.9386
 21
42.3187
  0
LINE
  8
0
 10
-10.9386
 20
42.3187
 11
-11.2546
 21
41.8786
  0
LINE
  8
0
 10
-11.2546
 20
41.8786
 11
-11.6489
 21
41.5087
  0
LINE
  8
0
 10
-11.6489
 20
41.5087
 11
-12.1093
 21
41.2228
  0
LINE
  8
0
 10
-12.1093
 20
41.2228
 11
-12.5865
 21
41.0437
  0
LINE
  8
0
 10
-12.5865
 20
41.0437
 11
-12.4386
 21
40.6488
  0
LINE
  8
0
 10
-12.4386
 20
40.6488
 11
-12.3505
 21
40.1142
  0
LINE
  8
0
 10
-12.3505
 20
40.1142
 11
-12.3673
 21
39.5726
  0
LINE
  8
0
 10
-12.3673
 20
39.5726
 11
-12.4908
 21
39.0467
  0
LINE
  8
0
 10
-12.4908
 20
39.0467
 11
-12.714
 21
38.5527
  0
LINE
  8
0
 10
-12.714
 20
38.5527
 11
-13.03
 21
38.1126
  0
LINE
  8
0
 10
-13.03
 20
38.1126
 11
-13.4243
 21
37.7427
  0
LINE
  8
0
 10
-13.4243
 20
37.7427
 11
-13.8847
 21
37.4568
  0
LINE
  8
0
 10
-13.8847
 20
37.4568
 11
-14.3921
 21
37.2655
  0
LINE
  8
0
 10
-14.3921
 20
37.2655
 11
-14.8078
 21
37.1971
  0
LINE
  8
0
 10
-14.8078
 20
37.1971
 11
-14.7243
 21
36.6943
  0
LINE
  8
0
 10
-14.7243
 20
36.6943
 11
-14.7411
 21
36.1528
  0
LINE
  8
0
 10
-14.7411
 20
36.1528
 11
-14.8646
 21
35.6257
  0
LINE
  8
0
 10
-14.8646
 20
35.6257
 11
-15.0884
 21
35.1317
  0
LINE
  8
0
 10
-15.0884
 20
35.1317
 11
-15.4039
 21
34.6916
  0
LINE
  8
0
 10
-15.4039
 20
34.6916
 11
-15.7982
 21
34.3222
  0
LINE
  8
0
 10
-15.7982
 20
34.3222
 11
-16.2591
 21
34.0352
  0
LINE
  8
0
 10
-16.2591
 20
34.0352
 11
-16.7659
 21
33.845
  0
LINE
  8
0
 10
-16.7659
 20
33.845
 11
-17.2993
 21
33.7569
  0
LINE
  8
0
 10
-17.2993
 20
33.7569
 11
-17.8421
 21
33.7743
  0
LINE
  8
0
 10
20.1579
 20
33.7743
 11
19.632
 21
33.8972
  0
LINE
  8
0
 10
19.632
 20
33.8972
 11
19.138
 21
34.121
  0
LINE
  8
0
 10
19.138
 20
34.121
 11
18.6973
 21
34.4365
  0
LINE
  8
0
 10
18.6973
 20
34.4365
 11
18.3274
 21
34.8313
  0
LINE
  8
0
 10
18.3274
 20
34.8313
 11
18.0415
 21
35.2923
  0
LINE
  8
0
 10
18.0415
 20
35.2923
 11
17.8513
 21
35.7985
  0
LINE
  8
0
 10
17.8513
 20
35.7985
 11
17.7626
 21
36.3319
  0
LINE
  8
0
 10
17.7626
 20
36.3319
 11
17.78
 21
36.8747
  0
LINE
  8
0
 10
17.78
 20
36.8747
 11
17.9035
 21
37.4006
  0
LINE
  8
0
 10
17.9035
 20
37.4006
 11
17.9389
 21
37.4789
  0
LINE
  8
0
 10
17.9389
 20
37.4789
 11
18.368
 21
37.378
  0
LINE
  8
0
 10
18.368
 20
37.378
 11
19.3172
 21
37.3472
  0
LINE
  8
0
 10
19.3172
 20
37.3472
 11
20.2548
 21
37.502
  0
LINE
  8
0
 10
20.2548
 20
37.502
 11
21.1431
 21
37.8366
  0
LINE
  8
0
 10
21.1431
 20
37.8366
 11
21.9496
 21
38.3376
  0
LINE
  8
0
 10
21.9496
 20
38.3376
 11
22.6431
 21
38.9882
  0
LINE
  8
0
 10
22.6431
 20
38.9882
 11
23.1968
 21
39.7593
  0
LINE
  8
0
 10
23.1968
 20
39.7593
 11
23.5876
 21
40.6239
  0
LINE
  8
0
 10
23.5876
 20
40.6239
 11
23.8045
 21
41.5493
  0
LINE
  8
0
 10
23.8045
 20
41.5493
 11
23.8352
 21
42.4979
  0
LINE
  8
0
 10
23.8352
 20
42.4979
 11
23.6798
 21
43.4349
  0
LINE
  8
0
 10
23.6798
 20
43.4349
 11
23.3459
 21
44.3238
  0
LINE
  8
0
 10
23.3459
 20
44.3238
 11
22.8443
 21
45.1303
  0
LINE
  8
0
 10
22.8443
 20
45.1303
 11
22.5422
 21
45.4527
  0
LINE
  8
0
 10
22.5422
 20
45.4527
 11
22.5915
 21
45.5211
  0
LINE
  8
0
 10
22.5915
 20
45.5211
 11
22.9864
 21
45.8911
  0
LINE
  8
0
 10
22.9864
 20
45.8911
 11
23.4473
 21
46.1775
  0
LINE
  8
0
 10
23.4473
 20
46.1775
 11
23.9541
 21
46.3683
  0
LINE
  8
0
 10
23.9541
 20
46.3683
 11
24.4875
 21
46.4558
  0
LINE
  8
0
 10
24.4875
 20
46.4558
 11
25.0297
 21
46.4396
  0
LINE
  8
0
 10
25.0297
 20
46.4396
 11
25.5562
 21
46.3161
  0
LINE
  8
0
 10
25.5562
 20
46.3161
 11
26.0502
 21
46.0923
  0
LINE
  8
0
 10
26.0502
 20
46.0923
 11
26.4903
 21
45.7769
  0
LINE
  8
0
 10
26.4903
 20
45.7769
 11
26.8602
 21
45.382
  0
LINE
  8
0
 10
26.8602
 20
45.382
 11
27.1467
 21
44.921
  0
LINE
  8
0
 10
27.1467
 20
44.921
 11
27.3369
 21
44.4148
  0
LINE
  8
0
 10
27.3369
 20
44.4148
 11
27.4256
 21
43.8808
  0
LINE
  8
0
 10
27.4256
 20
43.8808
 11
27.4082
 21
43.3387
  0
LINE
  8
0
 10
27.4082
 20
43.3387
 11
27.2847
 21
42.8127
  0
LINE
  8
0
 10
27.2847
 20
42.8127
 11
27.0614
 21
42.3187
  0
LINE
  8
0
 10
27.0614
 20
42.3187
 11
26.7454
 21
41.8786
  0
LINE
  8
0
 10
26.7454
 20
41.8786
 11
26.3511
 21
41.5087
  0
LINE
  8
0
 10
26.3511
 20
41.5087
 11
25.8907
 21
41.2228
  0
LINE
  8
0
 10
25.8907
 20
41.2228
 11
25.4135
 21
41.0437
  0
LINE
  8
0
 10
25.4135
 20
41.0437
 11
25.5614
 21
40.6488
  0
LINE
  8
0
 10
25.5614
 20
40.6488
 11
25.6495
 21
40.1142
  0
LINE
  8
0
 10
25.6495
 20
40.1142
 11
25.6327
 21
39.5726
  0
LINE
  8
0
 10
25.6327
 20
39.5726
 11
25.5092
 21
39.0467
  0
LINE
  8
0
 10
25.5092
 20
39.0467
 11
25.286
 21
38.5527
  0
LINE
  8
0
 10
25.286
 20
38.5527
 11
24.97
 21
38.1126
  0
LINE
  8
0
 10
24.97
 20
38.1126
 11
24.5757
 21
37.7427
  0
LINE
  8
0
 10
24.5757
 20
37.7427
 11
24.1153
 21
37.4568
  0
LINE
  8
0
 10
24.1153
 20
37.4568
 11
23.6079
 21
37.2655
  0
LINE
  8
0
 10
23.6079
 20
37.2655
 11
23.1922
 21
37.1971
  0
LINE
  8
0
 10
23.1922
 20
37.1971
 11
23.2757
 21
36.6943
  0
LINE
  8
0
 10
23.2757
 20
36.6943
 11
23.2589
 21
36.1528
  0
LINE
  8
0
 10
23.2589
 20
36.1528
 11
23.1354
 21
35.6257
  0
LINE
  8
0
 10
23.1354
 20
35.6257
 11
22.9116
 21
35.1317
  0
LINE
  8
0
 10
22.9116
 20
35.1317
 11
22.5961
 21
34.6916
  0
LINE
  8
0
 10
22.5961
 20
34.6916
 11
22.2018
 21
34.3222
  0
LINE
  8
0
 10
22.2018
 20
34.3222
 11
21.7409
 21
34.0352
  0
LINE
  8
0
 10
21.7409
 20
34.0352
 11
21.2341
 21
33.845
  0
LINE
  8
0
 10
21.2341
 20
33.845
 11
20.7007
 21
33.7569
  0
LINE
  8
0
 10
20.7007
 20
33.7569
 11
20.1579
 21
33.7743
  0
LINE
  8
0
 10
18.5489
 20
38.7574
 11
17.8908
 21
38.911
  0
LINE
  8
0
 10
17.8908
 20
38.911
 11
17.2756
 21
39.1894
  0
LINE
  8
0
 10
17.2756
 20
39.1894
 11
16.7218
 21
39.586
  0
LINE
  8
0
 10
16.7218
 20
39.586
 11
16.2597
 21
40.08
  0
LINE
  8
0
 10
16.2597
 20
40.08
 11
15.9019
 21
40.6546
  0
LINE
  8
0
 10
15.9019
 20
40.6546
 11
15.6631
 21
41.2895
  0
LINE
  8
0
 10
15.6631
 20
41.2895
 11
15.5535
 21
41.9569
  0
LINE
  8
0
 10
15.5535
 20
41.9569
 11
15.5749
 21
42.6336
  0
LINE
  8
0
 10
15.5749
 20
42.6336
 11
15.7292
 21
43.2923
  0
LINE
  8
0
 10
15.7292
 20
43.2923
 11
16.0081
 21
43.9092
  0
LINE
  8
0
 10
16.0081
 20
43.9092
 11
16.4023
 21
44.4583
  0
LINE
  8
0
 10
16.4023
 20
44.4583
 11
16.8964
 21
44.9216
  0
LINE
  8
0
 10
16.8964
 20
44.9216
 11
17.4716
 21
45.2794
  0
LINE
  8
0
 10
17.4716
 20
45.2794
 11
18.1053
 21
45.5188
  0
LINE
  8
0
 10
18.1053
 20
45.5188
 11
18.7739
 21
45.6284
  0
LINE
  8
0
 10
18.7739
 20
45.6284
 11
19.4511
 21
45.6064
  0
LINE
  8
0
 10
19.4511
 20
45.6064
 11
20.1092
 21
45.4527
  0
LINE
  8
0
 10
20.1092
 20
45.4527
 11
20.7244
 21
45.1744
  0
LINE
  8
0
 10
20.7244
 20
45.1744
 11
21.2782
 21
44.7778
  0
LINE
  8
0
 10
21.2782
 20
44.7778
 11
21.7403
 21
44.2838
  0
LINE
  8
0
 10
21.7403
 20
44.2838
 11
22.0981
 21
43.7092
  0
LINE
  8
0
 10
22.0981
 20
43.7092
 11
22.3369
 21
43.0742
  0
LINE
  8
0
 10
22.3369
 20
43.0742
 11
22.4465
 21
42.4069
  0
LINE
  8
0
 10
22.4465
 20
42.4069
 11
22.4251
 21
41.7302
  0
LINE
  8
0
 10
22.4251
 20
41.7302
 11
22.2708
 21
41.0715
  0
LINE
  8
0
 10
22.2708
 20
41.0715
 11
21.9919
 21
40.4546
  0
LINE
  8
0
 10
21.9919
 20
40.4546
 11
21.5971
 21
39.9049
  0
LINE
  8
0
 10
21.5971
 20
39.9049
 11
21.1036
 21
39.4422
  0
LINE
  8
0
 10
21.1036
 20
39.4422
 11
20.5284
 21
39.0844
  0
LINE
  8
0
 10
20.5284
 20
39.0844
 11
19.8947
 21
38.8449
  0
LINE
  8
0
 10
19.8947
 20
38.8449
 11
19.2261
 21
38.7354
  0
LINE
  8
0
 10
19.2261
 20
38.7354
 11
18.5489
 21
38.7574
  0
LINE
  8
0
 10
37.1059
 20
38.8455
 11
36.4721
 21
39.085
  0
LINE
  8
0
 10
36.4721
 20
39.085
 11
35.8964
 21
39.4427
  0
LINE
  8
0
 10
35.8964
 20
39.4427
 11
35.4023
 21
39.9055
  0
LINE
  8
0
 10
35.4023
 20
39.9055
 11
35.0086
 21
40.4546
  0
LINE
  8
0
 10
35.0086
 20
40.4546
 11
34.7297
 21
41.0721
  0
LINE
  8
0
 10
34.7297
 20
41.0721
 11
34.5761
 21
41.7308
  0
LINE
  8
0
 10
34.5761
 20
41.7308
 11
34.5529
 21
42.4074
  0
LINE
  8
0
 10
34.5529
 20
42.4074
 11
34.6631
 21
43.0748
  0
LINE
  8
0
 10
34.6631
 20
43.0748
 11
34.9025
 21
43.7092
  0
LINE
  8
0
 10
34.9025
 20
43.7092
 11
35.2597
 21
44.2844
  0
LINE
  8
0
 10
35.2597
 20
44.2844
 11
35.7224
 21
44.7784
  0
LINE
  8
0
 10
35.7224
 20
44.7784
 11
36.2727
 21
45.1727
  0
LINE
  8
0
 10
36.2727
 20
45.1727
 11
36.8914
 21
45.4521
  0
LINE
  8
0
 10
36.8914
 20
45.4521
 11
37.5489
 21
45.6058
  0
LINE
  8
0
 10
37.5489
 20
45.6058
 11
38.2261
 21
45.6284
  0
LINE
  8
0
 10
38.2261
 20
45.6284
 11
38.8941
 21
45.5182
  0
LINE
  8
0
 10
38.8941
 20
45.5182
 11
39.5279
 21
45.2788
  0
LINE
  8
0
 10
39.5279
 20
45.2788
 11
40.1036
 21
44.921
  0
LINE
  8
0
 10
40.1036
 20
44.921
 11
40.5977
 21
44.4583
  0
LINE
  8
0
 10
40.5977
 20
44.4583
 11
40.9914
 21
43.9092
  0
LINE
  8
0
 10
40.9914
 20
43.9092
 11
41.2703
 21
43.2917
  0
LINE
  8
0
 10
41.2703
 20
43.2917
 11
41.4239
 21
42.633
  0
LINE
  8
0
 10
41.4239
 20
42.633
 11
41.4471
 21
41.9563
  0
LINE
  8
0
 10
41.4471
 20
41.9563
 11
41.3369
 21
41.2884
  0
LINE
  8
0
 10
41.3369
 20
41.2884
 11
41.0975
 21
40.6546
  0
LINE
  8
0
 10
41.0975
 20
40.6546
 11
40.7397
 21
40.0788
  0
LINE
  8
0
 10
40.7397
 20
40.0788
 11
40.277
 21
39.5848
  0
LINE
  8
0
 10
40.277
 20
39.5848
 11
39.7273
 21
39.1911
  0
LINE
  8
0
 10
39.7273
 20
39.1911
 11
39.1086
 21
38.9116
  0
LINE
  8
0
 10
39.1086
 20
38.9116
 11
38.4511
 21
38.758
  0
LINE
  8
0
 10
38.4511
 20
38.758
 11
37.7739
 21
38.7354
  0
LINE
  8
0
 10
37.7739
 20
38.7354
 11
37.1059
 21
38.8455
  0
LINE
  8
0
 10
-0.894104
 20
38.8455
 11
-1.52786
 21
39.085
  0
LINE
  8
0
 10
-1.52786
 20
39.085
 11
-2.10364
 21
39.4427
  0
LINE
  8
0
 10
-2.10364
 20
39.4427
 11
-2.59766
 21
39.9055
  0
LINE
  8
0
 10
-2.59766
 20
39.9055
 11
-2.99136
 21
40.4546
  0
LINE
  8
0
 10
-2.99136
 20
40.4546
 11
-3.27026
 21
41.0721
  0
LINE
  8
0
 10
-3.27026
 20
41.0721
 11
-3.42392
 21
41.7308
  0
LINE
  8
0
 10
-3.42392
 20
41.7308
 11
-3.44711
 21
42.4074
  0
LINE
  8
0
 10
-3.44711
 20
42.4074
 11
-3.33694
 21
43.0748
  0
LINE
  8
0
 10
-3.33694
 20
43.0748
 11
-3.09747
 21
43.7092
  0
LINE
  8
0
 10
-3.09747
 20
43.7092
 11
-2.7403
 21
44.2844
  0
LINE
  8
0
 10
-2.7403
 20
44.2844
 11
-2.27759
 21
44.7784
  0
LINE
  8
0
 10
-2.27759
 20
44.7784
 11
-1.72733
 21
45.1727
  0
LINE
  8
0
 10
-1.72733
 20
45.1727
 11
-1.10864
 21
45.4521
  0
LINE
  8
0
 10
-1.10864
 20
45.4521
 11
-0.451111
 21
45.6058
  0
LINE
  8
0
 10
-0.451111
 20
45.6058
 11
0.226135
 21
45.6284
  0
LINE
  8
0
 10
0.226135
 20
45.6284
 11
0.894104
 21
45.5182
  0
LINE
  8
0
 10
0.894104
 20
45.5182
 11
1.52786
 21
45.2788
  0
LINE
  8
0
 10
1.52786
 20
45.2788
 11
2.10364
 21
44.921
  0
LINE
  8
0
 10
2.10364
 20
44.921
 11
2.59766
 21
44.4583
  0
LINE
  8
0
 10
2.59766
 20
44.4583
 11
2.99136
 21
43.9092
  0
LINE
  8
0
 10
2.99136
 20
43.9092
 11
3.27026
 21
43.2917
  0
LINE
  8
0
 10
3.27026
 20
43.2917
 11
3.42392
 21
42.633
  0
LINE
  8
0
 10
3.42392
 20
42.633
 11
3.44711
 21
41.9563
  0
LINE
  8
0
 10
3.44711
 20
41.9563
 11
3.33694
 21
41.2884
  0
LINE
  8
0
 10
3.33694
 20
41.2884
 11
3.09747
 21
40.6546
  0
LINE
  8
0
 10
3.09747
 20
40.6546
 11
2.73972
 21
40.0788
  0
LINE
  8
0
 10
2.73972
 20
40.0788
 11
2.27701
 21
39.5848
  0
LINE
  8
0
 10
2.27701
 20
39.5848
 11
1.72733
 21
39.1911
  0
LINE
  8
0
 10
1.72733
 20
39.1911
 11
1.10864
 21
38.9116
  0
LINE
  8
0
 10
1.10864
 20
38.9116
 11
0.451111
 21
38.758
  0
LINE
  8
0
 10
0.451111
 20
38.758
 11
-0.226135
 21
38.7354
  0
LINE
  8
0
 10
-0.226135
 20
38.7354
 11
-0.894104
 21
38.8455
  0
LINE
  8
0
 10
-38.8941
 20
38.8455
 11
-39.5279
 21
39.085
  0
LINE
  8
0
 10
-39.5279
 20
39.085
 11
-40.1036
 21
39.4427
  0
LINE
  8
0
 10
-40.1036
 20
39.4427
 11
-40.5977
 21
39.9055
  0
LINE
  8
0
 10
-40.5977
 20
39.9055
 11
-40.9914
 21
40.4546
  0
LINE
  8
0
 10
-40.9914
 20
40.4546
 11
-41.2703
 21
41.0721
  0
LINE
  8
0
 10
-41.2703
 20
41.0721
 11
-41.4239
 21
41.7308
  0
LINE
  8
0
 10
-41.4239
 20
41.7308
 11
-41.4471
 21
42.4074
  0
LINE
  8
0
 10
-41.4471
 20
42.4074
 11
-41.3369
 21
43.0748
  0
LINE
  8
0
 10
-41.3369
 20
43.0748
 11
-41.0975
 21
43.7092
  0
LINE
  8
0
 10
-41.0975
 20
43.7092
 11
-40.7403
 21
44.2844
  0
LINE
  8
0
 10
-40.7403
 20
44.2844
 11
-40.2776
 21
44.7784
  0
LINE
  8
0
 10
-40.2776
 20
44.7784
 11
-39.7273
 21
45.1727
  0
LINE
  8
0
 10
-39.7273
 20
45.1727
 11
-39.1086
 21
45.4521
  0
LINE
  8
0
 10
-39.1086
 20
45.4521
 11
-38.4511
 21
45.6058
  0
LINE
  8
0
 10
-38.4511
 20
45.6058
 11
-37.7739
 21
45.6284
  0
LINE
  8
0
 10
-37.7739
 20
45.6284
 11
-37.1059
 21
45.5182
  0
LINE
  8
0
 10
-37.1059
 20
45.5182
 11
-36.4721
 21
45.2788
  0
LINE
  8
0
 10
-36.4721
 20
45.2788
 11
-35.8964
 21
44.921
  0
LINE
  8
0
 10
-35.8964
 20
44.921
 11
-35.4023
 21
44.4583
  0
LINE
  8
0
 10
-35.4023
 20
44.4583
 11
-35.0086
 21
43.9092
  0
LINE
  8
0
 10
-35.0086
 20
43.9092
 11
-34.7297
 21
43.2917
  0
LINE
  8
0
 10
-34.7297
 20
43.2917
 11
-34.5761
 21
42.633
  0
LINE
  8
0
 10
-34.5761
 20
42.633
 11
-34.5529
 21
41.9563
  0
LINE
  8
0
 10
-34.5529
 20
41.9563
 11
-34.6631
 21
41.2884
  0
LINE
  8
0
 10
-34.6631
 20
41.2884
 11
-34.9025
 21
40.6546
  0
LINE
  8
0
 10
-34.9025
 20
40.6546
 11
-35.2603
 21
40.0788
  0
LINE
  8
0
 10
-35.2603
 20
40.0788
 11
-35.723
 21
39.5848
  0
LINE
  8
0
 10
-35.723
 20
39.5848
 11
-36.2727
 21
39.1911
  0
LINE
  8
0
 10
-36.2727
 20
39.1911
 11
-36.8914
 21
38.9116
  0
LINE
  8
0
 10
-36.8914
 20
38.9116
 11
-37.5489
 21
38.758
  0
LINE
  8
0
 10
-37.5489
 20
38.758
 11
-38.2261
 21
38.7354
  0
LINE
  8
0
 10
-38.2261
 20
38.7354
 11
-38.8941
 21
38.8455
  0
LINE
  8
0
 10
-19.4511
 20
38.7574
 11
-20.1092
 21
38.911
  0
LINE
  8
0
 10
-20.1092
 20
38.911
 11
-20.7244
 21
39.1894
  0
LINE
  8
0
 10
-20.7244
 20
39.1894
 11
-21.2782
 21
39.586
  0
LINE
  8
0
 10
-21.2782
 20
39.586
 11
-21.7403
 21
40.08
  0
LINE
  8
0
 10
-21.7403
 20
40.08
 11
-22.0981
 21
40.6546
  0
LINE
  8
0
 10
-22.0981
 20
40.6546
 11
-22.3369
 21
41.2895
  0
LINE
  8
0
 10
-22.3369
 20
41.2895
 11
-22.4465
 21
41.9569
  0
LINE
  8
0
 10
-22.4465
 20
41.9569
 11
-22.4251
 21
42.6336
  0
LINE
  8
0
 10
-22.4251
 20
42.6336
 11
-22.2708
 21
43.2923
  0
LINE
  8
0
 10
-22.2708
 20
43.2923
 11
-21.9919
 21
43.9092
  0
LINE
  8
0
 10
-21.9919
 20
43.9092
 11
-21.5977
 21
44.4583
  0
LINE
  8
0
 10
-21.5977
 20
44.4583
 11
-21.1036
 21
44.9216
  0
LINE
  8
0
 10
-21.1036
 20
44.9216
 11
-20.5284
 21
45.2794
  0
LINE
  8
0
 10
-20.5284
 20
45.2794
 11
-19.8947
 21
45.5188
  0
LINE
  8
0
 10
-19.8947
 20
45.5188
 11
-19.2261
 21
45.6284
  0
LINE
  8
0
 10
-19.2261
 20
45.6284
 11
-18.5489
 21
45.6064
  0
LINE
  8
0
 10
-18.5489
 20
45.6064
 11
-17.8908
 21
45.4527
  0
LINE
  8
0
 10
-17.8908
 20
45.4527
 11
-17.2756
 21
45.1744
  0
LINE
  8
0
 10
-17.2756
 20
45.1744
 11
-16.7218
 21
44.7778
  0
LINE
  8
0
 10
-16.7218
 20
44.7778
 11
-16.2597
 21
44.2838
  0
LINE
  8
0
 10
-16.2597
 20
44.2838
 11
-15.9019
 21
43.7092
  0
LINE
  8
0
 10
-15.9019
 20
43.7092
 11
-15.6631
 21
43.0742
  0
LINE
  8
0
 10
-15.6631
 20
43.0742
 11
-15.5535
 21
42.4069
  0
LINE
  8
0
 10
-15.5535
 20
42.4069
 11
-15.5749
 21
41.7302
  0
LINE
  8
0
 10
-15.5749
 20
41.7302
 11
-15.7292
 21
41.0715
  0
LINE
  8
0
 10
-15.7292
 20
41.0715
 11
-16.0081
 21
40.4546
  0
LINE
  8
0
 10
-16.0081
 20
40.4546
 11
-16.4029
 21
39.9049
  0
LINE
  8
0
 10
-16.4029
 20
39.9049
 11
-16.8964
 21
39.4422
  0
LINE
  8
0
 10
-16.8964
 20
39.4422
 11
-17.4716
 21
39.0844
  0
LINE
  8
0
 10
-17.4716
 20
39.0844
 11
-18.1053
 21
38.8449
  0
LINE
  8
0
 10
-18.1053
 20
38.8449
 11
-18.7739
 21
38.7354
  0
LINE
  8
0
 10
-18.7739
 20
38.7354
 11
-19.4511
 21
38.7574
  0
LINE
  8
0
 10
-9.56784
 20
42.851
 11
-9.5
 21
43.1404
  0
LINE
  8
0
 10
-9.5
 20
43.1404
 11
-9.43216
 21
42.8516
  0
LINE
  8
0
 10
-9.43216
 20
42.8516
 11
-9.49362
 21
42.8232
  0
LINE
  8
0
 10
-9.49362
 20
42.8232
 11
-9.50058
 21
42.8214
  0
LINE
  8
0
 10
-9.50058
 20
42.8214
 11
-9.56784
 21
42.851
  0
LINE
  8
0
 10
-47.5678
 20
42.851
 11
-47.5
 21
43.1404
  0
LINE
  8
0
 10
-47.5
 20
43.1404
 11
-47.4322
 21
42.8516
  0
LINE
  8
0
 10
-47.4322
 20
42.8516
 11
-47.4936
 21
42.8232
  0
LINE
  8
0
 10
-47.4936
 20
42.8232
 11
-47.5006
 21
42.8214
  0
LINE
  8
0
 10
-47.5006
 20
42.8214
 11
-47.5678
 21
42.851
  0
LINE
  8
0
 10
28.4322
 20
42.851
 11
28.5
 21
43.1404
  0
LINE
  8
0
 10
28.5
 20
43.1404
 11
28.5678
 21
42.8516
  0
LINE
  8
0
 10
28.5678
 20
42.8516
 11
28.5064
 21
42.8232
  0
LINE
  8
0
 10
28.5064
 20
42.8232
 11
28.4994
 21
42.8214
  0
LINE
  8
0
 10
28.4994
 20
42.8214
 11
28.4322
 21
42.851
  0
LINE
  8
0
 10
49.5097
 20
38.5869
 11
49.1398
 21
38.9818
  0
LINE
  8
0
 10
49.1398
 20
38.9818
 11
48.8533
 21
39.4427
  0
LINE
  8
0
 10
48.8533
 20
39.4427
 11
48.6631
 21
39.9489
  0
LINE
  8
0
 10
48.6631
 20
39.9489
 11
48.5744
 21
40.483
  0
LINE
  8
0
 10
48.5744
 20
40.483
 11
48.5918
 21
41.0251
  0
LINE
  8
0
 10
48.5918
 20
41.0251
 11
48.7153
 21
41.551
  0
LINE
  8
0
 10
48.7153
 20
41.551
 11
48.8121
 21
41.7652
  0
LINE
  8
0
 10
48.8121
 20
41.7652
 11
49.9465
 21
38.2738
  0
LINE
  8
0
 10
49.9465
 20
38.2738
 11
49.5097
 21
38.5869
  0
LINE
  8
0
 10
9.43216
 20
41.5122
 11
9.49362
 21
41.5406
  0
LINE
  8
0
 10
9.49362
 20
41.5406
 11
9.50058
 21
41.5423
  0
LINE
  8
0
 10
9.50058
 20
41.5423
 11
9.56784
 21
41.5128
  0
LINE
  8
0
 10
9.56784
 20
41.5128
 11
9.5
 21
41.2234
  0
LINE
  8
0
 10
9.5
 20
41.2234
 11
9.43216
 21
41.5122
  0
LINE
  8
0
 10
-28.5678
 20
41.5122
 11
-28.5064
 21
41.5406
  0
LINE
  8
0
 10
-28.5064
 20
41.5406
 11
-28.4994
 21
41.5423
  0
LINE
  8
0
 10
-28.4994
 20
41.5423
 11
-28.4322
 21
41.5128
  0
LINE
  8
0
 10
-28.4322
 20
41.5128
 11
-28.5
 21
41.2234
  0
LINE
  8
0
 10
-28.5
 20
41.2234
 11
-28.5678
 21
41.5122
  0
LINE
  8
0
 10
47.4322
 20
41.5122
 11
47.4936
 21
41.5406
  0
LINE
  8
0
 10
47.4936
 20
41.5406
 11
47.5006
 21
41.5423
  0
LINE
  8
0
 10
47.5006
 20
41.5423
 11
47.5678
 21
41.5128
  0
LINE
  8
0
 10
47.5678
 20
41.5128
 11
47.5
 21
41.2234
  0
LINE
  8
0
 10
47.5
 20
41.2234
 11
47.4322
 21
41.5122
  0
LINE
  8
0
 10
30.4204
 20
36.002
 11
30.0151
 21
36.1551
  0
LINE
  8
0
 10
30.0151
 20
36.1551
 11
29.6469
 21
36.3841
  0
LINE
  8
0
 10
29.6469
 20
36.3841
 11
29.3309
 21
36.6798
  0
LINE
  8
0
 10
29.3309
 20
36.6798
 11
29.0793
 21
37.0312
  0
LINE
  8
0
 10
29.0793
 20
37.0312
 11
28.9001
 21
37.4267
  0
LINE
  8
0
 10
28.9001
 20
37.4267
 11
28.8021
 21
37.8476
  0
LINE
  8
0
 10
28.8021
 20
37.8476
 11
28.7876
 21
38.2813
  0
LINE
  8
0
 10
28.7876
 20
38.2813
 11
28.8578
 21
38.7075
  0
LINE
  8
0
 10
28.8578
 20
38.7075
 11
29.0108
 21
39.1134
  0
LINE
  8
0
 10
29.0108
 20
39.1134
 11
29.2393
 21
39.4816
  0
LINE
  8
0
 10
29.2393
 20
39.4816
 11
29.5356
 21
39.797
  0
LINE
  8
0
 10
29.5356
 20
39.797
 11
29.8875
 21
40.0493
  0
LINE
  8
0
 10
29.8875
 20
40.0493
 11
30.2424
 21
40.2099
  0
LINE
  8
0
 10
30.2424
 20
40.2099
 11
30.2383
 21
40.1878
  0
LINE
  8
0
 10
30.2383
 20
40.1878
 11
30.2633
 21
39.4283
  0
LINE
  8
0
 10
30.2633
 20
39.4283
 11
30.4361
 21
38.6884
  0
LINE
  8
0
 10
30.4361
 20
38.6884
 11
30.7498
 21
37.9961
  0
LINE
  8
0
 10
30.7498
 20
37.9961
 11
31.1922
 21
37.3791
  0
LINE
  8
0
 10
31.1922
 20
37.3791
 11
31.7465
 21
36.8596
  0
LINE
  8
0
 10
31.7465
 20
36.8596
 11
32.3918
 21
36.4578
  0
LINE
  8
0
 10
32.3918
 20
36.4578
 11
32.4133
 21
36.4496
  0
LINE
  8
0
 10
32.4133
 20
36.4496
 11
32.0967
 21
36.2235
  0
LINE
  8
0
 10
32.0967
 20
36.2235
 11
31.7018
 21
36.0449
  0
LINE
  8
0
 10
31.7018
 20
36.0449
 11
31.2815
 21
35.9464
  0
LINE
  8
0
 10
31.2815
 20
35.9464
 11
30.8477
 21
35.9313
  0
LINE
  8
0
 10
30.8477
 20
35.9313
 11
30.4204
 21
36.002
  0
LINE
  8
0
 10
-50.2809
 20
35.9452
 11
-50.6731
 21
36.0377
  0
LINE
  8
0
 10
-50.6731
 20
36.0377
 11
-50.2575
 21
37.3169
  0
LINE
  8
0
 10
-50.2575
 20
37.3169
 11
-50.1916
 21
37.3785
  0
LINE
  8
0
 10
-50.1916
 20
37.3785
 11
-49.7492
 21
37.9961
  0
LINE
  8
0
 10
-49.7492
 20
37.9961
 11
-49.4361
 21
38.6878
  0
LINE
  8
0
 10
-49.4361
 20
38.6878
 11
-49.2627
 21
39.4277
  0
LINE
  8
0
 10
-49.2627
 20
39.4277
 11
-49.2378
 21
40.1873
  0
LINE
  8
0
 10
-49.2378
 20
40.1873
 11
-49.2418
 21
40.2099
  0
LINE
  8
0
 10
-49.2418
 20
40.2099
 11
-48.887
 21
40.0487
  0
LINE
  8
0
 10
-48.887
 20
40.0487
 11
-48.5356
 21
39.7964
  0
LINE
  8
0
 10
-48.5356
 20
39.7964
 11
-48.2393
 21
39.481
  0
LINE
  8
0
 10
-48.2393
 20
39.481
 11
-48.0108
 21
39.1128
  0
LINE
  8
0
 10
-48.0108
 20
39.1128
 11
-47.8578
 21
38.7069
  0
LINE
  8
0
 10
-47.8578
 20
38.7069
 11
-47.7876
 21
38.2808
  0
LINE
  8
0
 10
-47.7876
 20
38.2808
 11
-47.8015
 21
37.847
  0
LINE
  8
0
 10
-47.8015
 20
37.847
 11
-47.9001
 21
37.4261
  0
LINE
  8
0
 10
-47.9001
 20
37.4261
 11
-48.0787
 21
37.0312
  0
LINE
  8
0
 10
-48.0787
 20
37.0312
 11
-48.3309
 21
36.6793
  0
LINE
  8
0
 10
-48.3309
 20
36.6793
 11
-48.6463
 21
36.3835
  0
LINE
  8
0
 10
-48.6463
 20
36.3835
 11
-49.0151
 21
36.1545
  0
LINE
  8
0
 10
-49.0151
 20
36.1545
 11
-49.4198
 21
36.0014
  0
LINE
  8
0
 10
-49.4198
 20
36.0014
 11
-49.8472
 21
35.9313
  0
LINE
  8
0
 10
-49.8472
 20
35.9313
 11
-50.2809
 21
35.9452
  0
LINE
  8
0
 10
-12.2809
 20
35.9452
 11
-12.7013
 21
36.0443
  0
LINE
  8
0
 10
-12.7013
 20
36.0443
 11
-13.0967
 21
36.2229
  0
LINE
  8
0
 10
-13.0967
 20
36.2229
 11
-13.4133
 21
36.4491
  0
LINE
  8
0
 10
-13.4133
 20
36.4491
 11
-13.3918
 21
36.4572
  0
LINE
  8
0
 10
-13.3918
 20
36.4572
 11
-12.7465
 21
36.859
  0
LINE
  8
0
 10
-12.7465
 20
36.859
 11
-12.1916
 21
37.3785
  0
LINE
  8
0
 10
-12.1916
 20
37.3785
 11
-11.7492
 21
37.9961
  0
LINE
  8
0
 10
-11.7492
 20
37.9961
 11
-11.4361
 21
38.6878
  0
LINE
  8
0
 10
-11.4361
 20
38.6878
 11
-11.2627
 21
39.4277
  0
LINE
  8
0
 10
-11.2627
 20
39.4277
 11
-11.2378
 21
40.1873
  0
LINE
  8
0
 10
-11.2378
 20
40.1873
 11
-11.2418
 21
40.2099
  0
LINE
  8
0
 10
-11.2418
 20
40.2099
 11
-10.887
 21
40.0487
  0
LINE
  8
0
 10
-10.887
 20
40.0487
 11
-10.5356
 21
39.7964
  0
LINE
  8
0
 10
-10.5356
 20
39.7964
 11
-10.2393
 21
39.481
  0
LINE
  8
0
 10
-10.2393
 20
39.481
 11
-10.0108
 21
39.1128
  0
LINE
  8
0
 10
-10.0108
 20
39.1128
 11
-9.85776
 21
38.7069
  0
LINE
  8
0
 10
-9.85776
 20
38.7069
 11
-9.7876
 21
38.2808
  0
LINE
  8
0
 10
-9.7876
 20
38.2808
 11
-9.80151
 21
37.847
  0
LINE
  8
0
 10
-9.80151
 20
37.847
 11
-9.90009
 21
37.4261
  0
LINE
  8
0
 10
-9.90009
 20
37.4261
 11
-10.0787
 21
37.0312
  0
LINE
  8
0
 10
-10.0787
 20
37.0312
 11
-10.3309
 21
36.6793
  0
LINE
  8
0
 10
-10.3309
 20
36.6793
 11
-10.6463
 21
36.3835
  0
LINE
  8
0
 10
-10.6463
 20
36.3835
 11
-11.0151
 21
36.1545
  0
LINE
  8
0
 10
-11.0151
 20
36.1545
 11
-11.4198
 21
36.0014
  0
LINE
  8
0
 10
-11.4198
 20
36.0014
 11
-11.8472
 21
35.9313
  0
LINE
  8
0
 10
-11.8472
 20
35.9313
 11
-12.2809
 21
35.9452
  0
LINE
  8
0
 10
-45.5796
 20
36.002
 11
-45.9849
 21
36.1551
  0
LINE
  8
0
 10
-45.9849
 20
36.1551
 11
-46.3531
 21
36.3841
  0
LINE
  8
0
 10
-46.3531
 20
36.3841
 11
-46.6691
 21
36.6798
  0
LINE
  8
0
 10
-46.6691
 20
36.6798
 11
-46.9207
 21
37.0312
  0
LINE
  8
0
 10
-46.9207
 20
37.0312
 11
-47.0999
 21
37.4267
  0
LINE
  8
0
 10
-47.0999
 20
37.4267
 11
-47.1979
 21
37.8476
  0
LINE
  8
0
 10
-47.1979
 20
37.8476
 11
-47.2124
 21
38.2813
  0
LINE
  8
0
 10
-47.2124
 20
38.2813
 11
-47.1422
 21
38.7075
  0
LINE
  8
0
 10
-47.1422
 20
38.7075
 11
-46.9892
 21
39.1134
  0
LINE
  8
0
 10
-46.9892
 20
39.1134
 11
-46.7607
 21
39.4816
  0
LINE
  8
0
 10
-46.7607
 20
39.4816
 11
-46.4644
 21
39.797
  0
LINE
  8
0
 10
-46.4644
 20
39.797
 11
-46.1125
 21
40.0493
  0
LINE
  8
0
 10
-46.1125
 20
40.0493
 11
-45.7576
 21
40.2099
  0
LINE
  8
0
 10
-45.7576
 20
40.2099
 11
-45.7617
 21
40.1878
  0
LINE
  8
0
 10
-45.7617
 20
40.1878
 11
-45.7367
 21
39.4283
  0
LINE
  8
0
 10
-45.7367
 20
39.4283
 11
-45.5639
 21
38.6884
  0
LINE
  8
0
 10
-45.5639
 20
38.6884
 11
-45.2502
 21
37.9961
  0
LINE
  8
0
 10
-45.2502
 20
37.9961
 11
-44.8078
 21
37.3791
  0
LINE
  8
0
 10
-44.8078
 20
37.3791
 11
-44.2535
 21
36.8596
  0
LINE
  8
0
 10
-44.2535
 20
36.8596
 11
-43.6082
 21
36.4578
  0
LINE
  8
0
 10
-43.6082
 20
36.4578
 11
-43.5867
 21
36.4496
  0
LINE
  8
0
 10
-43.5867
 20
36.4496
 11
-43.9033
 21
36.2235
  0
LINE
  8
0
 10
-43.9033
 20
36.2235
 11
-44.2982
 21
36.0449
  0
LINE
  8
0
 10
-44.2982
 20
36.0449
 11
-44.7185
 21
35.9464
  0
LINE
  8
0
 10
-44.7185
 20
35.9464
 11
-45.1523
 21
35.9313
  0
LINE
  8
0
 10
-45.1523
 20
35.9313
 11
-45.5796
 21
36.002
  0
LINE
  8
0
 10
-7.57959
 20
36.002
 11
-7.98489
 21
36.1551
  0
LINE
  8
0
 10
-7.98489
 20
36.1551
 11
-8.35309
 21
36.3841
  0
LINE
  8
0
 10
-8.35309
 20
36.3841
 11
-8.6691
 21
36.6798
  0
LINE
  8
0
 10
-8.6691
 20
36.6798
 11
-8.92075
 21
37.0312
  0
LINE
  8
0
 10
-8.92075
 20
37.0312
 11
-9.09991
 21
37.4267
  0
LINE
  8
0
 10
-9.09991
 20
37.4267
 11
-9.19791
 21
37.8476
  0
LINE
  8
0
 10
-9.19791
 20
37.8476
 11
-9.2124
 21
38.2813
  0
LINE
  8
0
 10
-9.2124
 20
38.2813
 11
-9.14224
 21
38.7075
  0
LINE
  8
0
 10
-9.14224
 20
38.7075
 11
-8.98917
 21
39.1134
  0
LINE
  8
0
 10
-8.98917
 20
39.1134
 11
-8.76071
 21
39.4816
  0
LINE
  8
0
 10
-8.76071
 20
39.4816
 11
-8.46442
 21
39.797
  0
LINE
  8
0
 10
-8.46442
 20
39.797
 11
-8.11246
 21
40.0493
  0
LINE
  8
0
 10
-8.11246
 20
40.0493
 11
-7.7576
 21
40.2099
  0
LINE
  8
0
 10
-7.7576
 20
40.2099
 11
-7.76166
 21
40.1878
  0
LINE
  8
0
 10
-7.76166
 20
40.1878
 11
-7.73672
 21
39.4283
  0
LINE
  8
0
 10
-7.73672
 20
39.4283
 11
-7.56393
 21
38.6884
  0
LINE
  8
0
 10
-7.56393
 20
38.6884
 11
-7.25024
 21
37.9961
  0
LINE
  8
0
 10
-7.25024
 20
37.9961
 11
-6.80783
 21
37.3791
  0
LINE
  8
0
 10
-6.80783
 20
37.3791
 11
-6.25351
 21
36.8596
  0
LINE
  8
0
 10
-6.25351
 20
36.8596
 11
-5.60815
 21
36.4578
  0
LINE
  8
0
 10
-5.60815
 20
36.4578
 11
-5.5867
 21
36.4496
  0
LINE
  8
0
 10
-5.5867
 20
36.4496
 11
-5.90329
 21
36.2235
  0
LINE
  8
0
 10
-5.90329
 20
36.2235
 11
-6.29816
 21
36.0449
  0
LINE
  8
0
 10
-6.29816
 20
36.0449
 11
-6.71854
 21
35.9464
  0
LINE
  8
0
 10
-6.71854
 20
35.9464
 11
-7.15225
 21
35.9313
  0
LINE
  8
0
 10
-7.15225
 20
35.9313
 11
-7.57959
 21
36.002
  0
LINE
  8
0
 10
25.7191
 20
35.9452
 11
25.2987
 21
36.0443
  0
LINE
  8
0
 10
25.2987
 20
36.0443
 11
24.9033
 21
36.2229
  0
LINE
  8
0
 10
24.9033
 20
36.2229
 11
24.5867
 21
36.4491
  0
LINE
  8
0
 10
24.5867
 20
36.4491
 11
24.6082
 21
36.4572
  0
LINE
  8
0
 10
24.6082
 20
36.4572
 11
25.2535
 21
36.859
  0
LINE
  8
0
 10
25.2535
 20
36.859
 11
25.8084
 21
37.3785
  0
LINE
  8
0
 10
25.8084
 20
37.3785
 11
26.2508
 21
37.9961
  0
LINE
  8
0
 10
26.2508
 20
37.9961
 11
26.5639
 21
38.6878
  0
LINE
  8
0
 10
26.5639
 20
38.6878
 11
26.7373
 21
39.4277
  0
LINE
  8
0
 10
26.7373
 20
39.4277
 11
26.7622
 21
40.1873
  0
LINE
  8
0
 10
26.7622
 20
40.1873
 11
26.7582
 21
40.2099
  0
LINE
  8
0
 10
26.7582
 20
40.2099
 11
27.113
 21
40.0487
  0
LINE
  8
0
 10
27.113
 20
40.0487
 11
27.4644
 21
39.7964
  0
LINE
  8
0
 10
27.4644
 20
39.7964
 11
27.7607
 21
39.481
  0
LINE
  8
0
 10
27.7607
 20
39.481
 11
27.9892
 21
39.1128
  0
LINE
  8
0
 10
27.9892
 20
39.1128
 11
28.1422
 21
38.7069
  0
LINE
  8
0
 10
28.1422
 20
38.7069
 11
28.2124
 21
38.2808
  0
LINE
  8
0
 10
28.2124
 20
38.2808
 11
28.1985
 21
37.847
  0
LINE
  8
0
 10
28.1985
 20
37.847
 11
28.0999
 21
37.4261
  0
LINE
  8
0
 10
28.0999
 20
37.4261
 11
27.9213
 21
37.0312
  0
LINE
  8
0
 10
27.9213
 20
37.0312
 11
27.6691
 21
36.6793
  0
LINE
  8
0
 10
27.6691
 20
36.6793
 11
27.3537
 21
36.3835
  0
LINE
  8
0
 10
27.3537
 20
36.3835
 11
26.9849
 21
36.1545
  0
LINE
  8
0
 10
26.9849
 20
36.1545
 11
26.5802
 21
36.0014
  0
LINE
  8
0
 10
26.5802
 20
36.0014
 11
26.1528
 21
35.9313
  0
LINE
  8
0
 10
26.1528
 20
35.9313
 11
25.7191
 21
35.9452
  0
LINE
  8
0
 10
-28.7737
 20
37.4667
 11
-29.1425
 21
37.6963
  0
LINE
  8
0
 10
-29.1425
 20
37.6963
 11
-29.4579
 21
37.992
  0
LINE
  8
0
 10
-29.4579
 20
37.992
 11
-29.4967
 21
38.0459
  0
LINE
  8
0
 10
-29.4967
 20
38.0459
 11
-29.2561
 21
38.304
  0
LINE
  8
0
 10
-29.2561
 20
38.304
 11
-28.8543
 21
38.9493
  0
LINE
  8
0
 10
-28.8543
 20
38.9493
 11
-28.587
 21
39.6596
  0
LINE
  8
0
 10
-28.587
 20
39.6596
 11
-28.5
 21
40.1826
  0
LINE
  8
0
 10
-28.5
 20
40.1826
 11
-28.413
 21
39.6602
  0
LINE
  8
0
 10
-28.413
 20
39.6602
 11
-28.1457
 21
38.9493
  0
LINE
  8
0
 10
-28.1457
 20
38.9493
 11
-27.7439
 21
38.3045
  0
LINE
  8
0
 10
-27.7439
 20
38.3045
 11
-27.5033
 21
38.0465
  0
LINE
  8
0
 10
-27.5033
 20
38.0465
 11
-27.5427
 21
37.992
  0
LINE
  8
0
 10
-27.5427
 20
37.992
 11
-27.8581
 21
37.6969
  0
LINE
  8
0
 10
-27.8581
 20
37.6969
 11
-28.2269
 21
37.4673
  0
LINE
  8
0
 10
-28.2269
 20
37.4673
 11
-28.5006
 21
37.3646
  0
LINE
  8
0
 10
-28.5006
 20
37.3646
 11
-28.7737
 21
37.4667
  0
LINE
  8
0
 10
9.22632
 20
37.4667
 11
8.85754
 21
37.6963
  0
LINE
  8
0
 10
8.85754
 20
37.6963
 11
8.54211
 21
37.992
  0
LINE
  8
0
 10
8.54211
 20
37.992
 11
8.50327
 21
38.0459
  0
LINE
  8
0
 10
8.50327
 20
38.0459
 11
8.7439
 21
38.304
  0
LINE
  8
0
 10
8.7439
 20
38.304
 11
9.14572
 21
38.9493
  0
LINE
  8
0
 10
9.14572
 20
38.9493
 11
9.41302
 21
39.6596
  0
LINE
  8
0
 10
9.41302
 20
39.6596
 11
9.5
 21
40.1826
  0
LINE
  8
0
 10
9.5
 20
40.1826
 11
9.58698
 21
39.6602
  0
LINE
  8
0
 10
9.58698
 20
39.6602
 11
9.85428
 21
38.9493
  0
LINE
  8
0
 10
9.85428
 20
38.9493
 11
10.2561
 21
38.3045
  0
LINE
  8
0
 10
10.2561
 20
38.3045
 11
10.4967
 21
38.0465
  0
LINE
  8
0
 10
10.4967
 20
38.0465
 11
10.4573
 21
37.992
  0
LINE
  8
0
 10
10.4573
 20
37.992
 11
10.1419
 21
37.6969
  0
LINE
  8
0
 10
10.1419
 20
37.6969
 11
9.7731
 21
37.4673
  0
LINE
  8
0
 10
9.7731
 20
37.4673
 11
9.49942
 21
37.3646
  0
LINE
  8
0
 10
9.49942
 20
37.3646
 11
9.22632
 21
37.4667
  0
LINE
  8
0
 10
47.2263
 20
37.4667
 11
46.8575
 21
37.6963
  0
LINE
  8
0
 10
46.8575
 20
37.6963
 11
46.5421
 21
37.992
  0
LINE
  8
0
 10
46.5421
 20
37.992
 11
46.5033
 21
38.0459
  0
LINE
  8
0
 10
46.5033
 20
38.0459
 11
46.7439
 21
38.304
  0
LINE
  8
0
 10
46.7439
 20
38.304
 11
47.1457
 21
38.9493
  0
LINE
  8
0
 10
47.1457
 20
38.9493
 11
47.413
 21
39.6596
  0
LINE
  8
0
 10
47.413
 20
39.6596
 11
47.5
 21
40.1826
  0
LINE
  8
0
 10
47.5
 20
40.1826
 11
47.587
 21
39.6602
  0
LINE
  8
0
 10
47.587
 20
39.6602
 11
47.8543
 21
38.9493
  0
LINE
  8
0
 10
47.8543
 20
38.9493
 11
48.2561
 21
38.3045
  0
LINE
  8
0
 10
48.2561
 20
38.3045
 11
48.4967
 21
38.0465
  0
LINE
  8
0
 10
48.4967
 20
38.0465
 11
48.4573
 21
37.992
  0
LINE
  8
0
 10
48.4573
 20
37.992
 11
48.1419
 21
37.6969
  0
LINE
  8
0
 10
48.1419
 20
37.6969
 11
47.7731
 21
37.4673
  0
LINE
  8
0
 10
47.7731
 20
37.4673
 11
47.4994
 21
37.3646
  0
LINE
  8
0
 10
47.4994
 20
37.3646
 11
47.2263
 21
37.4667
  0
LINE
  8
0
 10
3.87503
 20
33.0292
 11
3.55844
 21
33.1487
  0
LINE
  8
0
 10
3.55844
 20
33.1487
 11
3.27084
 21
33.3278
  0
LINE
  8
0
 10
3.27084
 20
33.3278
 11
3.02383
 21
33.5586
  0
LINE
  8
0
 10
3.02383
 20
33.5586
 11
2.82785
 21
33.8329
  0
LINE
  8
0
 10
2.82785
 20
33.8329
 11
2.68811
 21
34.1413
  0
LINE
  8
0
 10
2.68811
 20
34.1413
 11
2.61215
 21
34.4695
  0
LINE
  8
0
 10
2.61215
 20
34.4695
 11
2.59998
 21
34.8087
  0
LINE
  8
0
 10
2.59998
 20
34.8087
 11
2.65506
 21
35.1421
  0
LINE
  8
0
 10
2.65506
 20
35.1421
 11
2.77451
 21
35.4587
  0
LINE
  8
0
 10
2.77451
 20
35.4587
 11
2.95309
 21
35.7463
  0
LINE
  8
0
 10
2.95309
 20
35.7463
 11
3.18387
 21
35.9927
  0
LINE
  8
0
 10
3.18387
 20
35.9927
 11
3.45871
 21
36.1893
  0
LINE
  8
0
 10
3.45871
 20
36.1893
 11
3.76834
 21
36.329
  0
LINE
  8
0
 10
3.76834
 20
36.329
 11
4.09653
 21
36.4062
  0
LINE
  8
0
 10
4.09653
 20
36.4062
 11
4.43573
 21
36.4178
  0
LINE
  8
0
 10
4.43573
 20
36.4178
 11
4.76913
 21
36.3621
  0
LINE
  8
0
 10
4.76913
 20
36.3621
 11
5.08572
 21
36.2426
  0
LINE
  8
0
 10
5.08572
 20
36.2426
 11
5.37332
 21
36.0635
  0
LINE
  8
0
 10
5.37332
 20
36.0635
 11
5.62033
 21
35.8327
  0
LINE
  8
0
 10
5.62033
 20
35.8327
 11
5.81631
 21
35.5579
  0
LINE
  8
0
 10
5.81631
 20
35.5579
 11
5.95605
 21
35.25
  0
LINE
  8
0
 10
5.95605
 20
35.25
 11
6.03201
 21
34.9212
  0
LINE
  8
0
 10
6.03201
 20
34.9212
 11
6.04419
 21
34.5832
  0
LINE
  8
0
 10
6.04419
 20
34.5832
 11
5.98911
 21
34.2492
  0
LINE
  8
0
 10
5.98911
 20
34.2492
 11
5.86966
 21
33.9332
  0
LINE
  8
0
 10
5.86966
 20
33.9332
 11
5.69049
 21
33.645
  0
LINE
  8
0
 10
5.69049
 20
33.645
 11
5.45914
 21
33.3986
  0
LINE
  8
0
 10
5.45914
 20
33.3986
 11
5.1814
 21
33.2003
  0
LINE
  8
0
 10
5.1814
 20
33.2003
 11
4.87582
 21
33.0617
  0
LINE
  8
0
 10
4.87582
 20
33.0617
 11
4.54764
 21
32.9851
  0
LINE
  8
0
 10
4.54764
 20
32.9851
 11
4.20844
 21
32.9735
  0
LINE
  8
0
 10
4.20844
 20
32.9735
 11
3.87503
 21
33.0292
  0
LINE
  8
0
 10
-34.125
 20
33.0292
 11
-34.4416
 21
33.1487
  0
LINE
  8
0
 10
-34.4416
 20
33.1487
 11
-34.7292
 21
33.3278
  0
LINE
  8
0
 10
-34.7292
 20
33.3278
 11
-34.9762
 21
33.5586
  0
LINE
  8
0
 10
-34.9762
 20
33.5586
 11
-35.1721
 21
33.8329
  0
LINE
  8
0
 10
-35.1721
 20
33.8329
 11
-35.3119
 21
34.1413
  0
LINE
  8
0
 10
-35.3119
 20
34.1413
 11
-35.3878
 21
34.4695
  0
LINE
  8
0
 10
-35.3878
 20
34.4695
 11
-35.4
 21
34.8087
  0
LINE
  8
0
 10
-35.4
 20
34.8087
 11
-35.3449
 21
35.1421
  0
LINE
  8
0
 10
-35.3449
 20
35.1421
 11
-35.2255
 21
35.4587
  0
LINE
  8
0
 10
-35.2255
 20
35.4587
 11
-35.0469
 21
35.7463
  0
LINE
  8
0
 10
-35.0469
 20
35.7463
 11
-34.8161
 21
35.9927
  0
LINE
  8
0
 10
-34.8161
 20
35.9927
 11
-34.5413
 21
36.1893
  0
LINE
  8
0
 10
-34.5413
 20
36.1893
 11
-34.2317
 21
36.329
  0
LINE
  8
0
 10
-34.2317
 20
36.329
 11
-33.9035
 21
36.4062
  0
LINE
  8
0
 10
-33.9035
 20
36.4062
 11
-33.5643
 21
36.4178
  0
LINE
  8
0
 10
-33.5643
 20
36.4178
 11
-33.2309
 21
36.3621
  0
LINE
  8
0
 10
-33.2309
 20
36.3621
 11
-32.9143
 21
36.2426
  0
LINE
  8
0
 10
-32.9143
 20
36.2426
 11
-32.6267
 21
36.0635
  0
LINE
  8
0
 10
-32.6267
 20
36.0635
 11
-32.3797
 21
35.8327
  0
LINE
  8
0
 10
-32.3797
 20
35.8327
 11
-32.1837
 21
35.5579
  0
LINE
  8
0
 10
-32.1837
 20
35.5579
 11
-32.0439
 21
35.25
  0
LINE
  8
0
 10
-32.0439
 20
35.25
 11
-31.968
 21
34.9212
  0
LINE
  8
0
 10
-31.968
 20
34.9212
 11
-31.9558
 21
34.5832
  0
LINE
  8
0
 10
-31.9558
 20
34.5832
 11
-32.0109
 21
34.2492
  0
LINE
  8
0
 10
-32.0109
 20
34.2492
 11
-32.1303
 21
33.9332
  0
LINE
  8
0
 10
-32.1303
 20
33.9332
 11
-32.3095
 21
33.645
  0
LINE
  8
0
 10
-32.3095
 20
33.645
 11
-32.5409
 21
33.3986
  0
LINE
  8
0
 10
-32.5409
 20
33.3986
 11
-32.8186
 21
33.2003
  0
LINE
  8
0
 10
-32.8186
 20
33.2003
 11
-33.1242
 21
33.0617
  0
LINE
  8
0
 10
-33.1242
 20
33.0617
 11
-33.4524
 21
32.9851
  0
LINE
  8
0
 10
-33.4524
 20
32.9851
 11
-33.7916
 21
32.9735
  0
LINE
  8
0
 10
-33.7916
 20
32.9735
 11
-34.125
 21
33.0292
  0
LINE
  8
0
 10
41.875
 20
33.0292
 11
41.5584
 21
33.1487
  0
LINE
  8
0
 10
41.5584
 20
33.1487
 11
41.2708
 21
33.3278
  0
LINE
  8
0
 10
41.2708
 20
33.3278
 11
41.0238
 21
33.5586
  0
LINE
  8
0
 10
41.0238
 20
33.5586
 11
40.8279
 21
33.8329
  0
LINE
  8
0
 10
40.8279
 20
33.8329
 11
40.6881
 21
34.1413
  0
LINE
  8
0
 10
40.6881
 20
34.1413
 11
40.6122
 21
34.4695
  0
LINE
  8
0
 10
40.6122
 20
34.4695
 11
40.6
 21
34.8087
  0
LINE
  8
0
 10
40.6
 20
34.8087
 11
40.6551
 21
35.1421
  0
LINE
  8
0
 10
40.6551
 20
35.1421
 11
40.7745
 21
35.4587
  0
LINE
  8
0
 10
40.7745
 20
35.4587
 11
40.9531
 21
35.7463
  0
LINE
  8
0
 10
40.9531
 20
35.7463
 11
41.1839
 21
35.9927
  0
LINE
  8
0
 10
41.1839
 20
35.9927
 11
41.4587
 21
36.1893
  0
LINE
  8
0
 10
41.4587
 20
36.1893
 11
41.7683
 21
36.329
  0
LINE
  8
0
 10
41.7683
 20
36.329
 11
42.0965
 21
36.4062
  0
LINE
  8
0
 10
42.0965
 20
36.4062
 11
42.4357
 21
36.4178
  0
LINE
  8
0
 10
42.4357
 20
36.4178
 11
42.7691
 21
36.3621
  0
LINE
  8
0
 10
42.7691
 20
36.3621
 11
43.0857
 21
36.2426
  0
LINE
  8
0
 10
43.0857
 20
36.2426
 11
43.3733
 21
36.0635
  0
LINE
  8
0
 10
43.3733
 20
36.0635
 11
43.6203
 21
35.8327
  0
LINE
  8
0
 10
43.6203
 20
35.8327
 11
43.8163
 21
35.5579
  0
LINE
  8
0
 10
43.8163
 20
35.5579
 11
43.9561
 21
35.25
  0
LINE
  8
0
 10
43.9561
 20
35.25
 11
44.032
 21
34.9212
  0
LINE
  8
0
 10
44.032
 20
34.9212
 11
44.0442
 21
34.5832
  0
LINE
  8
0
 10
44.0442
 20
34.5832
 11
43.9891
 21
34.2492
  0
LINE
  8
0
 10
43.9891
 20
34.2492
 11
43.8697
 21
33.9332
  0
LINE
  8
0
 10
43.8697
 20
33.9332
 11
43.6905
 21
33.645
  0
LINE
  8
0
 10
43.6905
 20
33.645
 11
43.4591
 21
33.3986
  0
LINE
  8
0
 10
43.4591
 20
33.3986
 11
43.1814
 21
33.2003
  0
LINE
  8
0
 10
43.1814
 20
33.2003
 11
42.8758
 21
33.0617
  0
LINE
  8
0
 10
42.8758
 20
33.0617
 11
42.5476
 21
32.9851
  0
LINE
  8
0
 10
42.5476
 20
32.9851
 11
42.2084
 21
32.9735
  0
LINE
  8
0
 10
42.2084
 20
32.9735
 11
41.875
 21
33.0292
  0
LINE
  8
0
 10
14.4524
 20
32.9846
 11
14.1242
 21
33.0617
  0
LINE
  8
0
 10
14.1242
 20
33.0617
 11
13.8169
 21
33.2008
  0
LINE
  8
0
 10
13.8169
 20
33.2008
 11
13.5397
 21
33.3991
  0
LINE
  8
0
 10
13.5397
 20
33.3991
 11
13.3083
 21
33.6456
  0
LINE
  8
0
 10
13.3083
 20
33.6456
 11
13.1298
 21
33.9332
  0
LINE
  8
0
 10
13.1298
 20
33.9332
 11
13.0103
 21
34.2498
  0
LINE
  8
0
 10
13.0103
 20
34.2498
 11
12.9558
 21
34.5832
  0
LINE
  8
0
 10
12.9558
 20
34.5832
 11
12.9668
 21
34.9218
  0
LINE
  8
0
 10
12.9668
 20
34.9218
 11
13.0434
 21
35.25
  0
LINE
  8
0
 10
13.0434
 20
35.25
 11
13.1831
 21
35.5584
  0
LINE
  8
0
 10
13.1831
 20
35.5584
 11
13.3797
 21
35.8333
  0
LINE
  8
0
 10
13.3797
 20
35.8333
 11
13.6267
 21
36.0641
  0
LINE
  8
0
 10
13.6267
 20
36.0641
 11
13.9143
 21
36.2432
  0
LINE
  8
0
 10
13.9143
 20
36.2432
 11
14.2309
 21
36.3627
  0
LINE
  8
0
 10
14.2309
 20
36.3627
 11
14.5643
 21
36.4172
  0
LINE
  8
0
 10
14.5643
 20
36.4172
 11
14.9035
 21
36.4067
  0
LINE
  8
0
 10
14.9035
 20
36.4067
 11
15.2311
 21
36.3296
  0
LINE
  8
0
 10
15.2311
 20
36.3296
 11
15.5372
 21
36.191
  0
LINE
  8
0
 10
15.5372
 20
36.191
 11
15.8156
 21
35.9922
  0
LINE
  8
0
 10
15.8156
 20
35.9922
 11
16.0469
 21
35.7457
  0
LINE
  8
0
 10
16.0469
 20
35.7457
 11
16.2255
 21
35.4581
  0
LINE
  8
0
 10
16.2255
 20
35.4581
 11
16.3449
 21
35.1415
  0
LINE
  8
0
 10
16.3449
 20
35.1415
 11
16.3994
 21
34.8081
  0
LINE
  8
0
 10
16.3994
 20
34.8081
 11
16.3884
 21
34.4689
  0
LINE
  8
0
 10
16.3884
 20
34.4689
 11
16.3119
 21
34.1407
  0
LINE
  8
0
 10
16.3119
 20
34.1407
 11
16.1716
 21
33.8323
  0
LINE
  8
0
 10
16.1716
 20
33.8323
 11
15.975
 21
33.5574
  0
LINE
  8
0
 10
15.975
 20
33.5574
 11
15.7286
 21
33.3272
  0
LINE
  8
0
 10
15.7286
 20
33.3272
 11
15.4416
 21
33.1487
  0
LINE
  8
0
 10
15.4416
 20
33.1487
 11
15.125
 21
33.0292
  0
LINE
  8
0
 10
15.125
 20
33.0292
 11
14.7916
 21
32.9741
  0
LINE
  8
0
 10
14.7916
 20
32.9741
 11
14.4524
 21
32.9846
  0
LINE
  8
0
 10
-23.5476
 20
32.9846
 11
-23.8758
 21
33.0617
  0
LINE
  8
0
 10
-23.8758
 20
33.0617
 11
-24.1831
 21
33.2008
  0
LINE
  8
0
 10
-24.1831
 20
33.2008
 11
-24.4603
 21
33.3991
  0
LINE
  8
0
 10
-24.4603
 20
33.3991
 11
-24.6917
 21
33.6456
  0
LINE
  8
0
 10
-24.6917
 20
33.6456
 11
-24.8702
 21
33.9332
  0
LINE
  8
0
 10
-24.8702
 20
33.9332
 11
-24.9897
 21
34.2498
  0
LINE
  8
0
 10
-24.9897
 20
34.2498
 11
-25.0442
 21
34.5832
  0
LINE
  8
0
 10
-25.0442
 20
34.5832
 11
-25.0332
 21
34.9218
  0
LINE
  8
0
 10
-25.0332
 20
34.9218
 11
-24.9566
 21
35.25
  0
LINE
  8
0
 10
-24.9566
 20
35.25
 11
-24.8169
 21
35.5584
  0
LINE
  8
0
 10
-24.8169
 20
35.5584
 11
-24.6203
 21
35.8333
  0
LINE
  8
0
 10
-24.6203
 20
35.8333
 11
-24.3733
 21
36.0641
  0
LINE
  8
0
 10
-24.3733
 20
36.0641
 11
-24.0857
 21
36.2432
  0
LINE
  8
0
 10
-24.0857
 20
36.2432
 11
-23.7691
 21
36.3627
  0
LINE
  8
0
 10
-23.7691
 20
36.3627
 11
-23.4357
 21
36.4172
  0
LINE
  8
0
 10
-23.4357
 20
36.4172
 11
-23.0965
 21
36.4067
  0
LINE
  8
0
 10
-23.0965
 20
36.4067
 11
-22.7689
 21
36.3296
  0
LINE
  8
0
 10
-22.7689
 20
36.3296
 11
-22.4628
 21
36.191
  0
LINE
  8
0
 10
-22.4628
 20
36.191
 11
-22.1844
 21
35.9922
  0
LINE
  8
0
 10
-22.1844
 20
35.9922
 11
-21.9531
 21
35.7457
  0
LINE
  8
0
 10
-21.9531
 20
35.7457
 11
-21.7745
 21
35.4581
  0
LINE
  8
0
 10
-21.7745
 20
35.4581
 11
-21.6551
 21
35.1415
  0
LINE
  8
0
 10
-21.6551
 20
35.1415
 11
-21.6006
 21
34.8081
  0
LINE
  8
0
 10
-21.6006
 20
34.8081
 11
-21.6116
 21
34.4689
  0
LINE
  8
0
 10
-21.6116
 20
34.4689
 11
-21.6881
 21
34.1407
  0
LINE
  8
0
 10
-21.6881
 20
34.1407
 11
-21.8284
 21
33.8323
  0
LINE
  8
0
 10
-21.8284
 20
33.8323
 11
-22.025
 21
33.5574
  0
LINE
  8
0
 10
-22.025
 20
33.5574
 11
-22.2714
 21
33.3272
  0
LINE
  8
0
 10
-22.2714
 20
33.3272
 11
-22.5584
 21
33.1487
  0
LINE
  8
0
 10
-22.5584
 20
33.1487
 11
-22.875
 21
33.0292
  0
LINE
  8
0
 10
-22.875
 20
33.0292
 11
-23.2084
 21
32.9741
  0
LINE
  8
0
 10
-23.2084
 20
32.9741
 11
-23.5476
 21
32.9846
  0
LINE
  8
0
 10
-7.34592
 20
33.4461
 11
-8.0162
 21
33.8044
  0
LINE
  8
0
 10
-8.0162
 20
33.8044
 11
-8.7439
 21
34.0248
  0
LINE
  8
0
 10
-8.7439
 20
34.0248
 11
-9.5
 21
34.0996
  0
LINE
  8
0
 10
-9.5
 20
34.0996
 11
-10.2555
 21
34.0248
  0
LINE
  8
0
 10
-10.2555
 20
34.0248
 11
-10.9832
 21
33.8044
  0
LINE
  8
0
 10
-10.9832
 20
33.8044
 11
-11.6535
 21
33.4461
  0
LINE
  8
0
 10
-11.6535
 20
33.4461
 11
-11.6703
 21
33.4322
  0
LINE
  8
0
 10
-11.6703
 20
33.4322
 11
-11.7086
 21
33.8201
  0
LINE
  8
0
 10
-11.7086
 20
33.8201
 11
-11.6663
 21
34.2503
  0
LINE
  8
0
 10
-11.6663
 20
34.2503
 11
-11.541
 21
34.6643
  0
LINE
  8
0
 10
-11.541
 20
34.6643
 11
-11.3369
 21
35.0464
  0
LINE
  8
0
 10
-11.3369
 20
35.0464
 11
-11.0621
 21
35.3816
  0
LINE
  8
0
 10
-11.0621
 20
35.3816
 11
-10.7275
 21
35.6559
  0
LINE
  8
0
 10
-10.7275
 20
35.6559
 11
-10.3448
 21
35.8605
  0
LINE
  8
0
 10
-10.3448
 20
35.8605
 11
-9.93082
 21
35.9858
  0
LINE
  8
0
 10
-9.93082
 20
35.9858
 11
-9.5
 21
36.0281
  0
LINE
  8
0
 10
-9.5
 20
36.0281
 11
-9.0686
 21
35.9864
  0
LINE
  8
0
 10
-9.0686
 20
35.9864
 11
-8.6546
 21
35.8605
  0
LINE
  8
0
 10
-8.6546
 20
35.8605
 11
-8.27191
 21
35.6559
  0
LINE
  8
0
 10
-8.27191
 20
35.6559
 11
-7.93735
 21
35.3816
  0
LINE
  8
0
 10
-7.93735
 20
35.3816
 11
-7.66251
 21
35.0464
  0
LINE
  8
0
 10
-7.66251
 20
35.0464
 11
-7.4584
 21
34.6643
  0
LINE
  8
0
 10
-7.4584
 20
34.6643
 11
-7.33374
 21
34.2503
  0
LINE
  8
0
 10
-7.33374
 20
34.2503
 11
-7.29083
 21
33.8189
  0
LINE
  8
0
 10
-7.29083
 20
33.8189
 11
-7.3291
 21
33.4322
  0
LINE
  8
0
 10
-7.3291
 20
33.4322
 11
-7.34592
 21
33.4461
  0
LINE
  8
0
 10
30.6541
 20
33.4461
 11
29.9838
 21
33.8044
  0
LINE
  8
0
 10
29.9838
 20
33.8044
 11
29.2561
 21
34.0248
  0
LINE
  8
0
 10
29.2561
 20
34.0248
 11
28.5
 21
34.0996
  0
LINE
  8
0
 10
28.5
 20
34.0996
 11
27.7445
 21
34.0248
  0
LINE
  8
0
 10
27.7445
 20
34.0248
 11
27.0168
 21
33.8044
  0
LINE
  8
0
 10
27.0168
 20
33.8044
 11
26.3465
 21
33.4461
  0
LINE
  8
0
 10
26.3465
 20
33.4461
 11
26.3297
 21
33.4322
  0
LINE
  8
0
 10
26.3297
 20
33.4322
 11
26.2914
 21
33.8201
  0
LINE
  8
0
 10
26.2914
 20
33.8201
 11
26.3337
 21
34.2503
  0
LINE
  8
0
 10
26.3337
 20
34.2503
 11
26.459
 21
34.6643
  0
LINE
  8
0
 10
26.459
 20
34.6643
 11
26.6631
 21
35.0464
  0
LINE
  8
0
 10
26.6631
 20
35.0464
 11
26.9379
 21
35.3816
  0
LINE
  8
0
 10
26.9379
 20
35.3816
 11
27.2725
 21
35.6559
  0
LINE
  8
0
 10
27.2725
 20
35.6559
 11
27.6552
 21
35.8605
  0
LINE
  8
0
 10
27.6552
 20
35.8605
 11
28.0692
 21
35.9858
  0
LINE
  8
0
 10
28.0692
 20
35.9858
 11
28.5
 21
36.0281
  0
LINE
  8
0
 10
28.5
 20
36.0281
 11
28.9314
 21
35.9864
  0
LINE
  8
0
 10
28.9314
 20
35.9864
 11
29.3454
 21
35.8605
  0
LINE
  8
0
 10
29.3454
 20
35.8605
 11
29.7281
 21
35.6559
  0
LINE
  8
0
 10
29.7281
 20
35.6559
 11
30.0627
 21
35.3816
  0
LINE
  8
0
 10
30.0627
 20
35.3816
 11
30.3375
 21
35.0464
  0
LINE
  8
0
 10
30.3375
 20
35.0464
 11
30.5416
 21
34.6643
  0
LINE
  8
0
 10
30.5416
 20
34.6643
 11
30.6663
 21
34.2503
  0
LINE
  8
0
 10
30.6663
 20
34.2503
 11
30.7092
 21
33.8189
  0
LINE
  8
0
 10
30.7092
 20
33.8189
 11
30.6709
 21
33.4322
  0
LINE
  8
0
 10
30.6709
 20
33.4322
 11
30.6541
 21
33.4461
  0
LINE
  8
0
 10
-45.3459
 20
33.4461
 11
-46.0162
 21
33.8044
  0
LINE
  8
0
 10
-46.0162
 20
33.8044
 11
-46.7439
 21
34.0248
  0
LINE
  8
0
 10
-46.7439
 20
34.0248
 11
-47.5
 21
34.0996
  0
LINE
  8
0
 10
-47.5
 20
34.0996
 11
-48.2555
 21
34.0248
  0
LINE
  8
0
 10
-48.2555
 20
34.0248
 11
-48.9832
 21
33.8044
  0
LINE
  8
0
 10
-48.9832
 20
33.8044
 11
-49.6535
 21
33.4461
  0
LINE
  8
0
 10
-49.6535
 20
33.4461
 11
-49.6703
 21
33.4322
  0
LINE
  8
0
 10
-49.6703
 20
33.4322
 11
-49.7086
 21
33.8201
  0
LINE
  8
0
 10
-49.7086
 20
33.8201
 11
-49.6663
 21
34.2503
  0
LINE
  8
0
 10
-49.6663
 20
34.2503
 11
-49.541
 21
34.6643
  0
LINE
  8
0
 10
-49.541
 20
34.6643
 11
-49.3369
 21
35.0464
  0
LINE
  8
0
 10
-49.3369
 20
35.0464
 11
-49.0621
 21
35.3816
  0
LINE
  8
0
 10
-49.0621
 20
35.3816
 11
-48.7275
 21
35.6559
  0
LINE
  8
0
 10
-48.7275
 20
35.6559
 11
-48.3448
 21
35.8605
  0
LINE
  8
0
 10
-48.3448
 20
35.8605
 11
-47.9308
 21
35.9858
  0
LINE
  8
0
 10
-47.9308
 20
35.9858
 11
-47.5
 21
36.0281
  0
LINE
  8
0
 10
-47.5
 20
36.0281
 11
-47.0686
 21
35.9864
  0
LINE
  8
0
 10
-47.0686
 20
35.9864
 11
-46.6546
 21
35.8605
  0
LINE
  8
0
 10
-46.6546
 20
35.8605
 11
-46.2719
 21
35.6559
  0
LINE
  8
0
 10
-46.2719
 20
35.6559
 11
-45.9373
 21
35.3816
  0
LINE
  8
0
 10
-45.9373
 20
35.3816
 11
-45.6625
 21
35.0464
  0
LINE
  8
0
 10
-45.6625
 20
35.0464
 11
-45.4584
 21
34.6643
  0
LINE
  8
0
 10
-45.4584
 20
34.6643
 11
-45.3337
 21
34.2503
  0
LINE
  8
0
 10
-45.3337
 20
34.2503
 11
-45.2908
 21
33.8189
  0
LINE
  8
0
 10
-45.2908
 20
33.8189
 11
-45.3291
 21
33.4322
  0
LINE
  8
0
 10
-45.3291
 20
33.4322
 11
-45.3459
 21
33.4461
  0
LINE
  8
0
 10
51.3083
 20
33.6456
 11
51.1298
 21
33.9332
  0
LINE
  8
0
 10
51.1298
 20
33.9332
 11
51.0103
 21
34.2498
  0
LINE
  8
0
 10
51.0103
 20
34.2498
 11
50.9558
 21
34.5832
  0
LINE
  8
0
 10
50.9558
 20
34.5832
 11
50.9668
 21
34.9218
  0
LINE
  8
0
 10
50.9668
 20
34.9218
 11
50.9956
 21
35.0451
  0
LINE
  8
0
 10
50.9956
 20
35.0451
 11
51.5255
 21
33.4143
  0
LINE
  8
0
 10
51.5255
 20
33.4143
 11
51.3083
 21
33.6456
  0
LINE
  8
0
 10
-42.2032
 20
33.5609
 11
-42.1974
 21
33.6282
  0
LINE
  8
0
 10
-42.1974
 20
33.6282
 11
-42.1945
 21
33.6357
  0
LINE
  8
0
 10
-42.1945
 20
33.6357
 11
-42.1365
 21
33.6792
  0
LINE
  8
0
 10
-42.1365
 20
33.6792
 11
-41.9168
 21
33.4739
  0
LINE
  8
0
 10
-41.9168
 20
33.4739
 11
-42.2032
 21
33.5609
  0
LINE
  8
0
 10
33.7968
 20
33.5609
 11
33.8026
 21
33.6282
  0
LINE
  8
0
 10
33.8026
 20
33.6282
 11
33.8055
 21
33.6357
  0
LINE
  8
0
 10
33.8055
 20
33.6357
 11
33.8635
 21
33.6792
  0
LINE
  8
0
 10
33.8635
 20
33.6792
 11
34.0832
 21
33.4739
  0
LINE
  8
0
 10
34.0832
 20
33.4739
 11
33.7968
 21
33.5609
  0
LINE
  8
0
 10
-4.20322
 20
33.5609
 11
-4.19742
 21
33.6282
  0
LINE
  8
0
 10
-4.19742
 20
33.6282
 11
-4.19452
 21
33.6357
  0
LINE
  8
0
 10
-4.19452
 20
33.6357
 11
-4.13654
 21
33.6792
  0
LINE
  8
0
 10
-4.13654
 20
33.6792
 11
-3.91678
 21
33.4739
  0
LINE
  8
0
 10
-3.91678
 20
33.4739
 11
-4.20322
 21
33.5609
  0
LINE
  8
0
 10
23.1371
 20
33.6786
 11
23.1957
 21
33.6346
  0
LINE
  8
0
 10
23.1957
 20
33.6346
 11
23.1974
 21
33.6282
  0
LINE
  8
0
 10
23.1974
 20
33.6282
 11
23.2038
 21
33.5609
  0
LINE
  8
0
 10
23.2038
 20
33.5609
 11
22.9191
 21
33.4745
  0
LINE
  8
0
 10
22.9191
 20
33.4745
 11
23.1371
 21
33.6786
  0
LINE
  8
0
 10
-14.8629
 20
33.6786
 11
-14.8043
 21
33.6346
  0
LINE
  8
0
 10
-14.8043
 20
33.6346
 11
-14.8026
 21
33.6282
  0
LINE
  8
0
 10
-14.8026
 20
33.6282
 11
-14.7962
 21
33.5609
  0
LINE
  8
0
 10
-14.7962
 20
33.5609
 11
-15.0809
 21
33.4745
  0
LINE
  8
0
 10
-15.0809
 20
33.4745
 11
-14.8629
 21
33.6786
  0
LINE
  8
0
 10
-43.0237
 20
27.5822
 11
-43.4719
 21
28.4195
  0
LINE
  8
0
 10
-43.4719
 20
28.4195
 11
-44.0738
 21
29.1536
  0
LINE
  8
0
 10
-44.0738
 20
29.1536
 11
-44.8078
 21
29.7555
  0
LINE
  8
0
 10
-44.8078
 20
29.7555
 11
-45.6451
 21
30.2037
  0
LINE
  8
0
 10
-45.6451
 20
30.2037
 11
-46.5555
 21
30.4791
  0
LINE
  8
0
 10
-46.5555
 20
30.4791
 11
-47.5
 21
30.573
  0
LINE
  8
0
 10
-47.5
 20
30.573
 11
-48.444
 21
30.4791
  0
LINE
  8
0
 10
-48.444
 20
30.4791
 11
-49.3543
 21
30.2037
  0
LINE
  8
0
 10
-49.3543
 20
30.2037
 11
-50.1916
 21
29.7555
  0
LINE
  8
0
 10
-50.1916
 20
29.7555
 11
-50.9257
 21
29.1536
  0
LINE
  8
0
 10
-50.9257
 20
29.1536
 11
-51.5275
 21
28.4195
  0
LINE
  8
0
 10
-51.5275
 20
28.4195
 11
-51.9757
 21
27.5822
  0
LINE
  8
0
 10
-51.9757
 20
27.5822
 11
-52.1033
 21
27.1601
  0
LINE
  8
0
 10
-52.1033
 20
27.1601
 11
-52.1885
 21
27.1677
  0
LINE
  8
0
 10
-52.1885
 20
27.1677
 11
-52.7057
 21
27.3248
  0
LINE
  8
0
 10
-52.7057
 20
27.3248
 11
-53.1847
 21
27.5805
  0
LINE
  8
0
 10
-53.1847
 20
27.5805
 11
-53.3712
 21
27.7339
  0
LINE
  8
0
 10
-53.3712
 20
27.7339
 11
-51.7815
 21
32.6265
  0
LINE
  8
0
 10
-51.7815
 20
32.6265
 11
-51.6493
 21
32.6396
  0
LINE
  8
0
 10
-51.6493
 20
32.6396
 11
-51.11
 21
32.5868
  0
LINE
  8
0
 10
-51.11
 20
32.5868
 11
-50.5917
 21
32.4297
  0
LINE
  8
0
 10
-50.5917
 20
32.4297
 11
-50.1139
 21
32.174
  0
LINE
  8
0
 10
-50.1139
 20
32.174
 11
-49.7202
 21
31.8504
  0
LINE
  8
0
 10
-49.7202
 20
31.8504
 11
-49.4535
 21
32.1757
  0
LINE
  8
0
 10
-49.4535
 20
32.1757
 11
-49.0342
 21
32.5195
  0
LINE
  8
0
 10
-49.0342
 20
32.5195
 11
-48.5565
 21
32.7752
  0
LINE
  8
0
 10
-48.5565
 20
32.7752
 11
-48.0387
 21
32.9318
  0
LINE
  8
0
 10
-48.0387
 20
32.9318
 11
-47.5
 21
32.9851
  0
LINE
  8
0
 10
-47.5
 20
32.9851
 11
-46.9608
 21
32.9324
  0
LINE
  8
0
 10
-46.9608
 20
32.9324
 11
-46.443
 21
32.7752
  0
LINE
  8
0
 10
-46.443
 20
32.7752
 11
-45.9652
 21
32.5195
  0
LINE
  8
0
 10
-45.9652
 20
32.5195
 11
-45.546
 21
32.1757
  0
LINE
  8
0
 10
-45.546
 20
32.1757
 11
-45.2792
 21
31.8504
  0
LINE
  8
0
 10
-45.2792
 20
31.8504
 11
-44.8855
 21
32.174
  0
LINE
  8
0
 10
-44.8855
 20
32.174
 11
-44.4077
 21
32.4297
  0
LINE
  8
0
 10
-44.4077
 20
32.4297
 11
-43.8894
 21
32.5862
  0
LINE
  8
0
 10
-43.8894
 20
32.5862
 11
-43.3501
 21
32.6396
  0
LINE
  8
0
 10
-43.3501
 20
32.6396
 11
-42.8109
 21
32.5868
  0
LINE
  8
0
 10
-42.8109
 20
32.5868
 11
-42.2937
 21
32.4297
  0
LINE
  8
0
 10
-42.2937
 20
32.4297
 11
-41.8147
 21
32.174
  0
LINE
  8
0
 10
-41.8147
 20
32.174
 11
-41.3967
 21
31.8301
  0
LINE
  8
0
 10
-41.3967
 20
31.8301
 11
-41.0534
 21
31.412
  0
LINE
  8
0
 10
-41.0534
 20
31.412
 11
-40.7977
 21
30.9337
  0
LINE
  8
0
 10
-40.7977
 20
30.9337
 11
-40.6411
 21
30.4165
  0
LINE
  8
0
 10
-40.6411
 20
30.4165
 11
-40.5878
 21
29.8766
  0
LINE
  8
0
 10
-40.5878
 20
29.8766
 11
-40.6406
 21
29.338
  0
LINE
  8
0
 10
-40.6406
 20
29.338
 11
-40.7977
 21
28.8202
  0
LINE
  8
0
 10
-40.7977
 20
28.8202
 11
-41.054
 21
28.3418
  0
LINE
  8
0
 10
-41.054
 20
28.3418
 11
-41.3972
 21
27.9238
  0
LINE
  8
0
 10
-41.3972
 20
27.9238
 11
-41.8147
 21
27.5805
  0
LINE
  8
0
 10
-41.8147
 20
27.5805
 11
-42.2937
 21
27.3248
  0
LINE
  8
0
 10
-42.2937
 20
27.3248
 11
-42.8109
 21
27.1682
  0
LINE
  8
0
 10
-42.8109
 20
27.1682
 11
-42.8961
 21
27.1601
  0
LINE
  8
0
 10
-42.8961
 20
27.1601
 11
-43.0237
 21
27.5822
  0
LINE
  8
0
 10
-5.02368
 20
27.5822
 11
-5.47189
 21
28.4195
  0
LINE
  8
0
 10
-5.47189
 20
28.4195
 11
-6.07376
 21
29.1536
  0
LINE
  8
0
 10
-6.07376
 20
29.1536
 11
-6.80783
 21
29.7555
  0
LINE
  8
0
 10
-6.80783
 20
29.7555
 11
-7.64511
 21
30.2037
  0
LINE
  8
0
 10
-7.64511
 20
30.2037
 11
-8.55545
 21
30.4791
  0
LINE
  8
0
 10
-8.55545
 20
30.4791
 11
-9.5
 21
30.573
  0
LINE
  8
0
 10
-9.5
 20
30.573
 11
-10.444
 21
30.4791
  0
LINE
  8
0
 10
-10.444
 20
30.4791
 11
-11.3543
 21
30.2037
  0
LINE
  8
0
 10
-11.3543
 20
30.2037
 11
-12.1916
 21
29.7555
  0
LINE
  8
0
 10
-12.1916
 20
29.7555
 11
-12.9257
 21
29.1536
  0
LINE
  8
0
 10
-12.9257
 20
29.1536
 11
-13.5275
 21
28.4195
  0
LINE
  8
0
 10
-13.5275
 20
28.4195
 11
-13.9757
 21
27.5822
  0
LINE
  8
0
 10
-13.9757
 20
27.5822
 11
-14.1033
 21
27.1601
  0
LINE
  8
0
 10
-14.1033
 20
27.1601
 11
-14.1885
 21
27.1677
  0
LINE
  8
0
 10
-14.1885
 20
27.1677
 11
-14.7057
 21
27.3248
  0
LINE
  8
0
 10
-14.7057
 20
27.3248
 11
-15.1847
 21
27.5805
  0
LINE
  8
0
 10
-15.1847
 20
27.5805
 11
-15.6028
 21
27.9243
  0
LINE
  8
0
 10
-15.6028
 20
27.9243
 11
-15.946
 21
28.3424
  0
LINE
  8
0
 10
-15.946
 20
28.3424
 11
-16.2017
 21
28.8202
  0
LINE
  8
0
 10
-16.2017
 20
28.8202
 11
-16.3583
 21
29.338
  0
LINE
  8
0
 10
-16.3583
 20
29.338
 11
-16.4116
 21
29.8778
  0
LINE
  8
0
 10
-16.4116
 20
29.8778
 11
-16.3589
 21
30.4165
  0
LINE
  8
0
 10
-16.3589
 20
30.4165
 11
-16.2017
 21
30.9337
  0
LINE
  8
0
 10
-16.2017
 20
30.9337
 11
-15.946
 21
31.412
  0
LINE
  8
0
 10
-15.946
 20
31.412
 11
-15.6028
 21
31.8301
  0
LINE
  8
0
 10
-15.6028
 20
31.8301
 11
-15.1847
 21
32.174
  0
LINE
  8
0
 10
-15.1847
 20
32.174
 11
-14.7057
 21
32.4297
  0
LINE
  8
0
 10
-14.7057
 20
32.4297
 11
-14.1885
 21
32.5862
  0
LINE
  8
0
 10
-14.1885
 20
32.5862
 11
-13.6493
 21
32.6396
  0
LINE
  8
0
 10
-13.6493
 20
32.6396
 11
-13.11
 21
32.5868
  0
LINE
  8
0
 10
-13.11
 20
32.5868
 11
-12.5917
 21
32.4297
  0
LINE
  8
0
 10
-12.5917
 20
32.4297
 11
-12.1139
 21
32.174
  0
LINE
  8
0
 10
-12.1139
 20
32.174
 11
-11.7202
 21
31.8504
  0
LINE
  8
0
 10
-11.7202
 20
31.8504
 11
-11.4535
 21
32.1757
  0
LINE
  8
0
 10
-11.4535
 20
32.1757
 11
-11.0342
 21
32.5195
  0
LINE
  8
0
 10
-11.0342
 20
32.5195
 11
-10.5565
 21
32.7752
  0
LINE
  8
0
 10
-10.5565
 20
32.7752
 11
-10.0387
 21
32.9318
  0
LINE
  8
0
 10
-10.0387
 20
32.9318
 11
-9.5
 21
32.9851
  0
LINE
  8
0
 10
-9.5
 20
32.9851
 11
-8.96075
 21
32.9324
  0
LINE
  8
0
 10
-8.96075
 20
32.9324
 11
-8.44296
 21
32.7752
  0
LINE
  8
0
 10
-8.44296
 20
32.7752
 11
-7.96518
 21
32.5195
  0
LINE
  8
0
 10
-7.96518
 20
32.5195
 11
-7.54596
 21
32.1757
  0
LINE
  8
0
 10
-7.54596
 20
32.1757
 11
-7.27924
 21
31.8504
  0
LINE
  8
0
 10
-7.27924
 20
31.8504
 11
-6.88553
 21
32.174
  0
LINE
  8
0
 10
-6.88553
 20
32.174
 11
-6.40775
 21
32.4297
  0
LINE
  8
0
 10
-6.40775
 20
32.4297
 11
-5.88937
 21
32.5862
  0
LINE
  8
0
 10
-5.88937
 20
32.5862
 11
-5.35013
 21
32.6396
  0
LINE
  8
0
 10
-5.35013
 20
32.6396
 11
-4.81088
 21
32.5868
  0
LINE
  8
0
 10
-4.81088
 20
32.5868
 11
-4.29367
 21
32.4297
  0
LINE
  8
0
 10
-4.29367
 20
32.4297
 11
-3.81473
 21
32.174
  0
LINE
  8
0
 10
-3.81473
 20
32.174
 11
-3.39667
 21
31.8301
  0
LINE
  8
0
 10
-3.39667
 20
31.8301
 11
-3.05341
 21
31.412
  0
LINE
  8
0
 10
-3.05341
 20
31.412
 11
-2.7977
 21
30.9337
  0
LINE
  8
0
 10
-2.7977
 20
30.9337
 11
-2.64114
 21
30.4165
  0
LINE
  8
0
 10
-2.64114
 20
30.4165
 11
-2.5878
 21
29.8766
  0
LINE
  8
0
 10
-2.5878
 20
29.8766
 11
-2.64056
 21
29.338
  0
LINE
  8
0
 10
-2.64056
 20
29.338
 11
-2.7977
 21
28.8202
  0
LINE
  8
0
 10
-2.7977
 20
28.8202
 11
-3.05399
 21
28.3418
  0
LINE
  8
0
 10
-3.05399
 20
28.3418
 11
-3.39725
 21
27.9238
  0
LINE
  8
0
 10
-3.39725
 20
27.9238
 11
-3.81473
 21
27.5805
  0
LINE
  8
0
 10
-3.81473
 20
27.5805
 11
-4.29367
 21
27.3248
  0
LINE
  8
0
 10
-4.29367
 20
27.3248
 11
-4.81088
 21
27.1682
  0
LINE
  8
0
 10
-4.81088
 20
27.1682
 11
-4.89612
 21
27.1601
  0
LINE
  8
0
 10
-4.89612
 20
27.1601
 11
-5.02368
 21
27.5822
  0
LINE
  8
0
 10
32.9763
 20
27.5822
 11
32.5281
 21
28.4195
  0
LINE
  8
0
 10
32.5281
 20
28.4195
 11
31.9262
 21
29.1536
  0
LINE
  8
0
 10
31.9262
 20
29.1536
 11
31.1922
 21
29.7555
  0
LINE
  8
0
 10
31.1922
 20
29.7555
 11
30.3549
 21
30.2037
  0
LINE
  8
0
 10
30.3549
 20
30.2037
 11
29.4445
 21
30.4791
  0
LINE
  8
0
 10
29.4445
 20
30.4791
 11
28.5
 21
30.573
  0
LINE
  8
0
 10
28.5
 20
30.573
 11
27.556
 21
30.4791
  0
LINE
  8
0
 10
27.556
 20
30.4791
 11
26.6457
 21
30.2037
  0
LINE
  8
0
 10
26.6457
 20
30.2037
 11
25.8084
 21
29.7555
  0
LINE
  8
0
 10
25.8084
 20
29.7555
 11
25.0743
 21
29.1536
  0
LINE
  8
0
 10
25.0743
 20
29.1536
 11
24.4725
 21
28.4195
  0
LINE
  8
0
 10
24.4725
 20
28.4195
 11
24.0243
 21
27.5822
  0
LINE
  8
0
 10
24.0243
 20
27.5822
 11
23.8967
 21
27.1601
  0
LINE
  8
0
 10
23.8967
 20
27.1601
 11
23.8115
 21
27.1677
  0
LINE
  8
0
 10
23.8115
 20
27.1677
 11
23.2943
 21
27.3248
  0
LINE
  8
0
 10
23.2943
 20
27.3248
 11
22.8153
 21
27.5805
  0
LINE
  8
0
 10
22.8153
 20
27.5805
 11
22.3972
 21
27.9243
  0
LINE
  8
0
 10
22.3972
 20
27.9243
 11
22.054
 21
28.3424
  0
LINE
  8
0
 10
22.054
 20
28.3424
 11
21.7983
 21
28.8202
  0
LINE
  8
0
 10
21.7983
 20
28.8202
 11
21.6417
 21
29.338
  0
LINE
  8
0
 10
21.6417
 20
29.338
 11
21.5884
 21
29.8778
  0
LINE
  8
0
 10
21.5884
 20
29.8778
 11
21.6411
 21
30.4165
  0
LINE
  8
0
 10
21.6411
 20
30.4165
 11
21.7983
 21
30.9337
  0
LINE
  8
0
 10
21.7983
 20
30.9337
 11
22.054
 21
31.412
  0
LINE
  8
0
 10
22.054
 20
31.412
 11
22.3972
 21
31.8301
  0
LINE
  8
0
 10
22.3972
 20
31.8301
 11
22.8153
 21
32.174
  0
LINE
  8
0
 10
22.8153
 20
32.174
 11
23.2943
 21
32.4297
  0
LINE
  8
0
 10
23.2943
 20
32.4297
 11
23.8115
 21
32.5862
  0
LINE
  8
0
 10
23.8115
 20
32.5862
 11
24.3507
 21
32.6396
  0
LINE
  8
0
 10
24.3507
 20
32.6396
 11
24.89
 21
32.5868
  0
LINE
  8
0
 10
24.89
 20
32.5868
 11
25.4083
 21
32.4297
  0
LINE
  8
0
 10
25.4083
 20
32.4297
 11
25.8861
 21
32.174
  0
LINE
  8
0
 10
25.8861
 20
32.174
 11
26.2798
 21
31.8504
  0
LINE
  8
0
 10
26.2798
 20
31.8504
 11
26.5465
 21
32.1757
  0
LINE
  8
0
 10
26.5465
 20
32.1757
 11
26.9658
 21
32.5195
  0
LINE
  8
0
 10
26.9658
 20
32.5195
 11
27.4435
 21
32.7752
  0
LINE
  8
0
 10
27.4435
 20
32.7752
 11
27.9613
 21
32.9318
  0
LINE
  8
0
 10
27.9613
 20
32.9318
 11
28.5
 21
32.9851
  0
LINE
  8
0
 10
28.5
 20
32.9851
 11
29.0392
 21
32.9324
  0
LINE
  8
0
 10
29.0392
 20
32.9324
 11
29.557
 21
32.7752
  0
LINE
  8
0
 10
29.557
 20
32.7752
 11
30.0348
 21
32.5195
  0
LINE
  8
0
 10
30.0348
 20
32.5195
 11
30.454
 21
32.1757
  0
LINE
  8
0
 10
30.454
 20
32.1757
 11
30.7208
 21
31.8504
  0
LINE
  8
0
 10
30.7208
 20
31.8504
 11
31.1145
 21
32.174
  0
LINE
  8
0
 10
31.1145
 20
32.174
 11
31.5923
 21
32.4297
  0
LINE
  8
0
 10
31.5923
 20
32.4297
 11
32.1106
 21
32.5862
  0
LINE
  8
0
 10
32.1106
 20
32.5862
 11
32.6499
 21
32.6396
  0
LINE
  8
0
 10
32.6499
 20
32.6396
 11
33.1891
 21
32.5868
  0
LINE
  8
0
 10
33.1891
 20
32.5868
 11
33.7063
 21
32.4297
  0
LINE
  8
0
 10
33.7063
 20
32.4297
 11
34.1853
 21
32.174
  0
LINE
  8
0
 10
34.1853
 20
32.174
 11
34.6033
 21
31.8301
  0
LINE
  8
0
 10
34.6033
 20
31.8301
 11
34.9466
 21
31.412
  0
LINE
  8
0
 10
34.9466
 20
31.412
 11
35.2023
 21
30.9337
  0
LINE
  8
0
 10
35.2023
 20
30.9337
 11
35.3589
 21
30.4165
  0
LINE
  8
0
 10
35.3589
 20
30.4165
 11
35.4122
 21
29.8766
  0
LINE
  8
0
 10
35.4122
 20
29.8766
 11
35.3594
 21
29.338
  0
LINE
  8
0
 10
35.3594
 20
29.338
 11
35.2023
 21
28.8202
  0
LINE
  8
0
 10
35.2023
 20
28.8202
 11
34.946
 21
28.3418
  0
LINE
  8
0
 10
34.946
 20
28.3418
 11
34.6028
 21
27.9238
  0
LINE
  8
0
 10
34.6028
 20
27.9238
 11
34.1853
 21
27.5805
  0
LINE
  8
0
 10
34.1853
 20
27.5805
 11
33.7063
 21
27.3248
  0
LINE
  8
0
 10
33.7063
 20
27.3248
 11
33.1891
 21
27.1682
  0
LINE
  8
0
 10
33.1891
 20
27.1682
 11
33.1039
 21
27.1601
  0
LINE
  8
0
 10
33.1039
 20
27.1601
 11
32.9763
 21
27.5822
  0
LINE
  8
0
 10
-1.76907
 20
31.361
 11
-2.12741
 21
32.0313
  0
LINE
  8
0
 10
-2.12741
 20
32.0313
 11
-2.60867
 21
32.6187
  0
LINE
  8
0
 10
-2.60867
 20
32.6187
 11
-3.02151
 21
32.9567
  0
LINE
  8
0
 10
-3.02151
 20
32.9567
 11
-2.52228
 21
32.7694
  0
LINE
  8
0
 10
-2.52228
 20
32.7694
 11
-1.77255
 21
32.6454
  0
LINE
  8
0
 10
-1.77255
 20
32.6454
 11
-1.01297
 21
32.6703
  0
LINE
  8
0
 10
-1.01297
 20
32.6703
 11
-0.669708
 21
32.7503
  0
LINE
  8
0
 10
-0.669708
 20
32.7503
 11
-0.641876
 21
32.6883
  0
LINE
  8
0
 10
-0.641876
 20
32.6883
 11
-0.544464
 21
32.2685
  0
LINE
  8
0
 10
-0.544464
 20
32.2685
 11
-0.529388
 21
31.8342
  0
LINE
  8
0
 10
-0.529388
 20
31.8342
 11
-0.576935
 21
31.546
  0
LINE
  8
0
 10
-0.576935
 20
31.546
 11
-0.80249
 21
31.3604
  0
LINE
  8
0
 10
-0.80249
 20
31.3604
 11
-1.18576
 21
31.1558
  0
LINE
  8
0
 10
-1.18576
 20
31.1558
 11
-1.59918
 21
31.0305
  0
LINE
  8
0
 10
-1.59918
 20
31.0305
 11
-1.66644
 21
31.0241
  0
LINE
  8
0
 10
-1.66644
 20
31.0241
 11
-1.76907
 21
31.361
  0
LINE
  8
0
 10
-39.7691
 20
31.361
 11
-40.1274
 21
32.0313
  0
LINE
  8
0
 10
-40.1274
 20
32.0313
 11
-40.6087
 21
32.6187
  0
LINE
  8
0
 10
-40.6087
 20
32.6187
 11
-41.0215
 21
32.9567
  0
LINE
  8
0
 10
-41.0215
 20
32.9567
 11
-40.5223
 21
32.7694
  0
LINE
  8
0
 10
-40.5223
 20
32.7694
 11
-39.7726
 21
32.6454
  0
LINE
  8
0
 10
-39.7726
 20
32.6454
 11
-39.013
 21
32.6703
  0
LINE
  8
0
 10
-39.013
 20
32.6703
 11
-38.6697
 21
32.7503
  0
LINE
  8
0
 10
-38.6697
 20
32.7503
 11
-38.6419
 21
32.6883
  0
LINE
  8
0
 10
-38.6419
 20
32.6883
 11
-38.5445
 21
32.2685
  0
LINE
  8
0
 10
-38.5445
 20
32.2685
 11
-38.5294
 21
31.8342
  0
LINE
  8
0
 10
-38.5294
 20
31.8342
 11
-38.5769
 21
31.546
  0
LINE
  8
0
 10
-38.5769
 20
31.546
 11
-38.8025
 21
31.3604
  0
LINE
  8
0
 10
-38.8025
 20
31.3604
 11
-39.1858
 21
31.1558
  0
LINE
  8
0
 10
-39.1858
 20
31.1558
 11
-39.5992
 21
31.0305
  0
LINE
  8
0
 10
-39.5992
 20
31.0305
 11
-39.6664
 21
31.0241
  0
LINE
  8
0
 10
-39.6664
 20
31.0241
 11
-39.7691
 21
31.361
  0
LINE
  8
0
 10
36.2309
 20
31.361
 11
35.8726
 21
32.0313
  0
LINE
  8
0
 10
35.8726
 20
32.0313
 11
35.3913
 21
32.6187
  0
LINE
  8
0
 10
35.3913
 20
32.6187
 11
34.9785
 21
32.9567
  0
LINE
  8
0
 10
34.9785
 20
32.9567
 11
35.4777
 21
32.7694
  0
LINE
  8
0
 10
35.4777
 20
32.7694
 11
36.2274
 21
32.6454
  0
LINE
  8
0
 10
36.2274
 20
32.6454
 11
36.987
 21
32.6703
  0
LINE
  8
0
 10
36.987
 20
32.6703
 11
37.3303
 21
32.7503
  0
LINE
  8
0
 10
37.3303
 20
32.7503
 11
37.3581
 21
32.6883
  0
LINE
  8
0
 10
37.3581
 20
32.6883
 11
37.4555
 21
32.2685
  0
LINE
  8
0
 10
37.4555
 20
32.2685
 11
37.4706
 21
31.8342
  0
LINE
  8
0
 10
37.4706
 20
31.8342
 11
37.4231
 21
31.546
  0
LINE
  8
0
 10
37.4231
 20
31.546
 11
37.1975
 21
31.3604
  0
LINE
  8
0
 10
37.1975
 20
31.3604
 11
36.8142
 21
31.1558
  0
LINE
  8
0
 10
36.8142
 20
31.1558
 11
36.4008
 21
31.0305
  0
LINE
  8
0
 10
36.4008
 20
31.0305
 11
36.3336
 21
31.0241
  0
LINE
  8
0
 10
36.3336
 20
31.0241
 11
36.2309
 21
31.361
  0
LINE
  8
0
 10
-17.4002
 20
31.0299
 11
-17.8137
 21
31.1558
  0
LINE
  8
0
 10
-17.8137
 20
31.1558
 11
-18.1969
 21
31.3604
  0
LINE
  8
0
 10
-18.1969
 20
31.3604
 11
-18.4225
 21
31.5454
  0
LINE
  8
0
 10
-18.4225
 20
31.5454
 11
-18.47
 21
31.8336
  0
LINE
  8
0
 10
-18.47
 20
31.8336
 11
-18.4561
 21
32.2679
  0
LINE
  8
0
 10
-18.4561
 20
32.2679
 11
-18.3575
 21
32.6877
  0
LINE
  8
0
 10
-18.3575
 20
32.6877
 11
-18.3297
 21
32.7497
  0
LINE
  8
0
 10
-18.3297
 20
32.7497
 11
-17.9865
 21
32.6697
  0
LINE
  8
0
 10
-17.9865
 20
32.6697
 11
-17.2269
 21
32.6448
  0
LINE
  8
0
 10
-17.2269
 20
32.6448
 11
-16.4771
 21
32.7689
  0
LINE
  8
0
 10
-16.4771
 20
32.7689
 11
-15.9796
 21
32.9561
  0
LINE
  8
0
 10
-15.9796
 20
32.9561
 11
-16.3907
 21
32.6187
  0
LINE
  8
0
 10
-16.3907
 20
32.6187
 11
-16.872
 21
32.0313
  0
LINE
  8
0
 10
-16.872
 20
32.0313
 11
-17.2303
 21
31.361
  0
LINE
  8
0
 10
-17.2303
 20
31.361
 11
-17.333
 21
31.0241
  0
LINE
  8
0
 10
-17.333
 20
31.0241
 11
-17.4002
 21
31.0299
  0
LINE
  8
0
 10
20.5998
 20
31.0299
 11
20.1863
 21
31.1558
  0
LINE
  8
0
 10
20.1863
 20
31.1558
 11
19.8031
 21
31.3604
  0
LINE
  8
0
 10
19.8031
 20
31.3604
 11
19.5775
 21
31.5454
  0
LINE
  8
0
 10
19.5775
 20
31.5454
 11
19.53
 21
31.8336
  0
LINE
  8
0
 10
19.53
 20
31.8336
 11
19.5439
 21
32.2679
  0
LINE
  8
0
 10
19.5439
 20
32.2679
 11
19.6425
 21
32.6877
  0
LINE
  8
0
 10
19.6425
 20
32.6877
 11
19.6703
 21
32.7497
  0
LINE
  8
0
 10
19.6703
 20
32.7497
 11
20.0135
 21
32.6697
  0
LINE
  8
0
 10
20.0135
 20
32.6697
 11
20.7731
 21
32.6448
  0
LINE
  8
0
 10
20.7731
 20
32.6448
 11
21.5229
 21
32.7689
  0
LINE
  8
0
 10
21.5229
 20
32.7689
 11
22.0204
 21
32.9561
  0
LINE
  8
0
 10
22.0204
 20
32.9561
 11
21.6093
 21
32.6187
  0
LINE
  8
0
 10
21.6093
 20
32.6187
 11
21.128
 21
32.0313
  0
LINE
  8
0
 10
21.128
 20
32.0313
 11
20.7697
 21
31.361
  0
LINE
  8
0
 10
20.7697
 20
31.361
 11
20.667
 21
31.0241
  0
LINE
  8
0
 10
20.667
 20
31.0241
 11
20.5998
 21
31.0299
  0
LINE
  8
0
 10
-9.94183
 20
22.3179
 11
-10.5999
 21
22.4722
  0
LINE
  8
0
 10
-10.5999
 20
22.4722
 11
-11.2151
 21
22.7499
  0
LINE
  8
0
 10
-11.2151
 20
22.7499
 11
-11.7689
 21
23.1465
  0
LINE
  8
0
 10
-11.7689
 20
23.1465
 11
-12.2316
 21
23.6405
  0
LINE
  8
0
 10
-12.2316
 20
23.6405
 11
-12.4624
 21
24.0116
  0
LINE
  8
0
 10
-12.4624
 20
24.0116
 11
-12.6729
 21
24.4059
  0
LINE
  8
0
 10
-12.6729
 20
24.4059
 11
-12.8688
 21
25.053
  0
LINE
  8
0
 10
-12.8688
 20
25.053
 11
-12.9361
 21
25.7308
  0
LINE
  8
0
 10
-12.9361
 20
25.7308
 11
-12.9535
 21
25.7308
  0
LINE
  8
0
 10
-12.9535
 20
25.7308
 11
-12.8874
 21
26.4017
  0
LINE
  8
0
 10
-12.8874
 20
26.4017
 11
-12.6908
 21
27.0488
  0
LINE
  8
0
 10
-12.6908
 20
27.0488
 11
-12.3719
 21
27.646
  0
LINE
  8
0
 10
-12.3719
 20
27.646
 11
-11.9423
 21
28.1702
  0
LINE
  8
0
 10
-11.9423
 20
28.1702
 11
-11.4187
 21
28.5993
  0
LINE
  8
0
 10
-11.4187
 20
28.5993
 11
-10.8209
 21
28.9188
  0
LINE
  8
0
 10
-10.8209
 20
28.9188
 11
-10.1732
 21
29.1147
  0
LINE
  8
0
 10
-10.1732
 20
29.1147
 11
-9.5
 21
29.1814
  0
LINE
  8
0
 10
-9.5
 20
29.1814
 11
-8.82623
 21
29.1153
  0
LINE
  8
0
 10
-8.82623
 20
29.1153
 11
-8.17856
 21
28.9188
  0
LINE
  8
0
 10
-8.17856
 20
28.9188
 11
-7.58075
 21
28.5993
  0
LINE
  8
0
 10
-7.58075
 20
28.5993
 11
-7.05716
 21
28.1702
  0
LINE
  8
0
 10
-7.05716
 20
28.1702
 11
-6.6275
 21
27.646
  0
LINE
  8
0
 10
-6.6275
 20
27.646
 11
-6.30859
 21
27.0488
  0
LINE
  8
0
 10
-6.30859
 20
27.0488
 11
-6.11261
 21
26.4017
  0
LINE
  8
0
 10
-6.11261
 20
26.4017
 11
-6.04593
 21
25.7308
  0
LINE
  8
0
 10
-6.04593
 20
25.7308
 11
-6.0639
 21
25.7308
  0
LINE
  8
0
 10
-6.0639
 20
25.7308
 11
-6.13058
 21
25.053
  0
LINE
  8
0
 10
-6.13058
 20
25.053
 11
-6.32715
 21
24.4059
  0
LINE
  8
0
 10
-6.32715
 20
24.4059
 11
-6.53705
 21
24.0116
  0
LINE
  8
0
 10
-6.53705
 20
24.0116
 11
-6.76898
 21
23.64
  0
LINE
  8
0
 10
-6.76898
 20
23.64
 11
-7.23169
 21
23.1459
  0
LINE
  8
0
 10
-7.23169
 20
23.1459
 11
-7.78485
 21
22.7493
  0
LINE
  8
0
 10
-7.78485
 20
22.7493
 11
-8.39948
 21
22.4722
  0
LINE
  8
0
 10
-8.39948
 20
22.4722
 11
-9.05759
 21
22.3185
  0
LINE
  8
0
 10
-9.05759
 20
22.3185
 11
-9.5
 21
22.3034
  0
LINE
  8
0
 10
-9.5
 20
22.3034
 11
-9.94183
 21
22.3179
  0
LINE
  8
0
 10
28.0582
 20
22.3179
 11
27.4001
 21
22.4722
  0
LINE
  8
0
 10
27.4001
 20
22.4722
 11
26.7849
 21
22.7499
  0
LINE
  8
0
 10
26.7849
 20
22.7499
 11
26.2311
 21
23.1465
  0
LINE
  8
0
 10
26.2311
 20
23.1465
 11
25.7684
 21
23.6405
  0
LINE
  8
0
 10
25.7684
 20
23.6405
 11
25.5376
 21
24.0116
  0
LINE
  8
0
 10
25.5376
 20
24.0116
 11
25.3271
 21
24.4059
  0
LINE
  8
0
 10
25.3271
 20
24.4059
 11
25.1312
 21
25.053
  0
LINE
  8
0
 10
25.1312
 20
25.053
 11
25.0639
 21
25.7308
  0
LINE
  8
0
 10
25.0639
 20
25.7308
 11
25.0465
 21
25.7308
  0
LINE
  8
0
 10
25.0465
 20
25.7308
 11
25.1126
 21
26.4017
  0
LINE
  8
0
 10
25.1126
 20
26.4017
 11
25.3092
 21
27.0488
  0
LINE
  8
0
 10
25.3092
 20
27.0488
 11
25.6281
 21
27.646
  0
LINE
  8
0
 10
25.6281
 20
27.646
 11
26.0577
 21
28.1702
  0
LINE
  8
0
 10
26.0577
 20
28.1702
 11
26.5813
 21
28.5993
  0
LINE
  8
0
 10
26.5813
 20
28.5993
 11
27.1791
 21
28.9188
  0
LINE
  8
0
 10
27.1791
 20
28.9188
 11
27.8268
 21
29.1147
  0
LINE
  8
0
 10
27.8268
 20
29.1147
 11
28.5
 21
29.1814
  0
LINE
  8
0
 10
28.5
 20
29.1814
 11
29.1738
 21
29.1153
  0
LINE
  8
0
 10
29.1738
 20
29.1153
 11
29.8214
 21
28.9188
  0
LINE
  8
0
 10
29.8214
 20
28.9188
 11
30.4193
 21
28.5993
  0
LINE
  8
0
 10
30.4193
 20
28.5993
 11
30.9428
 21
28.1702
  0
LINE
  8
0
 10
30.9428
 20
28.1702
 11
31.3725
 21
27.646
  0
LINE
  8
0
 10
31.3725
 20
27.646
 11
31.6914
 21
27.0488
  0
LINE
  8
0
 10
31.6914
 20
27.0488
 11
31.8874
 21
26.4017
  0
LINE
  8
0
 10
31.8874
 20
26.4017
 11
31.9541
 21
25.7308
  0
LINE
  8
0
 10
31.9541
 20
25.7308
 11
31.9361
 21
25.7308
  0
LINE
  8
0
 10
31.9361
 20
25.7308
 11
31.8694
 21
25.053
  0
LINE
  8
0
 10
31.8694
 20
25.053
 11
31.6729
 21
24.4059
  0
LINE
  8
0
 10
31.6729
 20
24.4059
 11
31.463
 21
24.0116
  0
LINE
  8
0
 10
31.463
 20
24.0116
 11
31.231
 21
23.64
  0
LINE
  8
0
 10
31.231
 20
23.64
 11
30.7683
 21
23.1459
  0
LINE
  8
0
 10
30.7683
 20
23.1459
 11
30.2151
 21
22.7493
  0
LINE
  8
0
 10
30.2151
 20
22.7493
 11
29.6005
 21
22.4722
  0
LINE
  8
0
 10
29.6005
 20
22.4722
 11
28.9424
 21
22.3185
  0
LINE
  8
0
 10
28.9424
 20
22.3185
 11
28.5
 21
22.3034
  0
LINE
  8
0
 10
28.5
 20
22.3034
 11
28.0582
 21
22.3179
  0
LINE
  8
0
 10
-47.9418
 20
22.3179
 11
-48.5999
 21
22.4722
  0
LINE
  8
0
 10
-48.5999
 20
22.4722
 11
-49.2151
 21
22.7499
  0
LINE
  8
0
 10
-49.2151
 20
22.7499
 11
-49.7689
 21
23.1465
  0
LINE
  8
0
 10
-49.7689
 20
23.1465
 11
-50.2316
 21
23.6405
  0
LINE
  8
0
 10
-50.2316
 20
23.6405
 11
-50.4624
 21
24.0116
  0
LINE
  8
0
 10
-50.4624
 20
24.0116
 11
-50.6729
 21
24.4059
  0
LINE
  8
0
 10
-50.6729
 20
24.4059
 11
-50.8688
 21
25.053
  0
LINE
  8
0
 10
-50.8688
 20
25.053
 11
-50.9361
 21
25.7308
  0
LINE
  8
0
 10
-50.9361
 20
25.7308
 11
-50.9535
 21
25.7308
  0
LINE
  8
0
 10
-50.9535
 20
25.7308
 11
-50.8874
 21
26.4017
  0
LINE
  8
0
 10
-50.8874
 20
26.4017
 11
-50.6908
 21
27.0488
  0
LINE
  8
0
 10
-50.6908
 20
27.0488
 11
-50.3719
 21
27.646
  0
LINE
  8
0
 10
-50.3719
 20
27.646
 11
-49.9423
 21
28.1702
  0
LINE
  8
0
 10
-49.9423
 20
28.1702
 11
-49.4187
 21
28.5993
  0
LINE
  8
0
 10
-49.4187
 20
28.5993
 11
-48.8209
 21
28.9188
  0
LINE
  8
0
 10
-48.8209
 20
28.9188
 11
-48.1732
 21
29.1147
  0
LINE
  8
0
 10
-48.1732
 20
29.1147
 11
-47.5
 21
29.1814
  0
LINE
  8
0
 10
-47.5
 20
29.1814
 11
-46.8262
 21
29.1153
  0
LINE
  8
0
 10
-46.8262
 20
29.1153
 11
-46.1786
 21
28.9188
  0
LINE
  8
0
 10
-46.1786
 20
28.9188
 11
-45.5807
 21
28.5993
  0
LINE
  8
0
 10
-45.5807
 20
28.5993
 11
-45.0572
 21
28.1702
  0
LINE
  8
0
 10
-45.0572
 20
28.1702
 11
-44.6275
 21
27.646
  0
LINE
  8
0
 10
-44.6275
 20
27.646
 11
-44.3086
 21
27.0488
  0
LINE
  8
0
 10
-44.3086
 20
27.0488
 11
-44.1126
 21
26.4017
  0
LINE
  8
0
 10
-44.1126
 20
26.4017
 11
-44.0459
 21
25.7308
  0
LINE
  8
0
 10
-44.0459
 20
25.7308
 11
-44.0639
 21
25.7308
  0
LINE
  8
0
 10
-44.0639
 20
25.7308
 11
-44.1306
 21
25.053
  0
LINE
  8
0
 10
-44.1306
 20
25.053
 11
-44.3271
 21
24.4059
  0
LINE
  8
0
 10
-44.3271
 20
24.4059
 11
-44.537
 21
24.0116
  0
LINE
  8
0
 10
-44.537
 20
24.0116
 11
-44.769
 21
23.64
  0
LINE
  8
0
 10
-44.769
 20
23.64
 11
-45.2317
 21
23.1459
  0
LINE
  8
0
 10
-45.2317
 20
23.1459
 11
-45.7849
 21
22.7493
  0
LINE
  8
0
 10
-45.7849
 20
22.7493
 11
-46.3995
 21
22.4722
  0
LINE
  8
0
 10
-46.3995
 20
22.4722
 11
-47.0576
 21
22.3185
  0
LINE
  8
0
 10
-47.0576
 20
22.3185
 11
-47.5
 21
22.3034
  0
LINE
  8
0
 10
-47.5
 20
22.3034
 11
-47.9418
 21
22.3179
  0
LINE
  8
0
 10
-29.1738
 20
22.3394
 11
-29.8214
 21
22.5359
  0
LINE
  8
0
 10
-29.8214
 20
22.5359
 11
-30.4193
 21
22.8554
  0
LINE
  8
0
 10
-30.4193
 20
22.8554
 11
-30.9428
 21
23.2845
  0
LINE
  8
0
 10
-30.9428
 20
23.2845
 11
-31.3725
 21
23.8087
  0
LINE
  8
0
 10
-31.3725
 20
23.8087
 11
-31.6914
 21
24.4059
  0
LINE
  8
0
 10
-31.6914
 20
24.4059
 11
-31.8874
 21
25.053
  0
LINE
  8
0
 10
-31.8874
 20
25.053
 11
-31.9541
 21
25.7239
  0
LINE
  8
0
 10
-31.9541
 20
25.7239
 11
-31.9361
 21
25.7239
  0
LINE
  8
0
 10
-31.9361
 20
25.7239
 11
-31.8694
 21
26.4017
  0
LINE
  8
0
 10
-31.8694
 20
26.4017
 11
-31.6729
 21
27.0488
  0
LINE
  8
0
 10
-31.6729
 20
27.0488
 11
-31.463
 21
27.4431
  0
LINE
  8
0
 10
-31.463
 20
27.4431
 11
-31.2316
 21
27.8142
  0
LINE
  8
0
 10
-31.2316
 20
27.8142
 11
-30.7689
 21
28.3082
  0
LINE
  8
0
 10
-30.7689
 20
28.3082
 11
-30.2151
 21
28.7054
  0
LINE
  8
0
 10
-30.2151
 20
28.7054
 11
-29.6005
 21
28.9825
  0
LINE
  8
0
 10
-29.6005
 20
28.9825
 11
-28.9424
 21
29.1362
  0
LINE
  8
0
 10
-28.9424
 20
29.1362
 11
-28.5
 21
29.1513
  0
LINE
  8
0
 10
-28.5
 20
29.1513
 11
-28.0582
 21
29.1368
  0
LINE
  8
0
 10
-28.0582
 20
29.1368
 11
-27.4001
 21
28.9825
  0
LINE
  8
0
 10
-27.4001
 20
28.9825
 11
-26.7849
 21
28.7048
  0
LINE
  8
0
 10
-26.7849
 20
28.7048
 11
-26.2311
 21
28.3082
  0
LINE
  8
0
 10
-26.2311
 20
28.3082
 11
-25.7684
 21
27.8142
  0
LINE
  8
0
 10
-25.7684
 20
27.8142
 11
-25.5376
 21
27.4431
  0
LINE
  8
0
 10
-25.5376
 20
27.4431
 11
-25.3271
 21
27.0488
  0
LINE
  8
0
 10
-25.3271
 20
27.0488
 11
-25.1312
 21
26.4017
  0
LINE
  8
0
 10
-25.1312
 20
26.4017
 11
-25.0639
 21
25.7239
  0
LINE
  8
0
 10
-25.0639
 20
25.7239
 11
-25.0465
 21
25.7239
  0
LINE
  8
0
 10
-25.0465
 20
25.7239
 11
-25.1126
 21
25.053
  0
LINE
  8
0
 10
-25.1126
 20
25.053
 11
-25.3092
 21
24.4059
  0
LINE
  8
0
 10
-25.3092
 20
24.4059
 11
-25.6287
 21
23.8081
  0
LINE
  8
0
 10
-25.6287
 20
23.8081
 11
-26.0583
 21
23.2839
  0
LINE
  8
0
 10
-26.0583
 20
23.2839
 11
-26.5813
 21
22.8554
  0
LINE
  8
0
 10
-26.5813
 20
22.8554
 11
-27.1791
 21
22.5359
  0
LINE
  8
0
 10
-27.1791
 20
22.5359
 11
-27.8268
 21
22.34
  0
LINE
  8
0
 10
-27.8268
 20
22.34
 11
-28.5
 21
22.2733
  0
LINE
  8
0
 10
-28.5
 20
22.2733
 11
-29.1738
 21
22.3394
  0
LINE
  8
0
 10
46.8262
 20
22.3394
 11
46.1786
 21
22.5359
  0
LINE
  8
0
 10
46.1786
 20
22.5359
 11
45.5807
 21
22.8554
  0
LINE
  8
0
 10
45.5807
 20
22.8554
 11
45.0572
 21
23.2845
  0
LINE
  8
0
 10
45.0572
 20
23.2845
 11
44.6275
 21
23.8087
  0
LINE
  8
0
 10
44.6275
 20
23.8087
 11
44.3086
 21
24.4059
  0
LINE
  8
0
 10
44.3086
 20
24.4059
 11
44.1126
 21
25.053
  0
LINE
  8
0
 10
44.1126
 20
25.053
 11
44.0459
 21
25.7239
  0
LINE
  8
0
 10
44.0459
 20
25.7239
 11
44.0639
 21
25.7239
  0
LINE
  8
0
 10
44.0639
 20
25.7239
 11
44.1306
 21
26.4017
  0
LINE
  8
0
 10
44.1306
 20
26.4017
 11
44.3271
 21
27.0488
  0
LINE
  8
0
 10
44.3271
 20
27.0488
 11
44.537
 21
27.4431
  0
LINE
  8
0
 10
44.537
 20
27.4431
 11
44.7684
 21
27.8142
  0
LINE
  8
0
 10
44.7684
 20
27.8142
 11
45.2311
 21
28.3082
  0
LINE
  8
0
 10
45.2311
 20
28.3082
 11
45.7849
 21
28.7054
  0
LINE
  8
0
 10
45.7849
 20
28.7054
 11
46.3995
 21
28.9825
  0
LINE
  8
0
 10
46.3995
 20
28.9825
 11
47.0576
 21
29.1362
  0
LINE
  8
0
 10
47.0576
 20
29.1362
 11
47.5
 21
29.1513
  0
LINE
  8
0
 10
47.5
 20
29.1513
 11
47.9418
 21
29.1368
  0
LINE
  8
0
 10
47.9418
 20
29.1368
 11
48.5999
 21
28.9825
  0
LINE
  8
0
 10
48.5999
 20
28.9825
 11
49.2151
 21
28.7048
  0
LINE
  8
0
 10
49.2151
 20
28.7048
 11
49.7689
 21
28.3082
  0
LINE
  8
0
 10
49.7689
 20
28.3082
 11
50.2316
 21
27.8142
  0
LINE
  8
0
 10
50.2316
 20
27.8142
 11
50.4624
 21
27.4431
  0
LINE
  8
0
 10
50.4624
 20
27.4431
 11
50.6729
 21
27.0488
  0
LINE
  8
0
 10
50.6729
 20
27.0488
 11
50.8688
 21
26.4017
  0
LINE
  8
0
 10
50.8688
 20
26.4017
 11
50.9361
 21
25.7239
  0
LINE
  8
0
 10
50.9361
 20
25.7239
 11
50.9535
 21
25.7239
  0
LINE
  8
0
 10
50.9535
 20
25.7239
 11
50.8874
 21
25.053
  0
LINE
  8
0
 10
50.8874
 20
25.053
 11
50.6908
 21
24.4059
  0
LINE
  8
0
 10
50.6908
 20
24.4059
 11
50.3713
 21
23.8081
  0
LINE
  8
0
 10
50.3713
 20
23.8081
 11
49.9417
 21
23.2839
  0
LINE
  8
0
 10
49.9417
 20
23.2839
 11
49.4187
 21
22.8554
  0
LINE
  8
0
 10
49.4187
 20
22.8554
 11
48.8209
 21
22.5359
  0
LINE
  8
0
 10
48.8209
 20
22.5359
 11
48.1732
 21
22.34
  0
LINE
  8
0
 10
48.1732
 20
22.34
 11
47.5
 21
22.2733
  0
LINE
  8
0
 10
47.5
 20
22.2733
 11
46.8262
 21
22.3394
  0
LINE
  8
0
 10
8.82623
 20
22.3394
 11
8.17856
 21
22.5359
  0
LINE
  8
0
 10
8.17856
 20
22.5359
 11
7.58075
 21
22.8554
  0
LINE
  8
0
 10
7.58075
 20
22.8554
 11
7.05716
 21
23.2845
  0
LINE
  8
0
 10
7.05716
 20
23.2845
 11
6.6275
 21
23.8087
  0
LINE
  8
0
 10
6.6275
 20
23.8087
 11
6.30859
 21
24.4059
  0
LINE
  8
0
 10
6.30859
 20
24.4059
 11
6.11261
 21
25.053
  0
LINE
  8
0
 10
6.11261
 20
25.053
 11
6.04593
 21
25.7239
  0
LINE
  8
0
 10
6.04593
 20
25.7239
 11
6.0639
 21
25.7239
  0
LINE
  8
0
 10
6.0639
 20
25.7239
 11
6.13058
 21
26.4017
  0
LINE
  8
0
 10
6.13058
 20
26.4017
 11
6.32715
 21
27.0488
  0
LINE
  8
0
 10
6.32715
 20
27.0488
 11
6.53705
 21
27.4431
  0
LINE
  8
0
 10
6.53705
 20
27.4431
 11
6.7684
 21
27.8142
  0
LINE
  8
0
 10
6.7684
 20
27.8142
 11
7.23111
 21
28.3082
  0
LINE
  8
0
 10
7.23111
 20
28.3082
 11
7.78485
 21
28.7054
  0
LINE
  8
0
 10
7.78485
 20
28.7054
 11
8.39948
 21
28.9825
  0
LINE
  8
0
 10
8.39948
 20
28.9825
 11
9.05759
 21
29.1362
  0
LINE
  8
0
 10
9.05759
 20
29.1362
 11
9.5
 21
29.1513
  0
LINE
  8
0
 10
9.5
 20
29.1513
 11
9.94183
 21
29.1368
  0
LINE
  8
0
 10
9.94183
 20
29.1368
 11
10.5999
 21
28.9825
  0
LINE
  8
0
 10
10.5999
 20
28.9825
 11
11.2151
 21
28.7048
  0
LINE
  8
0
 10
11.2151
 20
28.7048
 11
11.7689
 21
28.3082
  0
LINE
  8
0
 10
11.7689
 20
28.3082
 11
12.2316
 21
27.8142
  0
LINE
  8
0
 10
12.2316
 20
27.8142
 11
12.4624
 21
27.4431
  0
LINE
  8
0
 10
12.4624
 20
27.4431
 11
12.6729
 21
27.0488
  0
LINE
  8
0
 10
12.6729
 20
27.0488
 11
12.8688
 21
26.4017
  0
LINE
  8
0
 10
12.8688
 20
26.4017
 11
12.9361
 21
25.7239
  0
LINE
  8
0
 10
12.9361
 20
25.7239
 11
12.9535
 21
25.7239
  0
LINE
  8
0
 10
12.9535
 20
25.7239
 11
12.8874
 21
25.053
  0
LINE
  8
0
 10
12.8874
 20
25.053
 11
12.6908
 21
24.4059
  0
LINE
  8
0
 10
12.6908
 20
24.4059
 11
12.3713
 21
23.8081
  0
LINE
  8
0
 10
12.3713
 20
23.8081
 11
11.9417
 21
23.2839
  0
LINE
  8
0
 10
11.9417
 20
23.2839
 11
11.4187
 21
22.8554
  0
LINE
  8
0
 10
11.4187
 20
22.8554
 11
10.8209
 21
22.5359
  0
LINE
  8
0
 10
10.8209
 20
22.5359
 11
10.1732
 21
22.34
  0
LINE
  8
0
 10
10.1732
 20
22.34
 11
9.5
 21
22.2733
  0
LINE
  8
0
 10
9.5
 20
22.2733
 11
8.82623
 21
22.3394
  0
LINE
  8
0
 10
38.5184
 20
24.0348
 11
38.1954
 21
24.1334
  0
LINE
  8
0
 10
38.1954
 20
24.1334
 11
37.8968
 21
24.2928
  0
LINE
  8
0
 10
37.8968
 20
24.2928
 11
37.6353
 21
24.5074
  0
LINE
  8
0
 10
37.6353
 20
24.5074
 11
37.4207
 21
24.7689
  0
LINE
  8
0
 10
37.4207
 20
24.7689
 11
37.2613
 21
25.0675
  0
LINE
  8
0
 10
37.2613
 20
25.0675
 11
37.1639
 21
25.3905
  0
LINE
  8
0
 10
37.1639
 20
25.3905
 11
37.1302
 21
25.7308
  0
LINE
  8
0
 10
37.1302
 20
25.7308
 11
35.4203
 21
25.7308
  0
LINE
  8
0
 10
35.4203
 20
25.7308
 11
35.4528
 21
26.0642
  0
LINE
  8
0
 10
35.4528
 20
26.0642
 11
35.5508
 21
26.3872
  0
LINE
  8
0
 10
35.5508
 20
26.3872
 11
35.7102
 21
26.6858
  0
LINE
  8
0
 10
35.7102
 20
26.6858
 11
35.9248
 21
26.9473
  0
LINE
  8
0
 10
35.9248
 20
26.9473
 11
36.1863
 21
27.1619
  0
LINE
  8
0
 10
36.1863
 20
27.1619
 11
36.4855
 21
27.3213
  0
LINE
  8
0
 10
36.4855
 20
27.3213
 11
36.8084
 21
27.4193
  0
LINE
  8
0
 10
36.8084
 20
27.4193
 11
37.1453
 21
27.4524
  0
LINE
  8
0
 10
37.1453
 20
27.4524
 11
37.4816
 21
27.4199
  0
LINE
  8
0
 10
37.4816
 20
27.4199
 11
37.8046
 21
27.3213
  0
LINE
  8
0
 10
37.8046
 20
27.3213
 11
38.1032
 21
27.1619
  0
LINE
  8
0
 10
38.1032
 20
27.1619
 11
38.3647
 21
26.9473
  0
LINE
  8
0
 10
38.3647
 20
26.9473
 11
38.5793
 21
26.6858
  0
LINE
  8
0
 10
38.5793
 20
26.6858
 11
38.7387
 21
26.3872
  0
LINE
  8
0
 10
38.7387
 20
26.3872
 11
38.8361
 21
26.0642
  0
LINE
  8
0
 10
38.8361
 20
26.0642
 11
38.8698
 21
25.7239
  0
LINE
  8
0
 10
38.8698
 20
25.7239
 11
40.5797
 21
25.7239
  0
LINE
  8
0
 10
40.5797
 20
25.7239
 11
40.5472
 21
25.3905
  0
LINE
  8
0
 10
40.5472
 20
25.3905
 11
40.4492
 21
25.0675
  0
LINE
  8
0
 10
40.4492
 20
25.0675
 11
40.2892
 21
24.7683
  0
LINE
  8
0
 10
40.2892
 20
24.7683
 11
40.0746
 21
24.5068
  0
LINE
  8
0
 10
40.0746
 20
24.5068
 11
39.8137
 21
24.2928
  0
LINE
  8
0
 10
39.8137
 20
24.2928
 11
39.5145
 21
24.1334
  0
LINE
  8
0
 10
39.5145
 20
24.1334
 11
39.1916
 21
24.0354
  0
LINE
  8
0
 10
39.1916
 20
24.0354
 11
38.8547
 21
24.0023
  0
LINE
  8
0
 10
38.8547
 20
24.0023
 11
38.5184
 21
24.0348
  0
LINE
  8
0
 10
-37.4816
 20
24.0348
 11
-37.8046
 21
24.1334
  0
LINE
  8
0
 10
-37.8046
 20
24.1334
 11
-38.1032
 21
24.2928
  0
LINE
  8
0
 10
-38.1032
 20
24.2928
 11
-38.3647
 21
24.5074
  0
LINE
  8
0
 10
-38.3647
 20
24.5074
 11
-38.5793
 21
24.7689
  0
LINE
  8
0
 10
-38.5793
 20
24.7689
 11
-38.7387
 21
25.0675
  0
LINE
  8
0
 10
-38.7387
 20
25.0675
 11
-38.8361
 21
25.3905
  0
LINE
  8
0
 10
-38.8361
 20
25.3905
 11
-38.8698
 21
25.7308
  0
LINE
  8
0
 10
-38.8698
 20
25.7308
 11
-40.5797
 21
25.7308
  0
LINE
  8
0
 10
-40.5797
 20
25.7308
 11
-40.5472
 21
26.0642
  0
LINE
  8
0
 10
-40.5472
 20
26.0642
 11
-40.4492
 21
26.3872
  0
LINE
  8
0
 10
-40.4492
 20
26.3872
 11
-40.2898
 21
26.6858
  0
LINE
  8
0
 10
-40.2898
 20
26.6858
 11
-40.0752
 21
26.9473
  0
LINE
  8
0
 10
-40.0752
 20
26.9473
 11
-39.8137
 21
27.1619
  0
LINE
  8
0
 10
-39.8137
 20
27.1619
 11
-39.5145
 21
27.3213
  0
LINE
  8
0
 10
-39.5145
 20
27.3213
 11
-39.1916
 21
27.4193
  0
LINE
  8
0
 10
-39.1916
 20
27.4193
 11
-38.8547
 21
27.4524
  0
LINE
  8
0
 10
-38.8547
 20
27.4524
 11
-38.5184
 21
27.4199
  0
LINE
  8
0
 10
-38.5184
 20
27.4199
 11
-38.1954
 21
27.3213
  0
LINE
  8
0
 10
-38.1954
 20
27.3213
 11
-37.8968
 21
27.1619
  0
LINE
  8
0
 10
-37.8968
 20
27.1619
 11
-37.6353
 21
26.9473
  0
LINE
  8
0
 10
-37.6353
 20
26.9473
 11
-37.4207
 21
26.6858
  0
LINE
  8
0
 10
-37.4207
 20
26.6858
 11
-37.2613
 21
26.3872
  0
LINE
  8
0
 10
-37.2613
 20
26.3872
 11
-37.1639
 21
26.0642
  0
LINE
  8
0
 10
-37.1639
 20
26.0642
 11
-37.1302
 21
25.7239
  0
LINE
  8
0
 10
-37.1302
 20
25.7239
 11
-35.4203
 21
25.7239
  0
LINE
  8
0
 10
-35.4203
 20
25.7239
 11
-35.4528
 21
25.3905
  0
LINE
  8
0
 10
-35.4528
 20
25.3905
 11
-35.5508
 21
25.0675
  0
LINE
  8
0
 10
-35.5508
 20
25.0675
 11
-35.7108
 21
24.7683
  0
LINE
  8
0
 10
-35.7108
 20
24.7683
 11
-35.9254
 21
24.5068
  0
LINE
  8
0
 10
-35.9254
 20
24.5068
 11
-36.1863
 21
24.2928
  0
LINE
  8
0
 10
-36.1863
 20
24.2928
 11
-36.4855
 21
24.1334
  0
LINE
  8
0
 10
-36.4855
 20
24.1334
 11
-36.8084
 21
24.0354
  0
LINE
  8
0
 10
-36.8084
 20
24.0354
 11
-37.1453
 21
24.0023
  0
LINE
  8
0
 10
-37.1453
 20
24.0023
 11
-37.4816
 21
24.0348
  0
LINE
  8
0
 10
0.518372
 20
24.0348
 11
0.195404
 21
24.1334
  0
LINE
  8
0
 10
0.195404
 20
24.1334
 11
-0.10321
 21
24.2928
  0
LINE
  8
0
 10
-0.10321
 20
24.2928
 11
-0.364716
 21
24.5074
  0
LINE
  8
0
 10
-0.364716
 20
24.5074
 11
-0.579254
 21
24.7689
  0
LINE
  8
0
 10
-0.579254
 20
24.7689
 11
-0.738708
 21
25.0675
  0
LINE
  8
0
 10
-0.738708
 20
25.0675
 11
-0.836121
 21
25.3905
  0
LINE
  8
0
 10
-0.836121
 20
25.3905
 11
-0.869751
 21
25.7308
  0
LINE
  8
0
 10
-0.869751
 20
25.7308
 11
-2.57968
 21
25.7308
  0
LINE
  8
0
 10
-2.57968
 20
25.7308
 11
-2.54721
 21
26.0642
  0
LINE
  8
0
 10
-2.54721
 20
26.0642
 11
-2.44922
 21
26.3872
  0
LINE
  8
0
 10
-2.44922
 20
26.3872
 11
-2.28976
 21
26.6858
  0
LINE
  8
0
 10
-2.28976
 20
26.6858
 11
-2.07523
 21
26.9473
  0
LINE
  8
0
 10
-2.07523
 20
26.9473
 11
-1.81372
 21
27.1619
  0
LINE
  8
0
 10
-1.81372
 20
27.1619
 11
-1.51453
 21
27.3213
  0
LINE
  8
0
 10
-1.51453
 20
27.3213
 11
-1.19156
 21
27.4193
  0
LINE
  8
0
 10
-1.19156
 20
27.4193
 11
-0.854675
 21
27.4524
  0
LINE
  8
0
 10
-0.854675
 20
27.4524
 11
-0.518372
 21
27.4199
  0
LINE
  8
0
 10
-0.518372
 20
27.4199
 11
-0.195404
 21
27.3213
  0
LINE
  8
0
 10
-0.195404
 20
27.3213
 11
0.10321
 21
27.1619
  0
LINE
  8
0
 10
0.10321
 20
27.1619
 11
0.364716
 21
26.9473
  0
LINE
  8
0
 10
0.364716
 20
26.9473
 11
0.579254
 21
26.6858
  0
LINE
  8
0
 10
0.579254
 20
26.6858
 11
0.738708
 21
26.3872
  0
LINE
  8
0
 10
0.738708
 20
26.3872
 11
0.836121
 21
26.0642
  0
LINE
  8
0
 10
0.836121
 20
26.0642
 11
0.869751
 21
25.7239
  0
LINE
  8
0
 10
0.869751
 20
25.7239
 11
2.57968
 21
25.7239
  0
LINE
  8
0
 10
2.57968
 20
25.7239
 11
2.54721
 21
25.3905
  0
LINE
  8
0
 10
2.54721
 20
25.3905
 11
2.44922
 21
25.0675
  0
LINE
  8
0
 10
2.44922
 20
25.0675
 11
2.28918
 21
24.7683
  0
LINE
  8
0
 10
2.28918
 20
24.7683
 11
2.07465
 21
24.5068
  0
LINE
  8
0
 10
2.07465
 20
24.5068
 11
1.81372
 21
24.2928
  0
LINE
  8
0
 10
1.81372
 20
24.2928
 11
1.51453
 21
24.1334
  0
LINE
  8
0
 10
1.51453
 20
24.1334
 11
1.19156
 21
24.0354
  0
LINE
  8
0
 10
1.19156
 20
24.0354
 11
0.854675
 21
24.0023
  0
LINE
  8
0
 10
0.854675
 20
24.0023
 11
0.518372
 21
24.0348
  0
LINE
  8
0
 10
17.8079
 20
24.0348
 11
17.4849
 21
24.1334
  0
LINE
  8
0
 10
17.4849
 20
24.1334
 11
17.1857
 21
24.2928
  0
LINE
  8
0
 10
17.1857
 20
24.2928
 11
16.9242
 21
24.5074
  0
LINE
  8
0
 10
16.9242
 20
24.5074
 11
16.7097
 21
24.7689
  0
LINE
  8
0
 10
16.7097
 20
24.7689
 11
16.5502
 21
25.0675
  0
LINE
  8
0
 10
16.5502
 20
25.0675
 11
16.4528
 21
25.3905
  0
LINE
  8
0
 10
16.4528
 20
25.3905
 11
16.4197
 21
25.7239
  0
LINE
  8
0
 10
16.4197
 20
25.7239
 11
18.1302
 21
25.7239
  0
LINE
  8
0
 10
18.1302
 20
25.7239
 11
18.1633
 21
26.0642
  0
LINE
  8
0
 10
18.1633
 20
26.0642
 11
18.2613
 21
26.3872
  0
LINE
  8
0
 10
18.2613
 20
26.3872
 11
18.4207
 21
26.6858
  0
LINE
  8
0
 10
18.4207
 20
26.6858
 11
18.6353
 21
26.9473
  0
LINE
  8
0
 10
18.6353
 20
26.9473
 11
18.8968
 21
27.1619
  0
LINE
  8
0
 10
18.8968
 20
27.1619
 11
19.196
 21
27.3213
  0
LINE
  8
0
 10
19.196
 20
27.3213
 11
19.519
 21
27.4193
  0
LINE
  8
0
 10
19.519
 20
27.4193
 11
19.8553
 21
27.4524
  0
LINE
  8
0
 10
19.8553
 20
27.4524
 11
20.1921
 21
27.4199
  0
LINE
  8
0
 10
20.1921
 20
27.4199
 11
20.5151
 21
27.3213
  0
LINE
  8
0
 10
20.5151
 20
27.3213
 11
20.8143
 21
27.1619
  0
LINE
  8
0
 10
20.8143
 20
27.1619
 11
21.0758
 21
26.9473
  0
LINE
  8
0
 10
21.0758
 20
26.9473
 11
21.2903
 21
26.6858
  0
LINE
  8
0
 10
21.2903
 20
26.6858
 11
21.4498
 21
26.3872
  0
LINE
  8
0
 10
21.4498
 20
26.3872
 11
21.5472
 21
26.0642
  0
LINE
  8
0
 10
21.5472
 20
26.0642
 11
21.5803
 21
25.7308
  0
LINE
  8
0
 10
21.5803
 20
25.7308
 11
19.8698
 21
25.7308
  0
LINE
  8
0
 10
19.8698
 20
25.7308
 11
19.8367
 21
25.3905
  0
LINE
  8
0
 10
19.8367
 20
25.3905
 11
19.7387
 21
25.0675
  0
LINE
  8
0
 10
19.7387
 20
25.0675
 11
19.5787
 21
24.7683
  0
LINE
  8
0
 10
19.5787
 20
24.7683
 11
19.3641
 21
24.5068
  0
LINE
  8
0
 10
19.3641
 20
24.5068
 11
19.1032
 21
24.2928
  0
LINE
  8
0
 10
19.1032
 20
24.2928
 11
18.804
 21
24.1334
  0
LINE
  8
0
 10
18.804
 20
24.1334
 11
18.481
 21
24.0354
  0
LINE
  8
0
 10
18.481
 20
24.0354
 11
18.1447
 21
24.0023
  0
LINE
  8
0
 10
18.1447
 20
24.0023
 11
17.8079
 21
24.0348
  0
LINE
  8
0
 10
-20.1921
 20
24.0348
 11
-20.5151
 21
24.1334
  0
LINE
  8
0
 10
-20.5151
 20
24.1334
 11
-20.8143
 21
24.2928
  0
LINE
  8
0
 10
-20.8143
 20
24.2928
 11
-21.0758
 21
24.5074
  0
LINE
  8
0
 10
-21.0758
 20
24.5074
 11
-21.2903
 21
24.7689
  0
LINE
  8
0
 10
-21.2903
 20
24.7689
 11
-21.4498
 21
25.0675
  0
LINE
  8
0
 10
-21.4498
 20
25.0675
 11
-21.5472
 21
25.3905
  0
LINE
  8
0
 10
-21.5472
 20
25.3905
 11
-21.5803
 21
25.7239
  0
LINE
  8
0
 10
-21.5803
 20
25.7239
 11
-19.8698
 21
25.7239
  0
LINE
  8
0
 10
-19.8698
 20
25.7239
 11
-19.8367
 21
26.0642
  0
LINE
  8
0
 10
-19.8367
 20
26.0642
 11
-19.7387
 21
26.3872
  0
LINE
  8
0
 10
-19.7387
 20
26.3872
 11
-19.5793
 21
26.6858
  0
LINE
  8
0
 10
-19.5793
 20
26.6858
 11
-19.3647
 21
26.9473
  0
LINE
  8
0
 10
-19.3647
 20
26.9473
 11
-19.1032
 21
27.1619
  0
LINE
  8
0
 10
-19.1032
 20
27.1619
 11
-18.804
 21
27.3213
  0
LINE
  8
0
 10
-18.804
 20
27.3213
 11
-18.481
 21
27.4193
  0
LINE
  8
0
 10
-18.481
 20
27.4193
 11
-18.1447
 21
27.4524
  0
LINE
  8
0
 10
-18.1447
 20
27.4524
 11
-17.8079
 21
27.4199
  0
LINE
  8
0
 10
-17.8079
 20
27.4199
 11
-17.4849
 21
27.3213
  0
LINE
  8
0
 10
-17.4849
 20
27.3213
 11
-17.1857
 21
27.1619
  0
LINE
  8
0
 10
-17.1857
 20
27.1619
 11
-16.9242
 21
26.9473
  0
LINE
  8
0
 10
-16.9242
 20
26.9473
 11
-16.7097
 21
26.6858
  0
LINE
  8
0
 10
-16.7097
 20
26.6858
 11
-16.5502
 21
26.3872
  0
LINE
  8
0
 10
-16.5502
 20
26.3872
 11
-16.4528
 21
26.0642
  0
LINE
  8
0
 10
-16.4528
 20
26.0642
 11
-16.4197
 21
25.7308
  0
LINE
  8
0
 10
-16.4197
 20
25.7308
 11
-18.1302
 21
25.7308
  0
LINE
  8
0
 10
-18.1302
 20
25.7308
 11
-18.1633
 21
25.3905
  0
LINE
  8
0
 10
-18.1633
 20
25.3905
 11
-18.2613
 21
25.0675
  0
LINE
  8
0
 10
-18.2613
 20
25.0675
 11
-18.4213
 21
24.7683
  0
LINE
  8
0
 10
-18.4213
 20
24.7683
 11
-18.6359
 21
24.5068
  0
LINE
  8
0
 10
-18.6359
 20
24.5068
 11
-18.8968
 21
24.2928
  0
LINE
  8
0
 10
-18.8968
 20
24.2928
 11
-19.196
 21
24.1334
  0
LINE
  8
0
 10
-19.196
 20
24.1334
 11
-19.519
 21
24.0354
  0
LINE
  8
0
 10
-19.519
 20
24.0354
 11
-19.8553
 21
24.0023
  0
LINE
  8
0
 10
-19.8553
 20
24.0023
 11
-20.1921
 21
24.0348
  0
LINE
  8
0
 10
46.9608
 20
18.5223
 11
46.443
 21
18.6795
  0
LINE
  8
0
 10
46.443
 20
18.6795
 11
45.9652
 21
18.9352
  0
LINE
  8
0
 10
45.9652
 20
18.9352
 11
45.546
 21
19.279
  0
LINE
  8
0
 10
45.546
 20
19.279
 11
45.2792
 21
19.6043
  0
LINE
  8
0
 10
45.2792
 20
19.6043
 11
44.8855
 21
19.2808
  0
LINE
  8
0
 10
44.8855
 20
19.2808
 11
44.4077
 21
19.0251
  0
LINE
  8
0
 10
44.4077
 20
19.0251
 11
43.8894
 21
18.8685
  0
LINE
  8
0
 10
43.8894
 20
18.8685
 11
43.3501
 21
18.8152
  0
LINE
  8
0
 10
43.3501
 20
18.8152
 11
42.8109
 21
18.8679
  0
LINE
  8
0
 10
42.8109
 20
18.8679
 11
42.2937
 21
19.0251
  0
LINE
  8
0
 10
42.2937
 20
19.0251
 11
41.8147
 21
19.2808
  0
LINE
  8
0
 10
41.8147
 20
19.2808
 11
41.3967
 21
19.6246
  0
LINE
  8
0
 10
41.3967
 20
19.6246
 11
41.0534
 21
20.0427
  0
LINE
  8
0
 10
41.0534
 20
20.0427
 11
40.7977
 21
20.521
  0
LINE
  8
0
 10
40.7977
 20
20.521
 11
40.6411
 21
21.0382
  0
LINE
  8
0
 10
40.6411
 20
21.0382
 11
40.5878
 21
21.5781
  0
LINE
  8
0
 10
40.5878
 20
21.5781
 11
40.6406
 21
22.1167
  0
LINE
  8
0
 10
40.6406
 20
22.1167
 11
40.7977
 21
22.6345
  0
LINE
  8
0
 10
40.7977
 20
22.6345
 11
41.0534
 21
23.1123
  0
LINE
  8
0
 10
41.0534
 20
23.1123
 11
41.3967
 21
23.5304
  0
LINE
  8
0
 10
41.3967
 20
23.5304
 11
41.8147
 21
23.8742
  0
LINE
  8
0
 10
41.8147
 20
23.8742
 11
42.2937
 21
24.1299
  0
LINE
  8
0
 10
42.2937
 20
24.1299
 11
42.8109
 21
24.2865
  0
LINE
  8
0
 10
42.8109
 20
24.2865
 11
42.8961
 21
24.2946
  0
LINE
  8
0
 10
42.8961
 20
24.2946
 11
43.0237
 21
23.8725
  0
LINE
  8
0
 10
43.0237
 20
23.8725
 11
43.4719
 21
23.0352
  0
LINE
  8
0
 10
43.4719
 20
23.0352
 11
44.0738
 21
22.3011
  0
LINE
  8
0
 10
44.0738
 20
22.3011
 11
44.8078
 21
21.6992
  0
LINE
  8
0
 10
44.8078
 20
21.6992
 11
45.6451
 21
21.251
  0
LINE
  8
0
 10
45.6451
 20
21.251
 11
46.5555
 21
20.9756
  0
LINE
  8
0
 10
46.5555
 20
20.9756
 11
47.5
 21
20.8817
  0
LINE
  8
0
 10
47.5
 20
20.8817
 11
48.444
 21
20.9756
  0
LINE
  8
0
 10
48.444
 20
20.9756
 11
49.3543
 21
21.251
  0
LINE
  8
0
 10
49.3543
 20
21.251
 11
50.1916
 21
21.6992
  0
LINE
  8
0
 10
50.1916
 20
21.6992
 11
50.9257
 21
22.3011
  0
LINE
  8
0
 10
50.9257
 20
22.3011
 11
51.5275
 21
23.0352
  0
LINE
  8
0
 10
51.5275
 20
23.0352
 11
51.9757
 21
23.8725
  0
LINE
  8
0
 10
51.9757
 20
23.8725
 11
52.1033
 21
24.2946
  0
LINE
  8
0
 10
52.1033
 20
24.2946
 11
52.1885
 21
24.287
  0
LINE
  8
0
 10
52.1885
 20
24.287
 11
52.7057
 21
24.1299
  0
LINE
  8
0
 10
52.7057
 20
24.1299
 11
53.1847
 21
23.8742
  0
LINE
  8
0
 10
53.1847
 20
23.8742
 11
53.6028
 21
23.5304
  0
LINE
  8
0
 10
53.6028
 20
23.5304
 11
53.946
 21
23.1123
  0
LINE
  8
0
 10
53.946
 20
23.1123
 11
54.2017
 21
22.6345
  0
LINE
  8
0
 10
54.2017
 20
22.6345
 11
54.3583
 21
22.1167
  0
LINE
  8
0
 10
54.3583
 20
22.1167
 11
54.4116
 21
21.5769
  0
LINE
  8
0
 10
54.4116
 20
21.5769
 11
54.3589
 21
21.0382
  0
LINE
  8
0
 10
54.3589
 20
21.0382
 11
54.2017
 21
20.521
  0
LINE
  8
0
 10
54.2017
 20
20.521
 11
53.9454
 21
20.0421
  0
LINE
  8
0
 10
53.9454
 20
20.0421
 11
53.6022
 21
19.624
  0
LINE
  8
0
 10
53.6022
 20
19.624
 11
53.1847
 21
19.2808
  0
LINE
  8
0
 10
53.1847
 20
19.2808
 11
52.7057
 21
19.0251
  0
LINE
  8
0
 10
52.7057
 20
19.0251
 11
52.1885
 21
18.8685
  0
LINE
  8
0
 10
52.1885
 20
18.8685
 11
51.6493
 21
18.8152
  0
LINE
  8
0
 10
51.6493
 20
18.8152
 11
51.11
 21
18.8679
  0
LINE
  8
0
 10
51.11
 20
18.8679
 11
50.5917
 21
19.0251
  0
LINE
  8
0
 10
50.5917
 20
19.0251
 11
50.1139
 21
19.2808
  0
LINE
  8
0
 10
50.1139
 20
19.2808
 11
49.7202
 21
19.6043
  0
LINE
  8
0
 10
49.7202
 20
19.6043
 11
49.4529
 21
19.2784
  0
LINE
  8
0
 10
49.4529
 20
19.2784
 11
49.0342
 21
18.9352
  0
LINE
  8
0
 10
49.0342
 20
18.9352
 11
48.5565
 21
18.6795
  0
LINE
  8
0
 10
48.5565
 20
18.6795
 11
48.0387
 21
18.5229
  0
LINE
  8
0
 10
48.0387
 20
18.5229
 11
47.5
 21
18.4696
  0
LINE
  8
0
 10
47.5
 20
18.4696
 11
46.9608
 21
18.5223
  0
LINE
  8
0
 10
8.96075
 20
18.5223
 11
8.44296
 21
18.6795
  0
LINE
  8
0
 10
8.44296
 20
18.6795
 11
7.96518
 21
18.9352
  0
LINE
  8
0
 10
7.96518
 20
18.9352
 11
7.54596
 21
19.279
  0
LINE
  8
0
 10
7.54596
 20
19.279
 11
7.27924
 21
19.6043
  0
LINE
  8
0
 10
7.27924
 20
19.6043
 11
6.88553
 21
19.2808
  0
LINE
  8
0
 10
6.88553
 20
19.2808
 11
6.40775
 21
19.0251
  0
LINE
  8
0
 10
6.40775
 20
19.0251
 11
5.88937
 21
18.8685
  0
LINE
  8
0
 10
5.88937
 20
18.8685
 11
5.35013
 21
18.8152
  0
LINE
  8
0
 10
5.35013
 20
18.8152
 11
4.81088
 21
18.8679
  0
LINE
  8
0
 10
4.81088
 20
18.8679
 11
4.29367
 21
19.0251
  0
LINE
  8
0
 10
4.29367
 20
19.0251
 11
3.81473
 21
19.2808
  0
LINE
  8
0
 10
3.81473
 20
19.2808
 11
3.39667
 21
19.6246
  0
LINE
  8
0
 10
3.39667
 20
19.6246
 11
3.05341
 21
20.0427
  0
LINE
  8
0
 10
3.05341
 20
20.0427
 11
2.7977
 21
20.521
  0
LINE
  8
0
 10
2.7977
 20
20.521
 11
2.64114
 21
21.0382
  0
LINE
  8
0
 10
2.64114
 20
21.0382
 11
2.5878
 21
21.5781
  0
LINE
  8
0
 10
2.5878
 20
21.5781
 11
2.64056
 21
22.1167
  0
LINE
  8
0
 10
2.64056
 20
22.1167
 11
2.7977
 21
22.6345
  0
LINE
  8
0
 10
2.7977
 20
22.6345
 11
3.05341
 21
23.1123
  0
LINE
  8
0
 10
3.05341
 20
23.1123
 11
3.39667
 21
23.5304
  0
LINE
  8
0
 10
3.39667
 20
23.5304
 11
3.81473
 21
23.8742
  0
LINE
  8
0
 10
3.81473
 20
23.8742
 11
4.29367
 21
24.1299
  0
LINE
  8
0
 10
4.29367
 20
24.1299
 11
4.81088
 21
24.2865
  0
LINE
  8
0
 10
4.81088
 20
24.2865
 11
4.89612
 21
24.2946
  0
LINE
  8
0
 10
4.89612
 20
24.2946
 11
5.02368
 21
23.8725
  0
LINE
  8
0
 10
5.02368
 20
23.8725
 11
5.47189
 21
23.0352
  0
LINE
  8
0
 10
5.47189
 20
23.0352
 11
6.07376
 21
22.3011
  0
LINE
  8
0
 10
6.07376
 20
22.3011
 11
6.80783
 21
21.6992
  0
LINE
  8
0
 10
6.80783
 20
21.6992
 11
7.64511
 21
21.251
  0
LINE
  8
0
 10
7.64511
 20
21.251
 11
8.55545
 21
20.9756
  0
LINE
  8
0
 10
8.55545
 20
20.9756
 11
9.5
 21
20.8817
  0
LINE
  8
0
 10
9.5
 20
20.8817
 11
10.444
 21
20.9756
  0
LINE
  8
0
 10
10.444
 20
20.9756
 11
11.3543
 21
21.251
  0
LINE
  8
0
 10
11.3543
 20
21.251
 11
12.1916
 21
21.6992
  0
LINE
  8
0
 10
12.1916
 20
21.6992
 11
12.9257
 21
22.3011
  0
LINE
  8
0
 10
12.9257
 20
22.3011
 11
13.5275
 21
23.0352
  0
LINE
  8
0
 10
13.5275
 20
23.0352
 11
13.9757
 21
23.8725
  0
LINE
  8
0
 10
13.9757
 20
23.8725
 11
14.1033
 21
24.2946
  0
LINE
  8
0
 10
14.1033
 20
24.2946
 11
14.1885
 21
24.287
  0
LINE
  8
0
 10
14.1885
 20
24.287
 11
14.7057
 21
24.1299
  0
LINE
  8
0
 10
14.7057
 20
24.1299
 11
15.1847
 21
23.8742
  0
LINE
  8
0
 10
15.1847
 20
23.8742
 11
15.6028
 21
23.5304
  0
LINE
  8
0
 10
15.6028
 20
23.5304
 11
15.946
 21
23.1123
  0
LINE
  8
0
 10
15.946
 20
23.1123
 11
16.2017
 21
22.6345
  0
LINE
  8
0
 10
16.2017
 20
22.6345
 11
16.3583
 21
22.1167
  0
LINE
  8
0
 10
16.3583
 20
22.1167
 11
16.4116
 21
21.5769
  0
LINE
  8
0
 10
16.4116
 20
21.5769
 11
16.3589
 21
21.0382
  0
LINE
  8
0
 10
16.3589
 20
21.0382
 11
16.2017
 21
20.521
  0
LINE
  8
0
 10
16.2017
 20
20.521
 11
15.9454
 21
20.0421
  0
LINE
  8
0
 10
15.9454
 20
20.0421
 11
15.6022
 21
19.624
  0
LINE
  8
0
 10
15.6022
 20
19.624
 11
15.1847
 21
19.2808
  0
LINE
  8
0
 10
15.1847
 20
19.2808
 11
14.7057
 21
19.0251
  0
LINE
  8
0
 10
14.7057
 20
19.0251
 11
14.1885
 21
18.8685
  0
LINE
  8
0
 10
14.1885
 20
18.8685
 11
13.6493
 21
18.8152
  0
LINE
  8
0
 10
13.6493
 20
18.8152
 11
13.11
 21
18.8679
  0
LINE
  8
0
 10
13.11
 20
18.8679
 11
12.5917
 21
19.0251
  0
LINE
  8
0
 10
12.5917
 20
19.0251
 11
12.1139
 21
19.2808
  0
LINE
  8
0
 10
12.1139
 20
19.2808
 11
11.7202
 21
19.6043
  0
LINE
  8
0
 10
11.7202
 20
19.6043
 11
11.4529
 21
19.2784
  0
LINE
  8
0
 10
11.4529
 20
19.2784
 11
11.0342
 21
18.9352
  0
LINE
  8
0
 10
11.0342
 20
18.9352
 11
10.5565
 21
18.6795
  0
LINE
  8
0
 10
10.5565
 20
18.6795
 11
10.0387
 21
18.5229
  0
LINE
  8
0
 10
10.0387
 20
18.5229
 11
9.5
 21
18.4696
  0
LINE
  8
0
 10
9.5
 20
18.4696
 11
8.96075
 21
18.5223
  0
LINE
  8
0
 10
-29.0392
 20
18.5223
 11
-29.557
 21
18.6795
  0
LINE
  8
0
 10
-29.557
 20
18.6795
 11
-30.0348
 21
18.9352
  0
LINE
  8
0
 10
-30.0348
 20
18.9352
 11
-30.454
 21
19.279
  0
LINE
  8
0
 10
-30.454
 20
19.279
 11
-30.7208
 21
19.6043
  0
LINE
  8
0
 10
-30.7208
 20
19.6043
 11
-31.1145
 21
19.2808
  0
LINE
  8
0
 10
-31.1145
 20
19.2808
 11
-31.5923
 21
19.0251
  0
LINE
  8
0
 10
-31.5923
 20
19.0251
 11
-32.1106
 21
18.8685
  0
LINE
  8
0
 10
-32.1106
 20
18.8685
 11
-32.6499
 21
18.8152
  0
LINE
  8
0
 10
-32.6499
 20
18.8152
 11
-33.1891
 21
18.8679
  0
LINE
  8
0
 10
-33.1891
 20
18.8679
 11
-33.7063
 21
19.0251
  0
LINE
  8
0
 10
-33.7063
 20
19.0251
 11
-34.1853
 21
19.2808
  0
LINE
  8
0
 10
-34.1853
 20
19.2808
 11
-34.6033
 21
19.6246
  0
LINE
  8
0
 10
-34.6033
 20
19.6246
 11
-34.9466
 21
20.0427
  0
LINE
  8
0
 10
-34.9466
 20
20.0427
 11
-35.2023
 21
20.521
  0
LINE
  8
0
 10
-35.2023
 20
20.521
 11
-35.3589
 21
21.0382
  0
LINE
  8
0
 10
-35.3589
 20
21.0382
 11
-35.4122
 21
21.5781
  0
LINE
  8
0
 10
-35.4122
 20
21.5781
 11
-35.3594
 21
22.1167
  0
LINE
  8
0
 10
-35.3594
 20
22.1167
 11
-35.2023
 21
22.6345
  0
LINE
  8
0
 10
-35.2023
 20
22.6345
 11
-34.9466
 21
23.1123
  0
LINE
  8
0
 10
-34.9466
 20
23.1123
 11
-34.6033
 21
23.5304
  0
LINE
  8
0
 10
-34.6033
 20
23.5304
 11
-34.1853
 21
23.8742
  0
LINE
  8
0
 10
-34.1853
 20
23.8742
 11
-33.7063
 21
24.1299
  0
LINE
  8
0
 10
-33.7063
 20
24.1299
 11
-33.1891
 21
24.2865
  0
LINE
  8
0
 10
-33.1891
 20
24.2865
 11
-33.1039
 21
24.2946
  0
LINE
  8
0
 10
-33.1039
 20
24.2946
 11
-32.9763
 21
23.8725
  0
LINE
  8
0
 10
-32.9763
 20
23.8725
 11
-32.5281
 21
23.0352
  0
LINE
  8
0
 10
-32.5281
 20
23.0352
 11
-31.9262
 21
22.3011
  0
LINE
  8
0
 10
-31.9262
 20
22.3011
 11
-31.1922
 21
21.6992
  0
LINE
  8
0
 10
-31.1922
 20
21.6992
 11
-30.3549
 21
21.251
  0
LINE
  8
0
 10
-30.3549
 20
21.251
 11
-29.4445
 21
20.9756
  0
LINE
  8
0
 10
-29.4445
 20
20.9756
 11
-28.5
 21
20.8817
  0
LINE
  8
0
 10
-28.5
 20
20.8817
 11
-27.556
 21
20.9756
  0
LINE
  8
0
 10
-27.556
 20
20.9756
 11
-26.6457
 21
21.251
  0
LINE
  8
0
 10
-26.6457
 20
21.251
 11
-25.8084
 21
21.6992
  0
LINE
  8
0
 10
-25.8084
 20
21.6992
 11
-25.0743
 21
22.3011
  0
LINE
  8
0
 10
-25.0743
 20
22.3011
 11
-24.4725
 21
23.0352
  0
LINE
  8
0
 10
-24.4725
 20
23.0352
 11
-24.0243
 21
23.8725
  0
LINE
  8
0
 10
-24.0243
 20
23.8725
 11
-23.8967
 21
24.2946
  0
LINE
  8
0
 10
-23.8967
 20
24.2946
 11
-23.8115
 21
24.287
  0
LINE
  8
0
 10
-23.8115
 20
24.287
 11
-23.2943
 21
24.1299
  0
LINE
  8
0
 10
-23.2943
 20
24.1299
 11
-22.8153
 21
23.8742
  0
LINE
  8
0
 10
-22.8153
 20
23.8742
 11
-22.3972
 21
23.5304
  0
LINE
  8
0
 10
-22.3972
 20
23.5304
 11
-22.054
 21
23.1123
  0
LINE
  8
0
 10
-22.054
 20
23.1123
 11
-21.7983
 21
22.6345
  0
LINE
  8
0
 10
-21.7983
 20
22.6345
 11
-21.6417
 21
22.1167
  0
LINE
  8
0
 10
-21.6417
 20
22.1167
 11
-21.5884
 21
21.5769
  0
LINE
  8
0
 10
-21.5884
 20
21.5769
 11
-21.6411
 21
21.0382
  0
LINE
  8
0
 10
-21.6411
 20
21.0382
 11
-21.7983
 21
20.521
  0
LINE
  8
0
 10
-21.7983
 20
20.521
 11
-22.0546
 21
20.0421
  0
LINE
  8
0
 10
-22.0546
 20
20.0421
 11
-22.3978
 21
19.624
  0
LINE
  8
0
 10
-22.3978
 20
19.624
 11
-22.8153
 21
19.2808
  0
LINE
  8
0
 10
-22.8153
 20
19.2808
 11
-23.2943
 21
19.0251
  0
LINE
  8
0
 10
-23.2943
 20
19.0251
 11
-23.8115
 21
18.8685
  0
LINE
  8
0
 10
-23.8115
 20
18.8685
 11
-24.3507
 21
18.8152
  0
LINE
  8
0
 10
-24.3507
 20
18.8152
 11
-24.89
 21
18.8679
  0
LINE
  8
0
 10
-24.89
 20
18.8679
 11
-25.4083
 21
19.0251
  0
LINE
  8
0
 10
-25.4083
 20
19.0251
 11
-25.8861
 21
19.2808
  0
LINE
  8
0
 10
-25.8861
 20
19.2808
 11
-26.2798
 21
19.6043
  0
LINE
  8
0
 10
-26.2798
 20
19.6043
 11
-26.5471
 21
19.2784
  0
LINE
  8
0
 10
-26.5471
 20
19.2784
 11
-26.9658
 21
18.9352
  0
LINE
  8
0
 10
-26.9658
 20
18.9352
 11
-27.4435
 21
18.6795
  0
LINE
  8
0
 10
-27.4435
 20
18.6795
 11
-27.9613
 21
18.5229
  0
LINE
  8
0
 10
-27.9613
 20
18.5229
 11
-28.5
 21
18.4696
  0
LINE
  8
0
 10
-28.5
 20
18.4696
 11
-29.0392
 21
18.5223
  0
LINE
  8
0
 10
40.5223
 20
18.6853
 11
39.7726
 21
18.8094
  0
LINE
  8
0
 10
39.7726
 20
18.8094
 11
39.013
 21
18.7844
  0
LINE
  8
0
 10
39.013
 20
18.7844
 11
38.6697
 21
18.7044
  0
LINE
  8
0
 10
38.6697
 20
18.7044
 11
38.6419
 21
18.7664
  0
LINE
  8
0
 10
38.6419
 20
18.7664
 11
38.5445
 21
19.1862
  0
LINE
  8
0
 10
38.5445
 20
19.1862
 11
38.5294
 21
19.6205
  0
LINE
  8
0
 10
38.5294
 20
19.6205
 11
38.5769
 21
19.9087
  0
LINE
  8
0
 10
38.5769
 20
19.9087
 11
38.8025
 21
20.0943
  0
LINE
  8
0
 10
38.8025
 20
20.0943
 11
39.1858
 21
20.299
  0
LINE
  8
0
 10
39.1858
 20
20.299
 11
39.5992
 21
20.4242
  0
LINE
  8
0
 10
39.5992
 20
20.4242
 11
39.6664
 21
20.4306
  0
LINE
  8
0
 10
39.6664
 20
20.4306
 11
39.7691
 21
20.0937
  0
LINE
  8
0
 10
39.7691
 20
20.0937
 11
40.1274
 21
19.4234
  0
LINE
  8
0
 10
40.1274
 20
19.4234
 11
40.6087
 21
18.836
  0
LINE
  8
0
 10
40.6087
 20
18.836
 11
41.0215
 21
18.498
  0
LINE
  8
0
 10
41.0215
 20
18.498
 11
40.5223
 21
18.6853
  0
LINE
  8
0
 10
-21.6093
 20
18.836
 11
-21.128
 21
19.4234
  0
LINE
  8
0
 10
-21.128
 20
19.4234
 11
-20.7697
 21
20.0937
  0
LINE
  8
0
 10
-20.7697
 20
20.0937
 11
-20.667
 21
20.4306
  0
LINE
  8
0
 10
-20.667
 20
20.4306
 11
-20.5998
 21
20.4248
  0
LINE
  8
0
 10
-20.5998
 20
20.4248
 11
-20.1863
 21
20.299
  0
LINE
  8
0
 10
-20.1863
 20
20.299
 11
-19.8031
 21
20.0943
  0
LINE
  8
0
 10
-19.8031
 20
20.0943
 11
-19.5775
 21
19.9093
  0
LINE
  8
0
 10
-19.5775
 20
19.9093
 11
-19.53
 21
19.6211
  0
LINE
  8
0
 10
-19.53
 20
19.6211
 11
-19.5439
 21
19.1868
  0
LINE
  8
0
 10
-19.5439
 20
19.1868
 11
-19.6425
 21
18.767
  0
LINE
  8
0
 10
-19.6425
 20
18.767
 11
-19.6703
 21
18.705
  0
LINE
  8
0
 10
-19.6703
 20
18.705
 11
-20.0135
 21
18.785
  0
LINE
  8
0
 10
-20.0135
 20
18.785
 11
-20.7731
 21
18.8099
  0
LINE
  8
0
 10
-20.7731
 20
18.8099
 11
-21.5229
 21
18.6859
  0
LINE
  8
0
 10
-21.5229
 20
18.6859
 11
-22.0204
 21
18.4986
  0
LINE
  8
0
 10
-22.0204
 20
18.4986
 11
-21.6093
 21
18.836
  0
LINE
  8
0
 10
54.3907
 20
18.836
 11
54.872
 21
19.4234
  0
LINE
  8
0
 10
54.872
 20
19.4234
 11
55.2303
 21
20.0937
  0
LINE
  8
0
 10
55.2303
 20
20.0937
 11
55.333
 21
20.4306
  0
LINE
  8
0
 10
55.333
 20
20.4306
 11
55.4002
 21
20.4248
  0
LINE
  8
0
 10
55.4002
 20
20.4248
 11
55.784
 21
20.308
  0
LINE
  8
0
 10
55.784
 20
20.308
 11
56.3028
 21
18.7113
  0
LINE
  8
0
 10
56.3028
 20
18.7113
 11
55.9865
 21
18.785
  0
LINE
  8
0
 10
55.9865
 20
18.785
 11
55.2269
 21
18.8099
  0
LINE
  8
0
 10
55.2269
 20
18.8099
 11
54.4771
 21
18.6859
  0
LINE
  8
0
 10
54.4771
 20
18.6859
 11
53.9796
 21
18.4986
  0
LINE
  8
0
 10
53.9796
 20
18.4986
 11
54.3907
 21
18.836
  0
LINE
  8
0
 10
16.3907
 20
18.836
 11
16.872
 21
19.4234
  0
LINE
  8
0
 10
16.872
 20
19.4234
 11
17.2303
 21
20.0937
  0
LINE
  8
0
 10
17.2303
 20
20.0937
 11
17.333
 21
20.4306
  0
LINE
  8
0
 10
17.333
 20
20.4306
 11
17.4002
 21
20.4248
  0
LINE
  8
0
 10
17.4002
 20
20.4248
 11
17.8137
 21
20.299
  0
LINE
  8
0
 10
17.8137
 20
20.299
 11
18.1969
 21
20.0943
  0
LINE
  8
0
 10
18.1969
 20
20.0943
 11
18.4225
 21
19.9093
  0
LINE
  8
0
 10
18.4225
 20
19.9093
 11
18.47
 21
19.6211
  0
LINE
  8
0
 10
18.47
 20
19.6211
 11
18.4561
 21
19.1868
  0
LINE
  8
0
 10
18.4561
 20
19.1868
 11
18.3575
 21
18.767
  0
LINE
  8
0
 10
18.3575
 20
18.767
 11
18.3297
 21
18.705
  0
LINE
  8
0
 10
18.3297
 20
18.705
 11
17.9865
 21
18.785
  0
LINE
  8
0
 10
17.9865
 20
18.785
 11
17.2269
 21
18.8099
  0
LINE
  8
0
 10
17.2269
 20
18.8099
 11
16.4771
 21
18.6859
  0
LINE
  8
0
 10
16.4771
 20
18.6859
 11
15.9796
 21
18.4986
  0
LINE
  8
0
 10
15.9796
 20
18.4986
 11
16.3907
 21
18.836
  0
LINE
  8
0
 10
-35.4777
 20
18.6853
 11
-36.2274
 21
18.8094
  0
LINE
  8
0
 10
-36.2274
 20
18.8094
 11
-36.987
 21
18.7844
  0
LINE
  8
0
 10
-36.987
 20
18.7844
 11
-37.3303
 21
18.7044
  0
LINE
  8
0
 10
-37.3303
 20
18.7044
 11
-37.3581
 21
18.7664
  0
LINE
  8
0
 10
-37.3581
 20
18.7664
 11
-37.4555
 21
19.1862
  0
LINE
  8
0
 10
-37.4555
 20
19.1862
 11
-37.4706
 21
19.6205
  0
LINE
  8
0
 10
-37.4706
 20
19.6205
 11
-37.4231
 21
19.9087
  0
LINE
  8
0
 10
-37.4231
 20
19.9087
 11
-37.1975
 21
20.0943
  0
LINE
  8
0
 10
-37.1975
 20
20.0943
 11
-36.8142
 21
20.299
  0
LINE
  8
0
 10
-36.8142
 20
20.299
 11
-36.4008
 21
20.4242
  0
LINE
  8
0
 10
-36.4008
 20
20.4242
 11
-36.3336
 21
20.4306
  0
LINE
  8
0
 10
-36.3336
 20
20.4306
 11
-36.2309
 21
20.0937
  0
LINE
  8
0
 10
-36.2309
 20
20.0937
 11
-35.8726
 21
19.4234
  0
LINE
  8
0
 10
-35.8726
 20
19.4234
 11
-35.3913
 21
18.836
  0
LINE
  8
0
 10
-35.3913
 20
18.836
 11
-34.9785
 21
18.498
  0
LINE
  8
0
 10
-34.9785
 20
18.498
 11
-35.4777
 21
18.6853
  0
LINE
  8
0
 10
2.52228
 20
18.6853
 11
1.77255
 21
18.8094
  0
LINE
  8
0
 10
1.77255
 20
18.8094
 11
1.01297
 21
18.7844
  0
LINE
  8
0
 10
1.01297
 20
18.7844
 11
0.669708
 21
18.7044
  0
LINE
  8
0
 10
0.669708
 20
18.7044
 11
0.641876
 21
18.7664
  0
LINE
  8
0
 10
0.641876
 20
18.7664
 11
0.544464
 21
19.1862
  0
LINE
  8
0
 10
0.544464
 20
19.1862
 11
0.529388
 21
19.6205
  0
LINE
  8
0
 10
0.529388
 20
19.6205
 11
0.576935
 21
19.9087
  0
LINE
  8
0
 10
0.576935
 20
19.9087
 11
0.80249
 21
20.0943
  0
LINE
  8
0
 10
0.80249
 20
20.0943
 11
1.18576
 21
20.299
  0
LINE
  8
0
 10
1.18576
 20
20.299
 11
1.59918
 21
20.4242
  0
LINE
  8
0
 10
1.59918
 20
20.4242
 11
1.66644
 21
20.4306
  0
LINE
  8
0
 10
1.66644
 20
20.4306
 11
1.76907
 21
20.0937
  0
LINE
  8
0
 10
1.76907
 20
20.0937
 11
2.12741
 21
19.4234
  0
LINE
  8
0
 10
2.12741
 20
19.4234
 11
2.60867
 21
18.836
  0
LINE
  8
0
 10
2.60867
 20
18.836
 11
3.02151
 21
18.498
  0
LINE
  8
0
 10
3.02151
 20
18.498
 11
2.52228
 21
18.6853
  0
LINE
  8
0
 10
-42.7691
 20
15.0926
 11
-43.0857
 21
15.2121
  0
LINE
  8
0
 10
-43.0857
 20
15.2121
 11
-43.3733
 21
15.3912
  0
LINE
  8
0
 10
-43.3733
 20
15.3912
 11
-43.6203
 21
15.622
  0
LINE
  8
0
 10
-43.6203
 20
15.622
 11
-43.8163
 21
15.8969
  0
LINE
  8
0
 10
-43.8163
 20
15.8969
 11
-43.9561
 21
16.2047
  0
LINE
  8
0
 10
-43.9561
 20
16.2047
 11
-44.032
 21
16.5335
  0
LINE
  8
0
 10
-44.032
 20
16.5335
 11
-44.0442
 21
16.8716
  0
LINE
  8
0
 10
-44.0442
 20
16.8716
 11
-43.9891
 21
17.205
  0
LINE
  8
0
 10
-43.9891
 20
17.205
 11
-43.8697
 21
17.5215
  0
LINE
  8
0
 10
-43.8697
 20
17.5215
 11
-43.6911
 21
17.8091
  0
LINE
  8
0
 10
-43.6911
 20
17.8091
 11
-43.4597
 21
18.0556
  0
LINE
  8
0
 10
-43.4597
 20
18.0556
 11
-43.1814
 21
18.2545
  0
LINE
  8
0
 10
-43.1814
 20
18.2545
 11
-42.8758
 21
18.393
  0
LINE
  8
0
 10
-42.8758
 20
18.393
 11
-42.5476
 21
18.4696
  0
LINE
  8
0
 10
-42.5476
 20
18.4696
 11
-42.2084
 21
18.4812
  0
LINE
  8
0
 10
-42.2084
 20
18.4812
 11
-41.875
 21
18.4255
  0
LINE
  8
0
 10
-41.875
 20
18.4255
 11
-41.5584
 21
18.3061
  0
LINE
  8
0
 10
-41.5584
 20
18.3061
 11
-41.2708
 21
18.1269
  0
LINE
  8
0
 10
-41.2708
 20
18.1269
 11
-41.0238
 21
17.8961
  0
LINE
  8
0
 10
-41.0238
 20
17.8961
 11
-40.8279
 21
17.6219
  0
LINE
  8
0
 10
-40.8279
 20
17.6219
 11
-40.6881
 21
17.3134
  0
LINE
  8
0
 10
-40.6881
 20
17.3134
 11
-40.6122
 21
16.9852
  0
LINE
  8
0
 10
-40.6122
 20
16.9852
 11
-40.6
 21
16.646
  0
LINE
  8
0
 10
-40.6
 20
16.646
 11
-40.6551
 21
16.312
  0
LINE
  8
0
 10
-40.6551
 20
16.312
 11
-40.7745
 21
15.996
  0
LINE
  8
0
 10
-40.7745
 20
15.996
 11
-40.9537
 21
15.7078
  0
LINE
  8
0
 10
-40.9537
 20
15.7078
 11
-41.1844
 21
15.4614
  0
LINE
  8
0
 10
-41.1844
 20
15.4614
 11
-41.4587
 21
15.2654
  0
LINE
  8
0
 10
-41.4587
 20
15.2654
 11
-41.7683
 21
15.1257
  0
LINE
  8
0
 10
-41.7683
 20
15.1257
 11
-42.0965
 21
15.0486
  0
LINE
  8
0
 10
-42.0965
 20
15.0486
 11
-42.4357
 21
15.037
  0
LINE
  8
0
 10
-42.4357
 20
15.037
 11
-42.7691
 21
15.0926
  0
LINE
  8
0
 10
33.2309
 20
15.0926
 11
32.9143
 21
15.2121
  0
LINE
  8
0
 10
32.9143
 20
15.2121
 11
32.6267
 21
15.3912
  0
LINE
  8
0
 10
32.6267
 20
15.3912
 11
32.3797
 21
15.622
  0
LINE
  8
0
 10
32.3797
 20
15.622
 11
32.1837
 21
15.8969
  0
LINE
  8
0
 10
32.1837
 20
15.8969
 11
32.0439
 21
16.2047
  0
LINE
  8
0
 10
32.0439
 20
16.2047
 11
31.968
 21
16.5335
  0
LINE
  8
0
 10
31.968
 20
16.5335
 11
31.9558
 21
16.8716
  0
LINE
  8
0
 10
31.9558
 20
16.8716
 11
32.0109
 21
17.205
  0
LINE
  8
0
 10
32.0109
 20
17.205
 11
32.1303
 21
17.5215
  0
LINE
  8
0
 10
32.1303
 20
17.5215
 11
32.3089
 21
17.8091
  0
LINE
  8
0
 10
32.3089
 20
17.8091
 11
32.5403
 21
18.0556
  0
LINE
  8
0
 10
32.5403
 20
18.0556
 11
32.8186
 21
18.2545
  0
LINE
  8
0
 10
32.8186
 20
18.2545
 11
33.1242
 21
18.393
  0
LINE
  8
0
 10
33.1242
 20
18.393
 11
33.4524
 21
18.4696
  0
LINE
  8
0
 10
33.4524
 20
18.4696
 11
33.7916
 21
18.4812
  0
LINE
  8
0
 10
33.7916
 20
18.4812
 11
34.125
 21
18.4255
  0
LINE
  8
0
 10
34.125
 20
18.4255
 11
34.4416
 21
18.3061
  0
LINE
  8
0
 10
34.4416
 20
18.3061
 11
34.7292
 21
18.1269
  0
LINE
  8
0
 10
34.7292
 20
18.1269
 11
34.9762
 21
17.8961
  0
LINE
  8
0
 10
34.9762
 20
17.8961
 11
35.1721
 21
17.6219
  0
LINE
  8
0
 10
35.1721
 20
17.6219
 11
35.3119
 21
17.3134
  0
LINE
  8
0
 10
35.3119
 20
17.3134
 11
35.3878
 21
16.9852
  0
LINE
  8
0
 10
35.3878
 20
16.9852
 11
35.4
 21
16.646
  0
LINE
  8
0
 10
35.4
 20
16.646
 11
35.3449
 21
16.312
  0
LINE
  8
0
 10
35.3449
 20
16.312
 11
35.2255
 21
15.996
  0
LINE
  8
0
 10
35.2255
 20
15.996
 11
35.0463
 21
15.7078
  0
LINE
  8
0
 10
35.0463
 20
15.7078
 11
34.8156
 21
15.4614
  0
LINE
  8
0
 10
34.8156
 20
15.4614
 11
34.5413
 21
15.2654
  0
LINE
  8
0
 10
34.5413
 20
15.2654
 11
34.2317
 21
15.1257
  0
LINE
  8
0
 10
34.2317
 20
15.1257
 11
33.9035
 21
15.0486
  0
LINE
  8
0
 10
33.9035
 20
15.0486
 11
33.5643
 21
15.037
  0
LINE
  8
0
 10
33.5643
 20
15.037
 11
33.2309
 21
15.0926
  0
LINE
  8
0
 10
-4.76913
 20
15.0926
 11
-5.08572
 21
15.2121
  0
LINE
  8
0
 10
-5.08572
 20
15.2121
 11
-5.37332
 21
15.3912
  0
LINE
  8
0
 10
-5.37332
 20
15.3912
 11
-5.62033
 21
15.622
  0
LINE
  8
0
 10
-5.62033
 20
15.622
 11
-5.81631
 21
15.8969
  0
LINE
  8
0
 10
-5.81631
 20
15.8969
 11
-5.95605
 21
16.2047
  0
LINE
  8
0
 10
-5.95605
 20
16.2047
 11
-6.03201
 21
16.5335
  0
LINE
  8
0
 10
-6.03201
 20
16.5335
 11
-6.04419
 21
16.8716
  0
LINE
  8
0
 10
-6.04419
 20
16.8716
 11
-5.98911
 21
17.205
  0
LINE
  8
0
 10
-5.98911
 20
17.205
 11
-5.86966
 21
17.5215
  0
LINE
  8
0
 10
-5.86966
 20
17.5215
 11
-5.69107
 21
17.8091
  0
LINE
  8
0
 10
-5.69107
 20
17.8091
 11
-5.45972
 21
18.0556
  0
LINE
  8
0
 10
-5.45972
 20
18.0556
 11
-5.1814
 21
18.2545
  0
LINE
  8
0
 10
-5.1814
 20
18.2545
 11
-4.87582
 21
18.393
  0
LINE
  8
0
 10
-4.87582
 20
18.393
 11
-4.54764
 21
18.4696
  0
LINE
  8
0
 10
-4.54764
 20
18.4696
 11
-4.20844
 21
18.4812
  0
LINE
  8
0
 10
-4.20844
 20
18.4812
 11
-3.87503
 21
18.4255
  0
LINE
  8
0
 10
-3.87503
 20
18.4255
 11
-3.55844
 21
18.3061
  0
LINE
  8
0
 10
-3.55844
 20
18.3061
 11
-3.27084
 21
18.1269
  0
LINE
  8
0
 10
-3.27084
 20
18.1269
 11
-3.02383
 21
17.8961
  0
LINE
  8
0
 10
-3.02383
 20
17.8961
 11
-2.82785
 21
17.6219
  0
LINE
  8
0
 10
-2.82785
 20
17.6219
 11
-2.68811
 21
17.3134
  0
LINE
  8
0
 10
-2.68811
 20
17.3134
 11
-2.61215
 21
16.9852
  0
LINE
  8
0
 10
-2.61215
 20
16.9852
 11
-2.59998
 21
16.646
  0
LINE
  8
0
 10
-2.59998
 20
16.646
 11
-2.65506
 21
16.312
  0
LINE
  8
0
 10
-2.65506
 20
16.312
 11
-2.77451
 21
15.996
  0
LINE
  8
0
 10
-2.77451
 20
15.996
 11
-2.95367
 21
15.7078
  0
LINE
  8
0
 10
-2.95367
 20
15.7078
 11
-3.18445
 21
15.4614
  0
LINE
  8
0
 10
-3.18445
 20
15.4614
 11
-3.45871
 21
15.2654
  0
LINE
  8
0
 10
-3.45871
 20
15.2654
 11
-3.76834
 21
15.1257
  0
LINE
  8
0
 10
-3.76834
 20
15.1257
 11
-4.09653
 21
15.0486
  0
LINE
  8
0
 10
-4.09653
 20
15.0486
 11
-4.43573
 21
15.037
  0
LINE
  8
0
 10
-4.43573
 20
15.037
 11
-4.76913
 21
15.0926
  0
LINE
  8
0
 10
23.0965
 20
15.048
 11
22.7689
 21
15.1251
  0
LINE
  8
0
 10
22.7689
 20
15.1251
 11
22.4628
 21
15.2637
  0
LINE
  8
0
 10
22.4628
 20
15.2637
 11
22.1844
 21
15.4626
  0
LINE
  8
0
 10
22.1844
 20
15.4626
 11
21.9531
 21
15.709
  0
LINE
  8
0
 10
21.9531
 20
15.709
 11
21.7745
 21
15.9966
  0
LINE
  8
0
 10
21.7745
 20
15.9966
 11
21.6551
 21
16.3132
  0
LINE
  8
0
 10
21.6551
 20
16.3132
 11
21.6006
 21
16.6466
  0
LINE
  8
0
 10
21.6006
 20
16.6466
 11
21.6116
 21
16.9858
  0
LINE
  8
0
 10
21.6116
 20
16.9858
 11
21.6881
 21
17.314
  0
LINE
  8
0
 10
21.6881
 20
17.314
 11
21.8284
 21
17.6224
  0
LINE
  8
0
 10
21.8284
 20
17.6224
 11
22.0244
 21
17.8967
  0
LINE
  8
0
 10
22.0244
 20
17.8967
 11
22.2714
 21
18.1275
  0
LINE
  8
0
 10
22.2714
 20
18.1275
 11
22.5584
 21
18.3061
  0
LINE
  8
0
 10
22.5584
 20
18.3061
 11
22.875
 21
18.4255
  0
LINE
  8
0
 10
22.875
 20
18.4255
 11
23.2084
 21
18.4806
  0
LINE
  8
0
 10
23.2084
 20
18.4806
 11
23.5476
 21
18.4702
  0
LINE
  8
0
 10
23.5476
 20
18.4702
 11
23.8758
 21
18.393
  0
LINE
  8
0
 10
23.8758
 20
18.393
 11
24.1831
 21
18.2539
  0
LINE
  8
0
 10
24.1831
 20
18.2539
 11
24.4603
 21
18.0556
  0
LINE
  8
0
 10
24.4603
 20
18.0556
 11
24.6917
 21
17.8091
  0
LINE
  8
0
 10
24.6917
 20
17.8091
 11
24.8702
 21
17.5215
  0
LINE
  8
0
 10
24.8702
 20
17.5215
 11
24.9897
 21
17.205
  0
LINE
  8
0
 10
24.9897
 20
17.205
 11
25.0442
 21
16.8716
  0
LINE
  8
0
 10
25.0442
 20
16.8716
 11
25.0332
 21
16.5329
  0
LINE
  8
0
 10
25.0332
 20
16.5329
 11
24.9566
 21
16.2047
  0
LINE
  8
0
 10
24.9566
 20
16.2047
 11
24.8169
 21
15.8963
  0
LINE
  8
0
 10
24.8169
 20
15.8963
 11
24.6198
 21
15.6208
  0
LINE
  8
0
 10
24.6198
 20
15.6208
 11
24.3733
 21
15.3907
  0
LINE
  8
0
 10
24.3733
 20
15.3907
 11
24.0857
 21
15.2115
  0
LINE
  8
0
 10
24.0857
 20
15.2115
 11
23.7691
 21
15.092
  0
LINE
  8
0
 10
23.7691
 20
15.092
 11
23.4357
 21
15.0375
  0
LINE
  8
0
 10
23.4357
 20
15.0375
 11
23.0965
 21
15.048
  0
LINE
  8
0
 10
-52.9035
 20
15.048
 11
-53.2311
 21
15.1251
  0
LINE
  8
0
 10
-53.2311
 20
15.1251
 11
-53.5372
 21
15.2637
  0
LINE
  8
0
 10
-53.5372
 20
15.2637
 11
-53.8156
 21
15.4626
  0
LINE
  8
0
 10
-53.8156
 20
15.4626
 11
-54.0469
 21
15.709
  0
LINE
  8
0
 10
-54.0469
 20
15.709
 11
-54.2255
 21
15.9966
  0
LINE
  8
0
 10
-54.2255
 20
15.9966
 11
-54.3449
 21
16.3132
  0
LINE
  8
0
 10
-54.3449
 20
16.3132
 11
-54.3994
 21
16.6466
  0
LINE
  8
0
 10
-54.3994
 20
16.6466
 11
-54.3884
 21
16.9858
  0
LINE
  8
0
 10
-54.3884
 20
16.9858
 11
-54.3119
 21
17.314
  0
LINE
  8
0
 10
-54.3119
 20
17.314
 11
-54.1716
 21
17.6224
  0
LINE
  8
0
 10
-54.1716
 20
17.6224
 11
-53.9756
 21
17.8967
  0
LINE
  8
0
 10
-53.9756
 20
17.8967
 11
-53.7286
 21
18.1275
  0
LINE
  8
0
 10
-53.7286
 20
18.1275
 11
-53.4416
 21
18.3061
  0
LINE
  8
0
 10
-53.4416
 20
18.3061
 11
-53.125
 21
18.4255
  0
LINE
  8
0
 10
-53.125
 20
18.4255
 11
-52.7916
 21
18.4806
  0
LINE
  8
0
 10
-52.7916
 20
18.4806
 11
-52.4524
 21
18.4702
  0
LINE
  8
0
 10
-52.4524
 20
18.4702
 11
-52.1242
 21
18.393
  0
LINE
  8
0
 10
-52.1242
 20
18.393
 11
-51.8169
 21
18.2539
  0
LINE
  8
0
 10
-51.8169
 20
18.2539
 11
-51.5397
 21
18.0556
  0
LINE
  8
0
 10
-51.5397
 20
18.0556
 11
-51.3083
 21
17.8091
  0
LINE
  8
0
 10
-51.3083
 20
17.8091
 11
-51.1298
 21
17.5215
  0
LINE
  8
0
 10
-51.1298
 20
17.5215
 11
-51.0103
 21
17.205
  0
LINE
  8
0
 10
-51.0103
 20
17.205
 11
-50.9558
 21
16.8716
  0
LINE
  8
0
 10
-50.9558
 20
16.8716
 11
-50.9668
 21
16.5329
  0
LINE
  8
0
 10
-50.9668
 20
16.5329
 11
-51.0434
 21
16.2047
  0
LINE
  8
0
 10
-51.0434
 20
16.2047
 11
-51.1831
 21
15.8963
  0
LINE
  8
0
 10
-51.1831
 20
15.8963
 11
-51.3802
 21
15.6208
  0
LINE
  8
0
 10
-51.3802
 20
15.6208
 11
-51.6267
 21
15.3907
  0
LINE
  8
0
 10
-51.6267
 20
15.3907
 11
-51.9143
 21
15.2115
  0
LINE
  8
0
 10
-51.9143
 20
15.2115
 11
-52.2309
 21
15.092
  0
LINE
  8
0
 10
-52.2309
 20
15.092
 11
-52.5643
 21
15.0375
  0
LINE
  8
0
 10
-52.5643
 20
15.0375
 11
-52.9035
 21
15.048
  0
LINE
  8
0
 10
-14.9035
 20
15.048
 11
-15.2311
 21
15.1251
  0
LINE
  8
0
 10
-15.2311
 20
15.1251
 11
-15.5372
 21
15.2637
  0
LINE
  8
0
 10
-15.5372
 20
15.2637
 11
-15.8156
 21
15.4626
  0
LINE
  8
0
 10
-15.8156
 20
15.4626
 11
-16.0469
 21
15.709
  0
LINE
  8
0
 10
-16.0469
 20
15.709
 11
-16.2255
 21
15.9966
  0
LINE
  8
0
 10
-16.2255
 20
15.9966
 11
-16.3449
 21
16.3132
  0
LINE
  8
0
 10
-16.3449
 20
16.3132
 11
-16.3994
 21
16.6466
  0
LINE
  8
0
 10
-16.3994
 20
16.6466
 11
-16.3884
 21
16.9858
  0
LINE
  8
0
 10
-16.3884
 20
16.9858
 11
-16.3119
 21
17.314
  0
LINE
  8
0
 10
-16.3119
 20
17.314
 11
-16.1716
 21
17.6224
  0
LINE
  8
0
 10
-16.1716
 20
17.6224
 11
-15.9756
 21
17.8967
  0
LINE
  8
0
 10
-15.9756
 20
17.8967
 11
-15.7286
 21
18.1275
  0
LINE
  8
0
 10
-15.7286
 20
18.1275
 11
-15.4416
 21
18.3061
  0
LINE
  8
0
 10
-15.4416
 20
18.3061
 11
-15.125
 21
18.4255
  0
LINE
  8
0
 10
-15.125
 20
18.4255
 11
-14.7916
 21
18.4806
  0
LINE
  8
0
 10
-14.7916
 20
18.4806
 11
-14.4524
 21
18.4702
  0
LINE
  8
0
 10
-14.4524
 20
18.4702
 11
-14.1242
 21
18.393
  0
LINE
  8
0
 10
-14.1242
 20
18.393
 11
-13.8169
 21
18.2539
  0
LINE
  8
0
 10
-13.8169
 20
18.2539
 11
-13.5397
 21
18.0556
  0
LINE
  8
0
 10
-13.5397
 20
18.0556
 11
-13.3083
 21
17.8091
  0
LINE
  8
0
 10
-13.3083
 20
17.8091
 11
-13.1298
 21
17.5215
  0
LINE
  8
0
 10
-13.1298
 20
17.5215
 11
-13.0103
 21
17.205
  0
LINE
  8
0
 10
-13.0103
 20
17.205
 11
-12.9558
 21
16.8716
  0
LINE
  8
0
 10
-12.9558
 20
16.8716
 11
-12.9668
 21
16.5329
  0
LINE
  8
0
 10
-12.9668
 20
16.5329
 11
-13.0434
 21
16.2047
  0
LINE
  8
0
 10
-13.0434
 20
16.2047
 11
-13.1831
 21
15.8963
  0
LINE
  8
0
 10
-13.1831
 20
15.8963
 11
-13.3802
 21
15.6208
  0
LINE
  8
0
 10
-13.3802
 20
15.6208
 11
-13.6267
 21
15.3907
  0
LINE
  8
0
 10
-13.6267
 20
15.3907
 11
-13.9143
 21
15.2115
  0
LINE
  8
0
 10
-13.9143
 20
15.2115
 11
-14.2309
 21
15.092
  0
LINE
  8
0
 10
-14.2309
 20
15.092
 11
-14.5643
 21
15.0375
  0
LINE
  8
0
 10
-14.5643
 20
15.0375
 11
-14.9035
 21
15.048
  0
LINE
  8
0
 10
47.0686
 20
15.4684
 11
46.6546
 21
15.5942
  0
LINE
  8
0
 10
46.6546
 20
15.5942
 11
46.2719
 21
15.7989
  0
LINE
  8
0
 10
46.2719
 20
15.7989
 11
45.9373
 21
16.0731
  0
LINE
  8
0
 10
45.9373
 20
16.0731
 11
45.6625
 21
16.4083
  0
LINE
  8
0
 10
45.6625
 20
16.4083
 11
45.4584
 21
16.7904
  0
LINE
  8
0
 10
45.4584
 20
16.7904
 11
45.3337
 21
17.2044
  0
LINE
  8
0
 10
45.3337
 20
17.2044
 11
45.2908
 21
17.6358
  0
LINE
  8
0
 10
45.2908
 20
17.6358
 11
45.3291
 21
18.0225
  0
LINE
  8
0
 10
45.3291
 20
18.0225
 11
45.3459
 21
18.0086
  0
LINE
  8
0
 10
45.3459
 20
18.0086
 11
46.0162
 21
17.6503
  0
LINE
  8
0
 10
46.0162
 20
17.6503
 11
46.7439
 21
17.4299
  0
LINE
  8
0
 10
46.7439
 20
17.4299
 11
47.5
 21
17.3551
  0
LINE
  8
0
 10
47.5
 20
17.3551
 11
48.2555
 21
17.4299
  0
LINE
  8
0
 10
48.2555
 20
17.4299
 11
48.9832
 21
17.6503
  0
LINE
  8
0
 10
48.9832
 20
17.6503
 11
49.6535
 21
18.0086
  0
LINE
  8
0
 10
49.6535
 20
18.0086
 11
49.6703
 21
18.0225
  0
LINE
  8
0
 10
49.6703
 20
18.0225
 11
49.7086
 21
17.6346
  0
LINE
  8
0
 10
49.7086
 20
17.6346
 11
49.6663
 21
17.2044
  0
LINE
  8
0
 10
49.6663
 20
17.2044
 11
49.541
 21
16.7904
  0
LINE
  8
0
 10
49.541
 20
16.7904
 11
49.3363
 21
16.4077
  0
LINE
  8
0
 10
49.3363
 20
16.4077
 11
49.0615
 21
16.0725
  0
LINE
  8
0
 10
49.0615
 20
16.0725
 11
48.7275
 21
15.7989
  0
LINE
  8
0
 10
48.7275
 20
15.7989
 11
48.3448
 21
15.5942
  0
LINE
  8
0
 10
48.3448
 20
15.5942
 11
47.9308
 21
15.4689
  0
LINE
  8
0
 10
47.9308
 20
15.4689
 11
47.5
 21
15.4266
  0
LINE
  8
0
 10
47.5
 20
15.4266
 11
47.0686
 21
15.4684
  0
LINE
  8
0
 10
-28.9314
 20
15.4684
 11
-29.3454
 21
15.5942
  0
LINE
  8
0
 10
-29.3454
 20
15.5942
 11
-29.7281
 21
15.7989
  0
LINE
  8
0
 10
-29.7281
 20
15.7989
 11
-30.0627
 21
16.0731
  0
LINE
  8
0
 10
-30.0627
 20
16.0731
 11
-30.3375
 21
16.4083
  0
LINE
  8
0
 10
-30.3375
 20
16.4083
 11
-30.5416
 21
16.7904
  0
LINE
  8
0
 10
-30.5416
 20
16.7904
 11
-30.6663
 21
17.2044
  0
LINE
  8
0
 10
-30.6663
 20
17.2044
 11
-30.7092
 21
17.6358
  0
LINE
  8
0
 10
-30.7092
 20
17.6358
 11
-30.6709
 21
18.0225
  0
LINE
  8
0
 10
-30.6709
 20
18.0225
 11
-30.6541
 21
18.0086
  0
LINE
  8
0
 10
-30.6541
 20
18.0086
 11
-29.9838
 21
17.6503
  0
LINE
  8
0
 10
-29.9838
 20
17.6503
 11
-29.2561
 21
17.4299
  0
LINE
  8
0
 10
-29.2561
 20
17.4299
 11
-28.5
 21
17.3551
  0
LINE
  8
0
 10
-28.5
 20
17.3551
 11
-27.7445
 21
17.4299
  0
LINE
  8
0
 10
-27.7445
 20
17.4299
 11
-27.0168
 21
17.6503
  0
LINE
  8
0
 10
-27.0168
 20
17.6503
 11
-26.3465
 21
18.0086
  0
LINE
  8
0
 10
-26.3465
 20
18.0086
 11
-26.3297
 21
18.0225
  0
LINE
  8
0
 10
-26.3297
 20
18.0225
 11
-26.2914
 21
17.6346
  0
LINE
  8
0
 10
-26.2914
 20
17.6346
 11
-26.3337
 21
17.2044
  0
LINE
  8
0
 10
-26.3337
 20
17.2044
 11
-26.459
 21
16.7904
  0
LINE
  8
0
 10
-26.459
 20
16.7904
 11
-26.6637
 21
16.4077
  0
LINE
  8
0
 10
-26.6637
 20
16.4077
 11
-26.9385
 21
16.0725
  0
LINE
  8
0
 10
-26.9385
 20
16.0725
 11
-27.2725
 21
15.7989
  0
LINE
  8
0
 10
-27.2725
 20
15.7989
 11
-27.6552
 21
15.5942
  0
LINE
  8
0
 10
-27.6552
 20
15.5942
 11
-28.0692
 21
15.4689
  0
LINE
  8
0
 10
-28.0692
 20
15.4689
 11
-28.5
 21
15.4266
  0
LINE
  8
0
 10
-28.5
 20
15.4266
 11
-28.9314
 21
15.4684
  0
LINE
  8
0
 10
9.0686
 20
15.4684
 11
8.6546
 21
15.5942
  0
LINE
  8
0
 10
8.6546
 20
15.5942
 11
8.27191
 21
15.7989
  0
LINE
  8
0
 10
8.27191
 20
15.7989
 11
7.93735
 21
16.0731
  0
LINE
  8
0
 10
7.93735
 20
16.0731
 11
7.66251
 21
16.4083
  0
LINE
  8
0
 10
7.66251
 20
16.4083
 11
7.4584
 21
16.7904
  0
LINE
  8
0
 10
7.4584
 20
16.7904
 11
7.33374
 21
17.2044
  0
LINE
  8
0
 10
7.33374
 20
17.2044
 11
7.29083
 21
17.6358
  0
LINE
  8
0
 10
7.29083
 20
17.6358
 11
7.3291
 21
18.0225
  0
LINE
  8
0
 10
7.3291
 20
18.0225
 11
7.34592
 21
18.0086
  0
LINE
  8
0
 10
7.34592
 20
18.0086
 11
8.0162
 21
17.6503
  0
LINE
  8
0
 10
8.0162
 20
17.6503
 11
8.7439
 21
17.4299
  0
LINE
  8
0
 10
8.7439
 20
17.4299
 11
9.5
 21
17.3551
  0
LINE
  8
0
 10
9.5
 20
17.3551
 11
10.2555
 21
17.4299
  0
LINE
  8
0
 10
10.2555
 20
17.4299
 11
10.9832
 21
17.6503
  0
LINE
  8
0
 10
10.9832
 20
17.6503
 11
11.6535
 21
18.0086
  0
LINE
  8
0
 10
11.6535
 20
18.0086
 11
11.6703
 21
18.0225
  0
LINE
  8
0
 10
11.6703
 20
18.0225
 11
11.7086
 21
17.6346
  0
LINE
  8
0
 10
11.7086
 20
17.6346
 11
11.6663
 21
17.2044
  0
LINE
  8
0
 10
11.6663
 20
17.2044
 11
11.541
 21
16.7904
  0
LINE
  8
0
 10
11.541
 20
16.7904
 11
11.3363
 21
16.4077
  0
LINE
  8
0
 10
11.3363
 20
16.4077
 11
11.0615
 21
16.0725
  0
LINE
  8
0
 10
11.0615
 20
16.0725
 11
10.7275
 21
15.7989
  0
LINE
  8
0
 10
10.7275
 20
15.7989
 11
10.3448
 21
15.5942
  0
LINE
  8
0
 10
10.3448
 20
15.5942
 11
9.93082
 21
15.4689
  0
LINE
  8
0
 10
9.93082
 20
15.4689
 11
9.5
 21
15.4266
  0
LINE
  8
0
 10
9.5
 20
15.4266
 11
9.0686
 21
15.4684
  0
LINE
  8
0
 10
3.91678
 20
17.9808
 11
4.20322
 21
17.8938
  0
LINE
  8
0
 10
4.20322
 20
17.8938
 11
4.19742
 21
17.8265
  0
LINE
  8
0
 10
4.19742
 20
17.8265
 11
4.19452
 21
17.819
  0
LINE
  8
0
 10
4.19452
 20
17.819
 11
4.13654
 21
17.7755
  0
LINE
  8
0
 10
4.13654
 20
17.7755
 11
3.91678
 21
17.9808
  0
LINE
  8
0
 10
-34.0832
 20
17.9808
 11
-33.7968
 21
17.8938
  0
LINE
  8
0
 10
-33.7968
 20
17.8938
 11
-33.8026
 21
17.8265
  0
LINE
  8
0
 10
-33.8026
 20
17.8265
 11
-33.8055
 21
17.819
  0
LINE
  8
0
 10
-33.8055
 20
17.819
 11
-33.8635
 21
17.7755
  0
LINE
  8
0
 10
-33.8635
 20
17.7755
 11
-34.0832
 21
17.9808
  0
LINE
  8
0
 10
41.9168
 20
17.9808
 11
42.2032
 21
17.8938
  0
LINE
  8
0
 10
42.2032
 20
17.8938
 11
42.1974
 21
17.8265
  0
LINE
  8
0
 10
42.1974
 20
17.8265
 11
42.1945
 21
17.819
  0
LINE
  8
0
 10
42.1945
 20
17.819
 11
42.1365
 21
17.7755
  0
LINE
  8
0
 10
42.1365
 20
17.7755
 11
41.9168
 21
17.9808
  0
LINE
  8
0
 10
-23.1957
 20
17.8202
 11
-23.1974
 21
17.8265
  0
LINE
  8
0
 10
-23.1974
 20
17.8265
 11
-23.2038
 21
17.8938
  0
LINE
  8
0
 10
-23.2038
 20
17.8938
 11
-22.9191
 21
17.9802
  0
LINE
  8
0
 10
-22.9191
 20
17.9802
 11
-23.1371
 21
17.7761
  0
LINE
  8
0
 10
-23.1371
 20
17.7761
 11
-23.1957
 21
17.8202
  0
LINE
  8
0
 10
14.8043
 20
17.8202
 11
14.8026
 21
17.8265
  0
LINE
  8
0
 10
14.8026
 20
17.8265
 11
14.7962
 21
17.8938
  0
LINE
  8
0
 10
14.7962
 20
17.8938
 11
15.0809
 21
17.9802
  0
LINE
  8
0
 10
15.0809
 20
17.9802
 11
14.8629
 21
17.7761
  0
LINE
  8
0
 10
14.8629
 20
17.7761
 11
14.8043
 21
17.8202
  0
LINE
  8
0
 10
52.8043
 20
17.8202
 11
52.8026
 21
17.8265
  0
LINE
  8
0
 10
52.8026
 20
17.8265
 11
52.7962
 21
17.8938
  0
LINE
  8
0
 10
52.7962
 20
17.8938
 11
53.0809
 21
17.9802
  0
LINE
  8
0
 10
53.0809
 20
17.9802
 11
52.8629
 21
17.7761
  0
LINE
  8
0
 10
52.8629
 20
17.7761
 11
52.8043
 21
17.8202
  0
LINE
  8
0
 10
41.9776
 20
12
 11
41.6431
 21
12.466
  0
LINE
  8
0
 10
41.6431
 20
12.466
 11
40.9496
 21
13.1165
  0
LINE
  8
0
 10
40.9496
 20
13.1165
 11
40.1431
 21
13.6175
  0
LINE
  8
0
 10
40.1431
 20
13.6175
 11
39.2542
 21
13.9521
  0
LINE
  8
0
 10
39.2542
 20
13.9521
 11
38.3172
 21
14.1069
  0
LINE
  8
0
 10
38.3172
 20
14.1069
 11
37.3686
 21
14.0762
  0
LINE
  8
0
 10
37.3686
 20
14.0762
 11
36.9389
 21
13.9753
  0
LINE
  8
0
 10
36.9389
 20
13.9753
 11
36.9035
 21
14.0536
  0
LINE
  8
0
 10
36.9035
 20
14.0536
 11
36.7812
 21
14.5795
  0
LINE
  8
0
 10
36.7812
 20
14.5795
 11
36.7626
 21
15.1222
  0
LINE
  8
0
 10
36.7626
 20
15.1222
 11
36.8513
 21
15.6556
  0
LINE
  8
0
 10
36.8513
 20
15.6556
 11
37.0421
 21
16.1624
  0
LINE
  8
0
 10
37.0421
 20
16.1624
 11
37.3274
 21
16.6228
  0
LINE
  8
0
 10
37.3274
 20
16.6228
 11
37.6979
 21
17.0177
  0
LINE
  8
0
 10
37.6979
 20
17.0177
 11
38.1374
 21
17.3331
  0
LINE
  8
0
 10
38.1374
 20
17.3331
 11
38.6314
 21
17.5569
  0
LINE
  8
0
 10
38.6314
 20
17.5569
 11
39.1573
 21
17.6793
  0
LINE
  8
0
 10
39.1573
 20
17.6793
 11
39.7007
 21
17.6978
  0
LINE
  8
0
 10
39.7007
 20
17.6978
 11
40.2335
 21
17.6091
  0
LINE
  8
0
 10
40.2335
 20
17.6091
 11
40.7409
 21
17.4189
  0
LINE
  8
0
 10
40.7409
 20
17.4189
 11
41.2018
 21
17.1319
  0
LINE
  8
0
 10
41.2018
 20
17.1319
 11
41.5961
 21
16.762
  0
LINE
  8
0
 10
41.5961
 20
16.762
 11
41.9116
 21
16.3224
  0
LINE
  8
0
 10
41.9116
 20
16.3224
 11
42.1348
 21
15.8284
  0
LINE
  8
0
 10
42.1348
 20
15.8284
 11
42.2583
 21
15.3014
  0
LINE
  8
0
 10
42.2583
 20
15.3014
 11
42.2763
 21
14.7598
  0
LINE
  8
0
 10
42.2763
 20
14.7598
 11
42.1922
 21
14.2571
  0
LINE
  8
0
 10
42.1922
 20
14.2571
 11
42.6074
 21
14.1887
  0
LINE
  8
0
 10
42.6074
 20
14.1887
 11
43.1153
 21
13.9973
  0
LINE
  8
0
 10
43.1153
 20
13.9973
 11
43.5757
 21
13.7115
  0
LINE
  8
0
 10
43.5757
 20
13.7115
 11
43.9706
 21
13.3409
  0
LINE
  8
0
 10
43.9706
 20
13.3409
 11
44.2854
 21
12.902
  0
LINE
  8
0
 10
44.2854
 20
12.902
 11
44.5086
 21
12.4074
  0
LINE
  8
0
 10
44.5086
 20
12.4074
 11
44.6039
 21
12
  0
LINE
  8
0
 10
44.6039
 20
12
 11
41.9776
 21
12
  0
LINE
  8
0
 10
-34.0224
 20
12
 11
-34.3569
 21
12.466
  0
LINE
  8
0
 10
-34.3569
 20
12.466
 11
-35.0504
 21
13.1165
  0
LINE
  8
0
 10
-35.0504
 20
13.1165
 11
-35.8569
 21
13.6175
  0
LINE
  8
0
 10
-35.8569
 20
13.6175
 11
-36.7458
 21
13.9521
  0
LINE
  8
0
 10
-36.7458
 20
13.9521
 11
-37.6828
 21
14.1069
  0
LINE
  8
0
 10
-37.6828
 20
14.1069
 11
-38.6314
 21
14.0762
  0
LINE
  8
0
 10
-38.6314
 20
14.0762
 11
-39.0611
 21
13.9753
  0
LINE
  8
0
 10
-39.0611
 20
13.9753
 11
-39.0965
 21
14.0536
  0
LINE
  8
0
 10
-39.0965
 20
14.0536
 11
-39.2188
 21
14.5795
  0
LINE
  8
0
 10
-39.2188
 20
14.5795
 11
-39.2374
 21
15.1222
  0
LINE
  8
0
 10
-39.2374
 20
15.1222
 11
-39.1487
 21
15.6556
  0
LINE
  8
0
 10
-39.1487
 20
15.6556
 11
-38.9579
 21
16.1624
  0
LINE
  8
0
 10
-38.9579
 20
16.1624
 11
-38.6726
 21
16.6228
  0
LINE
  8
0
 10
-38.6726
 20
16.6228
 11
-38.3021
 21
17.0177
  0
LINE
  8
0
 10
-38.3021
 20
17.0177
 11
-37.8626
 21
17.3331
  0
LINE
  8
0
 10
-37.8626
 20
17.3331
 11
-37.3686
 21
17.5569
  0
LINE
  8
0
 10
-37.3686
 20
17.5569
 11
-36.8427
 21
17.6793
  0
LINE
  8
0
 10
-36.8427
 20
17.6793
 11
-36.2993
 21
17.6978
  0
LINE
  8
0
 10
-36.2993
 20
17.6978
 11
-35.7665
 21
17.6091
  0
LINE
  8
0
 10
-35.7665
 20
17.6091
 11
-35.2591
 21
17.4189
  0
LINE
  8
0
 10
-35.2591
 20
17.4189
 11
-34.7982
 21
17.1319
  0
LINE
  8
0
 10
-34.7982
 20
17.1319
 11
-34.4039
 21
16.762
  0
LINE
  8
0
 10
-34.4039
 20
16.762
 11
-34.0884
 21
16.3224
  0
LINE
  8
0
 10
-34.0884
 20
16.3224
 11
-33.8652
 21
15.8284
  0
LINE
  8
0
 10
-33.8652
 20
15.8284
 11
-33.7417
 21
15.3014
  0
LINE
  8
0
 10
-33.7417
 20
15.3014
 11
-33.7237
 21
14.7598
  0
LINE
  8
0
 10
-33.7237
 20
14.7598
 11
-33.8078
 21
14.2571
  0
LINE
  8
0
 10
-33.8078
 20
14.2571
 11
-33.3926
 21
14.1887
  0
LINE
  8
0
 10
-33.3926
 20
14.1887
 11
-32.8847
 21
13.9973
  0
LINE
  8
0
 10
-32.8847
 20
13.9973
 11
-32.4243
 21
13.7115
  0
LINE
  8
0
 10
-32.4243
 20
13.7115
 11
-32.0294
 21
13.3409
  0
LINE
  8
0
 10
-32.0294
 20
13.3409
 11
-31.7146
 21
12.902
  0
LINE
  8
0
 10
-31.7146
 20
12.902
 11
-31.4914
 21
12.4074
  0
LINE
  8
0
 10
-31.4914
 20
12.4074
 11
-31.3961
 21
12
  0
LINE
  8
0
 10
-31.3961
 20
12
 11
-34.0224
 21
12
  0
LINE
  8
0
 10
3.97758
 20
12
 11
3.6431
 21
12.466
  0
LINE
  8
0
 10
3.6431
 20
12.466
 11
2.94962
 21
13.1165
  0
LINE
  8
0
 10
2.94962
 20
13.1165
 11
2.14307
 21
13.6175
  0
LINE
  8
0
 10
2.14307
 20
13.6175
 11
1.25418
 21
13.9521
  0
LINE
  8
0
 10
1.25418
 20
13.9521
 11
0.317169
 21
14.1069
  0
LINE
  8
0
 10
0.317169
 20
14.1069
 11
-0.631439
 21
14.0762
  0
LINE
  8
0
 10
-0.631439
 20
14.0762
 11
-1.0611
 21
13.9753
  0
LINE
  8
0
 10
-1.0611
 20
13.9753
 11
-1.09647
 21
14.0536
  0
LINE
  8
0
 10
-1.09647
 20
14.0536
 11
-1.21881
 21
14.5795
  0
LINE
  8
0
 10
-1.21881
 20
14.5795
 11
-1.23737
 21
15.1222
  0
LINE
  8
0
 10
-1.23737
 20
15.1222
 11
-1.14865
 21
15.6556
  0
LINE
  8
0
 10
-1.14865
 20
15.6556
 11
-0.957886
 21
16.1624
  0
LINE
  8
0
 10
-0.957886
 20
16.1624
 11
-0.672607
 21
16.6228
  0
LINE
  8
0
 10
-0.672607
 20
16.6228
 11
-0.302094
 21
17.0177
  0
LINE
  8
0
 10
-0.302094
 20
17.0177
 11
0.137421
 21
17.3331
  0
LINE
  8
0
 10
0.137421
 20
17.3331
 11
0.631439
 21
17.5569
  0
LINE
  8
0
 10
0.631439
 20
17.5569
 11
1.15735
 21
17.6793
  0
LINE
  8
0
 10
1.15735
 20
17.6793
 11
1.70065
 21
17.6978
  0
LINE
  8
0
 10
1.70065
 20
17.6978
 11
2.23352
 21
17.6091
  0
LINE
  8
0
 10
2.23352
 20
17.6091
 11
2.74088
 21
17.4189
  0
LINE
  8
0
 10
2.74088
 20
17.4189
 11
3.20184
 21
17.1319
  0
LINE
  8
0
 10
3.20184
 20
17.1319
 11
3.59613
 21
16.762
  0
LINE
  8
0
 10
3.59613
 20
16.762
 11
3.91156
 21
16.3224
  0
LINE
  8
0
 10
3.91156
 20
16.3224
 11
4.1348
 21
15.8284
  0
LINE
  8
0
 10
4.1348
 20
15.8284
 11
4.2583
 21
15.3014
  0
LINE
  8
0
 10
4.2583
 20
15.3014
 11
4.27628
 21
14.7598
  0
LINE
  8
0
 10
4.27628
 20
14.7598
 11
4.1922
 21
14.2571
  0
LINE
  8
0
 10
4.1922
 20
14.2571
 11
4.60736
 21
14.1887
  0
LINE
  8
0
 10
4.60736
 20
14.1887
 11
5.1153
 21
13.9973
  0
LINE
  8
0
 10
5.1153
 20
13.9973
 11
5.57568
 21
13.7115
  0
LINE
  8
0
 10
5.57568
 20
13.7115
 11
5.97055
 21
13.3409
  0
LINE
  8
0
 10
5.97055
 20
13.3409
 11
6.2854
 21
12.902
  0
LINE
  8
0
 10
6.2854
 20
12.902
 11
6.50864
 21
12.4074
  0
LINE
  8
0
 10
6.50864
 20
12.4074
 11
6.60387
 21
12
  0
LINE
  8
0
 10
6.60387
 20
12
 11
3.97758
 21
12
  0
LINE
  8
0
 10
50.395
 20
12
 11
50.4908
 21
12.408
  0
LINE
  8
0
 10
50.4908
 20
12.408
 11
50.714
 21
12.902
  0
LINE
  8
0
 10
50.714
 20
12.902
 11
51.0294
 21
13.3415
  0
LINE
  8
0
 10
51.0294
 20
13.3415
 11
51.4243
 21
13.712
  0
LINE
  8
0
 10
51.4243
 20
13.712
 11
51.8847
 21
13.9979
  0
LINE
  8
0
 10
51.8847
 20
13.9979
 11
52.3921
 21
14.1892
  0
LINE
  8
0
 10
52.3921
 20
14.1892
 11
52.8078
 21
14.2577
  0
LINE
  8
0
 10
52.8078
 20
14.2577
 11
52.7243
 21
14.7604
  0
LINE
  8
0
 10
52.7243
 20
14.7604
 11
52.7411
 21
15.3019
  0
LINE
  8
0
 10
52.7411
 20
15.3019
 11
52.8646
 21
15.829
  0
LINE
  8
0
 10
52.8646
 20
15.829
 11
53.0884
 21
16.323
  0
LINE
  8
0
 10
53.0884
 20
16.323
 11
53.4033
 21
16.7625
  0
LINE
  8
0
 10
53.4033
 20
16.7625
 11
53.7982
 21
17.1325
  0
LINE
  8
0
 10
53.7982
 20
17.1325
 11
54.2591
 21
17.4195
  0
LINE
  8
0
 10
54.2591
 20
17.4195
 11
54.7659
 21
17.6097
  0
LINE
  8
0
 10
54.7659
 20
17.6097
 11
55.2993
 21
17.6972
  0
LINE
  8
0
 10
55.2993
 20
17.6972
 11
55.8421
 21
17.6804
  0
LINE
  8
0
 10
55.8421
 20
17.6804
 11
56.368
 21
17.5575
  0
LINE
  8
0
 10
56.368
 20
17.5575
 11
56.7311
 21
17.393
  0
LINE
  8
0
 10
56.7311
 20
17.393
 11
57.8232
 21
14.0318
  0
LINE
  8
0
 10
57.8232
 20
14.0318
 11
57.632
 21
14.0768
  0
LINE
  8
0
 10
57.632
 20
14.0768
 11
56.6828
 21
14.1075
  0
LINE
  8
0
 10
56.6828
 20
14.1075
 11
55.7452
 21
13.9527
  0
LINE
  8
0
 10
55.7452
 20
13.9527
 11
54.8569
 21
13.6181
  0
LINE
  8
0
 10
54.8569
 20
13.6181
 11
54.0504
 21
13.1171
  0
LINE
  8
0
 10
54.0504
 20
13.1171
 11
53.3569
 21
12.4666
  0
LINE
  8
0
 10
53.3569
 20
12.4666
 11
53.0219
 21
12
  0
LINE
  8
0
 10
53.0219
 20
12
 11
50.395
 21
12
  0
LINE
  8
0
 10
12.395
 20
12
 11
12.4908
 21
12.408
  0
LINE
  8
0
 10
12.4908
 20
12.408
 11
12.714
 21
12.902
  0
LINE
  8
0
 10
12.714
 20
12.902
 11
13.0294
 21
13.3415
  0
LINE
  8
0
 10
13.0294
 20
13.3415
 11
13.4243
 21
13.712
  0
LINE
  8
0
 10
13.4243
 20
13.712
 11
13.8847
 21
13.9979
  0
LINE
  8
0
 10
13.8847
 20
13.9979
 11
14.3921
 21
14.1892
  0
LINE
  8
0
 10
14.3921
 20
14.1892
 11
14.8078
 21
14.2577
  0
LINE
  8
0
 10
14.8078
 20
14.2577
 11
14.7243
 21
14.7604
  0
LINE
  8
0
 10
14.7243
 20
14.7604
 11
14.7411
 21
15.3019
  0
LINE
  8
0
 10
14.7411
 20
15.3019
 11
14.8646
 21
15.829
  0
LINE
  8
0
 10
14.8646
 20
15.829
 11
15.0884
 21
16.323
  0
LINE
  8
0
 10
15.0884
 20
16.323
 11
15.4033
 21
16.7625
  0
LINE
  8
0
 10
15.4033
 20
16.7625
 11
15.7982
 21
17.1325
  0
LINE
  8
0
 10
15.7982
 20
17.1325
 11
16.2591
 21
17.4195
  0
LINE
  8
0
 10
16.2591
 20
17.4195
 11
16.7659
 21
17.6097
  0
LINE
  8
0
 10
16.7659
 20
17.6097
 11
17.2993
 21
17.6972
  0
LINE
  8
0
 10
17.2993
 20
17.6972
 11
17.8421
 21
17.6804
  0
LINE
  8
0
 10
17.8421
 20
17.6804
 11
18.368
 21
17.5575
  0
LINE
  8
0
 10
18.368
 20
17.5575
 11
18.862
 21
17.3337
  0
LINE
  8
0
 10
18.862
 20
17.3337
 11
19.3027
 21
17.0182
  0
LINE
  8
0
 10
19.3027
 20
17.0182
 11
19.6726
 21
16.6234
  0
LINE
  8
0
 10
19.6726
 20
16.6234
 11
19.9585
 21
16.1624
  0
LINE
  8
0
 10
19.9585
 20
16.1624
 11
20.1487
 21
15.6562
  0
LINE
  8
0
 10
20.1487
 20
15.6562
 11
20.2374
 21
15.1228
  0
LINE
  8
0
 10
20.2374
 20
15.1228
 11
20.22
 21
14.58
  0
LINE
  8
0
 10
20.22
 20
14.58
 11
20.0965
 21
14.0541
  0
LINE
  8
0
 10
20.0965
 20
14.0541
 11
20.0611
 21
13.9759
  0
LINE
  8
0
 10
20.0611
 20
13.9759
 11
19.632
 21
14.0768
  0
LINE
  8
0
 10
19.632
 20
14.0768
 11
18.6828
 21
14.1075
  0
LINE
  8
0
 10
18.6828
 20
14.1075
 11
17.7452
 21
13.9527
  0
LINE
  8
0
 10
17.7452
 20
13.9527
 11
16.8569
 21
13.6181
  0
LINE
  8
0
 10
16.8569
 20
13.6181
 11
16.0504
 21
13.1171
  0
LINE
  8
0
 10
16.0504
 20
13.1171
 11
15.3569
 21
12.4666
  0
LINE
  8
0
 10
15.3569
 20
12.4666
 11
15.0219
 21
12
  0
LINE
  8
0
 10
15.0219
 20
12
 11
12.395
 21
12
  0
LINE
  8
0
 10
-25.605
 20
12
 11
-25.5092
 21
12.408
  0
LINE
  8
0
 10
-25.5092
 20
12.408
 11
-25.286
 21
12.902
  0
LINE
  8
0
 10
-25.286
 20
12.902
 11
-24.9706
 21
13.3415
  0
LINE
  8
0
 10
-24.9706
 20
13.3415
 11
-24.5757
 21
13.712
  0
LINE
  8
0
 10
-24.5757
 20
13.712
 11
-24.1153
 21
13.9979
  0
LINE
  8
0
 10
-24.1153
 20
13.9979
 11
-23.6079
 21
14.1892
  0
LINE
  8
0
 10
-23.6079
 20
14.1892
 11
-23.1922
 21
14.2577
  0
LINE
  8
0
 10
-23.1922
 20
14.2577
 11
-23.2757
 21
14.7604
  0
LINE
  8
0
 10
-23.2757
 20
14.7604
 11
-23.2589
 21
15.3019
  0
LINE
  8
0
 10
-23.2589
 20
15.3019
 11
-23.1354
 21
15.829
  0
LINE
  8
0
 10
-23.1354
 20
15.829
 11
-22.9116
 21
16.323
  0
LINE
  8
0
 10
-22.9116
 20
16.323
 11
-22.5967
 21
16.7625
  0
LINE
  8
0
 10
-22.5967
 20
16.7625
 11
-22.2018
 21
17.1325
  0
LINE
  8
0
 10
-22.2018
 20
17.1325
 11
-21.7409
 21
17.4195
  0
LINE
  8
0
 10
-21.7409
 20
17.4195
 11
-21.2341
 21
17.6097
  0
LINE
  8
0
 10
-21.2341
 20
17.6097
 11
-20.7007
 21
17.6972
  0
LINE
  8
0
 10
-20.7007
 20
17.6972
 11
-20.1579
 21
17.6804
  0
LINE
  8
0
 10
-20.1579
 20
17.6804
 11
-19.632
 21
17.5575
  0
LINE
  8
0
 10
-19.632
 20
17.5575
 11
-19.138
 21
17.3337
  0
LINE
  8
0
 10
-19.138
 20
17.3337
 11
-18.6973
 21
17.0182
  0
LINE
  8
0
 10
-18.6973
 20
17.0182
 11
-18.3274
 21
16.6234
  0
LINE
  8
0
 10
-18.3274
 20
16.6234
 11
-18.0415
 21
16.1624
  0
LINE
  8
0
 10
-18.0415
 20
16.1624
 11
-17.8513
 21
15.6562
  0
LINE
  8
0
 10
-17.8513
 20
15.6562
 11
-17.7626
 21
15.1228
  0
LINE
  8
0
 10
-17.7626
 20
15.1228
 11
-17.78
 21
14.58
  0
LINE
  8
0
 10
-17.78
 20
14.58
 11
-17.9035
 21
14.0541
  0
LINE
  8
0
 10
-17.9035
 20
14.0541
 11
-17.9389
 21
13.9759
  0
LINE
  8
0
 10
-17.9389
 20
13.9759
 11
-18.368
 21
14.0768
  0
LINE
  8
0
 10
-18.368
 20
14.0768
 11
-19.3172
 21
14.1075
  0
LINE
  8
0
 10
-19.3172
 20
14.1075
 11
-20.2548
 21
13.9527
  0
LINE
  8
0
 10
-20.2548
 20
13.9527
 11
-21.1431
 21
13.6181
  0
LINE
  8
0
 10
-21.1431
 20
13.6181
 11
-21.9496
 21
13.1171
  0
LINE
  8
0
 10
-21.9496
 20
13.1171
 11
-22.6431
 21
12.4666
  0
LINE
  8
0
 10
-22.6431
 20
12.4666
 11
-22.9781
 21
12
  0
LINE
  8
0
 10
-22.9781
 20
12
 11
-25.605
 21
12
  0
LINE
  8
0
 10
-56.368
 20
14.0768
 11
-57.3172
 21
14.1075
  0
LINE
  8
0
 10
-57.3172
 20
14.1075
 11
-57.8259
 21
14.0235
  0
LINE
  8
0
 10
-57.8259
 20
14.0235
 11
-56.8235
 21
17.1086
  0
LINE
  8
0
 10
-56.8235
 20
17.1086
 11
-56.6973
 21
17.0182
  0
LINE
  8
0
 10
-56.6973
 20
17.0182
 11
-56.3274
 21
16.6234
  0
LINE
  8
0
 10
-56.3274
 20
16.6234
 11
-56.0415
 21
16.1624
  0
LINE
  8
0
 10
-56.0415
 20
16.1624
 11
-55.8513
 21
15.6562
  0
LINE
  8
0
 10
-55.8513
 20
15.6562
 11
-55.7626
 21
15.1228
  0
LINE
  8
0
 10
-55.7626
 20
15.1228
 11
-55.78
 21
14.58
  0
LINE
  8
0
 10
-55.78
 20
14.58
 11
-55.9035
 21
14.0541
  0
LINE
  8
0
 10
-55.9035
 20
14.0541
 11
-55.9389
 21
13.9759
  0
LINE
  8
0
 10
-55.9389
 20
13.9759
 11
-56.368
 21
14.0768
  0
LINE
  8
0
 10
-30.2624
 20
12
 11
-30.2633
 21
12.0265
  0
LINE
  8
0
 10
-30.2633
 20
12.0265
 11
-30.4361
 21
12.7663
  0
LINE
  8
0
 10
-30.4361
 20
12.7663
 11
-30.7498
 21
13.4586
  0
LINE
  8
0
 10
-30.7498
 20
13.4586
 11
-31.1922
 21
14.0756
  0
LINE
  8
0
 10
-31.1922
 20
14.0756
 11
-31.7465
 21
14.5951
  0
LINE
  8
0
 10
-31.7465
 20
14.5951
 11
-32.3918
 21
14.9969
  0
LINE
  8
0
 10
-32.3918
 20
14.9969
 11
-32.4133
 21
15.0051
  0
LINE
  8
0
 10
-32.4133
 20
15.0051
 11
-32.0967
 21
15.2312
  0
LINE
  8
0
 10
-32.0967
 20
15.2312
 11
-31.7018
 21
15.4098
  0
LINE
  8
0
 10
-31.7018
 20
15.4098
 11
-31.2815
 21
15.5084
  0
LINE
  8
0
 10
-31.2815
 20
15.5084
 11
-30.8477
 21
15.5234
  0
LINE
  8
0
 10
-30.8477
 20
15.5234
 11
-30.4204
 21
15.4527
  0
LINE
  8
0
 10
-30.4204
 20
15.4527
 11
-30.0151
 21
15.2996
  0
LINE
  8
0
 10
-30.0151
 20
15.2996
 11
-29.6469
 21
15.0706
  0
LINE
  8
0
 10
-29.6469
 20
15.0706
 11
-29.3309
 21
14.7749
  0
LINE
  8
0
 10
-29.3309
 20
14.7749
 11
-29.0793
 21
14.4235
  0
LINE
  8
0
 10
-29.0793
 20
14.4235
 11
-28.9001
 21
14.028
  0
LINE
  8
0
 10
-28.9001
 20
14.028
 11
-28.8021
 21
13.6071
  0
LINE
  8
0
 10
-28.8021
 20
13.6071
 11
-28.7876
 21
13.1734
  0
LINE
  8
0
 10
-28.7876
 20
13.1734
 11
-28.8578
 21
12.7466
  0
LINE
  8
0
 10
-28.8578
 20
12.7466
 11
-29.0108
 21
12.3413
  0
LINE
  8
0
 10
-29.0108
 20
12.3413
 11
-29.2228
 21
12
  0
LINE
  8
0
 10
-29.2228
 20
12
 11
-30.2624
 21
12
  0
LINE
  8
0
 10
45.7376
 20
12
 11
45.7367
 21
12.0265
  0
LINE
  8
0
 10
45.7367
 20
12.0265
 11
45.5639
 21
12.7663
  0
LINE
  8
0
 10
45.5639
 20
12.7663
 11
45.2502
 21
13.4586
  0
LINE
  8
0
 10
45.2502
 20
13.4586
 11
44.8078
 21
14.0756
  0
LINE
  8
0
 10
44.8078
 20
14.0756
 11
44.2535
 21
14.5951
  0
LINE
  8
0
 10
44.2535
 20
14.5951
 11
43.6082
 21
14.9969
  0
LINE
  8
0
 10
43.6082
 20
14.9969
 11
43.5867
 21
15.0051
  0
LINE
  8
0
 10
43.5867
 20
15.0051
 11
43.9033
 21
15.2312
  0
LINE
  8
0
 10
43.9033
 20
15.2312
 11
44.2982
 21
15.4098
  0
LINE
  8
0
 10
44.2982
 20
15.4098
 11
44.7185
 21
15.5084
  0
LINE
  8
0
 10
44.7185
 20
15.5084
 11
45.1523
 21
15.5234
  0
LINE
  8
0
 10
45.1523
 20
15.5234
 11
45.5796
 21
15.4527
  0
LINE
  8
0
 10
45.5796
 20
15.4527
 11
45.9849
 21
15.2996
  0
LINE
  8
0
 10
45.9849
 20
15.2996
 11
46.3531
 21
15.0706
  0
LINE
  8
0
 10
46.3531
 20
15.0706
 11
46.6691
 21
14.7749
  0
LINE
  8
0
 10
46.6691
 20
14.7749
 11
46.9207
 21
14.4235
  0
LINE
  8
0
 10
46.9207
 20
14.4235
 11
47.0999
 21
14.028
  0
LINE
  8
0
 10
47.0999
 20
14.028
 11
47.1979
 21
13.6071
  0
LINE
  8
0
 10
47.1979
 20
13.6071
 11
47.2124
 21
13.1734
  0
LINE
  8
0
 10
47.2124
 20
13.1734
 11
47.1422
 21
12.7466
  0
LINE
  8
0
 10
47.1422
 20
12.7466
 11
46.9892
 21
12.3413
  0
LINE
  8
0
 10
46.9892
 20
12.3413
 11
46.7772
 21
12
  0
LINE
  8
0
 10
46.7772
 20
12
 11
45.7376
 21
12
  0
LINE
  8
0
 10
7.73759
 20
12
 11
7.73672
 21
12.0265
  0
LINE
  8
0
 10
7.73672
 20
12.0265
 11
7.56393
 21
12.7663
  0
LINE
  8
0
 10
7.56393
 20
12.7663
 11
7.25024
 21
13.4586
  0
LINE
  8
0
 10
7.25024
 20
13.4586
 11
6.80783
 21
14.0756
  0
LINE
  8
0
 10
6.80783
 20
14.0756
 11
6.25351
 21
14.5951
  0
LINE
  8
0
 10
6.25351
 20
14.5951
 11
5.60815
 21
14.9969
  0
LINE
  8
0
 10
5.60815
 20
14.9969
 11
5.5867
 21
15.0051
  0
LINE
  8
0
 10
5.5867
 20
15.0051
 11
5.90329
 21
15.2312
  0
LINE
  8
0
 10
5.90329
 20
15.2312
 11
6.29816
 21
15.4098
  0
LINE
  8
0
 10
6.29816
 20
15.4098
 11
6.71854
 21
15.5084
  0
LINE
  8
0
 10
6.71854
 20
15.5084
 11
7.15225
 21
15.5234
  0
LINE
  8
0
 10
7.15225
 20
15.5234
 11
7.57959
 21
15.4527
  0
LINE
  8
0
 10
7.57959
 20
15.4527
 11
7.98489
 21
15.2996
  0
LINE
  8
0
 10
7.98489
 20
15.2996
 11
8.35309
 21
15.0706
  0
LINE
  8
0
 10
8.35309
 20
15.0706
 11
8.6691
 21
14.7749
  0
LINE
  8
0
 10
8.6691
 20
14.7749
 11
8.92075
 21
14.4235
  0
LINE
  8
0
 10
8.92075
 20
14.4235
 11
9.09991
 21
14.028
  0
LINE
  8
0
 10
9.09991
 20
14.028
 11
9.19791
 21
13.6071
  0
LINE
  8
0
 10
9.19791
 20
13.6071
 11
9.2124
 21
13.1734
  0
LINE
  8
0
 10
9.2124
 20
13.1734
 11
9.14224
 21
12.7466
  0
LINE
  8
0
 10
9.14224
 20
12.7466
 11
8.98917
 21
12.3413
  0
LINE
  8
0
 10
8.98917
 20
12.3413
 11
8.77719
 21
12
  0
LINE
  8
0
 10
8.77719
 20
12
 11
7.73759
 21
12
  0
LINE
  8
0
 10
48.223
 20
12
 11
48.0108
 21
12.3419
  0
LINE
  8
0
 10
48.0108
 20
12.3419
 11
47.8578
 21
12.7478
  0
LINE
  8
0
 10
47.8578
 20
12.7478
 11
47.7876
 21
13.174
  0
LINE
  8
0
 10
47.7876
 20
13.174
 11
47.8015
 21
13.6077
  0
LINE
  8
0
 10
47.8015
 20
13.6077
 11
47.9001
 21
14.0286
  0
LINE
  8
0
 10
47.9001
 20
14.0286
 11
48.0787
 21
14.4235
  0
LINE
  8
0
 10
48.0787
 20
14.4235
 11
48.3303
 21
14.7749
  0
LINE
  8
0
 10
48.3303
 20
14.7749
 11
48.6463
 21
15.0712
  0
LINE
  8
0
 10
48.6463
 20
15.0712
 11
49.0151
 21
15.3002
  0
LINE
  8
0
 10
49.0151
 20
15.3002
 11
49.4198
 21
15.4533
  0
LINE
  8
0
 10
49.4198
 20
15.4533
 11
49.8472
 21
15.5229
  0
LINE
  8
0
 10
49.8472
 20
15.5229
 11
50.2809
 21
15.5095
  0
LINE
  8
0
 10
50.2809
 20
15.5095
 11
50.7013
 21
15.4104
  0
LINE
  8
0
 10
50.7013
 20
15.4104
 11
51.0967
 21
15.2318
  0
LINE
  8
0
 10
51.0967
 20
15.2318
 11
51.4133
 21
15.0056
  0
LINE
  8
0
 10
51.4133
 20
15.0056
 11
51.3918
 21
14.9975
  0
LINE
  8
0
 10
51.3918
 20
14.9975
 11
50.7465
 21
14.5957
  0
LINE
  8
0
 10
50.7465
 20
14.5957
 11
50.1916
 21
14.0762
  0
LINE
  8
0
 10
50.1916
 20
14.0762
 11
49.7492
 21
13.4586
  0
LINE
  8
0
 10
49.7492
 20
13.4586
 11
49.4361
 21
12.7669
  0
LINE
  8
0
 10
49.4361
 20
12.7669
 11
49.2627
 21
12.027
  0
LINE
  8
0
 10
49.2627
 20
12.027
 11
49.2618
 21
12
  0
LINE
  8
0
 10
49.2618
 20
12
 11
48.223
 21
12
  0
LINE
  8
0
 10
-27.777
 20
12
 11
-27.9892
 21
12.3419
  0
LINE
  8
0
 10
-27.9892
 20
12.3419
 11
-28.1422
 21
12.7478
  0
LINE
  8
0
 10
-28.1422
 20
12.7478
 11
-28.2124
 21
13.174
  0
LINE
  8
0
 10
-28.2124
 20
13.174
 11
-28.1985
 21
13.6077
  0
LINE
  8
0
 10
-28.1985
 20
13.6077
 11
-28.0999
 21
14.0286
  0
LINE
  8
0
 10
-28.0999
 20
14.0286
 11
-27.9213
 21
14.4235
  0
LINE
  8
0
 10
-27.9213
 20
14.4235
 11
-27.6697
 21
14.7749
  0
LINE
  8
0
 10
-27.6697
 20
14.7749
 11
-27.3537
 21
15.0712
  0
LINE
  8
0
 10
-27.3537
 20
15.0712
 11
-26.9849
 21
15.3002
  0
LINE
  8
0
 10
-26.9849
 20
15.3002
 11
-26.5802
 21
15.4533
  0
LINE
  8
0
 10
-26.5802
 20
15.4533
 11
-26.1528
 21
15.5229
  0
LINE
  8
0
 10
-26.1528
 20
15.5229
 11
-25.7191
 21
15.5095
  0
LINE
  8
0
 10
-25.7191
 20
15.5095
 11
-25.2987
 21
15.4104
  0
LINE
  8
0
 10
-25.2987
 20
15.4104
 11
-24.9033
 21
15.2318
  0
LINE
  8
0
 10
-24.9033
 20
15.2318
 11
-24.5867
 21
15.0056
  0
LINE
  8
0
 10
-24.5867
 20
15.0056
 11
-24.6082
 21
14.9975
  0
LINE
  8
0
 10
-24.6082
 20
14.9975
 11
-25.2535
 21
14.5957
  0
LINE
  8
0
 10
-25.2535
 20
14.5957
 11
-25.8084
 21
14.0762
  0
LINE
  8
0
 10
-25.8084
 20
14.0762
 11
-26.2508
 21
13.4586
  0
LINE
  8
0
 10
-26.2508
 20
13.4586
 11
-26.5639
 21
12.7669
  0
LINE
  8
0
 10
-26.5639
 20
12.7669
 11
-26.7373
 21
12.027
  0
LINE
  8
0
 10
-26.7373
 20
12.027
 11
-26.7382
 21
12
  0
LINE
  8
0
 10
-26.7382
 20
12
 11
-27.777
 21
12
  0
LINE
  8
0
 10
10.223
 20
12
 11
10.0108
 21
12.3419
  0
LINE
  8
0
 10
10.0108
 20
12.3419
 11
9.85776
 21
12.7478
  0
LINE
  8
0
 10
9.85776
 20
12.7478
 11
9.7876
 21
13.174
  0
LINE
  8
0
 10
9.7876
 20
13.174
 11
9.80151
 21
13.6077
  0
LINE
  8
0
 10
9.80151
 20
13.6077
 11
9.90009
 21
14.0286
  0
LINE
  8
0
 10
9.90009
 20
14.0286
 11
10.0787
 21
14.4235
  0
LINE
  8
0
 10
10.0787
 20
14.4235
 11
10.3303
 21
14.7749
  0
LINE
  8
0
 10
10.3303
 20
14.7749
 11
10.6463
 21
15.0712
  0
LINE
  8
0
 10
10.6463
 20
15.0712
 11
11.0151
 21
15.3002
  0
LINE
  8
0
 10
11.0151
 20
15.3002
 11
11.4198
 21
15.4533
  0
LINE
  8
0
 10
11.4198
 20
15.4533
 11
11.8472
 21
15.5229
  0
LINE
  8
0
 10
11.8472
 20
15.5229
 11
12.2809
 21
15.5095
  0
LINE
  8
0
 10
12.2809
 20
15.5095
 11
12.7013
 21
15.4104
  0
LINE
  8
0
 10
12.7013
 20
15.4104
 11
13.0967
 21
15.2318
  0
LINE
  8
0
 10
13.0967
 20
15.2318
 11
13.4133
 21
15.0056
  0
LINE
  8
0
 10
13.4133
 20
15.0056
 11
13.3918
 21
14.9975
  0
LINE
  8
0
 10
13.3918
 20
14.9975
 11
12.7465
 21
14.5957
  0
LINE
  8
0
 10
12.7465
 20
14.5957
 11
12.1916
 21
14.0762
  0
LINE
  8
0
 10
12.1916
 20
14.0762
 11
11.7492
 21
13.4586
  0
LINE
  8
0
 10
11.7492
 20
13.4586
 11
11.4361
 21
12.7669
  0
LINE
  8
0
 10
11.4361
 20
12.7669
 11
11.2627
 21
12.027
  0
LINE
  8
0
 10
11.2627
 20
12.027
 11
11.2618
 21
12
  0
LINE
  8
0
 10
11.2618
 20
12
 11
10.223
 21
12
  0
LINE
  8
0
 10
-9.66423
 20
12
 11
-9.85428
 21
12.5054
  0
LINE
  8
0
 10
-9.85428
 20
12.5054
 11
-10.2561
 21
13.1502
  0
LINE
  8
0
 10
-10.2561
 20
13.1502
 11
-10.4967
 21
13.4082
  0
LINE
  8
0
 10
-10.4967
 20
13.4082
 11
-10.4579
 21
13.4621
  0
LINE
  8
0
 10
-10.4579
 20
13.4621
 11
-10.1419
 21
13.7578
  0
LINE
  8
0
 10
-10.1419
 20
13.7578
 11
-9.7731
 21
13.9875
  0
LINE
  8
0
 10
-9.7731
 20
13.9875
 11
-9.49942
 21
14.0901
  0
LINE
  8
0
 10
-9.49942
 20
14.0901
 11
-9.22632
 21
13.988
  0
LINE
  8
0
 10
-9.22632
 20
13.988
 11
-8.85754
 21
13.7584
  0
LINE
  8
0
 10
-8.85754
 20
13.7584
 11
-8.54211
 21
13.4627
  0
LINE
  8
0
 10
-8.54211
 20
13.4627
 11
-8.50327
 21
13.4088
  0
LINE
  8
0
 10
-8.50327
 20
13.4088
 11
-8.7439
 21
13.1508
  0
LINE
  8
0
 10
-8.7439
 20
13.1508
 11
-9.14572
 21
12.5054
  0
LINE
  8
0
 10
-9.14572
 20
12.5054
 11
-9.33592
 21
12
  0
LINE
  8
0
 10
-9.33592
 20
12
 11
-9.66423
 21
12
  0
LINE
  8
0
 10
28.3358
 20
12
 11
28.1457
 21
12.5054
  0
LINE
  8
0
 10
28.1457
 20
12.5054
 11
27.7439
 21
13.1502
  0
LINE
  8
0
 10
27.7439
 20
13.1502
 11
27.5033
 21
13.4082
  0
LINE
  8
0
 10
27.5033
 20
13.4082
 11
27.5421
 21
13.4621
  0
LINE
  8
0
 10
27.5421
 20
13.4621
 11
27.8581
 21
13.7578
  0
LINE
  8
0
 10
27.8581
 20
13.7578
 11
28.2269
 21
13.9875
  0
LINE
  8
0
 10
28.2269
 20
13.9875
 11
28.5006
 21
14.0901
  0
LINE
  8
0
 10
28.5006
 20
14.0901
 11
28.7737
 21
13.988
  0
LINE
  8
0
 10
28.7737
 20
13.988
 11
29.1425
 21
13.7584
  0
LINE
  8
0
 10
29.1425
 20
13.7584
 11
29.4579
 21
13.4627
  0
LINE
  8
0
 10
29.4579
 20
13.4627
 11
29.4967
 21
13.4088
  0
LINE
  8
0
 10
29.4967
 20
13.4088
 11
29.2561
 21
13.1508
  0
LINE
  8
0
 10
29.2561
 20
13.1508
 11
28.8543
 21
12.5054
  0
LINE
  8
0
 10
28.8543
 20
12.5054
 11
28.6641
 21
12
  0
LINE
  8
0
 10
28.6641
 20
12
 11
28.3358
 21
12
  0
LINE
  8
0
 10
-47.6642
 20
12
 11
-47.8543
 21
12.5054
  0
LINE
  8
0
 10
-47.8543
 20
12.5054
 11
-48.2561
 21
13.1502
  0
LINE
  8
0
 10
-48.2561
 20
13.1502
 11
-48.4967
 21
13.4082
  0
LINE
  8
0
 10
-48.4967
 20
13.4082
 11
-48.4579
 21
13.4621
  0
LINE
  8
0
 10
-48.4579
 20
13.4621
 11
-48.1419
 21
13.7578
  0
LINE
  8
0
 10
-48.1419
 20
13.7578
 11
-47.7731
 21
13.9875
  0
LINE
  8
0
 10
-47.7731
 20
13.9875
 11
-47.4994
 21
14.0901
  0
LINE
  8
0
 10
-47.4994
 20
14.0901
 11
-47.2263
 21
13.988
  0
LINE
  8
0
 10
-47.2263
 20
13.988
 11
-46.8575
 21
13.7584
  0
LINE
  8
0
 10
-46.8575
 20
13.7584
 11
-46.5421
 21
13.4627
  0
LINE
  8
0
 10
-46.5421
 20
13.4627
 11
-46.5033
 21
13.4088
  0
LINE
  8
0
 10
-46.5033
 20
13.4088
 11
-46.7439
 21
13.1508
  0
LINE
  8
0
 10
-46.7439
 20
13.1508
 11
-47.1457
 21
12.5054
  0
LINE
  8
0
 10
-47.1457
 20
12.5054
 11
-47.3359
 21
12
  0
LINE
  8
0
 10
-47.3359
 20
12
 11
-47.6642
 21
12
  0
LINE
  8
0
 10
-8.15082
 20
12
 11
-8.14609
 21
12.0125
  0
LINE
  8
0
 10
-8.14609
 20
12.0125
 11
-7.86023
 21
12.4735
  0
LINE
  8
0
 10
-7.86023
 20
12.4735
 11
-7.4903
 21
12.8684
  0
LINE
  8
0
 10
-7.4903
 20
12.8684
 11
-7.0502
 21
13.1838
  0
LINE
  8
0
 10
-7.0502
 20
13.1838
 11
-6.5556
 21
13.4076
  0
LINE
  8
0
 10
-6.5556
 20
13.4076
 11
-6.02969
 21
13.53
  0
LINE
  8
0
 10
-6.02969
 20
13.53
 11
-5.48697
 21
13.5479
  0
LINE
  8
0
 10
-5.48697
 20
13.5479
 11
-4.9541
 21
13.4598
  0
LINE
  8
0
 10
-4.9541
 20
13.4598
 11
-4.44675
 21
13.269
  0
LINE
  8
0
 10
-4.44675
 20
13.269
 11
-3.98578
 21
12.982
  0
LINE
  8
0
 10
-3.98578
 20
12.982
 11
-3.59149
 21
12.6127
  0
LINE
  8
0
 10
-3.59149
 20
12.6127
 11
-3.54221
 21
12.5443
  0
LINE
  8
0
 10
-3.54221
 20
12.5443
 11
-3.84372
 21
12.2219
  0
LINE
  8
0
 10
-3.84372
 20
12.2219
 11
-3.98169
 21
12
  0
LINE
  8
0
 10
-3.98169
 20
12
 11
-8.15082
 21
12
  0
LINE
  8
0
 10
-46.1508
 20
12
 11
-46.1461
 21
12.0125
  0
LINE
  8
0
 10
-46.1461
 20
12.0125
 11
-45.8602
 21
12.4735
  0
LINE
  8
0
 10
-45.8602
 20
12.4735
 11
-45.4903
 21
12.8684
  0
LINE
  8
0
 10
-45.4903
 20
12.8684
 11
-45.0502
 21
13.1838
  0
LINE
  8
0
 10
-45.0502
 20
13.1838
 11
-44.5556
 21
13.4076
  0
LINE
  8
0
 10
-44.5556
 20
13.4076
 11
-44.0297
 21
13.53
  0
LINE
  8
0
 10
-44.0297
 20
13.53
 11
-43.487
 21
13.5479
  0
LINE
  8
0
 10
-43.487
 20
13.5479
 11
-42.9541
 21
13.4598
  0
LINE
  8
0
 10
-42.9541
 20
13.4598
 11
-42.4467
 21
13.269
  0
LINE
  8
0
 10
-42.4467
 20
13.269
 11
-41.9858
 21
12.982
  0
LINE
  8
0
 10
-41.9858
 20
12.982
 11
-41.5915
 21
12.6127
  0
LINE
  8
0
 10
-41.5915
 20
12.6127
 11
-41.5422
 21
12.5443
  0
LINE
  8
0
 10
-41.5422
 20
12.5443
 11
-41.8437
 21
12.2219
  0
LINE
  8
0
 10
-41.8437
 20
12.2219
 11
-41.9817
 21
12
  0
LINE
  8
0
 10
-41.9817
 20
12
 11
-46.1508
 21
12
  0
LINE
  8
0
 10
29.8492
 20
12
 11
29.8539
 21
12.0125
  0
LINE
  8
0
 10
29.8539
 20
12.0125
 11
30.1398
 21
12.4735
  0
LINE
  8
0
 10
30.1398
 20
12.4735
 11
30.5097
 21
12.8684
  0
LINE
  8
0
 10
30.5097
 20
12.8684
 11
30.9498
 21
13.1838
  0
LINE
  8
0
 10
30.9498
 20
13.1838
 11
31.4444
 21
13.4076
  0
LINE
  8
0
 10
31.4444
 20
13.4076
 11
31.9703
 21
13.53
  0
LINE
  8
0
 10
31.9703
 20
13.53
 11
32.513
 21
13.5479
  0
LINE
  8
0
 10
32.513
 20
13.5479
 11
33.0459
 21
13.4598
  0
LINE
  8
0
 10
33.0459
 20
13.4598
 11
33.5533
 21
13.269
  0
LINE
  8
0
 10
33.5533
 20
13.269
 11
34.0142
 21
12.982
  0
LINE
  8
0
 10
34.0142
 20
12.982
 11
34.4085
 21
12.6127
  0
LINE
  8
0
 10
34.4085
 20
12.6127
 11
34.4578
 21
12.5443
  0
LINE
  8
0
 10
34.4578
 20
12.5443
 11
34.1563
 21
12.2219
  0
LINE
  8
0
 10
34.1563
 20
12.2219
 11
34.0183
 21
12
  0
LINE
  8
0
 10
34.0183
 20
12
 11
29.8492
 21
12
  0
LINE
  8
0
 10
-15.0181
 20
12
 11
-15.1557
 21
12.2213
  0
LINE
  8
0
 10
-15.1557
 20
12.2213
 11
-15.4578
 21
12.5437
  0
LINE
  8
0
 10
-15.4578
 20
12.5437
 11
-15.4085
 21
12.6121
  0
LINE
  8
0
 10
-15.4085
 20
12.6121
 11
-15.0136
 21
12.982
  0
LINE
  8
0
 10
-15.0136
 20
12.982
 11
-14.5527
 21
13.2685
  0
LINE
  8
0
 10
-14.5527
 20
13.2685
 11
-14.0459
 21
13.4592
  0
LINE
  8
0
 10
-14.0459
 20
13.4592
 11
-13.5125
 21
13.5468
  0
LINE
  8
0
 10
-13.5125
 20
13.5468
 11
-12.9703
 21
13.5305
  0
LINE
  8
0
 10
-12.9703
 20
13.5305
 11
-12.4438
 21
13.407
  0
LINE
  8
0
 10
-12.4438
 20
13.407
 11
-11.9498
 21
13.1832
  0
LINE
  8
0
 10
-11.9498
 20
13.1832
 11
-11.5097
 21
12.8678
  0
LINE
  8
0
 10
-11.5097
 20
12.8678
 11
-11.1398
 21
12.4729
  0
LINE
  8
0
 10
-11.1398
 20
12.4729
 11
-10.8533
 21
12.012
  0
LINE
  8
0
 10
-10.8533
 20
12.012
 11
-10.8488
 21
12
  0
LINE
  8
0
 10
-10.8488
 20
12
 11
-15.0181
 21
12
  0
LINE
  8
0
 10
22.9819
 20
12
 11
22.8443
 21
12.2213
  0
LINE
  8
0
 10
22.8443
 20
12.2213
 11
22.5422
 21
12.5437
  0
LINE
  8
0
 10
22.5422
 20
12.5437
 11
22.5915
 21
12.6121
  0
LINE
  8
0
 10
22.5915
 20
12.6121
 11
22.9864
 21
12.982
  0
LINE
  8
0
 10
22.9864
 20
12.982
 11
23.4473
 21
13.2685
  0
LINE
  8
0
 10
23.4473
 20
13.2685
 11
23.9541
 21
13.4592
  0
LINE
  8
0
 10
23.9541
 20
13.4592
 11
24.4875
 21
13.5468
  0
LINE
  8
0
 10
24.4875
 20
13.5468
 11
25.0297
 21
13.5305
  0
LINE
  8
0
 10
25.0297
 20
13.5305
 11
25.5562
 21
13.407
  0
LINE
  8
0
 10
25.5562
 20
13.407
 11
26.0502
 21
13.1832
  0
LINE
  8
0
 10
26.0502
 20
13.1832
 11
26.4903
 21
12.8678
  0
LINE
  8
0
 10
26.4903
 20
12.8678
 11
26.8602
 21
12.4729
  0
LINE
  8
0
 10
26.8602
 20
12.4729
 11
27.1467
 21
12.012
  0
LINE
  8
0
 10
27.1467
 20
12.012
 11
27.1512
 21
12
  0
LINE
  8
0
 10
27.1512
 20
12
 11
22.9819
 21
12
  0
LINE
  8
0
 10
-53.0181
 20
12
 11
-53.1557
 21
12.2213
  0
LINE
  8
0
 10
-53.1557
 20
12.2213
 11
-53.4578
 21
12.5437
  0
LINE
  8
0
 10
-53.4578
 20
12.5437
 11
-53.4085
 21
12.6121
  0
LINE
  8
0
 10
-53.4085
 20
12.6121
 11
-53.0136
 21
12.982
  0
LINE
  8
0
 10
-53.0136
 20
12.982
 11
-52.5527
 21
13.2685
  0
LINE
  8
0
 10
-52.5527
 20
13.2685
 11
-52.0459
 21
13.4592
  0
LINE
  8
0
 10
-52.0459
 20
13.4592
 11
-51.5125
 21
13.5468
  0
LINE
  8
0
 10
-51.5125
 20
13.5468
 11
-50.9703
 21
13.5305
  0
LINE
  8
0
 10
-50.9703
 20
13.5305
 11
-50.4438
 21
13.407
  0
LINE
  8
0
 10
-50.4438
 20
13.407
 11
-49.9498
 21
13.1832
  0
LINE
  8
0
 10
-49.9498
 20
13.1832
 11
-49.5097
 21
12.8678
  0
LINE
  8
0
 10
-49.5097
 20
12.8678
 11
-49.1398
 21
12.4729
  0
LINE
  8
0
 10
-49.1398
 20
12.4729
 11
-48.8533
 21
12.012
  0
LINE
  8
0
 10
-48.8533
 20
12.012
 11
-48.8488
 21
12
  0
LINE
  8
0
 10
-48.8488
 20
12
 11
-53.0181
 21
12
  0
LINE
  8
0
 10
16.883
 20
12
 11
16.8964
 21
12.0125
  0
LINE
  8
0
 10
16.8964
 20
12.0125
 11
17.4716
 21
12.3703
  0
LINE
  8
0
 10
17.4716
 20
12.3703
 11
18.1053
 21
12.6098
  0
LINE
  8
0
 10
18.1053
 20
12.6098
 11
18.7739
 21
12.7194
  0
LINE
  8
0
 10
18.7739
 20
12.7194
 11
19.4511
 21
12.6973
  0
LINE
  8
0
 10
19.4511
 20
12.6973
 11
20.1092
 21
12.5437
  0
LINE
  8
0
 10
20.1092
 20
12.5437
 11
20.7244
 21
12.2654
  0
LINE
  8
0
 10
20.7244
 20
12.2654
 11
21.0949
 21
12
  0
LINE
  8
0
 10
21.0949
 20
12
 11
16.883
 21
12
  0
LINE
  8
0
 10
54.883
 20
12
 11
54.8964
 21
12.0125
  0
LINE
  8
0
 10
54.8964
 20
12.0125
 11
55.4716
 21
12.3703
  0
LINE
  8
0
 10
55.4716
 20
12.3703
 11
56.1053
 21
12.6098
  0
LINE
  8
0
 10
56.1053
 20
12.6098
 11
56.7739
 21
12.7194
  0
LINE
  8
0
 10
56.7739
 20
12.7194
 11
57.4511
 21
12.6973
  0
LINE
  8
0
 10
57.4511
 20
12.6973
 11
58.1092
 21
12.5437
  0
LINE
  8
0
 10
58.1092
 20
12.5437
 11
58.3408
 21
12.4389
  0
LINE
  8
0
 10
58.3408
 20
12.4389
 11
58.4834
 21
12
  0
LINE
  8
0
 10
58.4834
 20
12
 11
54.883
 21
12
  0
LINE
  8
0
 10
-21.117
 20
12
 11
-21.1036
 21
12.0125
  0
LINE
  8
0
 10
-21.1036
 20
12.0125
 11
-20.5284
 21
12.3703
  0
LINE
  8
0
 10
-20.5284
 20
12.3703
 11
-19.8947
 21
12.6098
  0
LINE
  8
0
 10
-19.8947
 20
12.6098
 11
-19.2261
 21
12.7194
  0
LINE
  8
0
 10
-19.2261
 20
12.7194
 11
-18.5489
 21
12.6973
  0
LINE
  8
0
 10
-18.5489
 20
12.6973
 11
-17.8908
 21
12.5437
  0
LINE
  8
0
 10
-17.8908
 20
12.5437
 11
-17.2756
 21
12.2654
  0
LINE
  8
0
 10
-17.2756
 20
12.2654
 11
-16.9051
 21
12
  0
LINE
  8
0
 10
-16.9051
 20
12
 11
-21.117
 21
12
  0
LINE
  8
0
 10
-58.4834
 20
12
 11
-58.34
 21
12.4415
  0
LINE
  8
0
 10
-58.34
 20
12.4415
 11
-57.8947
 21
12.6098
  0
LINE
  8
0
 10
-57.8947
 20
12.6098
 11
-57.2261
 21
12.7194
  0
LINE
  8
0
 10
-57.2261
 20
12.7194
 11
-56.5489
 21
12.6973
  0
LINE
  8
0
 10
-56.5489
 20
12.6973
 11
-55.8908
 21
12.5437
  0
LINE
  8
0
 10
-55.8908
 20
12.5437
 11
-55.2756
 21
12.2654
  0
LINE
  8
0
 10
-55.2756
 20
12.2654
 11
-54.9051
 21
12
  0
LINE
  8
0
 10
-54.9051
 20
12
 11
-58.4834
 21
12
  0
LINE
  8
0
 10
35.9048
 20
12
 11
36.2727
 21
12.2636
  0
LINE
  8
0
 10
36.2727
 20
12.2636
 11
36.8914
 21
12.5431
  0
LINE
  8
0
 10
36.8914
 20
12.5431
 11
37.5489
 21
12.6967
  0
LINE
  8
0
 10
37.5489
 20
12.6967
 11
38.2261
 21
12.7194
  0
LINE
  8
0
 10
38.2261
 20
12.7194
 11
38.8941
 21
12.6092
  0
LINE
  8
0
 10
38.8941
 20
12.6092
 11
39.5279
 21
12.3697
  0
LINE
  8
0
 10
39.5279
 20
12.3697
 11
40.1036
 21
12.012
  0
LINE
  8
0
 10
40.1036
 20
12.012
 11
40.1164
 21
12
  0
LINE
  8
0
 10
40.1164
 20
12
 11
35.9048
 21
12
  0
LINE
  8
0
 10
-40.0952
 20
12
 11
-39.7273
 21
12.2636
  0
LINE
  8
0
 10
-39.7273
 20
12.2636
 11
-39.1086
 21
12.5431
  0
LINE
  8
0
 10
-39.1086
 20
12.5431
 11
-38.4511
 21
12.6967
  0
LINE
  8
0
 10
-38.4511
 20
12.6967
 11
-37.7739
 21
12.7194
  0
LINE
  8
0
 10
-37.7739
 20
12.7194
 11
-37.1059
 21
12.6092
  0
LINE
  8
0
 10
-37.1059
 20
12.6092
 11
-36.4721
 21
12.3697
  0
LINE
  8
0
 10
-36.4721
 20
12.3697
 11
-35.8964
 21
12.012
  0
LINE
  8
0
 10
-35.8964
 20
12.012
 11
-35.8836
 21
12
  0
LINE
  8
0
 10
-35.8836
 20
12
 11
-40.0952
 21
12
  0
LINE
  8
0
 10
-2.09521
 20
12
 11
-1.72733
 21
12.2636
  0
LINE
  8
0
 10
-1.72733
 20
12.2636
 11
-1.10864
 21
12.5431
  0
LINE
  8
0
 10
-1.10864
 20
12.5431
 11
-0.451111
 21
12.6967
  0
LINE
  8
0
 10
-0.451111
 20
12.6967
 11
0.226135
 21
12.7194
  0
LINE
  8
0
 10
0.226135
 20
12.7194
 11
0.894104
 21
12.6092
  0
LINE
  8
0
 10
0.894104
 20
12.6092
 11
1.52786
 21
12.3697
  0
LINE
  8
0
 10
1.52786
 20
12.3697
 11
2.10364
 21
12.012
  0
LINE
  8
0
 10
2.10364
 20
12.012
 11
2.11641
 21
12
  0
LINE
  8
0
 10
2.11641
 20
12
 11
-2.09521
 21
12
  0
LINE
  8
0
 10
-10
 20
7
 11
-10
 21
11
  0
LINE
  8
0
 10
-10
 20
11
 11
10
 21
11
  0
LINE
  8
0
 10
10
 20
11
 11
10
 21
7
  0
LINE
  8
0
 10
10
 20
7
 11
-10
 21
7
  0
LINE
  8
0
 10
-68.6534
 20
2.70622
 11
-68.7785
 21
2.71805
  0
LINE
  8
0
 10
-68.7785
 20
2.71805
 11
-68.9026
 21
2.7377
  0
LINE
  8
0
 10
-68.9026
 20
2.7377
 11
-69.0252
 21
2.76511
  0
LINE
  8
0
 10
-69.0252
 20
2.76511
 11
-69.1459
 21
2.80016
  0
LINE
  8
0
 10
-69.1459
 20
2.80016
 11
-69.2641
 21
2.84273
  0
LINE
  8
0
 10
-69.2641
 20
2.84273
 11
-69.3794
 21
2.89262
  0
LINE
  8
0
 10
-69.3794
 20
2.89262
 11
-69.4914
 21
2.94966
  0
LINE
  8
0
 10
-69.4914
 20
2.94966
 11
-69.5995
 21
3.01363
  0
LINE
  8
0
 10
-69.5995
 20
3.01363
 11
-69.7034
 21
3.08424
  0
LINE
  8
0
 10
-69.7034
 20
3.08424
 11
-69.8027
 21
3.16125
  0
LINE
  8
0
 10
-69.8027
 20
3.16125
 11
-69.897
 21
3.24434
  0
LINE
  8
0
 10
-69.897
 20
3.24434
 11
-69.9858
 21
3.33318
  0
LINE
  8
0
 10
-69.9858
 20
3.33318
 11
-70.0689
 21
3.42743
  0
LINE
  8
0
 10
-70.0689
 20
3.42743
 11
-70.1459
 21
3.5267
  0
LINE
  8
0
 10
-70.1459
 20
3.5267
 11
-70.2165
 21
3.63062
  0
LINE
  8
0
 10
-70.2165
 20
3.63062
 11
-70.2805
 21
3.73877
  0
LINE
  8
0
 10
-70.2805
 20
3.73877
 11
-70.3375
 21
3.85072
  0
LINE
  8
0
 10
-70.3375
 20
3.85072
 11
-70.3874
 21
3.96602
  0
LINE
  8
0
 10
-70.3874
 20
3.96602
 11
-70.43
 21
4.08424
  0
LINE
  8
0
 10
-70.43
 20
4.08424
 11
-70.465
 21
4.2049
  0
LINE
  8
0
 10
-70.465
 20
4.2049
 11
-70.4924
 21
4.32751
  0
LINE
  8
0
 10
-70.4924
 20
4.32751
 11
-70.5121
 21
4.45161
  0
LINE
  8
0
 10
-70.5121
 20
4.45161
 11
-70.5239
 21
4.57669
  0
LINE
  8
0
 10
-70.5239
 20
4.57669
 11
-70.5279
 21
4.70227
  0
LINE
  8
0
 10
-70.5279
 20
4.70227
 11
-70.5239
 21
4.82785
  0
LINE
  8
0
 10
-70.5239
 20
4.82785
 11
-70.5121
 21
4.95294
  0
LINE
  8
0
 10
-70.5121
 20
4.95294
 11
-70.4924
 21
5.07704
  0
LINE
  8
0
 10
-70.4924
 20
5.07704
 11
-70.465
 21
5.19966
  0
LINE
  8
0
 10
-70.465
 20
5.19966
 11
-70.43
 21
5.32031
  0
LINE
  8
0
 10
-70.43
 20
5.32031
 11
-70.3874
 21
5.43852
  0
LINE
  8
0
 10
-70.3874
 20
5.43852
 11
-70.3375
 21
5.55383
  0
LINE
  8
0
 10
-70.3375
 20
5.55383
 11
-70.2805
 21
5.66579
  0
LINE
  8
0
 10
-70.2805
 20
5.66579
 11
-70.2165
 21
5.77393
  0
LINE
  8
0
 10
-70.2165
 20
5.77393
 11
-70.1459
 21
5.87784
  0
LINE
  8
0
 10
-70.1459
 20
5.87784
 11
-70.0689
 21
5.97713
  0
LINE
  8
0
 10
-70.0689
 20
5.97713
 11
-69.9858
 21
6.07137
  0
LINE
  8
0
 10
-69.9858
 20
6.07137
 11
-69.897
 21
6.16022
  0
LINE
  8
0
 10
-69.897
 20
6.16022
 11
-69.8027
 21
6.2433
  0
LINE
  8
0
 10
-69.8027
 20
6.2433
 11
-69.7034
 21
6.32031
  0
LINE
  8
0
 10
-69.7034
 20
6.32031
 11
-69.5995
 21
6.39093
  0
LINE
  8
0
 10
-69.5995
 20
6.39093
 11
-69.4914
 21
6.4549
  0
LINE
  8
0
 10
-69.4914
 20
6.4549
 11
-69.3794
 21
6.51193
  0
LINE
  8
0
 10
-69.3794
 20
6.51193
 11
-69.2641
 21
6.56183
  0
LINE
  8
0
 10
-69.2641
 20
6.56183
 11
-69.1459
 21
6.60439
  0
LINE
  8
0
 10
-69.1459
 20
6.60439
 11
-69.0252
 21
6.63943
  0
LINE
  8
0
 10
-69.0252
 20
6.63943
 11
-68.9026
 21
6.66685
  0
LINE
  8
0
 10
-68.9026
 20
6.66685
 11
-68.7785
 21
6.68651
  0
LINE
  8
0
 10
-68.7785
 20
6.68651
 11
-68.6534
 21
6.69833
  0
LINE
  8
0
 10
-68.6534
 20
6.69833
 11
-68.5279
 21
6.70227
  0
LINE
  8
0
 10
-68.5279
 20
6.70227
 11
-68.4023
 21
6.69833
  0
LINE
  8
0
 10
-68.4023
 20
6.69833
 11
-68.2772
 21
6.68651
  0
LINE
  8
0
 10
-68.2772
 20
6.68651
 11
-68.1531
 21
6.66685
  0
LINE
  8
0
 10
-68.1531
 20
6.66685
 11
-68.0305
 21
6.63943
  0
LINE
  8
0
 10
-68.0305
 20
6.63943
 11
-67.9098
 21
6.60439
  0
LINE
  8
0
 10
-67.9098
 20
6.60439
 11
-67.7916
 21
6.56183
  0
LINE
  8
0
 10
-67.7916
 20
6.56183
 11
-67.6763
 21
6.51193
  0
LINE
  8
0
 10
-67.6763
 20
6.51193
 11
-67.5643
 21
6.4549
  0
LINE
  8
0
 10
-67.5643
 20
6.4549
 11
-67.4562
 21
6.39093
  0
LINE
  8
0
 10
-67.4562
 20
6.39093
 11
-67.3523
 21
6.32031
  0
LINE
  8
0
 10
-67.3523
 20
6.32031
 11
-67.253
 21
6.2433
  0
LINE
  8
0
 10
-67.253
 20
6.2433
 11
-67.1588
 21
6.16022
  0
LINE
  8
0
 10
-67.1588
 20
6.16022
 11
-67.0699
 21
6.07137
  0
LINE
  8
0
 10
-67.0699
 20
6.07137
 11
-66.9868
 21
5.97713
  0
LINE
  8
0
 10
-66.9868
 20
5.97713
 11
-66.9098
 21
5.87784
  0
LINE
  8
0
 10
-66.9098
 20
5.87784
 11
-66.8392
 21
5.77393
  0
LINE
  8
0
 10
-66.8392
 20
5.77393
 11
-66.7752
 21
5.66579
  0
LINE
  8
0
 10
-66.7752
 20
5.66579
 11
-66.7182
 21
5.55383
  0
LINE
  8
0
 10
-66.7182
 20
5.55383
 11
-66.6683
 21
5.43852
  0
LINE
  8
0
 10
-66.6683
 20
5.43852
 11
-66.6257
 21
5.32031
  0
LINE
  8
0
 10
-66.6257
 20
5.32031
 11
-66.5907
 21
5.19966
  0
LINE
  8
0
 10
-66.5907
 20
5.19966
 11
-66.5633
 21
5.07704
  0
LINE
  8
0
 10
-66.5633
 20
5.07704
 11
-66.5436
 21
4.95294
  0
LINE
  8
0
 10
-66.5436
 20
4.95294
 11
-66.5318
 21
4.82785
  0
LINE
  8
0
 10
-66.5318
 20
4.82785
 11
-66.5279
 21
4.70227
  0
LINE
  8
0
 10
-66.5279
 20
4.70227
 11
-66.5318
 21
4.57669
  0
LINE
  8
0
 10
-66.5318
 20
4.57669
 11
-66.5436
 21
4.45161
  0
LINE
  8
0
 10
-66.5436
 20
4.45161
 11
-66.5633
 21
4.32751
  0
LINE
  8
0
 10
-66.5633
 20
4.32751
 11
-66.5907
 21
4.2049
  0
LINE
  8
0
 10
-66.5907
 20
4.2049
 11
-66.6257
 21
4.08424
  0
LINE
  8
0
 10
-66.6257
 20
4.08424
 11
-66.6683
 21
3.96602
  0
LINE
  8
0
 10
-66.6683
 20
3.96602
 11
-66.7182
 21
3.85072
  0
LINE
  8
0
 10
-66.7182
 20
3.85072
 11
-66.7752
 21
3.73877
  0
LINE
  8
0
 10
-66.7752
 20
3.73877
 11
-66.8392
 21
3.63062
  0
LINE
  8
0
 10
-66.8392
 20
3.63062
 11
-66.9098
 21
3.5267
  0
LINE
  8
0
 10
-66.9098
 20
3.5267
 11
-66.9868
 21
3.42743
  0
LINE
  8
0
 10
-66.9868
 20
3.42743
 11
-67.0699
 21
3.33318
  0
LINE
  8
0
 10
-67.0699
 20
3.33318
 11
-67.1588
 21
3.24434
  0
LINE
  8
0
 10
-67.1588
 20
3.24434
 11
-67.253
 21
3.16125
  0
LINE
  8
0
 10
-67.253
 20
3.16125
 11
-67.3523
 21
3.08424
  0
LINE
  8
0
 10
-67.3523
 20
3.08424
 11
-67.4562
 21
3.01363
  0
LINE
  8
0
 10
-67.4562
 20
3.01363
 11
-67.5643
 21
2.94966
  0
LINE
  8
0
 10
-67.5643
 20
2.94966
 11
-67.6763
 21
2.89262
  0
LINE
  8
0
 10
-67.6763
 20
2.89262
 11
-67.7916
 21
2.84273
  0
LINE
  8
0
 10
-67.7916
 20
2.84273
 11
-67.9098
 21
2.80016
  0
LINE
  8
0
 10
-67.9098
 20
2.80016
 11
-68.0305
 21
2.76511
  0
LINE
  8
0
 10
-68.0305
 20
2.76511
 11
-68.1531
 21
2.7377
  0
LINE
  8
0
 10
-68.1531
 20
2.7377
 11
-68.2772
 21
2.71805
  0
LINE
  8
0
 10
-68.2772
 20
2.71805
 11
-68.4023
 21
2.70622
  0
LINE
  8
0
 10
-68.4023
 20
2.70622
 11
-68.5279
 21
2.70227
  0
LINE
  8
0
 10
-68.5279
 20
2.70227
 11
-68.6534
 21
2.70622
  0
LINE
  8
0
 10
68.4023
 20
2.70622
 11
68.2772
 21
2.71805
  0
LINE
  8
0
 10
68.2772
 20
2.71805
 11
68.1531
 21
2.7377
  0
LINE
  8
0
 10
68.1531
 20
2.7377
 11
68.0305
 21
2.76511
  0
LINE
  8
0
 10
68.0305
 20
2.76511
 11
67.9098
 21
2.80016
  0
LINE
  8
0
 10
67.9098
 20
2.80016
 11
67.7916
 21
2.84273
  0
LINE
  8
0
 10
67.7916
 20
2.84273
 11
67.6763
 21
2.89262
  0
LINE
  8
0
 10
67.6763
 20
2.89262
 11
67.5643
 21
2.94966
  0
LINE
  8
0
 10
67.5643
 20
2.94966
 11
67.4562
 21
3.01363
  0
LINE
  8
0
 10
67.4562
 20
3.01363
 11
67.3523
 21
3.08424
  0
LINE
  8
0
 10
67.3523
 20
3.08424
 11
67.253
 21
3.16125
  0
LINE
  8
0
 10
67.253
 20
3.16125
 11
67.1588
 21
3.24434
  0
LINE
  8
0
 10
67.1588
 20
3.24434
 11
67.0699
 21
3.33318
  0
LINE
  8
0
 10
67.0699
 20
3.33318
 11
66.9868
 21
3.42743
  0
LINE
  8
0
 10
66.9868
 20
3.42743
 11
66.9098
 21
3.5267
  0
LINE
  8
0
 10
66.9098
 20
3.5267
 11
66.8392
 21
3.63062
  0
LINE
  8
0
 10
66.8392
 20
3.63062
 11
66.7752
 21
3.73877
  0
LINE
  8
0
 10
66.7752
 20
3.73877
 11
66.7182
 21
3.85072
  0
LINE
  8
0
 10
66.7182
 20
3.85072
 11
66.6683
 21
3.96602
  0
LINE
  8
0
 10
66.6683
 20
3.96602
 11
66.6257
 21
4.08424
  0
LINE
  8
0
 10
66.6257
 20
4.08424
 11
66.5907
 21
4.2049
  0
LINE
  8
0
 10
66.5907
 20
4.2049
 11
66.5633
 21
4.32751
  0
LINE
  8
0
 10
66.5633
 20
4.32751
 11
66.5436
 21
4.45161
  0
LINE
  8
0
 10
66.5436
 20
4.45161
 11
66.5318
 21
4.57669
  0
LINE
  8
0
 10
66.5318
 20
4.57669
 11
66.5279
 21
4.70227
  0
LINE
  8
0
 10
66.5279
 20
4.70227
 11
66.5318
 21
4.82785
  0
LINE
  8
0
 10
66.5318
 20
4.82785
 11
66.5436
 21
4.95294
  0
LINE
  8
0
 10
66.5436
 20
4.95294
 11
66.5633
 21
5.07704
  0
LINE
  8
0
 10
66.5633
 20
5.07704
 11
66.5907
 21
5.19966
  0
LINE
  8
0
 10
66.5907
 20
5.19966
 11
66.6257
 21
5.32031
  0
LINE
  8
0
 10
66.6257
 20
5.32031
 11
66.6683
 21
5.43852
  0
LINE
  8
0
 10
66.6683
 20
5.43852
 11
66.7182
 21
5.55383
  0
LINE
  8
0
 10
66.7182
 20
5.55383
 11
66.7752
 21
5.66579
  0
LINE
  8
0
 10
66.7752
 20
5.66579
 11
66.8392
 21
5.77393
  0
LINE
  8
0
 10
66.8392
 20
5.77393
 11
66.9098
 21
5.87784
  0
LINE
  8
0
 10
66.9098
 20
5.87784
 11
66.9868
 21
5.97713
  0
LINE
  8
0
 10
66.9868
 20
5.97713
 11
67.0699
 21
6.07137
  0
LINE
  8
0
 10
67.0699
 20
6.07137
 11
67.1588
 21
6.16022
  0
LINE
  8
0
 10
67.1588
 20
6.16022
 11
67.253
 21
6.2433
  0
LINE
  8
0
 10
67.253
 20
6.2433
 11
67.3523
 21
6.32031
  0
LINE
  8
0
 10
67.3523
 20
6.32031
 11
67.4562
 21
6.39093
  0
LINE
  8
0
 10
67.4562
 20
6.39093
 11
67.5643
 21
6.4549
  0
LINE
  8
0
 10
67.5643
 20
6.4549
 11
67.6763
 21
6.51193
  0
LINE
  8
0
 10
67.6763
 20
6.51193
 11
67.7916
 21
6.56183
  0
LINE
  8
0
 10
67.7916
 20
6.56183
 11
67.9098
 21
6.60439
  0
LINE
  8
0
 10
67.9098
 20
6.60439
 11
68.0305
 21
6.63943
  0
LINE
  8
0
 10
68.0305
 20
6.63943
 11
68.1531
 21
6.66685
  0
LINE
  8
0
 10
68.1531
 20
6.66685
 11
68.2772
 21
6.68651
  0
LINE
  8
0
 10
68.2772
 20
6.68651
 11
68.4023
 21
6.69833
  0
LINE
  8
0
 10
68.4023
 20
6.69833
 11
68.5279
 21
6.70227
  0
LINE
  8
0
 10
68.5279
 20
6.70227
 11
68.6534
 21
6.69833
  0
LINE
  8
0
 10
68.6534
 20
6.69833
 11
68.7785
 21
6.68651
  0
LINE
  8
0
 10
68.7785
 20
6.68651
 11
68.9026
 21
6.66685
  0
LINE
  8
0
 10
68.9026
 20
6.66685
 11
69.0252
 21
6.63943
  0
LINE
  8
0
 10
69.0252
 20
6.63943
 11
69.1459
 21
6.60439
  0
LINE
  8
0
 10
69.1459
 20
6.60439
 11
69.2641
 21
6.56183
  0
LINE
  8
0
 10
69.2641
 20
6.56183
 11
69.3794
 21
6.51193
  0
LINE
  8
0
 10
69.3794
 20
6.51193
 11
69.4914
 21
6.4549
  0
LINE
  8
0
 10
69.4914
 20
6.4549
 11
69.5995
 21
6.39093
  0
LINE
  8
0
 10
69.5995
 20
6.39093
 11
69.7034
 21
6.32031
  0
LINE
  8
0
 10
69.7034
 20
6.32031
 11
69.8027
 21
6.2433
  0
LINE
  8
0
 10
69.8027
 20
6.2433
 11
69.897
 21
6.16022
  0
LINE
  8
0
 10
69.897
 20
6.16022
 11
69.9858
 21
6.07137
  0
LINE
  8
0
 10
69.9858
 20
6.07137
 11
70.0689
 21
5.97713
  0
LINE
  8
0
 10
70.0689
 20
5.97713
 11
70.1459
 21
5.87784
  0
LINE
  8
0
 10
70.1459
 20
5.87784
 11
70.2165
 21
5.77393
  0
LINE
  8
0
 10
70.2165
 20
5.77393
 11
70.2805
 21
5.66579
  0
LINE
  8
0
 10
70.2805
 20
5.66579
 11
70.3375
 21
5.55383
  0
LINE
  8
0
 10
70.3375
 20
5.55383
 11
70.3874
 21
5.43852
  0
LINE
  8
0
 10
70.3874
 20
5.43852
 11
70.43
 21
5.32031
  0
LINE
  8
0
 10
70.43
 20
5.32031
 11
70.465
 21
5.19966
  0
LINE
  8
0
 10
70.465
 20
5.19966
 11
70.4924
 21
5.07704
  0
LINE
  8
0
 10
70.4924
 20
5.07704
 11
70.5121
 21
4.95294
  0
LINE
  8
0
 10
70.5121
 20
4.95294
 11
70.5239
 21
4.82785
  0
LINE
  8
0
 10
70.5239
 20
4.82785
 11
70.5279
 21
4.70227
  0
LINE
  8
0
 10
70.5279
 20
4.70227
 11
70.5239
 21
4.57669
  0
LINE
  8
0
 10
70.5239
 20
4.57669
 11
70.5121
 21
4.45161
  0
LINE
  8
0
 10
70.5121
 20
4.45161
 11
70.4924
 21
4.32751
  0
LINE
  8
0
 10
70.4924
 20
4.32751
 11
70.465
 21
4.2049
  0
LINE
  8
0
 10
70.465
 20
4.2049
 11
70.43
 21
4.08424
  0
LINE
  8
0
 10
70.43
 20
4.08424
 11
70.3874
 21
3.96602
  0
LINE
  8
0
 10
70.3874
 20
3.96602
 11
70.3375
 21
3.85072
  0
LINE
  8
0
 10
70.3375
 20
3.85072
 11
70.2805
 21
3.73877
  0
LINE
  8
0
 10
70.2805
 20
3.73877
 11
70.2165
 21
3.63062
  0
LINE
  8
0
 10
70.2165
 20
3.63062
 11
70.1459
 21
3.5267
  0
LINE
  8
0
 10
70.1459
 20
3.5267
 11
70.0689
 21
3.42743
  0
LINE
  8
0
 10
70.0689
 20
3.42743
 11
69.9858
 21
3.33318
  0
LINE
  8
0
 10
69.9858
 20
3.33318
 11
69.897
 21
3.24434
  0
LINE
  8
0
 10
69.897
 20
3.24434
 11
69.8027
 21
3.16125
  0
LINE
  8
0
 10
69.8027
 20
3.16125
 11
69.7034
 21
3.08424
  0
LINE
  8
0
 10
69.7034
 20
3.08424
 11
69.5995
 21
3.01363
  0
LINE
  8
0
 10
69.5995
 20
3.01363
 11
69.4914
 21
2.94966
  0
LINE
  8
0
 10
69.4914
 20
2.94966
 11
69.3794
 21
2.89262
  0
LINE
  8
0
 10
69.3794
 20
2.89262
 11
69.2641
 21
2.84273
  0
LINE
  8
0
 10
69.2641
 20
2.84273
 11
69.1459
 21
2.80016
  0
LINE
  8
0
 10
69.1459
 20
2.80016
 11
69.0252
 21
2.76511
  0
LINE
  8
0
 10
69.0252
 20
2.76511
 11
68.9026
 21
2.7377
  0
LINE
  8
0
 10
68.9026
 20
2.7377
 11
68.7785
 21
2.71805
  0
LINE
  8
0
 10
68.7785
 20
2.71805
 11
68.6534
 21
2.70622
  0
LINE
  8
0
 10
68.6534
 20
2.70622
 11
68.5279
 21
2.70227
  0
LINE
  8
0
 10
68.5279
 20
2.70227
 11
68.4023
 21
2.70622
  0
ENDSEC
  0
SECTION
  2
OBJECTS
  0
DICTIONARY
  0
ENDSEC
  0
EOF
