  0
SECTION
  2
BLOCKS
  0
ENDSEC
  0
SECTION
  2
ENTITIES
  0
LINE
  8
0
 10
0
 20
230.826
 11
-75
 21
0
  0
LINE
  8
0
 10
-75
 20
0
 11
75
 21
0
  0
LINE
  8
0
 10
75
 20
0
 11
0
 21
230.826
  0
LINE
  8
0
 10
-0.12558
 20
212.83
 11
-0.250656
 21
212.842
  0
LINE
  8
0
 10
-0.250656
 20
212.842
 11
-0.374756
 21
212.862
  0
LINE
  8
0
 10
-0.374756
 20
212.862
 11
-0.497375
 21
212.889
  0
LINE
  8
0
 10
-0.497375
 20
212.889
 11
-0.618027
 21
212.924
  0
LINE
  8
0
 10
-0.618027
 20
212.924
 11
-0.736237
 21
212.967
  0
LINE
  8
0
 10
-0.736237
 20
212.967
 11
-0.851547
 21
213.017
  0
LINE
  8
0
 10
-0.851547
 20
213.017
 11
-0.963501
 21
213.074
  0
LINE
  8
0
 10
-0.963501
 20
213.074
 11
-1.07164
 21
213.138
  0
LINE
  8
0
 10
-1.07164
 20
213.138
 11
-1.17557
 21
213.208
  0
LINE
  8
0
 10
-1.17557
 20
213.208
 11
-1.27484
 21
213.285
  0
LINE
  8
0
 10
-1.27484
 20
213.285
 11
-1.36908
 21
213.368
  0
LINE
  8
0
 10
-1.36908
 20
213.368
 11
-1.45793
 21
213.457
  0
LINE
  8
0
 10
-1.45793
 20
213.457
 11
-1.54102
 21
213.551
  0
LINE
  8
0
 10
-1.54102
 20
213.551
 11
-1.61803
 21
213.651
  0
LINE
  8
0
 10
-1.61803
 20
213.651
 11
-1.68864
 21
213.755
  0
LINE
  8
0
 10
-1.68864
 20
213.755
 11
-1.75261
 21
213.863
  0
LINE
  8
0
 10
-1.75261
 20
213.863
 11
-1.80965
 21
213.975
  0
LINE
  8
0
 10
-1.80965
 20
213.975
 11
-1.85954
 21
214.09
  0
LINE
  8
0
 10
-1.85954
 20
214.09
 11
-1.9021
 21
214.208
  0
LINE
  8
0
 10
-1.9021
 20
214.208
 11
-1.93716
 21
214.329
  0
LINE
  8
0
 10
-1.93716
 20
214.329
 11
-1.96457
 21
214.451
  0
LINE
  8
0
 10
-1.96457
 20
214.451
 11
-1.98422
 21
214.576
  0
LINE
  8
0
 10
-1.98422
 20
214.576
 11
-1.99605
 21
214.701
  0
LINE
  8
0
 10
-1.99605
 20
214.701
 11
-2
 21
214.826
  0
LINE
  8
0
 10
-2
 20
214.826
 11
-1.99605
 21
214.952
  0
LINE
  8
0
 10
-1.99605
 20
214.952
 11
-1.98422
 21
215.077
  0
LINE
  8
0
 10
-1.98422
 20
215.077
 11
-1.96457
 21
215.201
  0
LINE
  8
0
 10
-1.96457
 20
215.201
 11
-1.93716
 21
215.324
  0
LINE
  8
0
 10
-1.93716
 20
215.324
 11
-1.9021
 21
215.444
  0
LINE
  8
0
 10
-1.9021
 20
215.444
 11
-1.85954
 21
215.562
  0
LINE
  8
0
 10
-1.85954
 20
215.562
 11
-1.80965
 21
215.678
  0
LINE
  8
0
 10
-1.80965
 20
215.678
 11
-1.75261
 21
215.79
  0
LINE
  8
0
 10
-1.75261
 20
215.79
 11
-1.68864
 21
215.898
  0
LINE
  8
0
 10
-1.68864
 20
215.898
 11
-1.61803
 21
216.002
  0
LINE
  8
0
 10
-1.61803
 20
216.002
 11
-1.54102
 21
216.101
  0
LINE
  8
0
 10
-1.54102
 20
216.101
 11
-1.45793
 21
216.195
  0
LINE
  8
0
 10
-1.45793
 20
216.195
 11
-1.36908
 21
216.284
  0
LINE
  8
0
 10
-1.36908
 20
216.284
 11
-1.27484
 21
216.367
  0
LINE
  8
0
 10
-1.27484
 20
216.367
 11
-1.17557
 21
216.444
  0
LINE
  8
0
 10
-1.17557
 20
216.444
 11
-1.07164
 21
216.515
  0
LINE
  8
0
 10
-1.07164
 20
216.515
 11
-0.963501
 21
216.579
  0
LINE
  8
0
 10
-0.963501
 20
216.579
 11
-0.851547
 21
216.636
  0
LINE
  8
0
 10
-0.851547
 20
216.636
 11
-0.736237
 21
216.686
  0
LINE
  8
0
 10
-0.736237
 20
216.686
 11
-0.618027
 21
216.728
  0
LINE
  8
0
 10
-0.618027
 20
216.728
 11
-0.497375
 21
216.763
  0
LINE
  8
0
 10
-0.497375
 20
216.763
 11
-0.374756
 21
216.791
  0
LINE
  8
0
 10
-0.374756
 20
216.791
 11
-0.250656
 21
216.81
  0
LINE
  8
0
 10
-0.250656
 20
216.81
 11
-0.12558
 21
216.822
  0
LINE
  8
0
 10
-0.12558
 20
216.822
 11
0
 21
216.826
  0
LINE
  8
0
 10
0
 20
216.826
 11
0.12558
 21
216.822
  0
LINE
  8
0
 10
0.12558
 20
216.822
 11
0.250656
 21
216.81
  0
LINE
  8
0
 10
0.250656
 20
216.81
 11
0.374756
 21
216.791
  0
LINE
  8
0
 10
0.374756
 20
216.791
 11
0.497375
 21
216.763
  0
LINE
  8
0
 10
0.497375
 20
216.763
 11
0.618027
 21
216.728
  0
LINE
  8
0
 10
0.618027
 20
216.728
 11
0.736237
 21
216.686
  0
LINE
  8
0
 10
0.736237
 20
216.686
 11
0.851547
 21
216.636
  0
LINE
  8
0
 10
0.851547
 20
216.636
 11
0.963501
 21
216.579
  0
LINE
  8
0
 10
0.963501
 20
216.579
 11
1.07164
 21
216.515
  0
LINE
  8
0
 10
1.07164
 20
216.515
 11
1.17557
 21
216.444
  0
LINE
  8
0
 10
1.17557
 20
216.444
 11
1.27484
 21
216.367
  0
LINE
  8
0
 10
1.27484
 20
216.367
 11
1.36908
 21
216.284
  0
LINE
  8
0
 10
1.36908
 20
216.284
 11
1.45793
 21
216.195
  0
LINE
  8
0
 10
1.45793
 20
216.195
 11
1.54102
 21
216.101
  0
LINE
  8
0
 10
1.54102
 20
216.101
 11
1.61803
 21
216.002
  0
LINE
  8
0
 10
1.61803
 20
216.002
 11
1.68864
 21
215.898
  0
LINE
  8
0
 10
1.68864
 20
215.898
 11
1.75261
 21
215.79
  0
LINE
  8
0
 10
1.75261
 20
215.79
 11
1.80965
 21
215.678
  0
LINE
  8
0
 10
1.80965
 20
215.678
 11
1.85954
 21
215.562
  0
LINE
  8
0
 10
1.85954
 20
215.562
 11
1.9021
 21
215.444
  0
LINE
  8
0
 10
1.9021
 20
215.444
 11
1.93716
 21
215.324
  0
LINE
  8
0
 10
1.93716
 20
215.324
 11
1.96457
 21
215.201
  0
LINE
  8
0
 10
1.96457
 20
215.201
 11
1.98422
 21
215.077
  0
LINE
  8
0
 10
1.98422
 20
215.077
 11
1.99605
 21
214.952
  0
LINE
  8
0
 10
1.99605
 20
214.952
 11
2
 21
214.826
  0
LINE
  8
0
 10
2
 20
214.826
 11
1.99605
 21
214.701
  0
LINE
  8
0
 10
1.99605
 20
214.701
 11
1.98422
 21
214.576
  0
LINE
  8
0
 10
1.98422
 20
214.576
 11
1.96457
 21
214.451
  0
LINE
  8
0
 10
1.96457
 20
214.451
 11
1.93716
 21
214.329
  0
LINE
  8
0
 10
1.93716
 20
214.329
 11
1.9021
 21
214.208
  0
LINE
  8
0
 10
1.9021
 20
214.208
 11
1.85954
 21
214.09
  0
LINE
  8
0
 10
1.85954
 20
214.09
 11
1.80965
 21
213.975
  0
LINE
  8
0
 10
1.80965
 20
213.975
 11
1.75261
 21
213.863
  0
LINE
  8
0
 10
1.75261
 20
213.863
 11
1.68864
 21
213.755
  0
LINE
  8
0
 10
1.68864
 20
213.755
 11
1.61803
 21
213.651
  0
LINE
  8
0
 10
1.61803
 20
213.651
 11
1.54102
 21
213.551
  0
LINE
  8
0
 10
1.54102
 20
213.551
 11
1.45793
 21
213.457
  0
LINE
  8
0
 10
1.45793
 20
213.457
 11
1.36908
 21
213.368
  0
LINE
  8
0
 10
1.36908
 20
213.368
 11
1.27484
 21
213.285
  0
LINE
  8
0
 10
1.27484
 20
213.285
 11
1.17557
 21
213.208
  0
LINE
  8
0
 10
1.17557
 20
213.208
 11
1.07164
 21
213.138
  0
LINE
  8
0
 10
1.07164
 20
213.138
 11
0.963501
 21
213.074
  0
LINE
  8
0
 10
0.963501
 20
213.074
 11
0.851547
 21
213.017
  0
LINE
  8
0
 10
0.851547
 20
213.017
 11
0.736237
 21
212.967
  0
LINE
  8
0
 10
0.736237
 20
212.967
 11
0.618027
 21
212.924
  0
LINE
  8
0
 10
0.618027
 20
212.924
 11
0.497375
 21
212.889
  0
LINE
  8
0
 10
0.497375
 20
212.889
 11
0.374756
 21
212.862
  0
LINE
  8
0
 10
0.374756
 20
212.862
 11
0.250656
 21
212.842
  0
LINE
  8
0
 10
0.250656
 20
212.842
 11
0.12558
 21
212.83
  0
LINE
  8
0
 10
0.12558
 20
212.83
 11
0
 21
212.826
  0
LINE
  8
0
 10
0
 20
212.826
 11
-0.12558
 21
212.83
  0
LINE
  8
0
 10
0.00320435
 20
182.503
 11
0.00320435
 21
185.443
  0
LINE
  8
0
 10
0.00320435
 20
185.443
 11
-2.12823
 21
185.443
  0
LINE
  8
0
 10
-2.12823
 20
185.443
 11
0
 21
191.993
  0
LINE
  8
0
 10
0
 20
191.993
 11
3.08357
 21
182.503
  0
LINE
  8
0
 10
3.08357
 20
182.503
 11
0.00320435
 21
182.503
  0
LINE
  8
0
 10
-5.52046
 20
175.003
 11
-4.62398
 21
177.762
  0
LINE
  8
0
 10
-4.62398
 20
177.762
 11
-4.55612
 21
177.688
  0
LINE
  8
0
 10
-4.55612
 20
177.688
 11
-3.90839
 21
177.088
  0
LINE
  8
0
 10
-3.90839
 20
177.088
 11
-3.21625
 21
176.549
  0
LINE
  8
0
 10
-3.21625
 20
176.549
 11
-2.47971
 21
176.07
  0
LINE
  8
0
 10
-2.47971
 20
176.07
 11
-1.69785
 21
175.652
  0
LINE
  8
0
 10
-1.69785
 20
175.652
 11
-0.871582
 21
175.294
  0
LINE
  8
0
 10
-0.871582
 20
175.294
 11
-0.0178528
 21
175.003
  0
LINE
  8
0
 10
-0.0178528
 20
175.003
 11
-5.52046
 21
175.003
  0
LINE
  8
0
 10
7.12326
 20
168.405
 11
6.69891
 21
169.307
  0
LINE
  8
0
 10
6.69891
 20
169.307
 11
6.23062
 21
170.15
  0
LINE
  8
0
 10
6.23062
 20
170.15
 11
5.71655
 21
170.931
  0
LINE
  8
0
 10
5.71655
 20
170.931
 11
5.15854
 21
171.652
  0
LINE
  8
0
 10
5.15854
 20
171.652
 11
4.55612
 21
172.312
  0
LINE
  8
0
 10
4.55612
 20
172.312
 11
3.90839
 21
172.912
  0
LINE
  8
0
 10
3.90839
 20
172.912
 11
3.21625
 21
173.451
  0
LINE
  8
0
 10
3.21625
 20
173.451
 11
2.47971
 21
173.93
  0
LINE
  8
0
 10
2.47971
 20
173.93
 11
1.69785
 21
174.348
  0
LINE
  8
0
 10
1.69785
 20
174.348
 11
0.871582
 21
174.706
  0
LINE
  8
0
 10
0.871582
 20
174.706
 11
0.0178528
 21
174.997
  0
LINE
  8
0
 10
0.0178528
 20
174.997
 11
5.52255
 21
174.997
  0
LINE
  8
0
 10
5.52255
 20
174.997
 11
7.4968
 21
168.921
  0
LINE
  8
0
 10
7.4968
 20
168.921
 11
7.4968
 21
167.457
  0
LINE
  8
0
 10
7.4968
 20
167.457
 11
7.12326
 21
168.405
  0
LINE
  8
0
 10
0.00320435
 20
152.503
 11
0.00320435
 21
155.443
  0
LINE
  8
0
 10
0.00320435
 20
155.443
 11
-7.4968
 21
155.443
  0
LINE
  8
0
 10
-7.4968
 20
155.443
 11
-7.4968
 21
159.997
  0
LINE
  8
0
 10
-7.4968
 20
159.997
 11
-4.55658
 21
159.997
  0
LINE
  8
0
 10
-4.55658
 20
159.997
 11
-4.55658
 21
167.497
  0
LINE
  8
0
 10
-4.55658
 20
167.497
 11
-0.00320435
 21
167.497
  0
LINE
  8
0
 10
-0.00320435
 20
167.497
 11
-0.00320435
 21
164.557
  0
LINE
  8
0
 10
-0.00320435
 20
164.557
 11
7.4968
 21
164.557
  0
LINE
  8
0
 10
7.4968
 20
164.557
 11
7.4968
 21
160.003
  0
LINE
  8
0
 10
7.4968
 20
160.003
 11
4.55658
 21
160.003
  0
LINE
  8
0
 10
4.55658
 20
160.003
 11
4.55658
 21
152.503
  0
LINE
  8
0
 10
4.55658
 20
152.503
 11
0.00320435
 21
152.503
  0
LINE
  8
0
 10
-7.95944
 20
167.497
 11
-7.45743
 21
167.497
  0
LINE
  8
0
 10
-7.45743
 20
167.497
 11
-8.03319
 21
167.27
  0
LINE
  8
0
 10
-8.03319
 20
167.27
 11
-7.95944
 21
167.497
  0
LINE
  8
0
 10
7.45743
 20
152.503
 11
8.405
 21
152.877
  0
LINE
  8
0
 10
8.405
 20
152.877
 11
9.30725
 21
153.301
  0
LINE
  8
0
 10
9.30725
 20
153.301
 11
10.1495
 21
153.769
  0
LINE
  8
0
 10
10.1495
 20
153.769
 11
10.9314
 21
154.283
  0
LINE
  8
0
 10
10.9314
 20
154.283
 11
11.6519
 21
154.841
  0
LINE
  8
0
 10
11.6519
 20
154.841
 11
11.9755
 21
155.137
  0
LINE
  8
0
 10
11.9755
 20
155.137
 11
12.8312
 21
152.503
  0
LINE
  8
0
 10
12.8312
 20
152.503
 11
7.45743
 21
152.503
  0
LINE
  8
0
 10
-7.4968
 20
145.003
 11
-7.4968
 21
152.543
  0
LINE
  8
0
 10
-7.4968
 20
152.543
 11
-7.12326
 21
151.595
  0
LINE
  8
0
 10
-7.12326
 20
151.595
 11
-6.69891
 21
150.693
  0
LINE
  8
0
 10
-6.69891
 20
150.693
 11
-6.23062
 21
149.85
  0
LINE
  8
0
 10
-6.23062
 20
149.85
 11
-5.71655
 21
149.069
  0
LINE
  8
0
 10
-5.71655
 20
149.069
 11
-5.15854
 21
148.348
  0
LINE
  8
0
 10
-5.15854
 20
148.348
 11
-4.55612
 21
147.688
  0
LINE
  8
0
 10
-4.55612
 20
147.688
 11
-3.90839
 21
147.088
  0
LINE
  8
0
 10
-3.90839
 20
147.088
 11
-3.21625
 21
146.549
  0
LINE
  8
0
 10
-3.21625
 20
146.549
 11
-2.47971
 21
146.07
  0
LINE
  8
0
 10
-2.47971
 20
146.07
 11
-1.69785
 21
145.652
  0
LINE
  8
0
 10
-1.69785
 20
145.652
 11
-0.871582
 21
145.294
  0
LINE
  8
0
 10
-0.871582
 20
145.294
 11
-0.0178528
 21
145.003
  0
LINE
  8
0
 10
-0.0178528
 20
145.003
 11
-7.4968
 21
145.003
  0
LINE
  8
0
 10
-11.418
 20
146.721
 11
-11.6345
 21
146.752
  0
LINE
  8
0
 10
-11.6345
 20
146.752
 11
-11.846
 21
146.805
  0
LINE
  8
0
 10
-11.846
 20
146.805
 11
-12.0515
 21
146.879
  0
LINE
  8
0
 10
-12.0515
 20
146.879
 11
-12.2493
 21
146.973
  0
LINE
  8
0
 10
-12.2493
 20
146.973
 11
-12.437
 21
147.085
  0
LINE
  8
0
 10
-12.437
 20
147.085
 11
-12.6128
 21
147.215
  0
LINE
  8
0
 10
-12.6128
 20
147.215
 11
-12.7748
 21
147.362
  0
LINE
  8
0
 10
-12.7748
 20
147.362
 11
-12.9213
 21
147.524
  0
LINE
  8
0
 10
-12.9213
 20
147.524
 11
-13.0518
 21
147.7
  0
LINE
  8
0
 10
-13.0518
 20
147.7
 11
-13.1639
 21
147.887
  0
LINE
  8
0
 10
-13.1639
 20
147.887
 11
-13.2573
 21
148.085
  0
LINE
  8
0
 10
-13.2573
 20
148.085
 11
-13.331
 21
148.29
  0
LINE
  8
0
 10
-13.331
 20
148.29
 11
-13.3841
 21
148.503
  0
LINE
  8
0
 10
-13.3841
 20
148.503
 11
-13.4166
 21
148.719
  0
LINE
  8
0
 10
-13.4166
 20
148.719
 11
-13.4267
 21
148.937
  0
LINE
  8
0
 10
-13.4267
 20
148.937
 11
-13.4161
 21
149.156
  0
LINE
  8
0
 10
-13.4161
 20
149.156
 11
-13.3841
 21
149.372
  0
LINE
  8
0
 10
-13.3841
 20
149.372
 11
-13.331
 21
149.584
  0
LINE
  8
0
 10
-13.331
 20
149.584
 11
-13.2573
 21
149.789
  0
LINE
  8
0
 10
-13.2573
 20
149.789
 11
-13.1639
 21
149.987
  0
LINE
  8
0
 10
-13.1639
 20
149.987
 11
-13.0518
 21
150.175
  0
LINE
  8
0
 10
-13.0518
 20
150.175
 11
-12.9213
 21
150.35
  0
LINE
  8
0
 10
-12.9213
 20
150.35
 11
-12.7748
 21
150.512
  0
LINE
  8
0
 10
-12.7748
 20
150.512
 11
-12.6128
 21
150.659
  0
LINE
  8
0
 10
-12.6128
 20
150.659
 11
-12.437
 21
150.789
  0
LINE
  8
0
 10
-12.437
 20
150.789
 11
-12.2493
 21
150.901
  0
LINE
  8
0
 10
-12.2493
 20
150.901
 11
-12.0515
 21
150.995
  0
LINE
  8
0
 10
-12.0515
 20
150.995
 11
-11.846
 21
151.069
  0
LINE
  8
0
 10
-11.846
 20
151.069
 11
-11.6336
 21
151.122
  0
LINE
  8
0
 10
-11.6336
 20
151.122
 11
-11.4175
 21
151.154
  0
LINE
  8
0
 10
-11.4175
 20
151.154
 11
-11.1992
 21
151.164
  0
LINE
  8
0
 10
-11.1992
 20
151.164
 11
-10.9808
 21
151.154
  0
LINE
  8
0
 10
-10.9808
 20
151.154
 11
-10.7643
 21
151.122
  0
LINE
  8
0
 10
-10.7643
 20
151.122
 11
-10.5528
 21
151.069
  0
LINE
  8
0
 10
-10.5528
 20
151.069
 11
-10.3473
 21
150.995
  0
LINE
  8
0
 10
-10.3473
 20
150.995
 11
-10.1491
 21
150.901
  0
LINE
  8
0
 10
-10.1491
 20
150.901
 11
-9.9614
 21
150.789
  0
LINE
  8
0
 10
-9.9614
 20
150.789
 11
-9.78607
 21
150.659
  0
LINE
  8
0
 10
-9.78607
 20
150.659
 11
-9.62402
 21
150.512
  0
LINE
  8
0
 10
-9.62402
 20
150.512
 11
-9.47754
 21
150.35
  0
LINE
  8
0
 10
-9.47754
 20
150.35
 11
-9.34708
 21
150.175
  0
LINE
  8
0
 10
-9.34708
 20
150.175
 11
-9.23492
 21
149.987
  0
LINE
  8
0
 10
-9.23492
 20
149.987
 11
-9.14154
 21
149.789
  0
LINE
  8
0
 10
-9.14154
 20
149.789
 11
-9.06784
 21
149.584
  0
LINE
  8
0
 10
-9.06784
 20
149.584
 11
-9.01428
 21
149.371
  0
LINE
  8
0
 10
-9.01428
 20
149.371
 11
-8.98224
 21
149.155
  0
LINE
  8
0
 10
-8.98224
 20
149.155
 11
-8.97217
 21
148.937
  0
LINE
  8
0
 10
-8.97217
 20
148.937
 11
-8.9827
 21
148.718
  0
LINE
  8
0
 10
-8.9827
 20
148.718
 11
-9.01474
 21
148.502
  0
LINE
  8
0
 10
-9.01474
 20
148.502
 11
-9.06784
 21
148.29
  0
LINE
  8
0
 10
-9.06784
 20
148.29
 11
-9.14154
 21
148.084
  0
LINE
  8
0
 10
-9.14154
 20
148.084
 11
-9.23492
 21
147.887
  0
LINE
  8
0
 10
-9.23492
 20
147.887
 11
-9.34753
 21
147.699
  0
LINE
  8
0
 10
-9.34753
 20
147.699
 11
-9.47754
 21
147.524
  0
LINE
  8
0
 10
-9.47754
 20
147.524
 11
-9.62448
 21
147.362
  0
LINE
  8
0
 10
-9.62448
 20
147.362
 11
-9.78607
 21
147.215
  0
LINE
  8
0
 10
-9.78607
 20
147.215
 11
-9.9614
 21
147.085
  0
LINE
  8
0
 10
-9.9614
 20
147.085
 11
-10.1491
 21
146.973
  0
LINE
  8
0
 10
-10.1491
 20
146.973
 11
-10.3473
 21
146.879
  0
LINE
  8
0
 10
-10.3473
 20
146.879
 11
-10.5528
 21
146.805
  0
LINE
  8
0
 10
-10.5528
 20
146.805
 11
-10.7652
 21
146.752
  0
LINE
  8
0
 10
-10.7652
 20
146.752
 11
-10.9813
 21
146.72
  0
LINE
  8
0
 10
-10.9813
 20
146.72
 11
-11.1992
 21
146.71
  0
LINE
  8
0
 10
-11.1992
 20
146.71
 11
-11.418
 21
146.721
  0
LINE
  8
0
 10
10.8444
 20
146.584
 11
10.6279
 21
146.616
  0
LINE
  8
0
 10
10.6279
 20
146.616
 11
10.4164
 21
146.669
  0
LINE
  8
0
 10
10.4164
 20
146.669
 11
10.2109
 21
146.743
  0
LINE
  8
0
 10
10.2109
 20
146.743
 11
10.0127
 21
146.836
  0
LINE
  8
0
 10
10.0127
 20
146.836
 11
9.82498
 21
146.949
  0
LINE
  8
0
 10
9.82498
 20
146.949
 11
9.64966
 21
147.079
  0
LINE
  8
0
 10
9.64966
 20
147.079
 11
9.48761
 21
147.226
  0
LINE
  8
0
 10
9.48761
 20
147.226
 11
9.34113
 21
147.387
  0
LINE
  8
0
 10
9.34113
 20
147.387
 11
9.21066
 21
147.563
  0
LINE
  8
0
 10
9.21066
 20
147.563
 11
9.09851
 21
147.751
  0
LINE
  8
0
 10
9.09851
 20
147.751
 11
9.00513
 21
147.948
  0
LINE
  8
0
 10
9.00513
 20
147.948
 11
8.93097
 21
148.154
  0
LINE
  8
0
 10
8.93097
 20
148.154
 11
8.87787
 21
148.366
  0
LINE
  8
0
 10
8.87787
 20
148.366
 11
8.84583
 21
148.582
  0
LINE
  8
0
 10
8.84583
 20
148.582
 11
8.83575
 21
148.801
  0
LINE
  8
0
 10
8.83575
 20
148.801
 11
8.84628
 21
149.019
  0
LINE
  8
0
 10
8.84628
 20
149.019
 11
8.87787
 21
149.236
  0
LINE
  8
0
 10
8.87787
 20
149.236
 11
8.93097
 21
149.447
  0
LINE
  8
0
 10
8.93097
 20
149.447
 11
9.00513
 21
149.653
  0
LINE
  8
0
 10
9.00513
 20
149.653
 11
9.09851
 21
149.851
  0
LINE
  8
0
 10
9.09851
 20
149.851
 11
9.21066
 21
150.038
  0
LINE
  8
0
 10
9.21066
 20
150.038
 11
9.34113
 21
150.214
  0
LINE
  8
0
 10
9.34113
 20
150.214
 11
9.48761
 21
150.376
  0
LINE
  8
0
 10
9.48761
 20
150.376
 11
9.64966
 21
150.522
  0
LINE
  8
0
 10
9.64966
 20
150.522
 11
9.82498
 21
150.652
  0
LINE
  8
0
 10
9.82498
 20
150.652
 11
10.0127
 21
150.765
  0
LINE
  8
0
 10
10.0127
 20
150.765
 11
10.2109
 21
150.858
  0
LINE
  8
0
 10
10.2109
 20
150.858
 11
10.4164
 21
150.932
  0
LINE
  8
0
 10
10.4164
 20
150.932
 11
10.6288
 21
150.986
  0
LINE
  8
0
 10
10.6288
 20
150.986
 11
10.8449
 21
151.018
  0
LINE
  8
0
 10
10.8449
 20
151.018
 11
11.0628
 21
151.028
  0
LINE
  8
0
 10
11.0628
 20
151.028
 11
11.2816
 21
151.017
  0
LINE
  8
0
 10
11.2816
 20
151.017
 11
11.4981
 21
150.985
  0
LINE
  8
0
 10
11.4981
 20
150.985
 11
11.7096
 21
150.932
  0
LINE
  8
0
 10
11.7096
 20
150.932
 11
11.9151
 21
150.858
  0
LINE
  8
0
 10
11.9151
 20
150.858
 11
12.1129
 21
150.765
  0
LINE
  8
0
 10
12.1129
 20
150.765
 11
12.3006
 21
150.652
  0
LINE
  8
0
 10
12.3006
 20
150.652
 11
12.4759
 21
150.522
  0
LINE
  8
0
 10
12.4759
 20
150.522
 11
12.6384
 21
150.376
  0
LINE
  8
0
 10
12.6384
 20
150.376
 11
12.7849
 21
150.214
  0
LINE
  8
0
 10
12.7849
 20
150.214
 11
12.9153
 21
150.038
  0
LINE
  8
0
 10
12.9153
 20
150.038
 11
13.027
 21
149.851
  0
LINE
  8
0
 10
13.027
 20
149.851
 11
13.1209
 21
149.653
  0
LINE
  8
0
 10
13.1209
 20
149.653
 11
13.1946
 21
149.447
  0
LINE
  8
0
 10
13.1946
 20
149.447
 11
13.2477
 21
149.235
  0
LINE
  8
0
 10
13.2477
 20
149.235
 11
13.2797
 21
149.019
  0
LINE
  8
0
 10
13.2797
 20
149.019
 11
13.2903
 21
148.801
  0
LINE
  8
0
 10
13.2903
 20
148.801
 11
13.2793
 21
148.582
  0
LINE
  8
0
 10
13.2793
 20
148.582
 11
13.2472
 21
148.365
  0
LINE
  8
0
 10
13.2472
 20
148.365
 11
13.1946
 21
148.154
  0
LINE
  8
0
 10
13.1946
 20
148.154
 11
13.1209
 21
147.948
  0
LINE
  8
0
 10
13.1209
 20
147.948
 11
13.027
 21
147.751
  0
LINE
  8
0
 10
13.027
 20
147.751
 11
12.9149
 21
147.563
  0
LINE
  8
0
 10
12.9149
 20
147.563
 11
12.7849
 21
147.387
  0
LINE
  8
0
 10
12.7849
 20
147.387
 11
12.6379
 21
147.225
  0
LINE
  8
0
 10
12.6379
 20
147.225
 11
12.4759
 21
147.079
  0
LINE
  8
0
 10
12.4759
 20
147.079
 11
12.3006
 21
146.949
  0
LINE
  8
0
 10
12.3006
 20
146.949
 11
12.1129
 21
146.836
  0
LINE
  8
0
 10
12.1129
 20
146.836
 11
11.9151
 21
146.743
  0
LINE
  8
0
 10
11.9151
 20
146.743
 11
11.7096
 21
146.669
  0
LINE
  8
0
 10
11.7096
 20
146.669
 11
11.4972
 21
146.616
  0
LINE
  8
0
 10
11.4972
 20
146.616
 11
11.2811
 21
146.583
  0
LINE
  8
0
 10
11.2811
 20
146.583
 11
11.0628
 21
146.573
  0
LINE
  8
0
 10
11.0628
 20
146.573
 11
10.8444
 21
146.584
  0
LINE
  8
0
 10
7.12326
 20
138.405
 11
6.69891
 21
139.307
  0
LINE
  8
0
 10
6.69891
 20
139.307
 11
6.23062
 21
140.15
  0
LINE
  8
0
 10
6.23062
 20
140.15
 11
5.71655
 21
140.931
  0
LINE
  8
0
 10
5.71655
 20
140.931
 11
5.15854
 21
141.652
  0
LINE
  8
0
 10
5.15854
 20
141.652
 11
4.55612
 21
142.312
  0
LINE
  8
0
 10
4.55612
 20
142.312
 11
3.90839
 21
142.912
  0
LINE
  8
0
 10
3.90839
 20
142.912
 11
3.21625
 21
143.451
  0
LINE
  8
0
 10
3.21625
 20
143.451
 11
2.47971
 21
143.93
  0
LINE
  8
0
 10
2.47971
 20
143.93
 11
1.69785
 21
144.348
  0
LINE
  8
0
 10
1.69785
 20
144.348
 11
0.871582
 21
144.706
  0
LINE
  8
0
 10
0.871582
 20
144.706
 11
0.0178528
 21
144.997
  0
LINE
  8
0
 10
0.0178528
 20
144.997
 11
7.4968
 21
144.997
  0
LINE
  8
0
 10
7.4968
 20
144.997
 11
7.4968
 21
137.457
  0
LINE
  8
0
 10
7.4968
 20
137.457
 11
7.12326
 21
138.405
  0
LINE
  8
0
 10
-11.2816
 20
138.983
 11
-11.4981
 21
139.015
  0
LINE
  8
0
 10
-11.4981
 20
139.015
 11
-11.7096
 21
139.068
  0
LINE
  8
0
 10
-11.7096
 20
139.068
 11
-11.9151
 21
139.142
  0
LINE
  8
0
 10
-11.9151
 20
139.142
 11
-12.1129
 21
139.235
  0
LINE
  8
0
 10
-12.1129
 20
139.235
 11
-12.3006
 21
139.348
  0
LINE
  8
0
 10
-12.3006
 20
139.348
 11
-12.4759
 21
139.478
  0
LINE
  8
0
 10
-12.4759
 20
139.478
 11
-12.6384
 21
139.624
  0
LINE
  8
0
 10
-12.6384
 20
139.624
 11
-12.7849
 21
139.786
  0
LINE
  8
0
 10
-12.7849
 20
139.786
 11
-12.9153
 21
139.962
  0
LINE
  8
0
 10
-12.9153
 20
139.962
 11
-13.027
 21
140.149
  0
LINE
  8
0
 10
-13.027
 20
140.149
 11
-13.1209
 21
140.347
  0
LINE
  8
0
 10
-13.1209
 20
140.347
 11
-13.1946
 21
140.553
  0
LINE
  8
0
 10
-13.1946
 20
140.553
 11
-13.2477
 21
140.765
  0
LINE
  8
0
 10
-13.2477
 20
140.765
 11
-13.2797
 21
140.981
  0
LINE
  8
0
 10
-13.2797
 20
140.981
 11
-13.2903
 21
141.199
  0
LINE
  8
0
 10
-13.2903
 20
141.199
 11
-13.2793
 21
141.418
  0
LINE
  8
0
 10
-13.2793
 20
141.418
 11
-13.2477
 21
141.635
  0
LINE
  8
0
 10
-13.2477
 20
141.635
 11
-13.1946
 21
141.846
  0
LINE
  8
0
 10
-13.1946
 20
141.846
 11
-13.1209
 21
142.052
  0
LINE
  8
0
 10
-13.1209
 20
142.052
 11
-13.027
 21
142.249
  0
LINE
  8
0
 10
-13.027
 20
142.249
 11
-12.9153
 21
142.437
  0
LINE
  8
0
 10
-12.9153
 20
142.437
 11
-12.7849
 21
142.613
  0
LINE
  8
0
 10
-12.7849
 20
142.613
 11
-12.6384
 21
142.774
  0
LINE
  8
0
 10
-12.6384
 20
142.774
 11
-12.4759
 21
142.921
  0
LINE
  8
0
 10
-12.4759
 20
142.921
 11
-12.3006
 21
143.051
  0
LINE
  8
0
 10
-12.3006
 20
143.051
 11
-12.1129
 21
143.164
  0
LINE
  8
0
 10
-12.1129
 20
143.164
 11
-11.9151
 21
143.257
  0
LINE
  8
0
 10
-11.9151
 20
143.257
 11
-11.7096
 21
143.331
  0
LINE
  8
0
 10
-11.7096
 20
143.331
 11
-11.4972
 21
143.384
  0
LINE
  8
0
 10
-11.4972
 20
143.384
 11
-11.2811
 21
143.417
  0
LINE
  8
0
 10
-11.2811
 20
143.417
 11
-11.0628
 21
143.427
  0
LINE
  8
0
 10
-11.0628
 20
143.427
 11
-10.8444
 21
143.416
  0
LINE
  8
0
 10
-10.8444
 20
143.416
 11
-10.6279
 21
143.384
  0
LINE
  8
0
 10
-10.6279
 20
143.384
 11
-10.4164
 21
143.331
  0
LINE
  8
0
 10
-10.4164
 20
143.331
 11
-10.2109
 21
143.257
  0
LINE
  8
0
 10
-10.2109
 20
143.257
 11
-10.0127
 21
143.164
  0
LINE
  8
0
 10
-10.0127
 20
143.164
 11
-9.82498
 21
143.051
  0
LINE
  8
0
 10
-9.82498
 20
143.051
 11
-9.64966
 21
142.921
  0
LINE
  8
0
 10
-9.64966
 20
142.921
 11
-9.48761
 21
142.774
  0
LINE
  8
0
 10
-9.48761
 20
142.774
 11
-9.34113
 21
142.613
  0
LINE
  8
0
 10
-9.34113
 20
142.613
 11
-9.21066
 21
142.437
  0
LINE
  8
0
 10
-9.21066
 20
142.437
 11
-9.09851
 21
142.249
  0
LINE
  8
0
 10
-9.09851
 20
142.249
 11
-9.00513
 21
142.052
  0
LINE
  8
0
 10
-9.00513
 20
142.052
 11
-8.93097
 21
141.846
  0
LINE
  8
0
 10
-8.93097
 20
141.846
 11
-8.87787
 21
141.634
  0
LINE
  8
0
 10
-8.87787
 20
141.634
 11
-8.84583
 21
141.418
  0
LINE
  8
0
 10
-8.84583
 20
141.418
 11
-8.83575
 21
141.199
  0
LINE
  8
0
 10
-8.83575
 20
141.199
 11
-8.84628
 21
140.981
  0
LINE
  8
0
 10
-8.84628
 20
140.981
 11
-8.87833
 21
140.764
  0
LINE
  8
0
 10
-8.87833
 20
140.764
 11
-8.93097
 21
140.553
  0
LINE
  8
0
 10
-8.93097
 20
140.553
 11
-9.00513
 21
140.347
  0
LINE
  8
0
 10
-9.00513
 20
140.347
 11
-9.09851
 21
140.149
  0
LINE
  8
0
 10
-9.09851
 20
140.149
 11
-9.21112
 21
139.961
  0
LINE
  8
0
 10
-9.21112
 20
139.961
 11
-9.34113
 21
139.786
  0
LINE
  8
0
 10
-9.34113
 20
139.786
 11
-9.48807
 21
139.624
  0
LINE
  8
0
 10
-9.48807
 20
139.624
 11
-9.64966
 21
139.478
  0
LINE
  8
0
 10
-9.64966
 20
139.478
 11
-9.82498
 21
139.348
  0
LINE
  8
0
 10
-9.82498
 20
139.348
 11
-10.0127
 21
139.235
  0
LINE
  8
0
 10
-10.0127
 20
139.235
 11
-10.2109
 21
139.142
  0
LINE
  8
0
 10
-10.2109
 20
139.142
 11
-10.4164
 21
139.068
  0
LINE
  8
0
 10
-10.4164
 20
139.068
 11
-10.6288
 21
139.014
  0
LINE
  8
0
 10
-10.6288
 20
139.014
 11
-10.8449
 21
138.982
  0
LINE
  8
0
 10
-10.8449
 20
138.982
 11
-11.0628
 21
138.972
  0
LINE
  8
0
 10
-11.0628
 20
138.972
 11
-11.2816
 21
138.983
  0
LINE
  8
0
 10
10.9808
 20
138.846
 11
10.7643
 21
138.878
  0
LINE
  8
0
 10
10.7643
 20
138.878
 11
10.5528
 21
138.931
  0
LINE
  8
0
 10
10.5528
 20
138.931
 11
10.3473
 21
139.005
  0
LINE
  8
0
 10
10.3473
 20
139.005
 11
10.1491
 21
139.099
  0
LINE
  8
0
 10
10.1491
 20
139.099
 11
9.9614
 21
139.211
  0
LINE
  8
0
 10
9.9614
 20
139.211
 11
9.78607
 21
139.341
  0
LINE
  8
0
 10
9.78607
 20
139.341
 11
9.62402
 21
139.488
  0
LINE
  8
0
 10
9.62402
 20
139.488
 11
9.47754
 21
139.65
  0
LINE
  8
0
 10
9.47754
 20
139.65
 11
9.34708
 21
139.825
  0
LINE
  8
0
 10
9.34708
 20
139.825
 11
9.23492
 21
140.013
  0
LINE
  8
0
 10
9.23492
 20
140.013
 11
9.14154
 21
140.211
  0
LINE
  8
0
 10
9.14154
 20
140.211
 11
9.06784
 21
140.416
  0
LINE
  8
0
 10
9.06784
 20
140.416
 11
9.01428
 21
140.629
  0
LINE
  8
0
 10
9.01428
 20
140.629
 11
8.98224
 21
140.845
  0
LINE
  8
0
 10
8.98224
 20
140.845
 11
8.97217
 21
141.063
  0
LINE
  8
0
 10
8.97217
 20
141.063
 11
8.9827
 21
141.282
  0
LINE
  8
0
 10
8.9827
 20
141.282
 11
9.01474
 21
141.498
  0
LINE
  8
0
 10
9.01474
 20
141.498
 11
9.06784
 21
141.71
  0
LINE
  8
0
 10
9.06784
 20
141.71
 11
9.14154
 21
141.915
  0
LINE
  8
0
 10
9.14154
 20
141.915
 11
9.23492
 21
142.113
  0
LINE
  8
0
 10
9.23492
 20
142.113
 11
9.34708
 21
142.3
  0
LINE
  8
0
 10
9.34708
 20
142.3
 11
9.47754
 21
142.476
  0
LINE
  8
0
 10
9.47754
 20
142.476
 11
9.62402
 21
142.638
  0
LINE
  8
0
 10
9.62402
 20
142.638
 11
9.78607
 21
142.785
  0
LINE
  8
0
 10
9.78607
 20
142.785
 11
9.9614
 21
142.915
  0
LINE
  8
0
 10
9.9614
 20
142.915
 11
10.1491
 21
143.027
  0
LINE
  8
0
 10
10.1491
 20
143.027
 11
10.3473
 21
143.121
  0
LINE
  8
0
 10
10.3473
 20
143.121
 11
10.5528
 21
143.195
  0
LINE
  8
0
 10
10.5528
 20
143.195
 11
10.7652
 21
143.248
  0
LINE
  8
0
 10
10.7652
 20
143.248
 11
10.9813
 21
143.28
  0
LINE
  8
0
 10
10.9813
 20
143.28
 11
11.1992
 21
143.29
  0
LINE
  8
0
 10
11.1992
 20
143.29
 11
11.418
 21
143.279
  0
LINE
  8
0
 10
11.418
 20
143.279
 11
11.6345
 21
143.248
  0
LINE
  8
0
 10
11.6345
 20
143.248
 11
11.846
 21
143.195
  0
LINE
  8
0
 10
11.846
 20
143.195
 11
12.0515
 21
143.121
  0
LINE
  8
0
 10
12.0515
 20
143.121
 11
12.2493
 21
143.027
  0
LINE
  8
0
 10
12.2493
 20
143.027
 11
12.437
 21
142.915
  0
LINE
  8
0
 10
12.437
 20
142.915
 11
12.6128
 21
142.785
  0
LINE
  8
0
 10
12.6128
 20
142.785
 11
12.7748
 21
142.638
  0
LINE
  8
0
 10
12.7748
 20
142.638
 11
12.9213
 21
142.476
  0
LINE
  8
0
 10
12.9213
 20
142.476
 11
13.0518
 21
142.3
  0
LINE
  8
0
 10
13.0518
 20
142.3
 11
13.1639
 21
142.113
  0
LINE
  8
0
 10
13.1639
 20
142.113
 11
13.2573
 21
141.915
  0
LINE
  8
0
 10
13.2573
 20
141.915
 11
13.331
 21
141.71
  0
LINE
  8
0
 10
13.331
 20
141.71
 11
13.3841
 21
141.497
  0
LINE
  8
0
 10
13.3841
 20
141.497
 11
13.4166
 21
141.281
  0
LINE
  8
0
 10
13.4166
 20
141.281
 11
13.4267
 21
141.063
  0
LINE
  8
0
 10
13.4267
 20
141.063
 11
13.4161
 21
140.844
  0
LINE
  8
0
 10
13.4161
 20
140.844
 11
13.3836
 21
140.628
  0
LINE
  8
0
 10
13.3836
 20
140.628
 11
13.331
 21
140.416
  0
LINE
  8
0
 10
13.331
 20
140.416
 11
13.2573
 21
140.21
  0
LINE
  8
0
 10
13.2573
 20
140.21
 11
13.1639
 21
140.013
  0
LINE
  8
0
 10
13.1639
 20
140.013
 11
13.0513
 21
139.825
  0
LINE
  8
0
 10
13.0513
 20
139.825
 11
12.9213
 21
139.65
  0
LINE
  8
0
 10
12.9213
 20
139.65
 11
12.7744
 21
139.488
  0
LINE
  8
0
 10
12.7744
 20
139.488
 11
12.6128
 21
139.341
  0
LINE
  8
0
 10
12.6128
 20
139.341
 11
12.437
 21
139.211
  0
LINE
  8
0
 10
12.437
 20
139.211
 11
12.2493
 21
139.099
  0
LINE
  8
0
 10
12.2493
 20
139.099
 11
12.0515
 21
139.005
  0
LINE
  8
0
 10
12.0515
 20
139.005
 11
11.846
 21
138.931
  0
LINE
  8
0
 10
11.846
 20
138.931
 11
11.6336
 21
138.878
  0
LINE
  8
0
 10
11.6336
 20
138.878
 11
11.4175
 21
138.846
  0
LINE
  8
0
 10
11.4175
 20
138.846
 11
11.1992
 21
138.836
  0
LINE
  8
0
 10
11.1992
 20
138.836
 11
10.9808
 21
138.846
  0
LINE
  8
0
 10
-16.5777
 20
140.973
 11
-16.5839
 21
140.844
  0
LINE
  8
0
 10
-16.5839
 20
140.844
 11
-16.6164
 21
140.628
  0
LINE
  8
0
 10
-16.6164
 20
140.628
 11
-16.669
 21
140.416
  0
LINE
  8
0
 10
-16.669
 20
140.416
 11
-16.7427
 21
140.21
  0
LINE
  8
0
 10
-16.7427
 20
140.21
 11
-16.8361
 21
140.013
  0
LINE
  8
0
 10
-16.8361
 20
140.013
 11
-16.9487
 21
139.825
  0
LINE
  8
0
 10
-16.9487
 20
139.825
 11
-16.952
 21
139.821
  0
LINE
  8
0
 10
-16.952
 20
139.821
 11
-16.5777
 21
140.973
  0
LINE
  8
0
 10
-14.9968
 20
137.497
 11
-7.45743
 21
137.497
  0
LINE
  8
0
 10
-7.45743
 20
137.497
 11
-8.405
 21
137.123
  0
LINE
  8
0
 10
-8.405
 20
137.123
 11
-9.30725
 21
136.699
  0
LINE
  8
0
 10
-9.30725
 20
136.699
 11
-10.1495
 21
136.231
  0
LINE
  8
0
 10
-10.1495
 20
136.231
 11
-10.9314
 21
135.717
  0
LINE
  8
0
 10
-10.9314
 20
135.717
 11
-11.6519
 21
135.159
  0
LINE
  8
0
 10
-11.6519
 20
135.159
 11
-12.312
 21
134.556
  0
LINE
  8
0
 10
-12.312
 20
134.556
 11
-12.9121
 21
133.908
  0
LINE
  8
0
 10
-12.9121
 20
133.908
 11
-13.4509
 21
133.216
  0
LINE
  8
0
 10
-13.4509
 20
133.216
 11
-13.9302
 21
132.48
  0
LINE
  8
0
 10
-13.9302
 20
132.48
 11
-14.3481
 21
131.698
  0
LINE
  8
0
 10
-14.3481
 20
131.698
 11
-14.7057
 21
130.872
  0
LINE
  8
0
 10
-14.7057
 20
130.872
 11
-14.9968
 21
130.018
  0
LINE
  8
0
 10
-14.9968
 20
130.018
 11
-14.9968
 21
137.497
  0
LINE
  8
0
 10
15.0032
 20
137.497
 11
17.707
 21
137.497
  0
LINE
  8
0
 10
17.707
 20
137.497
 11
18.4429
 21
135.232
  0
LINE
  8
0
 10
18.4429
 20
135.232
 11
18.3481
 21
135.159
  0
LINE
  8
0
 10
18.3481
 20
135.159
 11
17.688
 21
134.556
  0
LINE
  8
0
 10
17.688
 20
134.556
 11
17.0879
 21
133.908
  0
LINE
  8
0
 10
17.0879
 20
133.908
 11
16.5491
 21
133.216
  0
LINE
  8
0
 10
16.5491
 20
133.216
 11
16.0698
 21
132.48
  0
LINE
  8
0
 10
16.0698
 20
132.48
 11
15.6519
 21
131.698
  0
LINE
  8
0
 10
15.6519
 20
131.698
 11
15.2943
 21
130.872
  0
LINE
  8
0
 10
15.2943
 20
130.872
 11
15.0032
 21
130.018
  0
LINE
  8
0
 10
15.0032
 20
130.018
 11
15.0032
 21
137.497
  0
LINE
  8
0
 10
0.00320435
 20
122.503
 11
0.00320435
 21
125.443
  0
LINE
  8
0
 10
0.00320435
 20
125.443
 11
-7.4968
 21
125.443
  0
LINE
  8
0
 10
-7.4968
 20
125.443
 11
-7.4968
 21
129.997
  0
LINE
  8
0
 10
-7.4968
 20
129.997
 11
-4.55658
 21
129.997
  0
LINE
  8
0
 10
-4.55658
 20
129.997
 11
-4.55658
 21
137.497
  0
LINE
  8
0
 10
-4.55658
 20
137.497
 11
-0.00320435
 21
137.497
  0
LINE
  8
0
 10
-0.00320435
 20
137.497
 11
-0.00320435
 21
134.557
  0
LINE
  8
0
 10
-0.00320435
 20
134.557
 11
7.4968
 21
134.557
  0
LINE
  8
0
 10
7.4968
 20
134.557
 11
7.4968
 21
130.003
  0
LINE
  8
0
 10
7.4968
 20
130.003
 11
4.55658
 21
130.003
  0
LINE
  8
0
 10
4.55658
 20
130.003
 11
4.55658
 21
122.503
  0
LINE
  8
0
 10
4.55658
 20
122.503
 11
0.00320435
 21
122.503
  0
LINE
  8
0
 10
7.45743
 20
122.503
 11
8.405
 21
122.877
  0
LINE
  8
0
 10
8.405
 20
122.877
 11
9.30725
 21
123.301
  0
LINE
  8
0
 10
9.30725
 20
123.301
 11
10.1495
 21
123.769
  0
LINE
  8
0
 10
10.1495
 20
123.769
 11
10.9314
 21
124.283
  0
LINE
  8
0
 10
10.9314
 20
124.283
 11
11.6519
 21
124.841
  0
LINE
  8
0
 10
11.6519
 20
124.841
 11
12.312
 21
125.444
  0
LINE
  8
0
 10
12.312
 20
125.444
 11
12.9121
 21
126.092
  0
LINE
  8
0
 10
12.9121
 20
126.092
 11
13.4509
 21
126.784
  0
LINE
  8
0
 10
13.4509
 20
126.784
 11
13.9302
 21
127.52
  0
LINE
  8
0
 10
13.9302
 20
127.52
 11
14.3481
 21
128.302
  0
LINE
  8
0
 10
14.3481
 20
128.302
 11
14.7057
 21
129.128
  0
LINE
  8
0
 10
14.7057
 20
129.128
 11
14.9968
 21
129.982
  0
LINE
  8
0
 10
14.9968
 20
129.982
 11
14.9968
 21
122.503
  0
LINE
  8
0
 10
14.9968
 20
122.503
 11
7.45743
 21
122.503
  0
LINE
  8
0
 10
-22.5426
 20
122.503
 11
-21.595
 21
122.877
  0
LINE
  8
0
 10
-21.595
 20
122.877
 11
-20.6927
 21
123.301
  0
LINE
  8
0
 10
-20.6927
 20
123.301
 11
-19.8505
 21
123.769
  0
LINE
  8
0
 10
-19.8505
 20
123.769
 11
-19.0686
 21
124.283
  0
LINE
  8
0
 10
-19.0686
 20
124.283
 11
-18.3481
 21
124.841
  0
LINE
  8
0
 10
-18.3481
 20
124.841
 11
-17.688
 21
125.444
  0
LINE
  8
0
 10
-17.688
 20
125.444
 11
-17.0879
 21
126.092
  0
LINE
  8
0
 10
-17.0879
 20
126.092
 11
-16.5491
 21
126.784
  0
LINE
  8
0
 10
-16.5491
 20
126.784
 11
-16.0698
 21
127.52
  0
LINE
  8
0
 10
-16.0698
 20
127.52
 11
-15.6519
 21
128.302
  0
LINE
  8
0
 10
-15.6519
 20
128.302
 11
-15.2943
 21
129.128
  0
LINE
  8
0
 10
-15.2943
 20
129.128
 11
-15.0032
 21
129.982
  0
LINE
  8
0
 10
-15.0032
 20
129.982
 11
-15.0032
 21
122.503
  0
LINE
  8
0
 10
-15.0032
 20
122.503
 11
-22.5426
 21
122.503
  0
LINE
  8
0
 10
-7.4968
 20
115.003
 11
-7.4968
 21
122.543
  0
LINE
  8
0
 10
-7.4968
 20
122.543
 11
-7.12326
 21
121.595
  0
LINE
  8
0
 10
-7.12326
 20
121.595
 11
-6.69891
 21
120.693
  0
LINE
  8
0
 10
-6.69891
 20
120.693
 11
-6.23062
 21
119.85
  0
LINE
  8
0
 10
-6.23062
 20
119.85
 11
-5.71655
 21
119.069
  0
LINE
  8
0
 10
-5.71655
 20
119.069
 11
-5.15854
 21
118.348
  0
LINE
  8
0
 10
-5.15854
 20
118.348
 11
-4.55612
 21
117.688
  0
LINE
  8
0
 10
-4.55612
 20
117.688
 11
-3.90839
 21
117.088
  0
LINE
  8
0
 10
-3.90839
 20
117.088
 11
-3.21625
 21
116.549
  0
LINE
  8
0
 10
-3.21625
 20
116.549
 11
-2.47971
 21
116.07
  0
LINE
  8
0
 10
-2.47971
 20
116.07
 11
-1.69785
 21
115.652
  0
LINE
  8
0
 10
-1.69785
 20
115.652
 11
-0.871582
 21
115.294
  0
LINE
  8
0
 10
-0.871582
 20
115.294
 11
-0.0178528
 21
115.003
  0
LINE
  8
0
 10
-0.0178528
 20
115.003
 11
-7.4968
 21
115.003
  0
LINE
  8
0
 10
22.5032
 20
115.003
 11
22.5032
 21
122.543
  0
LINE
  8
0
 10
22.5032
 20
122.543
 11
22.8603
 21
121.637
  0
LINE
  8
0
 10
22.8603
 20
121.637
 11
25.0156
 21
115.003
  0
LINE
  8
0
 10
25.0156
 20
115.003
 11
22.5032
 21
115.003
  0
LINE
  8
0
 10
-11.418
 20
116.721
 11
-11.6345
 21
116.752
  0
LINE
  8
0
 10
-11.6345
 20
116.752
 11
-11.846
 21
116.805
  0
LINE
  8
0
 10
-11.846
 20
116.805
 11
-12.0515
 21
116.879
  0
LINE
  8
0
 10
-12.0515
 20
116.879
 11
-12.2493
 21
116.973
  0
LINE
  8
0
 10
-12.2493
 20
116.973
 11
-12.437
 21
117.085
  0
LINE
  8
0
 10
-12.437
 20
117.085
 11
-12.6128
 21
117.215
  0
LINE
  8
0
 10
-12.6128
 20
117.215
 11
-12.7748
 21
117.362
  0
LINE
  8
0
 10
-12.7748
 20
117.362
 11
-12.9213
 21
117.524
  0
LINE
  8
0
 10
-12.9213
 20
117.524
 11
-13.0518
 21
117.7
  0
LINE
  8
0
 10
-13.0518
 20
117.7
 11
-13.1639
 21
117.887
  0
LINE
  8
0
 10
-13.1639
 20
117.887
 11
-13.2573
 21
118.085
  0
LINE
  8
0
 10
-13.2573
 20
118.085
 11
-13.331
 21
118.29
  0
LINE
  8
0
 10
-13.331
 20
118.29
 11
-13.3841
 21
118.503
  0
LINE
  8
0
 10
-13.3841
 20
118.503
 11
-13.4166
 21
118.719
  0
LINE
  8
0
 10
-13.4166
 20
118.719
 11
-13.4267
 21
118.937
  0
LINE
  8
0
 10
-13.4267
 20
118.937
 11
-13.4161
 21
119.156
  0
LINE
  8
0
 10
-13.4161
 20
119.156
 11
-13.3841
 21
119.372
  0
LINE
  8
0
 10
-13.3841
 20
119.372
 11
-13.331
 21
119.584
  0
LINE
  8
0
 10
-13.331
 20
119.584
 11
-13.2573
 21
119.789
  0
LINE
  8
0
 10
-13.2573
 20
119.789
 11
-13.1639
 21
119.987
  0
LINE
  8
0
 10
-13.1639
 20
119.987
 11
-13.0518
 21
120.175
  0
LINE
  8
0
 10
-13.0518
 20
120.175
 11
-12.9213
 21
120.35
  0
LINE
  8
0
 10
-12.9213
 20
120.35
 11
-12.7748
 21
120.512
  0
LINE
  8
0
 10
-12.7748
 20
120.512
 11
-12.6128
 21
120.659
  0
LINE
  8
0
 10
-12.6128
 20
120.659
 11
-12.437
 21
120.789
  0
LINE
  8
0
 10
-12.437
 20
120.789
 11
-12.2493
 21
120.901
  0
LINE
  8
0
 10
-12.2493
 20
120.901
 11
-12.0515
 21
120.995
  0
LINE
  8
0
 10
-12.0515
 20
120.995
 11
-11.846
 21
121.069
  0
LINE
  8
0
 10
-11.846
 20
121.069
 11
-11.6336
 21
121.122
  0
LINE
  8
0
 10
-11.6336
 20
121.122
 11
-11.4175
 21
121.154
  0
LINE
  8
0
 10
-11.4175
 20
121.154
 11
-11.1992
 21
121.164
  0
LINE
  8
0
 10
-11.1992
 20
121.164
 11
-10.9808
 21
121.154
  0
LINE
  8
0
 10
-10.9808
 20
121.154
 11
-10.7643
 21
121.122
  0
LINE
  8
0
 10
-10.7643
 20
121.122
 11
-10.5528
 21
121.069
  0
LINE
  8
0
 10
-10.5528
 20
121.069
 11
-10.3473
 21
120.995
  0
LINE
  8
0
 10
-10.3473
 20
120.995
 11
-10.1491
 21
120.901
  0
LINE
  8
0
 10
-10.1491
 20
120.901
 11
-9.9614
 21
120.789
  0
LINE
  8
0
 10
-9.9614
 20
120.789
 11
-9.78607
 21
120.659
  0
LINE
  8
0
 10
-9.78607
 20
120.659
 11
-9.62402
 21
120.512
  0
LINE
  8
0
 10
-9.62402
 20
120.512
 11
-9.47754
 21
120.35
  0
LINE
  8
0
 10
-9.47754
 20
120.35
 11
-9.34708
 21
120.175
  0
LINE
  8
0
 10
-9.34708
 20
120.175
 11
-9.23492
 21
119.987
  0
LINE
  8
0
 10
-9.23492
 20
119.987
 11
-9.14154
 21
119.789
  0
LINE
  8
0
 10
-9.14154
 20
119.789
 11
-9.06784
 21
119.584
  0
LINE
  8
0
 10
-9.06784
 20
119.584
 11
-9.01428
 21
119.371
  0
LINE
  8
0
 10
-9.01428
 20
119.371
 11
-8.98224
 21
119.155
  0
LINE
  8
0
 10
-8.98224
 20
119.155
 11
-8.97217
 21
118.937
  0
LINE
  8
0
 10
-8.97217
 20
118.937
 11
-8.9827
 21
118.718
  0
LINE
  8
0
 10
-8.9827
 20
118.718
 11
-9.01474
 21
118.502
  0
LINE
  8
0
 10
-9.01474
 20
118.502
 11
-9.06784
 21
118.29
  0
LINE
  8
0
 10
-9.06784
 20
118.29
 11
-9.14154
 21
118.084
  0
LINE
  8
0
 10
-9.14154
 20
118.084
 11
-9.23492
 21
117.887
  0
LINE
  8
0
 10
-9.23492
 20
117.887
 11
-9.34753
 21
117.699
  0
LINE
  8
0
 10
-9.34753
 20
117.699
 11
-9.47754
 21
117.524
  0
LINE
  8
0
 10
-9.47754
 20
117.524
 11
-9.62448
 21
117.362
  0
LINE
  8
0
 10
-9.62448
 20
117.362
 11
-9.78607
 21
117.215
  0
LINE
  8
0
 10
-9.78607
 20
117.215
 11
-9.9614
 21
117.085
  0
LINE
  8
0
 10
-9.9614
 20
117.085
 11
-10.1491
 21
116.973
  0
LINE
  8
0
 10
-10.1491
 20
116.973
 11
-10.3473
 21
116.879
  0
LINE
  8
0
 10
-10.3473
 20
116.879
 11
-10.5528
 21
116.805
  0
LINE
  8
0
 10
-10.5528
 20
116.805
 11
-10.7652
 21
116.752
  0
LINE
  8
0
 10
-10.7652
 20
116.752
 11
-10.9813
 21
116.72
  0
LINE
  8
0
 10
-10.9813
 20
116.72
 11
-11.1992
 21
116.71
  0
LINE
  8
0
 10
-11.1992
 20
116.71
 11
-11.418
 21
116.721
  0
LINE
  8
0
 10
18.582
 20
116.721
 11
18.3655
 21
116.752
  0
LINE
  8
0
 10
18.3655
 20
116.752
 11
18.154
 21
116.805
  0
LINE
  8
0
 10
18.154
 20
116.805
 11
17.9485
 21
116.879
  0
LINE
  8
0
 10
17.9485
 20
116.879
 11
17.7507
 21
116.973
  0
LINE
  8
0
 10
17.7507
 20
116.973
 11
17.563
 21
117.085
  0
LINE
  8
0
 10
17.563
 20
117.085
 11
17.3872
 21
117.215
  0
LINE
  8
0
 10
17.3872
 20
117.215
 11
17.2252
 21
117.362
  0
LINE
  8
0
 10
17.2252
 20
117.362
 11
17.0787
 21
117.524
  0
LINE
  8
0
 10
17.0787
 20
117.524
 11
16.9482
 21
117.7
  0
LINE
  8
0
 10
16.9482
 20
117.7
 11
16.8361
 21
117.887
  0
LINE
  8
0
 10
16.8361
 20
117.887
 11
16.7427
 21
118.085
  0
LINE
  8
0
 10
16.7427
 20
118.085
 11
16.669
 21
118.29
  0
LINE
  8
0
 10
16.669
 20
118.29
 11
16.6159
 21
118.503
  0
LINE
  8
0
 10
16.6159
 20
118.503
 11
16.5834
 21
118.719
  0
LINE
  8
0
 10
16.5834
 20
118.719
 11
16.5733
 21
118.937
  0
LINE
  8
0
 10
16.5733
 20
118.937
 11
16.5839
 21
119.156
  0
LINE
  8
0
 10
16.5839
 20
119.156
 11
16.6159
 21
119.372
  0
LINE
  8
0
 10
16.6159
 20
119.372
 11
16.669
 21
119.584
  0
LINE
  8
0
 10
16.669
 20
119.584
 11
16.7427
 21
119.789
  0
LINE
  8
0
 10
16.7427
 20
119.789
 11
16.8361
 21
119.987
  0
LINE
  8
0
 10
16.8361
 20
119.987
 11
16.9482
 21
120.175
  0
LINE
  8
0
 10
16.9482
 20
120.175
 11
17.0787
 21
120.35
  0
LINE
  8
0
 10
17.0787
 20
120.35
 11
17.2252
 21
120.512
  0
LINE
  8
0
 10
17.2252
 20
120.512
 11
17.3872
 21
120.659
  0
LINE
  8
0
 10
17.3872
 20
120.659
 11
17.563
 21
120.789
  0
LINE
  8
0
 10
17.563
 20
120.789
 11
17.7507
 21
120.901
  0
LINE
  8
0
 10
17.7507
 20
120.901
 11
17.9485
 21
120.995
  0
LINE
  8
0
 10
17.9485
 20
120.995
 11
18.154
 21
121.069
  0
LINE
  8
0
 10
18.154
 20
121.069
 11
18.3664
 21
121.122
  0
LINE
  8
0
 10
18.3664
 20
121.122
 11
18.5825
 21
121.154
  0
LINE
  8
0
 10
18.5825
 20
121.154
 11
18.8008
 21
121.164
  0
LINE
  8
0
 10
18.8008
 20
121.164
 11
19.0192
 21
121.154
  0
LINE
  8
0
 10
19.0192
 20
121.154
 11
19.2357
 21
121.122
  0
LINE
  8
0
 10
19.2357
 20
121.122
 11
19.4472
 21
121.069
  0
LINE
  8
0
 10
19.4472
 20
121.069
 11
19.6527
 21
120.995
  0
LINE
  8
0
 10
19.6527
 20
120.995
 11
19.8509
 21
120.901
  0
LINE
  8
0
 10
19.8509
 20
120.901
 11
20.0386
 21
120.789
  0
LINE
  8
0
 10
20.0386
 20
120.789
 11
20.2139
 21
120.659
  0
LINE
  8
0
 10
20.2139
 20
120.659
 11
20.376
 21
120.512
  0
LINE
  8
0
 10
20.376
 20
120.512
 11
20.5225
 21
120.35
  0
LINE
  8
0
 10
20.5225
 20
120.35
 11
20.6529
 21
120.175
  0
LINE
  8
0
 10
20.6529
 20
120.175
 11
20.7651
 21
119.987
  0
LINE
  8
0
 10
20.7651
 20
119.987
 11
20.8585
 21
119.789
  0
LINE
  8
0
 10
20.8585
 20
119.789
 11
20.9322
 21
119.584
  0
LINE
  8
0
 10
20.9322
 20
119.584
 11
20.9857
 21
119.371
  0
LINE
  8
0
 10
20.9857
 20
119.371
 11
21.0178
 21
119.155
  0
LINE
  8
0
 10
21.0178
 20
119.155
 11
21.0278
 21
118.937
  0
LINE
  8
0
 10
21.0278
 20
118.937
 11
21.0173
 21
118.718
  0
LINE
  8
0
 10
21.0173
 20
118.718
 11
20.9853
 21
118.502
  0
LINE
  8
0
 10
20.9853
 20
118.502
 11
20.9322
 21
118.29
  0
LINE
  8
0
 10
20.9322
 20
118.29
 11
20.8585
 21
118.084
  0
LINE
  8
0
 10
20.8585
 20
118.084
 11
20.7651
 21
117.887
  0
LINE
  8
0
 10
20.7651
 20
117.887
 11
20.6525
 21
117.699
  0
LINE
  8
0
 10
20.6525
 20
117.699
 11
20.5225
 21
117.524
  0
LINE
  8
0
 10
20.5225
 20
117.524
 11
20.3755
 21
117.362
  0
LINE
  8
0
 10
20.3755
 20
117.362
 11
20.2139
 21
117.215
  0
LINE
  8
0
 10
20.2139
 20
117.215
 11
20.0386
 21
117.085
  0
LINE
  8
0
 10
20.0386
 20
117.085
 11
19.8509
 21
116.973
  0
LINE
  8
0
 10
19.8509
 20
116.973
 11
19.6527
 21
116.879
  0
LINE
  8
0
 10
19.6527
 20
116.879
 11
19.4472
 21
116.805
  0
LINE
  8
0
 10
19.4472
 20
116.805
 11
19.2348
 21
116.752
  0
LINE
  8
0
 10
19.2348
 20
116.752
 11
19.0187
 21
116.72
  0
LINE
  8
0
 10
19.0187
 20
116.72
 11
18.8008
 21
116.71
  0
LINE
  8
0
 10
18.8008
 20
116.71
 11
18.582
 21
116.721
  0
LINE
  8
0
 10
-19.1556
 20
116.584
 11
-19.3721
 21
116.616
  0
LINE
  8
0
 10
-19.3721
 20
116.616
 11
-19.5836
 21
116.669
  0
LINE
  8
0
 10
-19.5836
 20
116.669
 11
-19.7891
 21
116.743
  0
LINE
  8
0
 10
-19.7891
 20
116.743
 11
-19.9873
 21
116.836
  0
LINE
  8
0
 10
-19.9873
 20
116.836
 11
-20.175
 21
116.949
  0
LINE
  8
0
 10
-20.175
 20
116.949
 11
-20.3503
 21
117.079
  0
LINE
  8
0
 10
-20.3503
 20
117.079
 11
-20.5124
 21
117.226
  0
LINE
  8
0
 10
-20.5124
 20
117.226
 11
-20.6589
 21
117.387
  0
LINE
  8
0
 10
-20.6589
 20
117.387
 11
-20.7893
 21
117.563
  0
LINE
  8
0
 10
-20.7893
 20
117.563
 11
-20.9015
 21
117.751
  0
LINE
  8
0
 10
-20.9015
 20
117.751
 11
-20.9949
 21
117.948
  0
LINE
  8
0
 10
-20.9949
 20
117.948
 11
-21.069
 21
118.154
  0
LINE
  8
0
 10
-21.069
 20
118.154
 11
-21.1221
 21
118.366
  0
LINE
  8
0
 10
-21.1221
 20
118.366
 11
-21.1542
 21
118.582
  0
LINE
  8
0
 10
-21.1542
 20
118.582
 11
-21.1642
 21
118.801
  0
LINE
  8
0
 10
-21.1642
 20
118.801
 11
-21.1537
 21
119.019
  0
LINE
  8
0
 10
-21.1537
 20
119.019
 11
-21.1221
 21
119.236
  0
LINE
  8
0
 10
-21.1221
 20
119.236
 11
-21.069
 21
119.447
  0
LINE
  8
0
 10
-21.069
 20
119.447
 11
-20.9949
 21
119.653
  0
LINE
  8
0
 10
-20.9949
 20
119.653
 11
-20.9015
 21
119.851
  0
LINE
  8
0
 10
-20.9015
 20
119.851
 11
-20.7893
 21
120.038
  0
LINE
  8
0
 10
-20.7893
 20
120.038
 11
-20.6589
 21
120.214
  0
LINE
  8
0
 10
-20.6589
 20
120.214
 11
-20.5124
 21
120.376
  0
LINE
  8
0
 10
-20.5124
 20
120.376
 11
-20.3503
 21
120.522
  0
LINE
  8
0
 10
-20.3503
 20
120.522
 11
-20.175
 21
120.652
  0
LINE
  8
0
 10
-20.175
 20
120.652
 11
-19.9873
 21
120.765
  0
LINE
  8
0
 10
-19.9873
 20
120.765
 11
-19.7891
 21
120.858
  0
LINE
  8
0
 10
-19.7891
 20
120.858
 11
-19.5836
 21
120.932
  0
LINE
  8
0
 10
-19.5836
 20
120.932
 11
-19.3712
 21
120.986
  0
LINE
  8
0
 10
-19.3712
 20
120.986
 11
-19.1551
 21
121.018
  0
LINE
  8
0
 10
-19.1551
 20
121.018
 11
-18.9372
 21
121.028
  0
LINE
  8
0
 10
-18.9372
 20
121.028
 11
-18.7184
 21
121.017
  0
LINE
  8
0
 10
-18.7184
 20
121.017
 11
-18.5019
 21
120.985
  0
LINE
  8
0
 10
-18.5019
 20
120.985
 11
-18.2904
 21
120.932
  0
LINE
  8
0
 10
-18.2904
 20
120.932
 11
-18.0849
 21
120.858
  0
LINE
  8
0
 10
-18.0849
 20
120.858
 11
-17.8871
 21
120.765
  0
LINE
  8
0
 10
-17.8871
 20
120.765
 11
-17.6994
 21
120.652
  0
LINE
  8
0
 10
-17.6994
 20
120.652
 11
-17.5241
 21
120.522
  0
LINE
  8
0
 10
-17.5241
 20
120.522
 11
-17.3616
 21
120.376
  0
LINE
  8
0
 10
-17.3616
 20
120.376
 11
-17.2151
 21
120.214
  0
LINE
  8
0
 10
-17.2151
 20
120.214
 11
-17.0847
 21
120.038
  0
LINE
  8
0
 10
-17.0847
 20
120.038
 11
-16.973
 21
119.851
  0
LINE
  8
0
 10
-16.973
 20
119.851
 11
-16.8791
 21
119.653
  0
LINE
  8
0
 10
-16.8791
 20
119.653
 11
-16.8054
 21
119.447
  0
LINE
  8
0
 10
-16.8054
 20
119.447
 11
-16.7523
 21
119.235
  0
LINE
  8
0
 10
-16.7523
 20
119.235
 11
-16.7203
 21
119.019
  0
LINE
  8
0
 10
-16.7203
 20
119.019
 11
-16.7097
 21
118.801
  0
LINE
  8
0
 10
-16.7097
 20
118.801
 11
-16.7207
 21
118.582
  0
LINE
  8
0
 10
-16.7207
 20
118.582
 11
-16.7528
 21
118.365
  0
LINE
  8
0
 10
-16.7528
 20
118.365
 11
-16.8054
 21
118.154
  0
LINE
  8
0
 10
-16.8054
 20
118.154
 11
-16.8791
 21
117.948
  0
LINE
  8
0
 10
-16.8791
 20
117.948
 11
-16.973
 21
117.751
  0
LINE
  8
0
 10
-16.973
 20
117.751
 11
-17.0851
 21
117.563
  0
LINE
  8
0
 10
-17.0851
 20
117.563
 11
-17.2151
 21
117.387
  0
LINE
  8
0
 10
-17.2151
 20
117.387
 11
-17.3621
 21
117.225
  0
LINE
  8
0
 10
-17.3621
 20
117.225
 11
-17.5241
 21
117.079
  0
LINE
  8
0
 10
-17.5241
 20
117.079
 11
-17.6994
 21
116.949
  0
LINE
  8
0
 10
-17.6994
 20
116.949
 11
-17.8871
 21
116.836
  0
LINE
  8
0
 10
-17.8871
 20
116.836
 11
-18.0849
 21
116.743
  0
LINE
  8
0
 10
-18.0849
 20
116.743
 11
-18.2904
 21
116.669
  0
LINE
  8
0
 10
-18.2904
 20
116.669
 11
-18.5028
 21
116.616
  0
LINE
  8
0
 10
-18.5028
 20
116.616
 11
-18.7189
 21
116.583
  0
LINE
  8
0
 10
-18.7189
 20
116.583
 11
-18.9372
 21
116.573
  0
LINE
  8
0
 10
-18.9372
 20
116.573
 11
-19.1556
 21
116.584
  0
LINE
  8
0
 10
10.8444
 20
116.584
 11
10.6279
 21
116.616
  0
LINE
  8
0
 10
10.6279
 20
116.616
 11
10.4164
 21
116.669
  0
LINE
  8
0
 10
10.4164
 20
116.669
 11
10.2109
 21
116.743
  0
LINE
  8
0
 10
10.2109
 20
116.743
 11
10.0127
 21
116.836
  0
LINE
  8
0
 10
10.0127
 20
116.836
 11
9.82498
 21
116.949
  0
LINE
  8
0
 10
9.82498
 20
116.949
 11
9.64966
 21
117.079
  0
LINE
  8
0
 10
9.64966
 20
117.079
 11
9.48761
 21
117.226
  0
LINE
  8
0
 10
9.48761
 20
117.226
 11
9.34113
 21
117.387
  0
LINE
  8
0
 10
9.34113
 20
117.387
 11
9.21066
 21
117.563
  0
LINE
  8
0
 10
9.21066
 20
117.563
 11
9.09851
 21
117.751
  0
LINE
  8
0
 10
9.09851
 20
117.751
 11
9.00513
 21
117.948
  0
LINE
  8
0
 10
9.00513
 20
117.948
 11
8.93097
 21
118.154
  0
LINE
  8
0
 10
8.93097
 20
118.154
 11
8.87787
 21
118.366
  0
LINE
  8
0
 10
8.87787
 20
118.366
 11
8.84583
 21
118.582
  0
LINE
  8
0
 10
8.84583
 20
118.582
 11
8.83575
 21
118.801
  0
LINE
  8
0
 10
8.83575
 20
118.801
 11
8.84628
 21
119.019
  0
LINE
  8
0
 10
8.84628
 20
119.019
 11
8.87787
 21
119.236
  0
LINE
  8
0
 10
8.87787
 20
119.236
 11
8.93097
 21
119.447
  0
LINE
  8
0
 10
8.93097
 20
119.447
 11
9.00513
 21
119.653
  0
LINE
  8
0
 10
9.00513
 20
119.653
 11
9.09851
 21
119.851
  0
LINE
  8
0
 10
9.09851
 20
119.851
 11
9.21066
 21
120.038
  0
LINE
  8
0
 10
9.21066
 20
120.038
 11
9.34113
 21
120.214
  0
LINE
  8
0
 10
9.34113
 20
120.214
 11
9.48761
 21
120.376
  0
LINE
  8
0
 10
9.48761
 20
120.376
 11
9.64966
 21
120.522
  0
LINE
  8
0
 10
9.64966
 20
120.522
 11
9.82498
 21
120.652
  0
LINE
  8
0
 10
9.82498
 20
120.652
 11
10.0127
 21
120.765
  0
LINE
  8
0
 10
10.0127
 20
120.765
 11
10.2109
 21
120.858
  0
LINE
  8
0
 10
10.2109
 20
120.858
 11
10.4164
 21
120.932
  0
LINE
  8
0
 10
10.4164
 20
120.932
 11
10.6288
 21
120.986
  0
LINE
  8
0
 10
10.6288
 20
120.986
 11
10.8449
 21
121.018
  0
LINE
  8
0
 10
10.8449
 20
121.018
 11
11.0628
 21
121.028
  0
LINE
  8
0
 10
11.0628
 20
121.028
 11
11.2816
 21
121.017
  0
LINE
  8
0
 10
11.2816
 20
121.017
 11
11.4981
 21
120.985
  0
LINE
  8
0
 10
11.4981
 20
120.985
 11
11.7096
 21
120.932
  0
LINE
  8
0
 10
11.7096
 20
120.932
 11
11.9151
 21
120.858
  0
LINE
  8
0
 10
11.9151
 20
120.858
 11
12.1129
 21
120.765
  0
LINE
  8
0
 10
12.1129
 20
120.765
 11
12.3006
 21
120.652
  0
LINE
  8
0
 10
12.3006
 20
120.652
 11
12.4759
 21
120.522
  0
LINE
  8
0
 10
12.4759
 20
120.522
 11
12.6384
 21
120.376
  0
LINE
  8
0
 10
12.6384
 20
120.376
 11
12.7849
 21
120.214
  0
LINE
  8
0
 10
12.7849
 20
120.214
 11
12.9153
 21
120.038
  0
LINE
  8
0
 10
12.9153
 20
120.038
 11
13.027
 21
119.851
  0
LINE
  8
0
 10
13.027
 20
119.851
 11
13.1209
 21
119.653
  0
LINE
  8
0
 10
13.1209
 20
119.653
 11
13.1946
 21
119.447
  0
LINE
  8
0
 10
13.1946
 20
119.447
 11
13.2477
 21
119.235
  0
LINE
  8
0
 10
13.2477
 20
119.235
 11
13.2797
 21
119.019
  0
LINE
  8
0
 10
13.2797
 20
119.019
 11
13.2903
 21
118.801
  0
LINE
  8
0
 10
13.2903
 20
118.801
 11
13.2793
 21
118.582
  0
LINE
  8
0
 10
13.2793
 20
118.582
 11
13.2472
 21
118.365
  0
LINE
  8
0
 10
13.2472
 20
118.365
 11
13.1946
 21
118.154
  0
LINE
  8
0
 10
13.1946
 20
118.154
 11
13.1209
 21
117.948
  0
LINE
  8
0
 10
13.1209
 20
117.948
 11
13.027
 21
117.751
  0
LINE
  8
0
 10
13.027
 20
117.751
 11
12.9149
 21
117.563
  0
LINE
  8
0
 10
12.9149
 20
117.563
 11
12.7849
 21
117.387
  0
LINE
  8
0
 10
12.7849
 20
117.387
 11
12.6379
 21
117.225
  0
LINE
  8
0
 10
12.6379
 20
117.225
 11
12.4759
 21
117.079
  0
LINE
  8
0
 10
12.4759
 20
117.079
 11
12.3006
 21
116.949
  0
LINE
  8
0
 10
12.3006
 20
116.949
 11
12.1129
 21
116.836
  0
LINE
  8
0
 10
12.1129
 20
116.836
 11
11.9151
 21
116.743
  0
LINE
  8
0
 10
11.9151
 20
116.743
 11
11.7096
 21
116.669
  0
LINE
  8
0
 10
11.7096
 20
116.669
 11
11.4972
 21
116.616
  0
LINE
  8
0
 10
11.4972
 20
116.616
 11
11.2811
 21
116.583
  0
LINE
  8
0
 10
11.2811
 20
116.583
 11
11.0628
 21
116.573
  0
LINE
  8
0
 10
11.0628
 20
116.573
 11
10.8444
 21
116.584
  0
LINE
  8
0
 10
7.12326
 20
108.405
 11
6.69891
 21
109.307
  0
LINE
  8
0
 10
6.69891
 20
109.307
 11
6.23062
 21
110.15
  0
LINE
  8
0
 10
6.23062
 20
110.15
 11
5.71655
 21
110.931
  0
LINE
  8
0
 10
5.71655
 20
110.931
 11
5.15854
 21
111.652
  0
LINE
  8
0
 10
5.15854
 20
111.652
 11
4.55612
 21
112.312
  0
LINE
  8
0
 10
4.55612
 20
112.312
 11
3.90839
 21
112.912
  0
LINE
  8
0
 10
3.90839
 20
112.912
 11
3.21625
 21
113.451
  0
LINE
  8
0
 10
3.21625
 20
113.451
 11
2.47971
 21
113.93
  0
LINE
  8
0
 10
2.47971
 20
113.93
 11
1.69785
 21
114.348
  0
LINE
  8
0
 10
1.69785
 20
114.348
 11
0.871582
 21
114.706
  0
LINE
  8
0
 10
0.871582
 20
114.706
 11
0.0178528
 21
114.997
  0
LINE
  8
0
 10
0.0178528
 20
114.997
 11
7.4968
 21
114.997
  0
LINE
  8
0
 10
7.4968
 20
114.997
 11
7.4968
 21
107.457
  0
LINE
  8
0
 10
7.4968
 20
107.457
 11
7.12326
 21
108.405
  0
LINE
  8
0
 10
-22.8767
 20
108.405
 11
-23.3011
 21
109.307
  0
LINE
  8
0
 10
-23.3011
 20
109.307
 11
-23.7694
 21
110.15
  0
LINE
  8
0
 10
-23.7694
 20
110.15
 11
-24.2834
 21
110.931
  0
LINE
  8
0
 10
-24.2834
 20
110.931
 11
-24.8415
 21
111.652
  0
LINE
  8
0
 10
-24.8415
 20
111.652
 11
-25.4439
 21
112.312
  0
LINE
  8
0
 10
-25.4439
 20
112.312
 11
-25.7868
 21
112.63
  0
LINE
  8
0
 10
-25.7868
 20
112.63
 11
-25.0177
 21
114.997
  0
LINE
  8
0
 10
-25.0177
 20
114.997
 11
-22.5032
 21
114.997
  0
LINE
  8
0
 10
-22.5032
 20
114.997
 11
-22.5032
 21
107.457
  0
LINE
  8
0
 10
-22.5032
 20
107.457
 11
-22.8767
 21
108.405
  0
LINE
  8
0
 10
-11.2816
 20
108.983
 11
-11.4981
 21
109.015
  0
LINE
  8
0
 10
-11.4981
 20
109.015
 11
-11.7096
 21
109.068
  0
LINE
  8
0
 10
-11.7096
 20
109.068
 11
-11.9151
 21
109.142
  0
LINE
  8
0
 10
-11.9151
 20
109.142
 11
-12.1129
 21
109.235
  0
LINE
  8
0
 10
-12.1129
 20
109.235
 11
-12.3006
 21
109.348
  0
LINE
  8
0
 10
-12.3006
 20
109.348
 11
-12.4759
 21
109.478
  0
LINE
  8
0
 10
-12.4759
 20
109.478
 11
-12.6384
 21
109.624
  0
LINE
  8
0
 10
-12.6384
 20
109.624
 11
-12.7849
 21
109.786
  0
LINE
  8
0
 10
-12.7849
 20
109.786
 11
-12.9153
 21
109.962
  0
LINE
  8
0
 10
-12.9153
 20
109.962
 11
-13.027
 21
110.149
  0
LINE
  8
0
 10
-13.027
 20
110.149
 11
-13.1209
 21
110.347
  0
LINE
  8
0
 10
-13.1209
 20
110.347
 11
-13.1946
 21
110.553
  0
LINE
  8
0
 10
-13.1946
 20
110.553
 11
-13.2477
 21
110.765
  0
LINE
  8
0
 10
-13.2477
 20
110.765
 11
-13.2797
 21
110.981
  0
LINE
  8
0
 10
-13.2797
 20
110.981
 11
-13.2903
 21
111.199
  0
LINE
  8
0
 10
-13.2903
 20
111.199
 11
-13.2793
 21
111.418
  0
LINE
  8
0
 10
-13.2793
 20
111.418
 11
-13.2477
 21
111.635
  0
LINE
  8
0
 10
-13.2477
 20
111.635
 11
-13.1946
 21
111.846
  0
LINE
  8
0
 10
-13.1946
 20
111.846
 11
-13.1209
 21
112.052
  0
LINE
  8
0
 10
-13.1209
 20
112.052
 11
-13.027
 21
112.249
  0
LINE
  8
0
 10
-13.027
 20
112.249
 11
-12.9153
 21
112.437
  0
LINE
  8
0
 10
-12.9153
 20
112.437
 11
-12.7849
 21
112.613
  0
LINE
  8
0
 10
-12.7849
 20
112.613
 11
-12.6384
 21
112.774
  0
LINE
  8
0
 10
-12.6384
 20
112.774
 11
-12.4759
 21
112.921
  0
LINE
  8
0
 10
-12.4759
 20
112.921
 11
-12.3006
 21
113.051
  0
LINE
  8
0
 10
-12.3006
 20
113.051
 11
-12.1129
 21
113.164
  0
LINE
  8
0
 10
-12.1129
 20
113.164
 11
-11.9151
 21
113.257
  0
LINE
  8
0
 10
-11.9151
 20
113.257
 11
-11.7096
 21
113.331
  0
LINE
  8
0
 10
-11.7096
 20
113.331
 11
-11.4972
 21
113.384
  0
LINE
  8
0
 10
-11.4972
 20
113.384
 11
-11.2811
 21
113.417
  0
LINE
  8
0
 10
-11.2811
 20
113.417
 11
-11.0628
 21
113.427
  0
LINE
  8
0
 10
-11.0628
 20
113.427
 11
-10.8444
 21
113.416
  0
LINE
  8
0
 10
-10.8444
 20
113.416
 11
-10.6279
 21
113.384
  0
LINE
  8
0
 10
-10.6279
 20
113.384
 11
-10.4164
 21
113.331
  0
LINE
  8
0
 10
-10.4164
 20
113.331
 11
-10.2109
 21
113.257
  0
LINE
  8
0
 10
-10.2109
 20
113.257
 11
-10.0127
 21
113.164
  0
LINE
  8
0
 10
-10.0127
 20
113.164
 11
-9.82498
 21
113.051
  0
LINE
  8
0
 10
-9.82498
 20
113.051
 11
-9.64966
 21
112.921
  0
LINE
  8
0
 10
-9.64966
 20
112.921
 11
-9.48761
 21
112.774
  0
LINE
  8
0
 10
-9.48761
 20
112.774
 11
-9.34113
 21
112.613
  0
LINE
  8
0
 10
-9.34113
 20
112.613
 11
-9.21066
 21
112.437
  0
LINE
  8
0
 10
-9.21066
 20
112.437
 11
-9.09851
 21
112.249
  0
LINE
  8
0
 10
-9.09851
 20
112.249
 11
-9.00513
 21
112.052
  0
LINE
  8
0
 10
-9.00513
 20
112.052
 11
-8.93097
 21
111.846
  0
LINE
  8
0
 10
-8.93097
 20
111.846
 11
-8.87787
 21
111.634
  0
LINE
  8
0
 10
-8.87787
 20
111.634
 11
-8.84583
 21
111.418
  0
LINE
  8
0
 10
-8.84583
 20
111.418
 11
-8.83575
 21
111.199
  0
LINE
  8
0
 10
-8.83575
 20
111.199
 11
-8.84628
 21
110.981
  0
LINE
  8
0
 10
-8.84628
 20
110.981
 11
-8.87833
 21
110.764
  0
LINE
  8
0
 10
-8.87833
 20
110.764
 11
-8.93097
 21
110.553
  0
LINE
  8
0
 10
-8.93097
 20
110.553
 11
-9.00513
 21
110.347
  0
LINE
  8
0
 10
-9.00513
 20
110.347
 11
-9.09851
 21
110.149
  0
LINE
  8
0
 10
-9.09851
 20
110.149
 11
-9.21112
 21
109.961
  0
LINE
  8
0
 10
-9.21112
 20
109.961
 11
-9.34113
 21
109.786
  0
LINE
  8
0
 10
-9.34113
 20
109.786
 11
-9.48807
 21
109.624
  0
LINE
  8
0
 10
-9.48807
 20
109.624
 11
-9.64966
 21
109.478
  0
LINE
  8
0
 10
-9.64966
 20
109.478
 11
-9.82498
 21
109.348
  0
LINE
  8
0
 10
-9.82498
 20
109.348
 11
-10.0127
 21
109.235
  0
LINE
  8
0
 10
-10.0127
 20
109.235
 11
-10.2109
 21
109.142
  0
LINE
  8
0
 10
-10.2109
 20
109.142
 11
-10.4164
 21
109.068
  0
LINE
  8
0
 10
-10.4164
 20
109.068
 11
-10.6288
 21
109.014
  0
LINE
  8
0
 10
-10.6288
 20
109.014
 11
-10.8449
 21
108.982
  0
LINE
  8
0
 10
-10.8449
 20
108.982
 11
-11.0628
 21
108.972
  0
LINE
  8
0
 10
-11.0628
 20
108.972
 11
-11.2816
 21
108.983
  0
LINE
  8
0
 10
18.7184
 20
108.983
 11
18.5019
 21
109.015
  0
LINE
  8
0
 10
18.5019
 20
109.015
 11
18.2904
 21
109.068
  0
LINE
  8
0
 10
18.2904
 20
109.068
 11
18.0849
 21
109.142
  0
LINE
  8
0
 10
18.0849
 20
109.142
 11
17.8871
 21
109.235
  0
LINE
  8
0
 10
17.8871
 20
109.235
 11
17.6994
 21
109.348
  0
LINE
  8
0
 10
17.6994
 20
109.348
 11
17.5241
 21
109.478
  0
LINE
  8
0
 10
17.5241
 20
109.478
 11
17.3616
 21
109.624
  0
LINE
  8
0
 10
17.3616
 20
109.624
 11
17.2151
 21
109.786
  0
LINE
  8
0
 10
17.2151
 20
109.786
 11
17.0847
 21
109.962
  0
LINE
  8
0
 10
17.0847
 20
109.962
 11
16.973
 21
110.149
  0
LINE
  8
0
 10
16.973
 20
110.149
 11
16.8791
 21
110.347
  0
LINE
  8
0
 10
16.8791
 20
110.347
 11
16.8054
 21
110.553
  0
LINE
  8
0
 10
16.8054
 20
110.553
 11
16.7523
 21
110.765
  0
LINE
  8
0
 10
16.7523
 20
110.765
 11
16.7203
 21
110.981
  0
LINE
  8
0
 10
16.7203
 20
110.981
 11
16.7097
 21
111.199
  0
LINE
  8
0
 10
16.7097
 20
111.199
 11
16.7207
 21
111.418
  0
LINE
  8
0
 10
16.7207
 20
111.418
 11
16.7523
 21
111.635
  0
LINE
  8
0
 10
16.7523
 20
111.635
 11
16.8054
 21
111.846
  0
LINE
  8
0
 10
16.8054
 20
111.846
 11
16.8791
 21
112.052
  0
LINE
  8
0
 10
16.8791
 20
112.052
 11
16.973
 21
112.249
  0
LINE
  8
0
 10
16.973
 20
112.249
 11
17.0847
 21
112.437
  0
LINE
  8
0
 10
17.0847
 20
112.437
 11
17.2151
 21
112.613
  0
LINE
  8
0
 10
17.2151
 20
112.613
 11
17.3616
 21
112.774
  0
LINE
  8
0
 10
17.3616
 20
112.774
 11
17.5241
 21
112.921
  0
LINE
  8
0
 10
17.5241
 20
112.921
 11
17.6994
 21
113.051
  0
LINE
  8
0
 10
17.6994
 20
113.051
 11
17.8871
 21
113.164
  0
LINE
  8
0
 10
17.8871
 20
113.164
 11
18.0849
 21
113.257
  0
LINE
  8
0
 10
18.0849
 20
113.257
 11
18.2904
 21
113.331
  0
LINE
  8
0
 10
18.2904
 20
113.331
 11
18.5028
 21
113.384
  0
LINE
  8
0
 10
18.5028
 20
113.384
 11
18.7189
 21
113.417
  0
LINE
  8
0
 10
18.7189
 20
113.417
 11
18.9372
 21
113.427
  0
LINE
  8
0
 10
18.9372
 20
113.427
 11
19.1556
 21
113.416
  0
LINE
  8
0
 10
19.1556
 20
113.416
 11
19.3721
 21
113.384
  0
LINE
  8
0
 10
19.3721
 20
113.384
 11
19.5836
 21
113.331
  0
LINE
  8
0
 10
19.5836
 20
113.331
 11
19.7891
 21
113.257
  0
LINE
  8
0
 10
19.7891
 20
113.257
 11
19.9873
 21
113.164
  0
LINE
  8
0
 10
19.9873
 20
113.164
 11
20.175
 21
113.051
  0
LINE
  8
0
 10
20.175
 20
113.051
 11
20.3503
 21
112.921
  0
LINE
  8
0
 10
20.3503
 20
112.921
 11
20.5124
 21
112.774
  0
LINE
  8
0
 10
20.5124
 20
112.774
 11
20.6589
 21
112.613
  0
LINE
  8
0
 10
20.6589
 20
112.613
 11
20.7893
 21
112.437
  0
LINE
  8
0
 10
20.7893
 20
112.437
 11
20.9015
 21
112.249
  0
LINE
  8
0
 10
20.9015
 20
112.249
 11
20.9949
 21
112.052
  0
LINE
  8
0
 10
20.9949
 20
112.052
 11
21.069
 21
111.846
  0
LINE
  8
0
 10
21.069
 20
111.846
 11
21.1221
 21
111.634
  0
LINE
  8
0
 10
21.1221
 20
111.634
 11
21.1542
 21
111.418
  0
LINE
  8
0
 10
21.1542
 20
111.418
 11
21.1642
 21
111.199
  0
LINE
  8
0
 10
21.1642
 20
111.199
 11
21.1537
 21
110.981
  0
LINE
  8
0
 10
21.1537
 20
110.981
 11
21.1217
 21
110.764
  0
LINE
  8
0
 10
21.1217
 20
110.764
 11
21.069
 21
110.553
  0
LINE
  8
0
 10
21.069
 20
110.553
 11
20.9949
 21
110.347
  0
LINE
  8
0
 10
20.9949
 20
110.347
 11
20.9015
 21
110.149
  0
LINE
  8
0
 10
20.9015
 20
110.149
 11
20.7889
 21
109.961
  0
LINE
  8
0
 10
20.7889
 20
109.961
 11
20.6589
 21
109.786
  0
LINE
  8
0
 10
20.6589
 20
109.786
 11
20.5119
 21
109.624
  0
LINE
  8
0
 10
20.5119
 20
109.624
 11
20.3503
 21
109.478
  0
LINE
  8
0
 10
20.3503
 20
109.478
 11
20.175
 21
109.348
  0
LINE
  8
0
 10
20.175
 20
109.348
 11
19.9873
 21
109.235
  0
LINE
  8
0
 10
19.9873
 20
109.235
 11
19.7891
 21
109.142
  0
LINE
  8
0
 10
19.7891
 20
109.142
 11
19.5836
 21
109.068
  0
LINE
  8
0
 10
19.5836
 20
109.068
 11
19.3712
 21
109.014
  0
LINE
  8
0
 10
19.3712
 20
109.014
 11
19.1551
 21
108.982
  0
LINE
  8
0
 10
19.1551
 20
108.982
 11
18.9372
 21
108.972
  0
LINE
  8
0
 10
18.9372
 20
108.972
 11
18.7184
 21
108.983
  0
LINE
  8
0
 10
10.9808
 20
108.846
 11
10.7643
 21
108.878
  0
LINE
  8
0
 10
10.7643
 20
108.878
 11
10.5528
 21
108.931
  0
LINE
  8
0
 10
10.5528
 20
108.931
 11
10.3473
 21
109.005
  0
LINE
  8
0
 10
10.3473
 20
109.005
 11
10.1491
 21
109.099
  0
LINE
  8
0
 10
10.1491
 20
109.099
 11
9.9614
 21
109.211
  0
LINE
  8
0
 10
9.9614
 20
109.211
 11
9.78607
 21
109.341
  0
LINE
  8
0
 10
9.78607
 20
109.341
 11
9.62402
 21
109.488
  0
LINE
  8
0
 10
9.62402
 20
109.488
 11
9.47754
 21
109.65
  0
LINE
  8
0
 10
9.47754
 20
109.65
 11
9.34708
 21
109.825
  0
LINE
  8
0
 10
9.34708
 20
109.825
 11
9.23492
 21
110.013
  0
LINE
  8
0
 10
9.23492
 20
110.013
 11
9.14154
 21
110.211
  0
LINE
  8
0
 10
9.14154
 20
110.211
 11
9.06784
 21
110.416
  0
LINE
  8
0
 10
9.06784
 20
110.416
 11
9.01428
 21
110.629
  0
LINE
  8
0
 10
9.01428
 20
110.629
 11
8.98224
 21
110.845
  0
LINE
  8
0
 10
8.98224
 20
110.845
 11
8.97217
 21
111.063
  0
LINE
  8
0
 10
8.97217
 20
111.063
 11
8.9827
 21
111.282
  0
LINE
  8
0
 10
8.9827
 20
111.282
 11
9.01474
 21
111.498
  0
LINE
  8
0
 10
9.01474
 20
111.498
 11
9.06784
 21
111.71
  0
LINE
  8
0
 10
9.06784
 20
111.71
 11
9.14154
 21
111.915
  0
LINE
  8
0
 10
9.14154
 20
111.915
 11
9.23492
 21
112.113
  0
LINE
  8
0
 10
9.23492
 20
112.113
 11
9.34708
 21
112.3
  0
LINE
  8
0
 10
9.34708
 20
112.3
 11
9.47754
 21
112.476
  0
LINE
  8
0
 10
9.47754
 20
112.476
 11
9.62402
 21
112.638
  0
LINE
  8
0
 10
9.62402
 20
112.638
 11
9.78607
 21
112.785
  0
LINE
  8
0
 10
9.78607
 20
112.785
 11
9.9614
 21
112.915
  0
LINE
  8
0
 10
9.9614
 20
112.915
 11
10.1491
 21
113.027
  0
LINE
  8
0
 10
10.1491
 20
113.027
 11
10.3473
 21
113.121
  0
LINE
  8
0
 10
10.3473
 20
113.121
 11
10.5528
 21
113.195
  0
LINE
  8
0
 10
10.5528
 20
113.195
 11
10.7652
 21
113.248
  0
LINE
  8
0
 10
10.7652
 20
113.248
 11
10.9813
 21
113.28
  0
LINE
  8
0
 10
10.9813
 20
113.28
 11
11.1992
 21
113.29
  0
LINE
  8
0
 10
11.1992
 20
113.29
 11
11.418
 21
113.279
  0
LINE
  8
0
 10
11.418
 20
113.279
 11
11.6345
 21
113.248
  0
LINE
  8
0
 10
11.6345
 20
113.248
 11
11.846
 21
113.195
  0
LINE
  8
0
 10
11.846
 20
113.195
 11
12.0515
 21
113.121
  0
LINE
  8
0
 10
12.0515
 20
113.121
 11
12.2493
 21
113.027
  0
LINE
  8
0
 10
12.2493
 20
113.027
 11
12.437
 21
112.915
  0
LINE
  8
0
 10
12.437
 20
112.915
 11
12.6128
 21
112.785
  0
LINE
  8
0
 10
12.6128
 20
112.785
 11
12.7748
 21
112.638
  0
LINE
  8
0
 10
12.7748
 20
112.638
 11
12.9213
 21
112.476
  0
LINE
  8
0
 10
12.9213
 20
112.476
 11
13.0518
 21
112.3
  0
LINE
  8
0
 10
13.0518
 20
112.3
 11
13.1639
 21
112.113
  0
LINE
  8
0
 10
13.1639
 20
112.113
 11
13.2573
 21
111.915
  0
LINE
  8
0
 10
13.2573
 20
111.915
 11
13.331
 21
111.71
  0
LINE
  8
0
 10
13.331
 20
111.71
 11
13.3841
 21
111.497
  0
LINE
  8
0
 10
13.3841
 20
111.497
 11
13.4166
 21
111.281
  0
LINE
  8
0
 10
13.4166
 20
111.281
 11
13.4267
 21
111.063
  0
LINE
  8
0
 10
13.4267
 20
111.063
 11
13.4161
 21
110.844
  0
LINE
  8
0
 10
13.4161
 20
110.844
 11
13.3836
 21
110.628
  0
LINE
  8
0
 10
13.3836
 20
110.628
 11
13.331
 21
110.416
  0
LINE
  8
0
 10
13.331
 20
110.416
 11
13.2573
 21
110.21
  0
LINE
  8
0
 10
13.2573
 20
110.21
 11
13.1639
 21
110.013
  0
LINE
  8
0
 10
13.1639
 20
110.013
 11
13.0513
 21
109.825
  0
LINE
  8
0
 10
13.0513
 20
109.825
 11
12.9213
 21
109.65
  0
LINE
  8
0
 10
12.9213
 20
109.65
 11
12.7744
 21
109.488
  0
LINE
  8
0
 10
12.7744
 20
109.488
 11
12.6128
 21
109.341
  0
LINE
  8
0
 10
12.6128
 20
109.341
 11
12.437
 21
109.211
  0
LINE
  8
0
 10
12.437
 20
109.211
 11
12.2493
 21
109.099
  0
LINE
  8
0
 10
12.2493
 20
109.099
 11
12.0515
 21
109.005
  0
LINE
  8
0
 10
12.0515
 20
109.005
 11
11.846
 21
108.931
  0
LINE
  8
0
 10
11.846
 20
108.931
 11
11.6336
 21
108.878
  0
LINE
  8
0
 10
11.6336
 20
108.878
 11
11.4175
 21
108.846
  0
LINE
  8
0
 10
11.4175
 20
108.846
 11
11.1992
 21
108.836
  0
LINE
  8
0
 10
11.1992
 20
108.836
 11
10.9808
 21
108.846
  0
LINE
  8
0
 10
-19.0192
 20
108.846
 11
-19.2357
 21
108.878
  0
LINE
  8
0
 10
-19.2357
 20
108.878
 11
-19.4472
 21
108.931
  0
LINE
  8
0
 10
-19.4472
 20
108.931
 11
-19.6527
 21
109.005
  0
LINE
  8
0
 10
-19.6527
 20
109.005
 11
-19.8509
 21
109.099
  0
LINE
  8
0
 10
-19.8509
 20
109.099
 11
-20.0386
 21
109.211
  0
LINE
  8
0
 10
-20.0386
 20
109.211
 11
-20.2139
 21
109.341
  0
LINE
  8
0
 10
-20.2139
 20
109.341
 11
-20.376
 21
109.488
  0
LINE
  8
0
 10
-20.376
 20
109.488
 11
-20.5225
 21
109.65
  0
LINE
  8
0
 10
-20.5225
 20
109.65
 11
-20.6529
 21
109.825
  0
LINE
  8
0
 10
-20.6529
 20
109.825
 11
-20.7651
 21
110.013
  0
LINE
  8
0
 10
-20.7651
 20
110.013
 11
-20.8585
 21
110.211
  0
LINE
  8
0
 10
-20.8585
 20
110.211
 11
-20.9322
 21
110.416
  0
LINE
  8
0
 10
-20.9322
 20
110.416
 11
-20.9857
 21
110.629
  0
LINE
  8
0
 10
-20.9857
 20
110.629
 11
-21.0178
 21
110.845
  0
LINE
  8
0
 10
-21.0178
 20
110.845
 11
-21.0278
 21
111.063
  0
LINE
  8
0
 10
-21.0278
 20
111.063
 11
-21.0173
 21
111.282
  0
LINE
  8
0
 10
-21.0173
 20
111.282
 11
-20.9853
 21
111.498
  0
LINE
  8
0
 10
-20.9853
 20
111.498
 11
-20.9322
 21
111.71
  0
LINE
  8
0
 10
-20.9322
 20
111.71
 11
-20.8585
 21
111.915
  0
LINE
  8
0
 10
-20.8585
 20
111.915
 11
-20.7651
 21
112.113
  0
LINE
  8
0
 10
-20.7651
 20
112.113
 11
-20.6529
 21
112.3
  0
LINE
  8
0
 10
-20.6529
 20
112.3
 11
-20.5225
 21
112.476
  0
LINE
  8
0
 10
-20.5225
 20
112.476
 11
-20.376
 21
112.638
  0
LINE
  8
0
 10
-20.376
 20
112.638
 11
-20.2139
 21
112.785
  0
LINE
  8
0
 10
-20.2139
 20
112.785
 11
-20.0386
 21
112.915
  0
LINE
  8
0
 10
-20.0386
 20
112.915
 11
-19.8509
 21
113.027
  0
LINE
  8
0
 10
-19.8509
 20
113.027
 11
-19.6527
 21
113.121
  0
LINE
  8
0
 10
-19.6527
 20
113.121
 11
-19.4472
 21
113.195
  0
LINE
  8
0
 10
-19.4472
 20
113.195
 11
-19.2348
 21
113.248
  0
LINE
  8
0
 10
-19.2348
 20
113.248
 11
-19.0187
 21
113.28
  0
LINE
  8
0
 10
-19.0187
 20
113.28
 11
-18.8008
 21
113.29
  0
LINE
  8
0
 10
-18.8008
 20
113.29
 11
-18.582
 21
113.279
  0
LINE
  8
0
 10
-18.582
 20
113.279
 11
-18.3655
 21
113.248
  0
LINE
  8
0
 10
-18.3655
 20
113.248
 11
-18.154
 21
113.195
  0
LINE
  8
0
 10
-18.154
 20
113.195
 11
-17.9485
 21
113.121
  0
LINE
  8
0
 10
-17.9485
 20
113.121
 11
-17.7507
 21
113.027
  0
LINE
  8
0
 10
-17.7507
 20
113.027
 11
-17.563
 21
112.915
  0
LINE
  8
0
 10
-17.563
 20
112.915
 11
-17.3872
 21
112.785
  0
LINE
  8
0
 10
-17.3872
 20
112.785
 11
-17.2252
 21
112.638
  0
LINE
  8
0
 10
-17.2252
 20
112.638
 11
-17.0787
 21
112.476
  0
LINE
  8
0
 10
-17.0787
 20
112.476
 11
-16.9482
 21
112.3
  0
LINE
  8
0
 10
-16.9482
 20
112.3
 11
-16.8361
 21
112.113
  0
LINE
  8
0
 10
-16.8361
 20
112.113
 11
-16.7427
 21
111.915
  0
LINE
  8
0
 10
-16.7427
 20
111.915
 11
-16.669
 21
111.71
  0
LINE
  8
0
 10
-16.669
 20
111.71
 11
-16.6159
 21
111.497
  0
LINE
  8
0
 10
-16.6159
 20
111.497
 11
-16.5834
 21
111.281
  0
LINE
  8
0
 10
-16.5834
 20
111.281
 11
-16.5733
 21
111.063
  0
LINE
  8
0
 10
-16.5733
 20
111.063
 11
-16.5839
 21
110.844
  0
LINE
  8
0
 10
-16.5839
 20
110.844
 11
-16.6164
 21
110.628
  0
LINE
  8
0
 10
-16.6164
 20
110.628
 11
-16.669
 21
110.416
  0
LINE
  8
0
 10
-16.669
 20
110.416
 11
-16.7427
 21
110.21
  0
LINE
  8
0
 10
-16.7427
 20
110.21
 11
-16.8361
 21
110.013
  0
LINE
  8
0
 10
-16.8361
 20
110.013
 11
-16.9487
 21
109.825
  0
LINE
  8
0
 10
-16.9487
 20
109.825
 11
-17.0787
 21
109.65
  0
LINE
  8
0
 10
-17.0787
 20
109.65
 11
-17.2256
 21
109.488
  0
LINE
  8
0
 10
-17.2256
 20
109.488
 11
-17.3872
 21
109.341
  0
LINE
  8
0
 10
-17.3872
 20
109.341
 11
-17.563
 21
109.211
  0
LINE
  8
0
 10
-17.563
 20
109.211
 11
-17.7507
 21
109.099
  0
LINE
  8
0
 10
-17.7507
 20
109.099
 11
-17.9485
 21
109.005
  0
LINE
  8
0
 10
-17.9485
 20
109.005
 11
-18.154
 21
108.931
  0
LINE
  8
0
 10
-18.154
 20
108.931
 11
-18.3664
 21
108.878
  0
LINE
  8
0
 10
-18.3664
 20
108.878
 11
-18.5825
 21
108.846
  0
LINE
  8
0
 10
-18.5825
 20
108.846
 11
-18.8008
 21
108.836
  0
LINE
  8
0
 10
-18.8008
 20
108.836
 11
-19.0192
 21
108.846
  0
LINE
  8
0
 10
-14.9968
 20
107.497
 11
-7.45743
 21
107.497
  0
LINE
  8
0
 10
-7.45743
 20
107.497
 11
-8.405
 21
107.123
  0
LINE
  8
0
 10
-8.405
 20
107.123
 11
-9.30725
 21
106.699
  0
LINE
  8
0
 10
-9.30725
 20
106.699
 11
-10.1495
 21
106.231
  0
LINE
  8
0
 10
-10.1495
 20
106.231
 11
-10.9314
 21
105.717
  0
LINE
  8
0
 10
-10.9314
 20
105.717
 11
-11.6519
 21
105.159
  0
LINE
  8
0
 10
-11.6519
 20
105.159
 11
-12.312
 21
104.556
  0
LINE
  8
0
 10
-12.312
 20
104.556
 11
-12.9121
 21
103.908
  0
LINE
  8
0
 10
-12.9121
 20
103.908
 11
-13.4509
 21
103.216
  0
LINE
  8
0
 10
-13.4509
 20
103.216
 11
-13.9302
 21
102.48
  0
LINE
  8
0
 10
-13.9302
 20
102.48
 11
-14.3481
 21
101.698
  0
LINE
  8
0
 10
-14.3481
 20
101.698
 11
-14.7057
 21
100.872
  0
LINE
  8
0
 10
-14.7057
 20
100.872
 11
-14.9968
 21
100.018
  0
LINE
  8
0
 10
-14.9968
 20
100.018
 11
-14.9968
 21
107.497
  0
LINE
  8
0
 10
0.00320435
 20
92.5032
 11
0.00320435
 21
95.4434
  0
LINE
  8
0
 10
0.00320435
 20
95.4434
 11
-7.4968
 21
95.4434
  0
LINE
  8
0
 10
-7.4968
 20
95.4434
 11
-7.4968
 21
99.9968
  0
LINE
  8
0
 10
-7.4968
 20
99.9968
 11
-4.55658
 21
99.9968
  0
LINE
  8
0
 10
-4.55658
 20
99.9968
 11
-4.55658
 21
107.497
  0
LINE
  8
0
 10
-4.55658
 20
107.497
 11
-0.00320435
 21
107.497
  0
LINE
  8
0
 10
-0.00320435
 20
107.497
 11
-0.00320435
 21
104.557
  0
LINE
  8
0
 10
-0.00320435
 20
104.557
 11
7.4968
 21
104.557
  0
LINE
  8
0
 10
7.4968
 20
104.557
 11
7.4968
 21
100.003
  0
LINE
  8
0
 10
7.4968
 20
100.003
 11
4.55658
 21
100.003
  0
LINE
  8
0
 10
4.55658
 20
100.003
 11
4.55658
 21
92.5032
  0
LINE
  8
0
 10
4.55658
 20
92.5032
 11
0.00320435
 21
92.5032
  0
LINE
  8
0
 10
15.0032
 20
107.497
 11
22.5426
 21
107.497
  0
LINE
  8
0
 10
22.5426
 20
107.497
 11
21.595
 21
107.123
  0
LINE
  8
0
 10
21.595
 20
107.123
 11
20.6927
 21
106.699
  0
LINE
  8
0
 10
20.6927
 20
106.699
 11
19.8505
 21
106.231
  0
LINE
  8
0
 10
19.8505
 20
106.231
 11
19.0686
 21
105.717
  0
LINE
  8
0
 10
19.0686
 20
105.717
 11
18.3481
 21
105.159
  0
LINE
  8
0
 10
18.3481
 20
105.159
 11
17.688
 21
104.556
  0
LINE
  8
0
 10
17.688
 20
104.556
 11
17.0879
 21
103.908
  0
LINE
  8
0
 10
17.0879
 20
103.908
 11
16.5491
 21
103.216
  0
LINE
  8
0
 10
16.5491
 20
103.216
 11
16.0698
 21
102.48
  0
LINE
  8
0
 10
16.0698
 20
102.48
 11
15.6519
 21
101.698
  0
LINE
  8
0
 10
15.6519
 20
101.698
 11
15.2943
 21
100.872
  0
LINE
  8
0
 10
15.2943
 20
100.872
 11
15.0032
 21
100.018
  0
LINE
  8
0
 10
15.0032
 20
100.018
 11
15.0032
 21
107.497
  0
LINE
  8
0
 10
30.0032
 20
92.5032
 11
30.0032
 21
95.4434
  0
LINE
  8
0
 10
30.0032
 20
95.4434
 11
22.5032
 21
95.4434
  0
LINE
  8
0
 10
22.5032
 20
95.4434
 11
22.5032
 21
99.9968
  0
LINE
  8
0
 10
22.5032
 20
99.9968
 11
25.4434
 21
99.9968
  0
LINE
  8
0
 10
25.4434
 20
99.9968
 11
25.4434
 21
107.497
  0
LINE
  8
0
 10
25.4434
 20
107.497
 11
27.4546
 21
107.497
  0
LINE
  8
0
 10
27.4546
 20
107.497
 11
32.3263
 21
92.5032
  0
LINE
  8
0
 10
32.3263
 20
92.5032
 11
30.0032
 21
92.5032
  0
LINE
  8
0
 10
-29.9968
 20
92.5032
 11
-29.9968
 21
95.4434
  0
LINE
  8
0
 10
-29.9968
 20
95.4434
 11
-31.371
 21
95.4434
  0
LINE
  8
0
 10
-31.371
 20
95.4434
 11
-28.41
 21
104.557
  0
LINE
  8
0
 10
-28.41
 20
104.557
 11
-22.5032
 21
104.557
  0
LINE
  8
0
 10
-22.5032
 20
104.557
 11
-22.5032
 21
100.003
  0
LINE
  8
0
 10
-22.5032
 20
100.003
 11
-25.4434
 21
100.003
  0
LINE
  8
0
 10
-25.4434
 20
100.003
 11
-25.4434
 21
92.5032
  0
LINE
  8
0
 10
-25.4434
 20
92.5032
 11
-29.9968
 21
92.5032
  0
LINE
  8
0
 10
7.45743
 20
92.5032
 11
8.405
 21
92.8767
  0
LINE
  8
0
 10
8.405
 20
92.8767
 11
9.30725
 21
93.3011
  0
LINE
  8
0
 10
9.30725
 20
93.3011
 11
10.1495
 21
93.7694
  0
LINE
  8
0
 10
10.1495
 20
93.7694
 11
10.9314
 21
94.2834
  0
LINE
  8
0
 10
10.9314
 20
94.2834
 11
11.6519
 21
94.8415
  0
LINE
  8
0
 10
11.6519
 20
94.8415
 11
12.312
 21
95.4439
  0
LINE
  8
0
 10
12.312
 20
95.4439
 11
12.9121
 21
96.0916
  0
LINE
  8
0
 10
12.9121
 20
96.0916
 11
13.4509
 21
96.7838
  0
LINE
  8
0
 10
13.4509
 20
96.7838
 11
13.9302
 21
97.5203
  0
LINE
  8
0
 10
13.9302
 20
97.5203
 11
14.3481
 21
98.3022
  0
LINE
  8
0
 10
14.3481
 20
98.3022
 11
14.7057
 21
99.1284
  0
LINE
  8
0
 10
14.7057
 20
99.1284
 11
14.9968
 21
99.9821
  0
LINE
  8
0
 10
14.9968
 20
99.9821
 11
14.9968
 21
92.5032
  0
LINE
  8
0
 10
14.9968
 20
92.5032
 11
7.45743
 21
92.5032
  0
LINE
  8
0
 10
-22.5426
 20
92.5032
 11
-21.595
 21
92.8767
  0
LINE
  8
0
 10
-21.595
 20
92.8767
 11
-20.6927
 21
93.3011
  0
LINE
  8
0
 10
-20.6927
 20
93.3011
 11
-19.8505
 21
93.7694
  0
LINE
  8
0
 10
-19.8505
 20
93.7694
 11
-19.0686
 21
94.2834
  0
LINE
  8
0
 10
-19.0686
 20
94.2834
 11
-18.3481
 21
94.8415
  0
LINE
  8
0
 10
-18.3481
 20
94.8415
 11
-17.688
 21
95.4439
  0
LINE
  8
0
 10
-17.688
 20
95.4439
 11
-17.0879
 21
96.0916
  0
LINE
  8
0
 10
-17.0879
 20
96.0916
 11
-16.5491
 21
96.7838
  0
LINE
  8
0
 10
-16.5491
 20
96.7838
 11
-16.0698
 21
97.5203
  0
LINE
  8
0
 10
-16.0698
 20
97.5203
 11
-15.6519
 21
98.3022
  0
LINE
  8
0
 10
-15.6519
 20
98.3022
 11
-15.2943
 21
99.1284
  0
LINE
  8
0
 10
-15.2943
 20
99.1284
 11
-15.0032
 21
99.9821
  0
LINE
  8
0
 10
-15.0032
 20
99.9821
 11
-15.0032
 21
92.5032
  0
LINE
  8
0
 10
-15.0032
 20
92.5032
 11
-22.5426
 21
92.5032
  0
LINE
  8
0
 10
-7.4968
 20
85.0032
 11
-7.4968
 21
92.5426
  0
LINE
  8
0
 10
-7.4968
 20
92.5426
 11
-7.12326
 21
91.595
  0
LINE
  8
0
 10
-7.12326
 20
91.595
 11
-6.69891
 21
90.6927
  0
LINE
  8
0
 10
-6.69891
 20
90.6927
 11
-6.23062
 21
89.8505
  0
LINE
  8
0
 10
-6.23062
 20
89.8505
 11
-5.71655
 21
89.0686
  0
LINE
  8
0
 10
-5.71655
 20
89.0686
 11
-5.15854
 21
88.3481
  0
LINE
  8
0
 10
-5.15854
 20
88.3481
 11
-4.55612
 21
87.688
  0
LINE
  8
0
 10
-4.55612
 20
87.688
 11
-3.90839
 21
87.0879
  0
LINE
  8
0
 10
-3.90839
 20
87.0879
 11
-3.21625
 21
86.5491
  0
LINE
  8
0
 10
-3.21625
 20
86.5491
 11
-2.47971
 21
86.0698
  0
LINE
  8
0
 10
-2.47971
 20
86.0698
 11
-1.69785
 21
85.6519
  0
LINE
  8
0
 10
-1.69785
 20
85.6519
 11
-0.871582
 21
85.2943
  0
LINE
  8
0
 10
-0.871582
 20
85.2943
 11
-0.0178528
 21
85.0032
  0
LINE
  8
0
 10
-0.0178528
 20
85.0032
 11
-7.4968
 21
85.0032
  0
LINE
  8
0
 10
22.5032
 20
85.0032
 11
22.5032
 21
92.5426
  0
LINE
  8
0
 10
22.5032
 20
92.5426
 11
22.8767
 21
91.595
  0
LINE
  8
0
 10
22.8767
 20
91.595
 11
23.3011
 21
90.6927
  0
LINE
  8
0
 10
23.3011
 20
90.6927
 11
23.7694
 21
89.8505
  0
LINE
  8
0
 10
23.7694
 20
89.8505
 11
24.2834
 21
89.0686
  0
LINE
  8
0
 10
24.2834
 20
89.0686
 11
24.8415
 21
88.3481
  0
LINE
  8
0
 10
24.8415
 20
88.3481
 11
25.4439
 21
87.688
  0
LINE
  8
0
 10
25.4439
 20
87.688
 11
26.0916
 21
87.0879
  0
LINE
  8
0
 10
26.0916
 20
87.0879
 11
26.7838
 21
86.5491
  0
LINE
  8
0
 10
26.7838
 20
86.5491
 11
27.5203
 21
86.0698
  0
LINE
  8
0
 10
27.5203
 20
86.0698
 11
28.3022
 21
85.6519
  0
LINE
  8
0
 10
28.3022
 20
85.6519
 11
29.1284
 21
85.2943
  0
LINE
  8
0
 10
29.1284
 20
85.2943
 11
29.9821
 21
85.0032
  0
LINE
  8
0
 10
29.9821
 20
85.0032
 11
22.5032
 21
85.0032
  0
LINE
  8
0
 10
-11.418
 20
86.7207
 11
-11.6345
 21
86.7523
  0
LINE
  8
0
 10
-11.6345
 20
86.7523
 11
-11.846
 21
86.8054
  0
LINE
  8
0
 10
-11.846
 20
86.8054
 11
-12.0515
 21
86.8791
  0
LINE
  8
0
 10
-12.0515
 20
86.8791
 11
-12.2493
 21
86.973
  0
LINE
  8
0
 10
-12.2493
 20
86.973
 11
-12.437
 21
87.0851
  0
LINE
  8
0
 10
-12.437
 20
87.0851
 11
-12.6128
 21
87.2151
  0
LINE
  8
0
 10
-12.6128
 20
87.2151
 11
-12.7748
 21
87.3621
  0
LINE
  8
0
 10
-12.7748
 20
87.3621
 11
-12.9213
 21
87.5241
  0
LINE
  8
0
 10
-12.9213
 20
87.5241
 11
-13.0518
 21
87.6999
  0
LINE
  8
0
 10
-13.0518
 20
87.6999
 11
-13.1639
 21
87.8871
  0
LINE
  8
0
 10
-13.1639
 20
87.8871
 11
-13.2573
 21
88.0849
  0
LINE
  8
0
 10
-13.2573
 20
88.0849
 11
-13.331
 21
88.2904
  0
LINE
  8
0
 10
-13.331
 20
88.2904
 11
-13.3841
 21
88.5028
  0
LINE
  8
0
 10
-13.3841
 20
88.5028
 11
-13.4166
 21
88.7189
  0
LINE
  8
0
 10
-13.4166
 20
88.7189
 11
-13.4267
 21
88.9372
  0
LINE
  8
0
 10
-13.4267
 20
88.9372
 11
-13.4161
 21
89.1556
  0
LINE
  8
0
 10
-13.4161
 20
89.1556
 11
-13.3841
 21
89.3721
  0
LINE
  8
0
 10
-13.3841
 20
89.3721
 11
-13.331
 21
89.5836
  0
LINE
  8
0
 10
-13.331
 20
89.5836
 11
-13.2573
 21
89.7891
  0
LINE
  8
0
 10
-13.2573
 20
89.7891
 11
-13.1639
 21
89.9873
  0
LINE
  8
0
 10
-13.1639
 20
89.9873
 11
-13.0518
 21
90.1746
  0
LINE
  8
0
 10
-13.0518
 20
90.1746
 11
-12.9213
 21
90.3503
  0
LINE
  8
0
 10
-12.9213
 20
90.3503
 11
-12.7748
 21
90.5119
  0
LINE
  8
0
 10
-12.7748
 20
90.5119
 11
-12.6128
 21
90.6589
  0
LINE
  8
0
 10
-12.6128
 20
90.6589
 11
-12.437
 21
90.7889
  0
LINE
  8
0
 10
-12.437
 20
90.7889
 11
-12.2493
 21
90.9015
  0
LINE
  8
0
 10
-12.2493
 20
90.9015
 11
-12.0515
 21
90.9949
  0
LINE
  8
0
 10
-12.0515
 20
90.9949
 11
-11.846
 21
91.069
  0
LINE
  8
0
 10
-11.846
 20
91.069
 11
-11.6336
 21
91.1221
  0
LINE
  8
0
 10
-11.6336
 20
91.1221
 11
-11.4175
 21
91.1542
  0
LINE
  8
0
 10
-11.4175
 20
91.1542
 11
-11.1992
 21
91.1642
  0
LINE
  8
0
 10
-11.1992
 20
91.1642
 11
-10.9808
 21
91.1537
  0
LINE
  8
0
 10
-10.9808
 20
91.1537
 11
-10.7643
 21
91.1217
  0
LINE
  8
0
 10
-10.7643
 20
91.1217
 11
-10.5528
 21
91.069
  0
LINE
  8
0
 10
-10.5528
 20
91.069
 11
-10.3473
 21
90.9949
  0
LINE
  8
0
 10
-10.3473
 20
90.9949
 11
-10.1491
 21
90.9015
  0
LINE
  8
0
 10
-10.1491
 20
90.9015
 11
-9.9614
 21
90.7889
  0
LINE
  8
0
 10
-9.9614
 20
90.7889
 11
-9.78607
 21
90.6589
  0
LINE
  8
0
 10
-9.78607
 20
90.6589
 11
-9.62402
 21
90.5119
  0
LINE
  8
0
 10
-9.62402
 20
90.5119
 11
-9.47754
 21
90.3503
  0
LINE
  8
0
 10
-9.47754
 20
90.3503
 11
-9.34708
 21
90.1746
  0
LINE
  8
0
 10
-9.34708
 20
90.1746
 11
-9.23492
 21
89.9873
  0
LINE
  8
0
 10
-9.23492
 20
89.9873
 11
-9.14154
 21
89.7891
  0
LINE
  8
0
 10
-9.14154
 20
89.7891
 11
-9.06784
 21
89.5836
  0
LINE
  8
0
 10
-9.06784
 20
89.5836
 11
-9.01428
 21
89.3712
  0
LINE
  8
0
 10
-9.01428
 20
89.3712
 11
-8.98224
 21
89.1551
  0
LINE
  8
0
 10
-8.98224
 20
89.1551
 11
-8.97217
 21
88.9372
  0
LINE
  8
0
 10
-8.97217
 20
88.9372
 11
-8.9827
 21
88.7184
  0
LINE
  8
0
 10
-8.9827
 20
88.7184
 11
-9.01474
 21
88.5019
  0
LINE
  8
0
 10
-9.01474
 20
88.5019
 11
-9.06784
 21
88.2904
  0
LINE
  8
0
 10
-9.06784
 20
88.2904
 11
-9.14154
 21
88.0844
  0
LINE
  8
0
 10
-9.14154
 20
88.0844
 11
-9.23492
 21
87.8871
  0
LINE
  8
0
 10
-9.23492
 20
87.8871
 11
-9.34753
 21
87.6994
  0
LINE
  8
0
 10
-9.34753
 20
87.6994
 11
-9.47754
 21
87.5241
  0
LINE
  8
0
 10
-9.47754
 20
87.5241
 11
-9.62448
 21
87.3616
  0
LINE
  8
0
 10
-9.62448
 20
87.3616
 11
-9.78607
 21
87.2151
  0
LINE
  8
0
 10
-9.78607
 20
87.2151
 11
-9.9614
 21
87.0851
  0
LINE
  8
0
 10
-9.9614
 20
87.0851
 11
-10.1491
 21
86.973
  0
LINE
  8
0
 10
-10.1491
 20
86.973
 11
-10.3473
 21
86.8791
  0
LINE
  8
0
 10
-10.3473
 20
86.8791
 11
-10.5528
 21
86.8054
  0
LINE
  8
0
 10
-10.5528
 20
86.8054
 11
-10.7652
 21
86.7523
  0
LINE
  8
0
 10
-10.7652
 20
86.7523
 11
-10.9813
 21
86.7203
  0
LINE
  8
0
 10
-10.9813
 20
86.7203
 11
-11.1992
 21
86.7097
  0
LINE
  8
0
 10
-11.1992
 20
86.7097
 11
-11.418
 21
86.7207
  0
LINE
  8
0
 10
18.582
 20
86.7207
 11
18.3655
 21
86.7523
  0
LINE
  8
0
 10
18.3655
 20
86.7523
 11
18.154
 21
86.8054
  0
LINE
  8
0
 10
18.154
 20
86.8054
 11
17.9485
 21
86.8791
  0
LINE
  8
0
 10
17.9485
 20
86.8791
 11
17.7507
 21
86.973
  0
LINE
  8
0
 10
17.7507
 20
86.973
 11
17.563
 21
87.0851
  0
LINE
  8
0
 10
17.563
 20
87.0851
 11
17.3872
 21
87.2151
  0
LINE
  8
0
 10
17.3872
 20
87.2151
 11
17.2252
 21
87.3621
  0
LINE
  8
0
 10
17.2252
 20
87.3621
 11
17.0787
 21
87.5241
  0
LINE
  8
0
 10
17.0787
 20
87.5241
 11
16.9482
 21
87.6999
  0
LINE
  8
0
 10
16.9482
 20
87.6999
 11
16.8361
 21
87.8871
  0
LINE
  8
0
 10
16.8361
 20
87.8871
 11
16.7427
 21
88.0849
  0
LINE
  8
0
 10
16.7427
 20
88.0849
 11
16.669
 21
88.2904
  0
LINE
  8
0
 10
16.669
 20
88.2904
 11
16.6159
 21
88.5028
  0
LINE
  8
0
 10
16.6159
 20
88.5028
 11
16.5834
 21
88.7189
  0
LINE
  8
0
 10
16.5834
 20
88.7189
 11
16.5733
 21
88.9372
  0
LINE
  8
0
 10
16.5733
 20
88.9372
 11
16.5839
 21
89.1556
  0
LINE
  8
0
 10
16.5839
 20
89.1556
 11
16.6159
 21
89.3721
  0
LINE
  8
0
 10
16.6159
 20
89.3721
 11
16.669
 21
89.5836
  0
LINE
  8
0
 10
16.669
 20
89.5836
 11
16.7427
 21
89.7891
  0
LINE
  8
0
 10
16.7427
 20
89.7891
 11
16.8361
 21
89.9873
  0
LINE
  8
0
 10
16.8361
 20
89.9873
 11
16.9482
 21
90.1746
  0
LINE
  8
0
 10
16.9482
 20
90.1746
 11
17.0787
 21
90.3503
  0
LINE
  8
0
 10
17.0787
 20
90.3503
 11
17.2252
 21
90.5119
  0
LINE
  8
0
 10
17.2252
 20
90.5119
 11
17.3872
 21
90.6589
  0
LINE
  8
0
 10
17.3872
 20
90.6589
 11
17.563
 21
90.7889
  0
LINE
  8
0
 10
17.563
 20
90.7889
 11
17.7507
 21
90.9015
  0
LINE
  8
0
 10
17.7507
 20
90.9015
 11
17.9485
 21
90.9949
  0
LINE
  8
0
 10
17.9485
 20
90.9949
 11
18.154
 21
91.069
  0
LINE
  8
0
 10
18.154
 20
91.069
 11
18.3664
 21
91.1221
  0
LINE
  8
0
 10
18.3664
 20
91.1221
 11
18.5825
 21
91.1542
  0
LINE
  8
0
 10
18.5825
 20
91.1542
 11
18.8008
 21
91.1642
  0
LINE
  8
0
 10
18.8008
 20
91.1642
 11
19.0192
 21
91.1537
  0
LINE
  8
0
 10
19.0192
 20
91.1537
 11
19.2357
 21
91.1217
  0
LINE
  8
0
 10
19.2357
 20
91.1217
 11
19.4472
 21
91.069
  0
LINE
  8
0
 10
19.4472
 20
91.069
 11
19.6527
 21
90.9949
  0
LINE
  8
0
 10
19.6527
 20
90.9949
 11
19.8509
 21
90.9015
  0
LINE
  8
0
 10
19.8509
 20
90.9015
 11
20.0386
 21
90.7889
  0
LINE
  8
0
 10
20.0386
 20
90.7889
 11
20.2139
 21
90.6589
  0
LINE
  8
0
 10
20.2139
 20
90.6589
 11
20.376
 21
90.5119
  0
LINE
  8
0
 10
20.376
 20
90.5119
 11
20.5225
 21
90.3503
  0
LINE
  8
0
 10
20.5225
 20
90.3503
 11
20.6529
 21
90.1746
  0
LINE
  8
0
 10
20.6529
 20
90.1746
 11
20.7651
 21
89.9873
  0
LINE
  8
0
 10
20.7651
 20
89.9873
 11
20.8585
 21
89.7891
  0
LINE
  8
0
 10
20.8585
 20
89.7891
 11
20.9322
 21
89.5836
  0
LINE
  8
0
 10
20.9322
 20
89.5836
 11
20.9857
 21
89.3712
  0
LINE
  8
0
 10
20.9857
 20
89.3712
 11
21.0178
 21
89.1551
  0
LINE
  8
0
 10
21.0178
 20
89.1551
 11
21.0278
 21
88.9372
  0
LINE
  8
0
 10
21.0278
 20
88.9372
 11
21.0173
 21
88.7184
  0
LINE
  8
0
 10
21.0173
 20
88.7184
 11
20.9853
 21
88.5019
  0
LINE
  8
0
 10
20.9853
 20
88.5019
 11
20.9322
 21
88.2904
  0
LINE
  8
0
 10
20.9322
 20
88.2904
 11
20.8585
 21
88.0844
  0
LINE
  8
0
 10
20.8585
 20
88.0844
 11
20.7651
 21
87.8871
  0
LINE
  8
0
 10
20.7651
 20
87.8871
 11
20.6525
 21
87.6994
  0
LINE
  8
0
 10
20.6525
 20
87.6994
 11
20.5225
 21
87.5241
  0
LINE
  8
0
 10
20.5225
 20
87.5241
 11
20.3755
 21
87.3616
  0
LINE
  8
0
 10
20.3755
 20
87.3616
 11
20.2139
 21
87.2151
  0
LINE
  8
0
 10
20.2139
 20
87.2151
 11
20.0386
 21
87.0851
  0
LINE
  8
0
 10
20.0386
 20
87.0851
 11
19.8509
 21
86.973
  0
LINE
  8
0
 10
19.8509
 20
86.973
 11
19.6527
 21
86.8791
  0
LINE
  8
0
 10
19.6527
 20
86.8791
 11
19.4472
 21
86.8054
  0
LINE
  8
0
 10
19.4472
 20
86.8054
 11
19.2348
 21
86.7523
  0
LINE
  8
0
 10
19.2348
 20
86.7523
 11
19.0187
 21
86.7203
  0
LINE
  8
0
 10
19.0187
 20
86.7203
 11
18.8008
 21
86.7097
  0
LINE
  8
0
 10
18.8008
 20
86.7097
 11
18.582
 21
86.7207
  0
LINE
  8
0
 10
-19.1556
 20
86.5839
 11
-19.3721
 21
86.6159
  0
LINE
  8
0
 10
-19.3721
 20
86.6159
 11
-19.5836
 21
86.669
  0
LINE
  8
0
 10
-19.5836
 20
86.669
 11
-19.7891
 21
86.7427
  0
LINE
  8
0
 10
-19.7891
 20
86.7427
 11
-19.9873
 21
86.8361
  0
LINE
  8
0
 10
-19.9873
 20
86.8361
 11
-20.175
 21
86.9487
  0
LINE
  8
0
 10
-20.175
 20
86.9487
 11
-20.3503
 21
87.0787
  0
LINE
  8
0
 10
-20.3503
 20
87.0787
 11
-20.5124
 21
87.2256
  0
LINE
  8
0
 10
-20.5124
 20
87.2256
 11
-20.6589
 21
87.3872
  0
LINE
  8
0
 10
-20.6589
 20
87.3872
 11
-20.7893
 21
87.5635
  0
LINE
  8
0
 10
-20.7893
 20
87.5635
 11
-20.9015
 21
87.7507
  0
LINE
  8
0
 10
-20.9015
 20
87.7507
 11
-20.9949
 21
87.9485
  0
LINE
  8
0
 10
-20.9949
 20
87.9485
 11
-21.069
 21
88.154
  0
LINE
  8
0
 10
-21.069
 20
88.154
 11
-21.1221
 21
88.3664
  0
LINE
  8
0
 10
-21.1221
 20
88.3664
 11
-21.1542
 21
88.5825
  0
LINE
  8
0
 10
-21.1542
 20
88.5825
 11
-21.1642
 21
88.8008
  0
LINE
  8
0
 10
-21.1642
 20
88.8008
 11
-21.1537
 21
89.0192
  0
LINE
  8
0
 10
-21.1537
 20
89.0192
 11
-21.1221
 21
89.2357
  0
LINE
  8
0
 10
-21.1221
 20
89.2357
 11
-21.069
 21
89.4472
  0
LINE
  8
0
 10
-21.069
 20
89.4472
 11
-20.9949
 21
89.6527
  0
LINE
  8
0
 10
-20.9949
 20
89.6527
 11
-20.9015
 21
89.8509
  0
LINE
  8
0
 10
-20.9015
 20
89.8509
 11
-20.7893
 21
90.0381
  0
LINE
  8
0
 10
-20.7893
 20
90.0381
 11
-20.6589
 21
90.2139
  0
LINE
  8
0
 10
-20.6589
 20
90.2139
 11
-20.5124
 21
90.3755
  0
LINE
  8
0
 10
-20.5124
 20
90.3755
 11
-20.3503
 21
90.5225
  0
LINE
  8
0
 10
-20.3503
 20
90.5225
 11
-20.175
 21
90.6525
  0
LINE
  8
0
 10
-20.175
 20
90.6525
 11
-19.9873
 21
90.7651
  0
LINE
  8
0
 10
-19.9873
 20
90.7651
 11
-19.7891
 21
90.8585
  0
LINE
  8
0
 10
-19.7891
 20
90.8585
 11
-19.5836
 21
90.9322
  0
LINE
  8
0
 10
-19.5836
 20
90.9322
 11
-19.3712
 21
90.9857
  0
LINE
  8
0
 10
-19.3712
 20
90.9857
 11
-19.1551
 21
91.0178
  0
LINE
  8
0
 10
-19.1551
 20
91.0178
 11
-18.9372
 21
91.0278
  0
LINE
  8
0
 10
-18.9372
 20
91.0278
 11
-18.7184
 21
91.0173
  0
LINE
  8
0
 10
-18.7184
 20
91.0173
 11
-18.5019
 21
90.9853
  0
LINE
  8
0
 10
-18.5019
 20
90.9853
 11
-18.2904
 21
90.9322
  0
LINE
  8
0
 10
-18.2904
 20
90.9322
 11
-18.0849
 21
90.8585
  0
LINE
  8
0
 10
-18.0849
 20
90.8585
 11
-17.8871
 21
90.7651
  0
LINE
  8
0
 10
-17.8871
 20
90.7651
 11
-17.6994
 21
90.6525
  0
LINE
  8
0
 10
-17.6994
 20
90.6525
 11
-17.5241
 21
90.5225
  0
LINE
  8
0
 10
-17.5241
 20
90.5225
 11
-17.3616
 21
90.3755
  0
LINE
  8
0
 10
-17.3616
 20
90.3755
 11
-17.2151
 21
90.2139
  0
LINE
  8
0
 10
-17.2151
 20
90.2139
 11
-17.0847
 21
90.0381
  0
LINE
  8
0
 10
-17.0847
 20
90.0381
 11
-16.973
 21
89.8509
  0
LINE
  8
0
 10
-16.973
 20
89.8509
 11
-16.8791
 21
89.6527
  0
LINE
  8
0
 10
-16.8791
 20
89.6527
 11
-16.8054
 21
89.4472
  0
LINE
  8
0
 10
-16.8054
 20
89.4472
 11
-16.7523
 21
89.2348
  0
LINE
  8
0
 10
-16.7523
 20
89.2348
 11
-16.7203
 21
89.0187
  0
LINE
  8
0
 10
-16.7203
 20
89.0187
 11
-16.7097
 21
88.8008
  0
LINE
  8
0
 10
-16.7097
 20
88.8008
 11
-16.7207
 21
88.582
  0
LINE
  8
0
 10
-16.7207
 20
88.582
 11
-16.7528
 21
88.3655
  0
LINE
  8
0
 10
-16.7528
 20
88.3655
 11
-16.8054
 21
88.154
  0
LINE
  8
0
 10
-16.8054
 20
88.154
 11
-16.8791
 21
87.948
  0
LINE
  8
0
 10
-16.8791
 20
87.948
 11
-16.973
 21
87.7507
  0
LINE
  8
0
 10
-16.973
 20
87.7507
 11
-17.0851
 21
87.563
  0
LINE
  8
0
 10
-17.0851
 20
87.563
 11
-17.2151
 21
87.3872
  0
LINE
  8
0
 10
-17.2151
 20
87.3872
 11
-17.3621
 21
87.2252
  0
LINE
  8
0
 10
-17.3621
 20
87.2252
 11
-17.5241
 21
87.0787
  0
LINE
  8
0
 10
-17.5241
 20
87.0787
 11
-17.6994
 21
86.9487
  0
LINE
  8
0
 10
-17.6994
 20
86.9487
 11
-17.8871
 21
86.8361
  0
LINE
  8
0
 10
-17.8871
 20
86.8361
 11
-18.0849
 21
86.7427
  0
LINE
  8
0
 10
-18.0849
 20
86.7427
 11
-18.2904
 21
86.669
  0
LINE
  8
0
 10
-18.2904
 20
86.669
 11
-18.5028
 21
86.6159
  0
LINE
  8
0
 10
-18.5028
 20
86.6159
 11
-18.7189
 21
86.5834
  0
LINE
  8
0
 10
-18.7189
 20
86.5834
 11
-18.9372
 21
86.5733
  0
LINE
  8
0
 10
-18.9372
 20
86.5733
 11
-19.1556
 21
86.5839
  0
LINE
  8
0
 10
10.8444
 20
86.5839
 11
10.6279
 21
86.6159
  0
LINE
  8
0
 10
10.6279
 20
86.6159
 11
10.4164
 21
86.669
  0
LINE
  8
0
 10
10.4164
 20
86.669
 11
10.2109
 21
86.7427
  0
LINE
  8
0
 10
10.2109
 20
86.7427
 11
10.0127
 21
86.8361
  0
LINE
  8
0
 10
10.0127
 20
86.8361
 11
9.82498
 21
86.9487
  0
LINE
  8
0
 10
9.82498
 20
86.9487
 11
9.64966
 21
87.0787
  0
LINE
  8
0
 10
9.64966
 20
87.0787
 11
9.48761
 21
87.2256
  0
LINE
  8
0
 10
9.48761
 20
87.2256
 11
9.34113
 21
87.3872
  0
LINE
  8
0
 10
9.34113
 20
87.3872
 11
9.21066
 21
87.5635
  0
LINE
  8
0
 10
9.21066
 20
87.5635
 11
9.09851
 21
87.7507
  0
LINE
  8
0
 10
9.09851
 20
87.7507
 11
9.00513
 21
87.9485
  0
LINE
  8
0
 10
9.00513
 20
87.9485
 11
8.93097
 21
88.154
  0
LINE
  8
0
 10
8.93097
 20
88.154
 11
8.87787
 21
88.3664
  0
LINE
  8
0
 10
8.87787
 20
88.3664
 11
8.84583
 21
88.5825
  0
LINE
  8
0
 10
8.84583
 20
88.5825
 11
8.83575
 21
88.8008
  0
LINE
  8
0
 10
8.83575
 20
88.8008
 11
8.84628
 21
89.0192
  0
LINE
  8
0
 10
8.84628
 20
89.0192
 11
8.87787
 21
89.2357
  0
LINE
  8
0
 10
8.87787
 20
89.2357
 11
8.93097
 21
89.4472
  0
LINE
  8
0
 10
8.93097
 20
89.4472
 11
9.00513
 21
89.6527
  0
LINE
  8
0
 10
9.00513
 20
89.6527
 11
9.09851
 21
89.8509
  0
LINE
  8
0
 10
9.09851
 20
89.8509
 11
9.21066
 21
90.0381
  0
LINE
  8
0
 10
9.21066
 20
90.0381
 11
9.34113
 21
90.2139
  0
LINE
  8
0
 10
9.34113
 20
90.2139
 11
9.48761
 21
90.3755
  0
LINE
  8
0
 10
9.48761
 20
90.3755
 11
9.64966
 21
90.5225
  0
LINE
  8
0
 10
9.64966
 20
90.5225
 11
9.82498
 21
90.6525
  0
LINE
  8
0
 10
9.82498
 20
90.6525
 11
10.0127
 21
90.7651
  0
LINE
  8
0
 10
10.0127
 20
90.7651
 11
10.2109
 21
90.8585
  0
LINE
  8
0
 10
10.2109
 20
90.8585
 11
10.4164
 21
90.9322
  0
LINE
  8
0
 10
10.4164
 20
90.9322
 11
10.6288
 21
90.9857
  0
LINE
  8
0
 10
10.6288
 20
90.9857
 11
10.8449
 21
91.0178
  0
LINE
  8
0
 10
10.8449
 20
91.0178
 11
11.0628
 21
91.0278
  0
LINE
  8
0
 10
11.0628
 20
91.0278
 11
11.2816
 21
91.0173
  0
LINE
  8
0
 10
11.2816
 20
91.0173
 11
11.4981
 21
90.9853
  0
LINE
  8
0
 10
11.4981
 20
90.9853
 11
11.7096
 21
90.9322
  0
LINE
  8
0
 10
11.7096
 20
90.9322
 11
11.9151
 21
90.8585
  0
LINE
  8
0
 10
11.9151
 20
90.8585
 11
12.1129
 21
90.7651
  0
LINE
  8
0
 10
12.1129
 20
90.7651
 11
12.3006
 21
90.6525
  0
LINE
  8
0
 10
12.3006
 20
90.6525
 11
12.4759
 21
90.5225
  0
LINE
  8
0
 10
12.4759
 20
90.5225
 11
12.6384
 21
90.3755
  0
LINE
  8
0
 10
12.6384
 20
90.3755
 11
12.7849
 21
90.2139
  0
LINE
  8
0
 10
12.7849
 20
90.2139
 11
12.9153
 21
90.0381
  0
LINE
  8
0
 10
12.9153
 20
90.0381
 11
13.027
 21
89.8509
  0
LINE
  8
0
 10
13.027
 20
89.8509
 11
13.1209
 21
89.6527
  0
LINE
  8
0
 10
13.1209
 20
89.6527
 11
13.1946
 21
89.4472
  0
LINE
  8
0
 10
13.1946
 20
89.4472
 11
13.2477
 21
89.2348
  0
LINE
  8
0
 10
13.2477
 20
89.2348
 11
13.2797
 21
89.0187
  0
LINE
  8
0
 10
13.2797
 20
89.0187
 11
13.2903
 21
88.8008
  0
LINE
  8
0
 10
13.2903
 20
88.8008
 11
13.2793
 21
88.582
  0
LINE
  8
0
 10
13.2793
 20
88.582
 11
13.2472
 21
88.3655
  0
LINE
  8
0
 10
13.2472
 20
88.3655
 11
13.1946
 21
88.154
  0
LINE
  8
0
 10
13.1946
 20
88.154
 11
13.1209
 21
87.948
  0
LINE
  8
0
 10
13.1209
 20
87.948
 11
13.027
 21
87.7507
  0
LINE
  8
0
 10
13.027
 20
87.7507
 11
12.9149
 21
87.563
  0
LINE
  8
0
 10
12.9149
 20
87.563
 11
12.7849
 21
87.3872
  0
LINE
  8
0
 10
12.7849
 20
87.3872
 11
12.6379
 21
87.2252
  0
LINE
  8
0
 10
12.6379
 20
87.2252
 11
12.4759
 21
87.0787
  0
LINE
  8
0
 10
12.4759
 20
87.0787
 11
12.3006
 21
86.9487
  0
LINE
  8
0
 10
12.3006
 20
86.9487
 11
12.1129
 21
86.8361
  0
LINE
  8
0
 10
12.1129
 20
86.8361
 11
11.9151
 21
86.7427
  0
LINE
  8
0
 10
11.9151
 20
86.7427
 11
11.7096
 21
86.669
  0
LINE
  8
0
 10
11.7096
 20
86.669
 11
11.4972
 21
86.6159
  0
LINE
  8
0
 10
11.4972
 20
86.6159
 11
11.2811
 21
86.5834
  0
LINE
  8
0
 10
11.2811
 20
86.5834
 11
11.0628
 21
86.5733
  0
LINE
  8
0
 10
11.0628
 20
86.5733
 11
10.8444
 21
86.5839
  0
LINE
  8
0
 10
-34.7632
 20
85.0032
 11
-34.0448
 21
87.2143
  0
LINE
  8
0
 10
-34.0448
 20
87.2143
 11
-33.9084
 21
87.0879
  0
LINE
  8
0
 10
-33.9084
 20
87.0879
 11
-33.2162
 21
86.5491
  0
LINE
  8
0
 10
-33.2162
 20
86.5491
 11
-32.4797
 21
86.0698
  0
LINE
  8
0
 10
-32.4797
 20
86.0698
 11
-31.6978
 21
85.6519
  0
LINE
  8
0
 10
-31.6978
 20
85.6519
 11
-30.8716
 21
85.2943
  0
LINE
  8
0
 10
-30.8716
 20
85.2943
 11
-30.0179
 21
85.0032
  0
LINE
  8
0
 10
-30.0179
 20
85.0032
 11
-34.7632
 21
85.0032
  0
LINE
  8
0
 10
-22.8767
 20
78.405
 11
-23.3011
 21
79.3073
  0
LINE
  8
0
 10
-23.3011
 20
79.3073
 11
-23.7694
 21
80.1495
  0
LINE
  8
0
 10
-23.7694
 20
80.1495
 11
-24.2834
 21
80.9314
  0
LINE
  8
0
 10
-24.2834
 20
80.9314
 11
-24.8415
 21
81.6519
  0
LINE
  8
0
 10
-24.8415
 20
81.6519
 11
-25.4439
 21
82.312
  0
LINE
  8
0
 10
-25.4439
 20
82.312
 11
-26.0916
 21
82.9121
  0
LINE
  8
0
 10
-26.0916
 20
82.9121
 11
-26.7838
 21
83.4509
  0
LINE
  8
0
 10
-26.7838
 20
83.4509
 11
-27.5203
 21
83.9302
  0
LINE
  8
0
 10
-27.5203
 20
83.9302
 11
-28.3022
 21
84.3481
  0
LINE
  8
0
 10
-28.3022
 20
84.3481
 11
-29.1284
 21
84.7057
  0
LINE
  8
0
 10
-29.1284
 20
84.7057
 11
-29.9821
 21
84.9968
  0
LINE
  8
0
 10
-29.9821
 20
84.9968
 11
-22.5032
 21
84.9968
  0
LINE
  8
0
 10
-22.5032
 20
84.9968
 11
-22.5032
 21
77.4574
  0
LINE
  8
0
 10
-22.5032
 20
77.4574
 11
-22.8767
 21
78.405
  0
LINE
  8
0
 10
36.2306
 20
80.1495
 11
35.7166
 21
80.9314
  0
LINE
  8
0
 10
35.7166
 20
80.9314
 11
35.1585
 21
81.6519
  0
LINE
  8
0
 10
35.1585
 20
81.6519
 11
34.5561
 21
82.312
  0
LINE
  8
0
 10
34.5561
 20
82.312
 11
33.9084
 21
82.9121
  0
LINE
  8
0
 10
33.9084
 20
82.9121
 11
33.2162
 21
83.4509
  0
LINE
  8
0
 10
33.2162
 20
83.4509
 11
32.4797
 21
83.9302
  0
LINE
  8
0
 10
32.4797
 20
83.9302
 11
31.6978
 21
84.3481
  0
LINE
  8
0
 10
31.6978
 20
84.3481
 11
30.8716
 21
84.7057
  0
LINE
  8
0
 10
30.8716
 20
84.7057
 11
30.0179
 21
84.9968
  0
LINE
  8
0
 10
30.0179
 20
84.9968
 11
34.7653
 21
84.9968
  0
LINE
  8
0
 10
34.7653
 20
84.9968
 11
36.4945
 21
79.6749
  0
LINE
  8
0
 10
36.4945
 20
79.6749
 11
36.2306
 21
80.1495
  0
LINE
  8
0
 10
7.12326
 20
78.405
 11
6.69891
 21
79.3073
  0
LINE
  8
0
 10
6.69891
 20
79.3073
 11
6.23062
 21
80.1495
  0
LINE
  8
0
 10
6.23062
 20
80.1495
 11
5.71655
 21
80.9314
  0
LINE
  8
0
 10
5.71655
 20
80.9314
 11
5.15854
 21
81.6519
  0
LINE
  8
0
 10
5.15854
 20
81.6519
 11
4.55612
 21
82.312
  0
LINE
  8
0
 10
4.55612
 20
82.312
 11
3.90839
 21
82.9121
  0
LINE
  8
0
 10
3.90839
 20
82.9121
 11
3.21625
 21
83.4509
  0
LINE
  8
0
 10
3.21625
 20
83.4509
 11
2.47971
 21
83.9302
  0
LINE
  8
0
 10
2.47971
 20
83.9302
 11
1.69785
 21
84.3481
  0
LINE
  8
0
 10
1.69785
 20
84.3481
 11
0.871582
 21
84.7057
  0
LINE
  8
0
 10
0.871582
 20
84.7057
 11
0.0178528
 21
84.9968
  0
LINE
  8
0
 10
0.0178528
 20
84.9968
 11
7.4968
 21
84.9968
  0
LINE
  8
0
 10
7.4968
 20
84.9968
 11
7.4968
 21
77.4574
  0
LINE
  8
0
 10
7.4968
 20
77.4574
 11
7.12326
 21
78.405
  0
LINE
  8
0
 10
-11.2816
 20
78.9827
 11
-11.4981
 21
79.0147
  0
LINE
  8
0
 10
-11.4981
 20
79.0147
 11
-11.7096
 21
79.0678
  0
LINE
  8
0
 10
-11.7096
 20
79.0678
 11
-11.9151
 21
79.1415
  0
LINE
  8
0
 10
-11.9151
 20
79.1415
 11
-12.1129
 21
79.2349
  0
LINE
  8
0
 10
-12.1129
 20
79.2349
 11
-12.3006
 21
79.3475
  0
LINE
  8
0
 10
-12.3006
 20
79.3475
 11
-12.4759
 21
79.4775
  0
LINE
  8
0
 10
-12.4759
 20
79.4775
 11
-12.6384
 21
79.6245
  0
LINE
  8
0
 10
-12.6384
 20
79.6245
 11
-12.7849
 21
79.7861
  0
LINE
  8
0
 10
-12.7849
 20
79.7861
 11
-12.9153
 21
79.9619
  0
LINE
  8
0
 10
-12.9153
 20
79.9619
 11
-13.027
 21
80.1491
  0
LINE
  8
0
 10
-13.027
 20
80.1491
 11
-13.1209
 21
80.3473
  0
LINE
  8
0
 10
-13.1209
 20
80.3473
 11
-13.1946
 21
80.5528
  0
LINE
  8
0
 10
-13.1946
 20
80.5528
 11
-13.2477
 21
80.7652
  0
LINE
  8
0
 10
-13.2477
 20
80.7652
 11
-13.2797
 21
80.9813
  0
LINE
  8
0
 10
-13.2797
 20
80.9813
 11
-13.2903
 21
81.1992
  0
LINE
  8
0
 10
-13.2903
 20
81.1992
 11
-13.2793
 21
81.418
  0
LINE
  8
0
 10
-13.2793
 20
81.418
 11
-13.2477
 21
81.6345
  0
LINE
  8
0
 10
-13.2477
 20
81.6345
 11
-13.1946
 21
81.846
  0
LINE
  8
0
 10
-13.1946
 20
81.846
 11
-13.1209
 21
82.0515
  0
LINE
  8
0
 10
-13.1209
 20
82.0515
 11
-13.027
 21
82.2493
  0
LINE
  8
0
 10
-13.027
 20
82.2493
 11
-12.9153
 21
82.4365
  0
LINE
  8
0
 10
-12.9153
 20
82.4365
 11
-12.7849
 21
82.6128
  0
LINE
  8
0
 10
-12.7849
 20
82.6128
 11
-12.6384
 21
82.7744
  0
LINE
  8
0
 10
-12.6384
 20
82.7744
 11
-12.4759
 21
82.9213
  0
LINE
  8
0
 10
-12.4759
 20
82.9213
 11
-12.3006
 21
83.0513
  0
LINE
  8
0
 10
-12.3006
 20
83.0513
 11
-12.1129
 21
83.1639
  0
LINE
  8
0
 10
-12.1129
 20
83.1639
 11
-11.9151
 21
83.2573
  0
LINE
  8
0
 10
-11.9151
 20
83.2573
 11
-11.7096
 21
83.331
  0
LINE
  8
0
 10
-11.7096
 20
83.331
 11
-11.4972
 21
83.3841
  0
LINE
  8
0
 10
-11.4972
 20
83.3841
 11
-11.2811
 21
83.4166
  0
LINE
  8
0
 10
-11.2811
 20
83.4166
 11
-11.0628
 21
83.4267
  0
LINE
  8
0
 10
-11.0628
 20
83.4267
 11
-10.8444
 21
83.4161
  0
LINE
  8
0
 10
-10.8444
 20
83.4161
 11
-10.6279
 21
83.3841
  0
LINE
  8
0
 10
-10.6279
 20
83.3841
 11
-10.4164
 21
83.331
  0
LINE
  8
0
 10
-10.4164
 20
83.331
 11
-10.2109
 21
83.2573
  0
LINE
  8
0
 10
-10.2109
 20
83.2573
 11
-10.0127
 21
83.1639
  0
LINE
  8
0
 10
-10.0127
 20
83.1639
 11
-9.82498
 21
83.0513
  0
LINE
  8
0
 10
-9.82498
 20
83.0513
 11
-9.64966
 21
82.9213
  0
LINE
  8
0
 10
-9.64966
 20
82.9213
 11
-9.48761
 21
82.7744
  0
LINE
  8
0
 10
-9.48761
 20
82.7744
 11
-9.34113
 21
82.6128
  0
LINE
  8
0
 10
-9.34113
 20
82.6128
 11
-9.21066
 21
82.4365
  0
LINE
  8
0
 10
-9.21066
 20
82.4365
 11
-9.09851
 21
82.2493
  0
LINE
  8
0
 10
-9.09851
 20
82.2493
 11
-9.00513
 21
82.0515
  0
LINE
  8
0
 10
-9.00513
 20
82.0515
 11
-8.93097
 21
81.846
  0
LINE
  8
0
 10
-8.93097
 20
81.846
 11
-8.87787
 21
81.6336
  0
LINE
  8
0
 10
-8.87787
 20
81.6336
 11
-8.84583
 21
81.4175
  0
LINE
  8
0
 10
-8.84583
 20
81.4175
 11
-8.83575
 21
81.1992
  0
LINE
  8
0
 10
-8.83575
 20
81.1992
 11
-8.84628
 21
80.9808
  0
LINE
  8
0
 10
-8.84628
 20
80.9808
 11
-8.87833
 21
80.7643
  0
LINE
  8
0
 10
-8.87833
 20
80.7643
 11
-8.93097
 21
80.5528
  0
LINE
  8
0
 10
-8.93097
 20
80.5528
 11
-9.00513
 21
80.3468
  0
LINE
  8
0
 10
-9.00513
 20
80.3468
 11
-9.09851
 21
80.1491
  0
LINE
  8
0
 10
-9.09851
 20
80.1491
 11
-9.21112
 21
79.9614
  0
LINE
  8
0
 10
-9.21112
 20
79.9614
 11
-9.34113
 21
79.7861
  0
LINE
  8
0
 10
-9.34113
 20
79.7861
 11
-9.48807
 21
79.624
  0
LINE
  8
0
 10
-9.48807
 20
79.624
 11
-9.64966
 21
79.4775
  0
LINE
  8
0
 10
-9.64966
 20
79.4775
 11
-9.82498
 21
79.3475
  0
LINE
  8
0
 10
-9.82498
 20
79.3475
 11
-10.0127
 21
79.2349
  0
LINE
  8
0
 10
-10.0127
 20
79.2349
 11
-10.2109
 21
79.1415
  0
LINE
  8
0
 10
-10.2109
 20
79.1415
 11
-10.4164
 21
79.0678
  0
LINE
  8
0
 10
-10.4164
 20
79.0678
 11
-10.6288
 21
79.0143
  0
LINE
  8
0
 10
-10.6288
 20
79.0143
 11
-10.8449
 21
78.9822
  0
LINE
  8
0
 10
-10.8449
 20
78.9822
 11
-11.0628
 21
78.9722
  0
LINE
  8
0
 10
-11.0628
 20
78.9722
 11
-11.2816
 21
78.9827
  0
LINE
  8
0
 10
18.7184
 20
78.9827
 11
18.5019
 21
79.0147
  0
LINE
  8
0
 10
18.5019
 20
79.0147
 11
18.2904
 21
79.0678
  0
LINE
  8
0
 10
18.2904
 20
79.0678
 11
18.0849
 21
79.1415
  0
LINE
  8
0
 10
18.0849
 20
79.1415
 11
17.8871
 21
79.2349
  0
LINE
  8
0
 10
17.8871
 20
79.2349
 11
17.6994
 21
79.3475
  0
LINE
  8
0
 10
17.6994
 20
79.3475
 11
17.5241
 21
79.4775
  0
LINE
  8
0
 10
17.5241
 20
79.4775
 11
17.3616
 21
79.6245
  0
LINE
  8
0
 10
17.3616
 20
79.6245
 11
17.2151
 21
79.7861
  0
LINE
  8
0
 10
17.2151
 20
79.7861
 11
17.0847
 21
79.9619
  0
LINE
  8
0
 10
17.0847
 20
79.9619
 11
16.973
 21
80.1491
  0
LINE
  8
0
 10
16.973
 20
80.1491
 11
16.8791
 21
80.3473
  0
LINE
  8
0
 10
16.8791
 20
80.3473
 11
16.8054
 21
80.5528
  0
LINE
  8
0
 10
16.8054
 20
80.5528
 11
16.7523
 21
80.7652
  0
LINE
  8
0
 10
16.7523
 20
80.7652
 11
16.7203
 21
80.9813
  0
LINE
  8
0
 10
16.7203
 20
80.9813
 11
16.7097
 21
81.1992
  0
LINE
  8
0
 10
16.7097
 20
81.1992
 11
16.7207
 21
81.418
  0
LINE
  8
0
 10
16.7207
 20
81.418
 11
16.7523
 21
81.6345
  0
LINE
  8
0
 10
16.7523
 20
81.6345
 11
16.8054
 21
81.846
  0
LINE
  8
0
 10
16.8054
 20
81.846
 11
16.8791
 21
82.0515
  0
LINE
  8
0
 10
16.8791
 20
82.0515
 11
16.973
 21
82.2493
  0
LINE
  8
0
 10
16.973
 20
82.2493
 11
17.0847
 21
82.4365
  0
LINE
  8
0
 10
17.0847
 20
82.4365
 11
17.2151
 21
82.6128
  0
LINE
  8
0
 10
17.2151
 20
82.6128
 11
17.3616
 21
82.7744
  0
LINE
  8
0
 10
17.3616
 20
82.7744
 11
17.5241
 21
82.9213
  0
LINE
  8
0
 10
17.5241
 20
82.9213
 11
17.6994
 21
83.0513
  0
LINE
  8
0
 10
17.6994
 20
83.0513
 11
17.8871
 21
83.1639
  0
LINE
  8
0
 10
17.8871
 20
83.1639
 11
18.0849
 21
83.2573
  0
LINE
  8
0
 10
18.0849
 20
83.2573
 11
18.2904
 21
83.331
  0
LINE
  8
0
 10
18.2904
 20
83.331
 11
18.5028
 21
83.3841
  0
LINE
  8
0
 10
18.5028
 20
83.3841
 11
18.7189
 21
83.4166
  0
LINE
  8
0
 10
18.7189
 20
83.4166
 11
18.9372
 21
83.4267
  0
LINE
  8
0
 10
18.9372
 20
83.4267
 11
19.1556
 21
83.4161
  0
LINE
  8
0
 10
19.1556
 20
83.4161
 11
19.3721
 21
83.3841
  0
LINE
  8
0
 10
19.3721
 20
83.3841
 11
19.5836
 21
83.331
  0
LINE
  8
0
 10
19.5836
 20
83.331
 11
19.7891
 21
83.2573
  0
LINE
  8
0
 10
19.7891
 20
83.2573
 11
19.9873
 21
83.1639
  0
LINE
  8
0
 10
19.9873
 20
83.1639
 11
20.175
 21
83.0513
  0
LINE
  8
0
 10
20.175
 20
83.0513
 11
20.3503
 21
82.9213
  0
LINE
  8
0
 10
20.3503
 20
82.9213
 11
20.5124
 21
82.7744
  0
LINE
  8
0
 10
20.5124
 20
82.7744
 11
20.6589
 21
82.6128
  0
LINE
  8
0
 10
20.6589
 20
82.6128
 11
20.7893
 21
82.4365
  0
LINE
  8
0
 10
20.7893
 20
82.4365
 11
20.9015
 21
82.2493
  0
LINE
  8
0
 10
20.9015
 20
82.2493
 11
20.9949
 21
82.0515
  0
LINE
  8
0
 10
20.9949
 20
82.0515
 11
21.069
 21
81.846
  0
LINE
  8
0
 10
21.069
 20
81.846
 11
21.1221
 21
81.6336
  0
LINE
  8
0
 10
21.1221
 20
81.6336
 11
21.1542
 21
81.4175
  0
LINE
  8
0
 10
21.1542
 20
81.4175
 11
21.1642
 21
81.1992
  0
LINE
  8
0
 10
21.1642
 20
81.1992
 11
21.1537
 21
80.9808
  0
LINE
  8
0
 10
21.1537
 20
80.9808
 11
21.1217
 21
80.7643
  0
LINE
  8
0
 10
21.1217
 20
80.7643
 11
21.069
 21
80.5528
  0
LINE
  8
0
 10
21.069
 20
80.5528
 11
20.9949
 21
80.3468
  0
LINE
  8
0
 10
20.9949
 20
80.3468
 11
20.9015
 21
80.1491
  0
LINE
  8
0
 10
20.9015
 20
80.1491
 11
20.7889
 21
79.9614
  0
LINE
  8
0
 10
20.7889
 20
79.9614
 11
20.6589
 21
79.7861
  0
LINE
  8
0
 10
20.6589
 20
79.7861
 11
20.5119
 21
79.624
  0
LINE
  8
0
 10
20.5119
 20
79.624
 11
20.3503
 21
79.4775
  0
LINE
  8
0
 10
20.3503
 20
79.4775
 11
20.175
 21
79.3475
  0
LINE
  8
0
 10
20.175
 20
79.3475
 11
19.9873
 21
79.2349
  0
LINE
  8
0
 10
19.9873
 20
79.2349
 11
19.7891
 21
79.1415
  0
LINE
  8
0
 10
19.7891
 20
79.1415
 11
19.5836
 21
79.0678
  0
LINE
  8
0
 10
19.5836
 20
79.0678
 11
19.3712
 21
79.0143
  0
LINE
  8
0
 10
19.3712
 20
79.0143
 11
19.1551
 21
78.9822
  0
LINE
  8
0
 10
19.1551
 20
78.9822
 11
18.9372
 21
78.9722
  0
LINE
  8
0
 10
18.9372
 20
78.9722
 11
18.7184
 21
78.9827
  0
LINE
  8
0
 10
10.9808
 20
78.8463
 11
10.7643
 21
78.8783
  0
LINE
  8
0
 10
10.7643
 20
78.8783
 11
10.5528
 21
78.931
  0
LINE
  8
0
 10
10.5528
 20
78.931
 11
10.3473
 21
79.0051
  0
LINE
  8
0
 10
10.3473
 20
79.0051
 11
10.1491
 21
79.0985
  0
LINE
  8
0
 10
10.1491
 20
79.0985
 11
9.9614
 21
79.2111
  0
LINE
  8
0
 10
9.9614
 20
79.2111
 11
9.78607
 21
79.3411
  0
LINE
  8
0
 10
9.78607
 20
79.3411
 11
9.62402
 21
79.4881
  0
LINE
  8
0
 10
9.62402
 20
79.4881
 11
9.47754
 21
79.6497
  0
LINE
  8
0
 10
9.47754
 20
79.6497
 11
9.34708
 21
79.8254
  0
LINE
  8
0
 10
9.34708
 20
79.8254
 11
9.23492
 21
80.0127
  0
LINE
  8
0
 10
9.23492
 20
80.0127
 11
9.14154
 21
80.2109
  0
LINE
  8
0
 10
9.14154
 20
80.2109
 11
9.06784
 21
80.4164
  0
LINE
  8
0
 10
9.06784
 20
80.4164
 11
9.01428
 21
80.6288
  0
LINE
  8
0
 10
9.01428
 20
80.6288
 11
8.98224
 21
80.8449
  0
LINE
  8
0
 10
8.98224
 20
80.8449
 11
8.97217
 21
81.0628
  0
LINE
  8
0
 10
8.97217
 20
81.0628
 11
8.9827
 21
81.2816
  0
LINE
  8
0
 10
8.9827
 20
81.2816
 11
9.01474
 21
81.4981
  0
LINE
  8
0
 10
9.01474
 20
81.4981
 11
9.06784
 21
81.7096
  0
LINE
  8
0
 10
9.06784
 20
81.7096
 11
9.14154
 21
81.9151
  0
LINE
  8
0
 10
9.14154
 20
81.9151
 11
9.23492
 21
82.1129
  0
LINE
  8
0
 10
9.23492
 20
82.1129
 11
9.34708
 21
82.3001
  0
LINE
  8
0
 10
9.34708
 20
82.3001
 11
9.47754
 21
82.4759
  0
LINE
  8
0
 10
9.47754
 20
82.4759
 11
9.62402
 21
82.6379
  0
LINE
  8
0
 10
9.62402
 20
82.6379
 11
9.78607
 21
82.7849
  0
LINE
  8
0
 10
9.78607
 20
82.7849
 11
9.9614
 21
82.9149
  0
LINE
  8
0
 10
9.9614
 20
82.9149
 11
10.1491
 21
83.027
  0
LINE
  8
0
 10
10.1491
 20
83.027
 11
10.3473
 21
83.1209
  0
LINE
  8
0
 10
10.3473
 20
83.1209
 11
10.5528
 21
83.1946
  0
LINE
  8
0
 10
10.5528
 20
83.1946
 11
10.7652
 21
83.2477
  0
LINE
  8
0
 10
10.7652
 20
83.2477
 11
10.9813
 21
83.2797
  0
LINE
  8
0
 10
10.9813
 20
83.2797
 11
11.1992
 21
83.2903
  0
LINE
  8
0
 10
11.1992
 20
83.2903
 11
11.418
 21
83.2793
  0
LINE
  8
0
 10
11.418
 20
83.2793
 11
11.6345
 21
83.2477
  0
LINE
  8
0
 10
11.6345
 20
83.2477
 11
11.846
 21
83.1946
  0
LINE
  8
0
 10
11.846
 20
83.1946
 11
12.0515
 21
83.1209
  0
LINE
  8
0
 10
12.0515
 20
83.1209
 11
12.2493
 21
83.027
  0
LINE
  8
0
 10
12.2493
 20
83.027
 11
12.437
 21
82.9149
  0
LINE
  8
0
 10
12.437
 20
82.9149
 11
12.6128
 21
82.7849
  0
LINE
  8
0
 10
12.6128
 20
82.7849
 11
12.7748
 21
82.6379
  0
LINE
  8
0
 10
12.7748
 20
82.6379
 11
12.9213
 21
82.4759
  0
LINE
  8
0
 10
12.9213
 20
82.4759
 11
13.0518
 21
82.3001
  0
LINE
  8
0
 10
13.0518
 20
82.3001
 11
13.1639
 21
82.1129
  0
LINE
  8
0
 10
13.1639
 20
82.1129
 11
13.2573
 21
81.9151
  0
LINE
  8
0
 10
13.2573
 20
81.9151
 11
13.331
 21
81.7096
  0
LINE
  8
0
 10
13.331
 20
81.7096
 11
13.3841
 21
81.4972
  0
LINE
  8
0
 10
13.3841
 20
81.4972
 11
13.4166
 21
81.2811
  0
LINE
  8
0
 10
13.4166
 20
81.2811
 11
13.4267
 21
81.0628
  0
LINE
  8
0
 10
13.4267
 20
81.0628
 11
13.4161
 21
80.8444
  0
LINE
  8
0
 10
13.4161
 20
80.8444
 11
13.3836
 21
80.6279
  0
LINE
  8
0
 10
13.3836
 20
80.6279
 11
13.331
 21
80.4164
  0
LINE
  8
0
 10
13.331
 20
80.4164
 11
13.2573
 21
80.2104
  0
LINE
  8
0
 10
13.2573
 20
80.2104
 11
13.1639
 21
80.0127
  0
LINE
  8
0
 10
13.1639
 20
80.0127
 11
13.0513
 21
79.825
  0
LINE
  8
0
 10
13.0513
 20
79.825
 11
12.9213
 21
79.6497
  0
LINE
  8
0
 10
12.9213
 20
79.6497
 11
12.7744
 21
79.4876
  0
LINE
  8
0
 10
12.7744
 20
79.4876
 11
12.6128
 21
79.3411
  0
LINE
  8
0
 10
12.6128
 20
79.3411
 11
12.437
 21
79.2111
  0
LINE
  8
0
 10
12.437
 20
79.2111
 11
12.2493
 21
79.0985
  0
LINE
  8
0
 10
12.2493
 20
79.0985
 11
12.0515
 21
79.0051
  0
LINE
  8
0
 10
12.0515
 20
79.0051
 11
11.846
 21
78.931
  0
LINE
  8
0
 10
11.846
 20
78.931
 11
11.6336
 21
78.8779
  0
LINE
  8
0
 10
11.6336
 20
78.8779
 11
11.4175
 21
78.8458
  0
LINE
  8
0
 10
11.4175
 20
78.8458
 11
11.1992
 21
78.8358
  0
LINE
  8
0
 10
11.1992
 20
78.8358
 11
10.9808
 21
78.8463
  0
LINE
  8
0
 10
-19.0192
 20
78.8463
 11
-19.2357
 21
78.8783
  0
LINE
  8
0
 10
-19.2357
 20
78.8783
 11
-19.4472
 21
78.931
  0
LINE
  8
0
 10
-19.4472
 20
78.931
 11
-19.6527
 21
79.0051
  0
LINE
  8
0
 10
-19.6527
 20
79.0051
 11
-19.8509
 21
79.0985
  0
LINE
  8
0
 10
-19.8509
 20
79.0985
 11
-20.0386
 21
79.2111
  0
LINE
  8
0
 10
-20.0386
 20
79.2111
 11
-20.2139
 21
79.3411
  0
LINE
  8
0
 10
-20.2139
 20
79.3411
 11
-20.376
 21
79.4881
  0
LINE
  8
0
 10
-20.376
 20
79.4881
 11
-20.5225
 21
79.6497
  0
LINE
  8
0
 10
-20.5225
 20
79.6497
 11
-20.6529
 21
79.8254
  0
LINE
  8
0
 10
-20.6529
 20
79.8254
 11
-20.7651
 21
80.0127
  0
LINE
  8
0
 10
-20.7651
 20
80.0127
 11
-20.8585
 21
80.2109
  0
LINE
  8
0
 10
-20.8585
 20
80.2109
 11
-20.9322
 21
80.4164
  0
LINE
  8
0
 10
-20.9322
 20
80.4164
 11
-20.9857
 21
80.6288
  0
LINE
  8
0
 10
-20.9857
 20
80.6288
 11
-21.0178
 21
80.8449
  0
LINE
  8
0
 10
-21.0178
 20
80.8449
 11
-21.0278
 21
81.0628
  0
LINE
  8
0
 10
-21.0278
 20
81.0628
 11
-21.0173
 21
81.2816
  0
LINE
  8
0
 10
-21.0173
 20
81.2816
 11
-20.9853
 21
81.4981
  0
LINE
  8
0
 10
-20.9853
 20
81.4981
 11
-20.9322
 21
81.7096
  0
LINE
  8
0
 10
-20.9322
 20
81.7096
 11
-20.8585
 21
81.9151
  0
LINE
  8
0
 10
-20.8585
 20
81.9151
 11
-20.7651
 21
82.1129
  0
LINE
  8
0
 10
-20.7651
 20
82.1129
 11
-20.6529
 21
82.3001
  0
LINE
  8
0
 10
-20.6529
 20
82.3001
 11
-20.5225
 21
82.4759
  0
LINE
  8
0
 10
-20.5225
 20
82.4759
 11
-20.376
 21
82.6379
  0
LINE
  8
0
 10
-20.376
 20
82.6379
 11
-20.2139
 21
82.7849
  0
LINE
  8
0
 10
-20.2139
 20
82.7849
 11
-20.0386
 21
82.9149
  0
LINE
  8
0
 10
-20.0386
 20
82.9149
 11
-19.8509
 21
83.027
  0
LINE
  8
0
 10
-19.8509
 20
83.027
 11
-19.6527
 21
83.1209
  0
LINE
  8
0
 10
-19.6527
 20
83.1209
 11
-19.4472
 21
83.1946
  0
LINE
  8
0
 10
-19.4472
 20
83.1946
 11
-19.2348
 21
83.2477
  0
LINE
  8
0
 10
-19.2348
 20
83.2477
 11
-19.0187
 21
83.2797
  0
LINE
  8
0
 10
-19.0187
 20
83.2797
 11
-18.8008
 21
83.2903
  0
LINE
  8
0
 10
-18.8008
 20
83.2903
 11
-18.582
 21
83.2793
  0
LINE
  8
0
 10
-18.582
 20
83.2793
 11
-18.3655
 21
83.2477
  0
LINE
  8
0
 10
-18.3655
 20
83.2477
 11
-18.154
 21
83.1946
  0
LINE
  8
0
 10
-18.154
 20
83.1946
 11
-17.9485
 21
83.1209
  0
LINE
  8
0
 10
-17.9485
 20
83.1209
 11
-17.7507
 21
83.027
  0
LINE
  8
0
 10
-17.7507
 20
83.027
 11
-17.563
 21
82.9149
  0
LINE
  8
0
 10
-17.563
 20
82.9149
 11
-17.3872
 21
82.7849
  0
LINE
  8
0
 10
-17.3872
 20
82.7849
 11
-17.2252
 21
82.6379
  0
LINE
  8
0
 10
-17.2252
 20
82.6379
 11
-17.0787
 21
82.4759
  0
LINE
  8
0
 10
-17.0787
 20
82.4759
 11
-16.9482
 21
82.3001
  0
LINE
  8
0
 10
-16.9482
 20
82.3001
 11
-16.8361
 21
82.1129
  0
LINE
  8
0
 10
-16.8361
 20
82.1129
 11
-16.7427
 21
81.9151
  0
LINE
  8
0
 10
-16.7427
 20
81.9151
 11
-16.669
 21
81.7096
  0
LINE
  8
0
 10
-16.669
 20
81.7096
 11
-16.6159
 21
81.4972
  0
LINE
  8
0
 10
-16.6159
 20
81.4972
 11
-16.5834
 21
81.2811
  0
LINE
  8
0
 10
-16.5834
 20
81.2811
 11
-16.5733
 21
81.0628
  0
LINE
  8
0
 10
-16.5733
 20
81.0628
 11
-16.5839
 21
80.8444
  0
LINE
  8
0
 10
-16.5839
 20
80.8444
 11
-16.6164
 21
80.6279
  0
LINE
  8
0
 10
-16.6164
 20
80.6279
 11
-16.669
 21
80.4164
  0
LINE
  8
0
 10
-16.669
 20
80.4164
 11
-16.7427
 21
80.2104
  0
LINE
  8
0
 10
-16.7427
 20
80.2104
 11
-16.8361
 21
80.0127
  0
LINE
  8
0
 10
-16.8361
 20
80.0127
 11
-16.9487
 21
79.825
  0
LINE
  8
0
 10
-16.9487
 20
79.825
 11
-17.0787
 21
79.6497
  0
LINE
  8
0
 10
-17.0787
 20
79.6497
 11
-17.2256
 21
79.4876
  0
LINE
  8
0
 10
-17.2256
 20
79.4876
 11
-17.3872
 21
79.3411
  0
LINE
  8
0
 10
-17.3872
 20
79.3411
 11
-17.563
 21
79.2111
  0
LINE
  8
0
 10
-17.563
 20
79.2111
 11
-17.7507
 21
79.0985
  0
LINE
  8
0
 10
-17.7507
 20
79.0985
 11
-17.9485
 21
79.0051
  0
LINE
  8
0
 10
-17.9485
 20
79.0051
 11
-18.154
 21
78.931
  0
LINE
  8
0
 10
-18.154
 20
78.931
 11
-18.3664
 21
78.8779
  0
LINE
  8
0
 10
-18.3664
 20
78.8779
 11
-18.5825
 21
78.8458
  0
LINE
  8
0
 10
-18.5825
 20
78.8458
 11
-18.8008
 21
78.8358
  0
LINE
  8
0
 10
-18.8008
 20
78.8358
 11
-19.0192
 21
78.8463
  0
LINE
  8
0
 10
-14.9968
 20
77.4968
 11
-7.45743
 21
77.4968
  0
LINE
  8
0
 10
-7.45743
 20
77.4968
 11
-8.405
 21
77.1233
  0
LINE
  8
0
 10
-8.405
 20
77.1233
 11
-9.30725
 21
76.6989
  0
LINE
  8
0
 10
-9.30725
 20
76.6989
 11
-10.1495
 21
76.2306
  0
LINE
  8
0
 10
-10.1495
 20
76.2306
 11
-10.9314
 21
75.7166
  0
LINE
  8
0
 10
-10.9314
 20
75.7166
 11
-11.6519
 21
75.1585
  0
LINE
  8
0
 10
-11.6519
 20
75.1585
 11
-12.312
 21
74.5561
  0
LINE
  8
0
 10
-12.312
 20
74.5561
 11
-12.9121
 21
73.9084
  0
LINE
  8
0
 10
-12.9121
 20
73.9084
 11
-13.4509
 21
73.2162
  0
LINE
  8
0
 10
-13.4509
 20
73.2162
 11
-13.9302
 21
72.4797
  0
LINE
  8
0
 10
-13.9302
 20
72.4797
 11
-14.3481
 21
71.6978
  0
LINE
  8
0
 10
-14.3481
 20
71.6978
 11
-14.7057
 21
70.8716
  0
LINE
  8
0
 10
-14.7057
 20
70.8716
 11
-14.9968
 21
70.0179
  0
LINE
  8
0
 10
-14.9968
 20
70.0179
 11
-14.9968
 21
77.4968
  0
LINE
  8
0
 10
-29.9968
 20
62.5032
 11
-29.9968
 21
65.4434
  0
LINE
  8
0
 10
-29.9968
 20
65.4434
 11
-37.4968
 21
65.4434
  0
LINE
  8
0
 10
-37.4968
 20
65.4434
 11
-37.4968
 21
69.9968
  0
LINE
  8
0
 10
-37.4968
 20
69.9968
 11
-34.5566
 21
69.9968
  0
LINE
  8
0
 10
-34.5566
 20
69.9968
 11
-34.5566
 21
77.4968
  0
LINE
  8
0
 10
-34.5566
 20
77.4968
 11
-30.0032
 21
77.4968
  0
LINE
  8
0
 10
-30.0032
 20
77.4968
 11
-30.0032
 21
74.5566
  0
LINE
  8
0
 10
-30.0032
 20
74.5566
 11
-22.5032
 21
74.5566
  0
LINE
  8
0
 10
-22.5032
 20
74.5566
 11
-22.5032
 21
70.0032
  0
LINE
  8
0
 10
-22.5032
 20
70.0032
 11
-25.4434
 21
70.0032
  0
LINE
  8
0
 10
-25.4434
 20
70.0032
 11
-25.4434
 21
62.5032
  0
LINE
  8
0
 10
-25.4434
 20
62.5032
 11
-29.9968
 21
62.5032
  0
LINE
  8
0
 10
30.0032
 20
62.5032
 11
30.0032
 21
65.4434
  0
LINE
  8
0
 10
30.0032
 20
65.4434
 11
22.5032
 21
65.4434
  0
LINE
  8
0
 10
22.5032
 20
65.4434
 11
22.5032
 21
69.9968
  0
LINE
  8
0
 10
22.5032
 20
69.9968
 11
25.4434
 21
69.9968
  0
LINE
  8
0
 10
25.4434
 20
69.9968
 11
25.4434
 21
77.4968
  0
LINE
  8
0
 10
25.4434
 20
77.4968
 11
29.9968
 21
77.4968
  0
LINE
  8
0
 10
29.9968
 20
77.4968
 11
29.9968
 21
74.5566
  0
LINE
  8
0
 10
29.9968
 20
74.5566
 11
37.4968
 21
74.5566
  0
LINE
  8
0
 10
37.4968
 20
74.5566
 11
37.4968
 21
70.0032
  0
LINE
  8
0
 10
37.4968
 20
70.0032
 11
34.5566
 21
70.0032
  0
LINE
  8
0
 10
34.5566
 20
70.0032
 11
34.5566
 21
62.5032
  0
LINE
  8
0
 10
34.5566
 20
62.5032
 11
30.0032
 21
62.5032
  0
LINE
  8
0
 10
0.00320435
 20
62.5032
 11
0.00320435
 21
65.4434
  0
LINE
  8
0
 10
0.00320435
 20
65.4434
 11
-7.4968
 21
65.4434
  0
LINE
  8
0
 10
-7.4968
 20
65.4434
 11
-7.4968
 21
69.9968
  0
LINE
  8
0
 10
-7.4968
 20
69.9968
 11
-4.55658
 21
69.9968
  0
LINE
  8
0
 10
-4.55658
 20
69.9968
 11
-4.55658
 21
77.4968
  0
LINE
  8
0
 10
-4.55658
 20
77.4968
 11
-0.00320435
 21
77.4968
  0
LINE
  8
0
 10
-0.00320435
 20
77.4968
 11
-0.00320435
 21
74.5566
  0
LINE
  8
0
 10
-0.00320435
 20
74.5566
 11
7.4968
 21
74.5566
  0
LINE
  8
0
 10
7.4968
 20
74.5566
 11
7.4968
 21
70.0032
  0
LINE
  8
0
 10
7.4968
 20
70.0032
 11
4.55658
 21
70.0032
  0
LINE
  8
0
 10
4.55658
 20
70.0032
 11
4.55658
 21
62.5032
  0
LINE
  8
0
 10
4.55658
 20
62.5032
 11
0.00320435
 21
62.5032
  0
LINE
  8
0
 10
15.0032
 20
77.4968
 11
22.5426
 21
77.4968
  0
LINE
  8
0
 10
22.5426
 20
77.4968
 11
21.595
 21
77.1233
  0
LINE
  8
0
 10
21.595
 20
77.1233
 11
20.6927
 21
76.6989
  0
LINE
  8
0
 10
20.6927
 20
76.6989
 11
19.8505
 21
76.2306
  0
LINE
  8
0
 10
19.8505
 20
76.2306
 11
19.0686
 21
75.7166
  0
LINE
  8
0
 10
19.0686
 20
75.7166
 11
18.3481
 21
75.1585
  0
LINE
  8
0
 10
18.3481
 20
75.1585
 11
17.688
 21
74.5561
  0
LINE
  8
0
 10
17.688
 20
74.5561
 11
17.0879
 21
73.9084
  0
LINE
  8
0
 10
17.0879
 20
73.9084
 11
16.5491
 21
73.2162
  0
LINE
  8
0
 10
16.5491
 20
73.2162
 11
16.0698
 21
72.4797
  0
LINE
  8
0
 10
16.0698
 20
72.4797
 11
15.6519
 21
71.6978
  0
LINE
  8
0
 10
15.6519
 20
71.6978
 11
15.2943
 21
70.8716
  0
LINE
  8
0
 10
15.2943
 20
70.8716
 11
15.0032
 21
70.0179
  0
LINE
  8
0
 10
15.0032
 20
70.0179
 11
15.0032
 21
77.4968
  0
LINE
  8
0
 10
7.45743
 20
62.5032
 11
8.405
 21
62.8767
  0
LINE
  8
0
 10
8.405
 20
62.8767
 11
9.30725
 21
63.3011
  0
LINE
  8
0
 10
9.30725
 20
63.3011
 11
10.1495
 21
63.7694
  0
LINE
  8
0
 10
10.1495
 20
63.7694
 11
10.9314
 21
64.2834
  0
LINE
  8
0
 10
10.9314
 20
64.2834
 11
11.6519
 21
64.8415
  0
LINE
  8
0
 10
11.6519
 20
64.8415
 11
12.312
 21
65.4439
  0
LINE
  8
0
 10
12.312
 20
65.4439
 11
12.9121
 21
66.0916
  0
LINE
  8
0
 10
12.9121
 20
66.0916
 11
13.4509
 21
66.7838
  0
LINE
  8
0
 10
13.4509
 20
66.7838
 11
13.9302
 21
67.5203
  0
LINE
  8
0
 10
13.9302
 20
67.5203
 11
14.3481
 21
68.3022
  0
LINE
  8
0
 10
14.3481
 20
68.3022
 11
14.7057
 21
69.1284
  0
LINE
  8
0
 10
14.7057
 20
69.1284
 11
14.9968
 21
69.9821
  0
LINE
  8
0
 10
14.9968
 20
69.9821
 11
14.9968
 21
62.5032
  0
LINE
  8
0
 10
14.9968
 20
62.5032
 11
7.45743
 21
62.5032
  0
LINE
  8
0
 10
-22.5426
 20
62.5032
 11
-21.595
 21
62.8767
  0
LINE
  8
0
 10
-21.595
 20
62.8767
 11
-20.6927
 21
63.3011
  0
LINE
  8
0
 10
-20.6927
 20
63.3011
 11
-19.8505
 21
63.7694
  0
LINE
  8
0
 10
-19.8505
 20
63.7694
 11
-19.0686
 21
64.2834
  0
LINE
  8
0
 10
-19.0686
 20
64.2834
 11
-18.3481
 21
64.8415
  0
LINE
  8
0
 10
-18.3481
 20
64.8415
 11
-17.688
 21
65.4439
  0
LINE
  8
0
 10
-17.688
 20
65.4439
 11
-17.0879
 21
66.0916
  0
LINE
  8
0
 10
-17.0879
 20
66.0916
 11
-16.5491
 21
66.7838
  0
LINE
  8
0
 10
-16.5491
 20
66.7838
 11
-16.0698
 21
67.5203
  0
LINE
  8
0
 10
-16.0698
 20
67.5203
 11
-15.6519
 21
68.3022
  0
LINE
  8
0
 10
-15.6519
 20
68.3022
 11
-15.2943
 21
69.1284
  0
LINE
  8
0
 10
-15.2943
 20
69.1284
 11
-15.0032
 21
69.9821
  0
LINE
  8
0
 10
-15.0032
 20
69.9821
 11
-15.0032
 21
62.5032
  0
LINE
  8
0
 10
-15.0032
 20
62.5032
 11
-22.5426
 21
62.5032
  0
LINE
  8
0
 10
37.4574
 20
62.5032
 11
38.405
 21
62.8767
  0
LINE
  8
0
 10
38.405
 20
62.8767
 11
39.3073
 21
63.3011
  0
LINE
  8
0
 10
39.3073
 20
63.3011
 11
40.1495
 21
63.7694
  0
LINE
  8
0
 10
40.1495
 20
63.7694
 11
40.9314
 21
64.2834
  0
LINE
  8
0
 10
40.9314
 20
64.2834
 11
41.3821
 21
64.6325
  0
LINE
  8
0
 10
41.3821
 20
64.6325
 11
42.0739
 21
62.5032
  0
LINE
  8
0
 10
42.0739
 20
62.5032
 11
37.4574
 21
62.5032
  0
LINE
  8
0
 10
-7.4968
 20
55.0032
 11
-7.4968
 21
62.5426
  0
LINE
  8
0
 10
-7.4968
 20
62.5426
 11
-7.12326
 21
61.595
  0
LINE
  8
0
 10
-7.12326
 20
61.595
 11
-6.69891
 21
60.6927
  0
LINE
  8
0
 10
-6.69891
 20
60.6927
 11
-6.23062
 21
59.8505
  0
LINE
  8
0
 10
-6.23062
 20
59.8505
 11
-5.71655
 21
59.0686
  0
LINE
  8
0
 10
-5.71655
 20
59.0686
 11
-5.15854
 21
58.3481
  0
LINE
  8
0
 10
-5.15854
 20
58.3481
 11
-4.55612
 21
57.688
  0
LINE
  8
0
 10
-4.55612
 20
57.688
 11
-3.90839
 21
57.0879
  0
LINE
  8
0
 10
-3.90839
 20
57.0879
 11
-3.21625
 21
56.5491
  0
LINE
  8
0
 10
-3.21625
 20
56.5491
 11
-2.47971
 21
56.0698
  0
LINE
  8
0
 10
-2.47971
 20
56.0698
 11
-1.69785
 21
55.6519
  0
LINE
  8
0
 10
-1.69785
 20
55.6519
 11
-0.871582
 21
55.2943
  0
LINE
  8
0
 10
-0.871582
 20
55.2943
 11
-0.0178528
 21
55.0032
  0
LINE
  8
0
 10
-0.0178528
 20
55.0032
 11
-7.4968
 21
55.0032
  0
LINE
  8
0
 10
-37.4968
 20
55.0032
 11
-37.4968
 21
62.5426
  0
LINE
  8
0
 10
-37.4968
 20
62.5426
 11
-37.1233
 21
61.595
  0
LINE
  8
0
 10
-37.1233
 20
61.595
 11
-36.6989
 21
60.6927
  0
LINE
  8
0
 10
-36.6989
 20
60.6927
 11
-36.2306
 21
59.8505
  0
LINE
  8
0
 10
-36.2306
 20
59.8505
 11
-35.7166
 21
59.0686
  0
LINE
  8
0
 10
-35.7166
 20
59.0686
 11
-35.1585
 21
58.3481
  0
LINE
  8
0
 10
-35.1585
 20
58.3481
 11
-34.5561
 21
57.688
  0
LINE
  8
0
 10
-34.5561
 20
57.688
 11
-33.9084
 21
57.0879
  0
LINE
  8
0
 10
-33.9084
 20
57.0879
 11
-33.2162
 21
56.5491
  0
LINE
  8
0
 10
-33.2162
 20
56.5491
 11
-32.4797
 21
56.0698
  0
LINE
  8
0
 10
-32.4797
 20
56.0698
 11
-31.6978
 21
55.6519
  0
LINE
  8
0
 10
-31.6978
 20
55.6519
 11
-30.8716
 21
55.2943
  0
LINE
  8
0
 10
-30.8716
 20
55.2943
 11
-30.0179
 21
55.0032
  0
LINE
  8
0
 10
-30.0179
 20
55.0032
 11
-37.4968
 21
55.0032
  0
LINE
  8
0
 10
22.5032
 20
55.0032
 11
22.5032
 21
62.5426
  0
LINE
  8
0
 10
22.5032
 20
62.5426
 11
22.8767
 21
61.595
  0
LINE
  8
0
 10
22.8767
 20
61.595
 11
23.3011
 21
60.6927
  0
LINE
  8
0
 10
23.3011
 20
60.6927
 11
23.7694
 21
59.8505
  0
LINE
  8
0
 10
23.7694
 20
59.8505
 11
24.2834
 21
59.0686
  0
LINE
  8
0
 10
24.2834
 20
59.0686
 11
24.8415
 21
58.3481
  0
LINE
  8
0
 10
24.8415
 20
58.3481
 11
25.4439
 21
57.688
  0
LINE
  8
0
 10
25.4439
 20
57.688
 11
26.0916
 21
57.0879
  0
LINE
  8
0
 10
26.0916
 20
57.0879
 11
26.7838
 21
56.5491
  0
LINE
  8
0
 10
26.7838
 20
56.5491
 11
27.5203
 21
56.0698
  0
LINE
  8
0
 10
27.5203
 20
56.0698
 11
28.3022
 21
55.6519
  0
LINE
  8
0
 10
28.3022
 20
55.6519
 11
29.1284
 21
55.2943
  0
LINE
  8
0
 10
29.1284
 20
55.2943
 11
29.9821
 21
55.0032
  0
LINE
  8
0
 10
29.9821
 20
55.0032
 11
22.5032
 21
55.0032
  0
LINE
  8
0
 10
18.582
 20
56.7207
 11
18.3655
 21
56.7523
  0
LINE
  8
0
 10
18.3655
 20
56.7523
 11
18.154
 21
56.8054
  0
LINE
  8
0
 10
18.154
 20
56.8054
 11
17.9485
 21
56.8791
  0
LINE
  8
0
 10
17.9485
 20
56.8791
 11
17.7507
 21
56.973
  0
LINE
  8
0
 10
17.7507
 20
56.973
 11
17.563
 21
57.0851
  0
LINE
  8
0
 10
17.563
 20
57.0851
 11
17.3872
 21
57.2151
  0
LINE
  8
0
 10
17.3872
 20
57.2151
 11
17.2252
 21
57.3621
  0
LINE
  8
0
 10
17.2252
 20
57.3621
 11
17.0787
 21
57.5241
  0
LINE
  8
0
 10
17.0787
 20
57.5241
 11
16.9482
 21
57.6999
  0
LINE
  8
0
 10
16.9482
 20
57.6999
 11
16.8361
 21
57.8871
  0
LINE
  8
0
 10
16.8361
 20
57.8871
 11
16.7427
 21
58.0849
  0
LINE
  8
0
 10
16.7427
 20
58.0849
 11
16.669
 21
58.2904
  0
LINE
  8
0
 10
16.669
 20
58.2904
 11
16.6159
 21
58.5028
  0
LINE
  8
0
 10
16.6159
 20
58.5028
 11
16.5834
 21
58.7189
  0
LINE
  8
0
 10
16.5834
 20
58.7189
 11
16.5733
 21
58.9372
  0
LINE
  8
0
 10
16.5733
 20
58.9372
 11
16.5839
 21
59.1556
  0
LINE
  8
0
 10
16.5839
 20
59.1556
 11
16.6159
 21
59.3721
  0
LINE
  8
0
 10
16.6159
 20
59.3721
 11
16.669
 21
59.5836
  0
LINE
  8
0
 10
16.669
 20
59.5836
 11
16.7427
 21
59.7891
  0
LINE
  8
0
 10
16.7427
 20
59.7891
 11
16.8361
 21
59.9873
  0
LINE
  8
0
 10
16.8361
 20
59.9873
 11
16.9482
 21
60.1746
  0
LINE
  8
0
 10
16.9482
 20
60.1746
 11
17.0787
 21
60.3503
  0
LINE
  8
0
 10
17.0787
 20
60.3503
 11
17.2252
 21
60.5119
  0
LINE
  8
0
 10
17.2252
 20
60.5119
 11
17.3872
 21
60.6589
  0
LINE
  8
0
 10
17.3872
 20
60.6589
 11
17.563
 21
60.7889
  0
LINE
  8
0
 10
17.563
 20
60.7889
 11
17.7507
 21
60.9015
  0
LINE
  8
0
 10
17.7507
 20
60.9015
 11
17.9485
 21
60.9949
  0
LINE
  8
0
 10
17.9485
 20
60.9949
 11
18.154
 21
61.069
  0
LINE
  8
0
 10
18.154
 20
61.069
 11
18.3664
 21
61.1221
  0
LINE
  8
0
 10
18.3664
 20
61.1221
 11
18.5825
 21
61.1542
  0
LINE
  8
0
 10
18.5825
 20
61.1542
 11
18.8008
 21
61.1642
  0
LINE
  8
0
 10
18.8008
 20
61.1642
 11
19.0192
 21
61.1537
  0
LINE
  8
0
 10
19.0192
 20
61.1537
 11
19.2357
 21
61.1217
  0
LINE
  8
0
 10
19.2357
 20
61.1217
 11
19.4472
 21
61.069
  0
LINE
  8
0
 10
19.4472
 20
61.069
 11
19.6527
 21
60.9949
  0
LINE
  8
0
 10
19.6527
 20
60.9949
 11
19.8509
 21
60.9015
  0
LINE
  8
0
 10
19.8509
 20
60.9015
 11
20.0386
 21
60.7889
  0
LINE
  8
0
 10
20.0386
 20
60.7889
 11
20.2139
 21
60.6589
  0
LINE
  8
0
 10
20.2139
 20
60.6589
 11
20.376
 21
60.5119
  0
LINE
  8
0
 10
20.376
 20
60.5119
 11
20.5225
 21
60.3503
  0
LINE
  8
0
 10
20.5225
 20
60.3503
 11
20.6529
 21
60.1746
  0
LINE
  8
0
 10
20.6529
 20
60.1746
 11
20.7651
 21
59.9873
  0
LINE
  8
0
 10
20.7651
 20
59.9873
 11
20.8585
 21
59.7891
  0
LINE
  8
0
 10
20.8585
 20
59.7891
 11
20.9322
 21
59.5836
  0
LINE
  8
0
 10
20.9322
 20
59.5836
 11
20.9857
 21
59.3712
  0
LINE
  8
0
 10
20.9857
 20
59.3712
 11
21.0178
 21
59.1551
  0
LINE
  8
0
 10
21.0178
 20
59.1551
 11
21.0278
 21
58.9372
  0
LINE
  8
0
 10
21.0278
 20
58.9372
 11
21.0173
 21
58.7184
  0
LINE
  8
0
 10
21.0173
 20
58.7184
 11
20.9853
 21
58.5019
  0
LINE
  8
0
 10
20.9853
 20
58.5019
 11
20.9322
 21
58.2904
  0
LINE
  8
0
 10
20.9322
 20
58.2904
 11
20.8585
 21
58.0844
  0
LINE
  8
0
 10
20.8585
 20
58.0844
 11
20.7651
 21
57.8871
  0
LINE
  8
0
 10
20.7651
 20
57.8871
 11
20.6525
 21
57.6994
  0
LINE
  8
0
 10
20.6525
 20
57.6994
 11
20.5225
 21
57.5241
  0
LINE
  8
0
 10
20.5225
 20
57.5241
 11
20.3755
 21
57.3616
  0
LINE
  8
0
 10
20.3755
 20
57.3616
 11
20.2139
 21
57.2151
  0
LINE
  8
0
 10
20.2139
 20
57.2151
 11
20.0386
 21
57.0851
  0
LINE
  8
0
 10
20.0386
 20
57.0851
 11
19.8509
 21
56.973
  0
LINE
  8
0
 10
19.8509
 20
56.973
 11
19.6527
 21
56.8791
  0
LINE
  8
0
 10
19.6527
 20
56.8791
 11
19.4472
 21
56.8054
  0
LINE
  8
0
 10
19.4472
 20
56.8054
 11
19.2348
 21
56.7523
  0
LINE
  8
0
 10
19.2348
 20
56.7523
 11
19.0187
 21
56.7203
  0
LINE
  8
0
 10
19.0187
 20
56.7203
 11
18.8008
 21
56.7097
  0
LINE
  8
0
 10
18.8008
 20
56.7097
 11
18.582
 21
56.7207
  0
LINE
  8
0
 10
-41.418
 20
56.7207
 11
-41.6345
 21
56.7523
  0
LINE
  8
0
 10
-41.6345
 20
56.7523
 11
-41.846
 21
56.8054
  0
LINE
  8
0
 10
-41.846
 20
56.8054
 11
-42.0515
 21
56.8791
  0
LINE
  8
0
 10
-42.0515
 20
56.8791
 11
-42.2493
 21
56.973
  0
LINE
  8
0
 10
-42.2493
 20
56.973
 11
-42.437
 21
57.0851
  0
LINE
  8
0
 10
-42.437
 20
57.0851
 11
-42.6128
 21
57.2151
  0
LINE
  8
0
 10
-42.6128
 20
57.2151
 11
-42.7748
 21
57.3621
  0
LINE
  8
0
 10
-42.7748
 20
57.3621
 11
-42.9213
 21
57.5241
  0
LINE
  8
0
 10
-42.9213
 20
57.5241
 11
-43.0518
 21
57.6999
  0
LINE
  8
0
 10
-43.0518
 20
57.6999
 11
-43.1639
 21
57.8871
  0
LINE
  8
0
 10
-43.1639
 20
57.8871
 11
-43.2573
 21
58.0849
  0
LINE
  8
0
 10
-43.2573
 20
58.0849
 11
-43.331
 21
58.2904
  0
LINE
  8
0
 10
-43.331
 20
58.2904
 11
-43.3796
 21
58.4848
  0
LINE
  8
0
 10
-43.3796
 20
58.4848
 11
-42.6984
 21
60.5812
  0
LINE
  8
0
 10
-42.6984
 20
60.5812
 11
-42.6128
 21
60.6589
  0
LINE
  8
0
 10
-42.6128
 20
60.6589
 11
-42.437
 21
60.7889
  0
LINE
  8
0
 10
-42.437
 20
60.7889
 11
-42.2493
 21
60.9015
  0
LINE
  8
0
 10
-42.2493
 20
60.9015
 11
-42.0515
 21
60.9949
  0
LINE
  8
0
 10
-42.0515
 20
60.9949
 11
-41.846
 21
61.069
  0
LINE
  8
0
 10
-41.846
 20
61.069
 11
-41.6336
 21
61.1221
  0
LINE
  8
0
 10
-41.6336
 20
61.1221
 11
-41.4175
 21
61.1542
  0
LINE
  8
0
 10
-41.4175
 20
61.1542
 11
-41.1992
 21
61.1642
  0
LINE
  8
0
 10
-41.1992
 20
61.1642
 11
-40.9808
 21
61.1537
  0
LINE
  8
0
 10
-40.9808
 20
61.1537
 11
-40.7643
 21
61.1217
  0
LINE
  8
0
 10
-40.7643
 20
61.1217
 11
-40.5528
 21
61.069
  0
LINE
  8
0
 10
-40.5528
 20
61.069
 11
-40.3473
 21
60.9949
  0
LINE
  8
0
 10
-40.3473
 20
60.9949
 11
-40.1491
 21
60.9015
  0
LINE
  8
0
 10
-40.1491
 20
60.9015
 11
-39.9614
 21
60.7889
  0
LINE
  8
0
 10
-39.9614
 20
60.7889
 11
-39.7861
 21
60.6589
  0
LINE
  8
0
 10
-39.7861
 20
60.6589
 11
-39.624
 21
60.5119
  0
LINE
  8
0
 10
-39.624
 20
60.5119
 11
-39.4775
 21
60.3503
  0
LINE
  8
0
 10
-39.4775
 20
60.3503
 11
-39.3471
 21
60.1746
  0
LINE
  8
0
 10
-39.3471
 20
60.1746
 11
-39.2349
 21
59.9873
  0
LINE
  8
0
 10
-39.2349
 20
59.9873
 11
-39.1415
 21
59.7891
  0
LINE
  8
0
 10
-39.1415
 20
59.7891
 11
-39.0678
 21
59.5836
  0
LINE
  8
0
 10
-39.0678
 20
59.5836
 11
-39.0143
 21
59.3712
  0
LINE
  8
0
 10
-39.0143
 20
59.3712
 11
-38.9822
 21
59.1551
  0
LINE
  8
0
 10
-38.9822
 20
59.1551
 11
-38.9722
 21
58.9372
  0
LINE
  8
0
 10
-38.9722
 20
58.9372
 11
-38.9827
 21
58.7184
  0
LINE
  8
0
 10
-38.9827
 20
58.7184
 11
-39.0147
 21
58.5019
  0
LINE
  8
0
 10
-39.0147
 20
58.5019
 11
-39.0678
 21
58.2904
  0
LINE
  8
0
 10
-39.0678
 20
58.2904
 11
-39.1415
 21
58.0844
  0
LINE
  8
0
 10
-39.1415
 20
58.0844
 11
-39.2349
 21
57.8871
  0
LINE
  8
0
 10
-39.2349
 20
57.8871
 11
-39.3475
 21
57.6994
  0
LINE
  8
0
 10
-39.3475
 20
57.6994
 11
-39.4775
 21
57.5241
  0
LINE
  8
0
 10
-39.4775
 20
57.5241
 11
-39.6245
 21
57.3616
  0
LINE
  8
0
 10
-39.6245
 20
57.3616
 11
-39.7861
 21
57.2151
  0
LINE
  8
0
 10
-39.7861
 20
57.2151
 11
-39.9614
 21
57.0851
  0
LINE
  8
0
 10
-39.9614
 20
57.0851
 11
-40.1491
 21
56.973
  0
LINE
  8
0
 10
-40.1491
 20
56.973
 11
-40.3473
 21
56.8791
  0
LINE
  8
0
 10
-40.3473
 20
56.8791
 11
-40.5528
 21
56.8054
  0
LINE
  8
0
 10
-40.5528
 20
56.8054
 11
-40.7652
 21
56.7523
  0
LINE
  8
0
 10
-40.7652
 20
56.7523
 11
-40.9813
 21
56.7203
  0
LINE
  8
0
 10
-40.9813
 20
56.7203
 11
-41.1992
 21
56.7097
  0
LINE
  8
0
 10
-41.1992
 20
56.7097
 11
-41.418
 21
56.7207
  0
LINE
  8
0
 10
-11.418
 20
56.7207
 11
-11.6345
 21
56.7523
  0
LINE
  8
0
 10
-11.6345
 20
56.7523
 11
-11.846
 21
56.8054
  0
LINE
  8
0
 10
-11.846
 20
56.8054
 11
-12.0515
 21
56.8791
  0
LINE
  8
0
 10
-12.0515
 20
56.8791
 11
-12.2493
 21
56.973
  0
LINE
  8
0
 10
-12.2493
 20
56.973
 11
-12.437
 21
57.0851
  0
LINE
  8
0
 10
-12.437
 20
57.0851
 11
-12.6128
 21
57.2151
  0
LINE
  8
0
 10
-12.6128
 20
57.2151
 11
-12.7748
 21
57.3621
  0
LINE
  8
0
 10
-12.7748
 20
57.3621
 11
-12.9213
 21
57.5241
  0
LINE
  8
0
 10
-12.9213
 20
57.5241
 11
-13.0518
 21
57.6999
  0
LINE
  8
0
 10
-13.0518
 20
57.6999
 11
-13.1639
 21
57.8871
  0
LINE
  8
0
 10
-13.1639
 20
57.8871
 11
-13.2573
 21
58.0849
  0
LINE
  8
0
 10
-13.2573
 20
58.0849
 11
-13.331
 21
58.2904
  0
LINE
  8
0
 10
-13.331
 20
58.2904
 11
-13.3841
 21
58.5028
  0
LINE
  8
0
 10
-13.3841
 20
58.5028
 11
-13.4166
 21
58.7189
  0
LINE
  8
0
 10
-13.4166
 20
58.7189
 11
-13.4267
 21
58.9372
  0
LINE
  8
0
 10
-13.4267
 20
58.9372
 11
-13.4161
 21
59.1556
  0
LINE
  8
0
 10
-13.4161
 20
59.1556
 11
-13.3841
 21
59.3721
  0
LINE
  8
0
 10
-13.3841
 20
59.3721
 11
-13.331
 21
59.5836
  0
LINE
  8
0
 10
-13.331
 20
59.5836
 11
-13.2573
 21
59.7891
  0
LINE
  8
0
 10
-13.2573
 20
59.7891
 11
-13.1639
 21
59.9873
  0
LINE
  8
0
 10
-13.1639
 20
59.9873
 11
-13.0518
 21
60.1746
  0
LINE
  8
0
 10
-13.0518
 20
60.1746
 11
-12.9213
 21
60.3503
  0
LINE
  8
0
 10
-12.9213
 20
60.3503
 11
-12.7748
 21
60.5119
  0
LINE
  8
0
 10
-12.7748
 20
60.5119
 11
-12.6128
 21
60.6589
  0
LINE
  8
0
 10
-12.6128
 20
60.6589
 11
-12.437
 21
60.7889
  0
LINE
  8
0
 10
-12.437
 20
60.7889
 11
-12.2493
 21
60.9015
  0
LINE
  8
0
 10
-12.2493
 20
60.9015
 11
-12.0515
 21
60.9949
  0
LINE
  8
0
 10
-12.0515
 20
60.9949
 11
-11.846
 21
61.069
  0
LINE
  8
0
 10
-11.846
 20
61.069
 11
-11.6336
 21
61.1221
  0
LINE
  8
0
 10
-11.6336
 20
61.1221
 11
-11.4175
 21
61.1542
  0
LINE
  8
0
 10
-11.4175
 20
61.1542
 11
-11.1992
 21
61.1642
  0
LINE
  8
0
 10
-11.1992
 20
61.1642
 11
-10.9808
 21
61.1537
  0
LINE
  8
0
 10
-10.9808
 20
61.1537
 11
-10.7643
 21
61.1217
  0
LINE
  8
0
 10
-10.7643
 20
61.1217
 11
-10.5528
 21
61.069
  0
LINE
  8
0
 10
-10.5528
 20
61.069
 11
-10.3473
 21
60.9949
  0
LINE
  8
0
 10
-10.3473
 20
60.9949
 11
-10.1491
 21
60.9015
  0
LINE
  8
0
 10
-10.1491
 20
60.9015
 11
-9.9614
 21
60.7889
  0
LINE
  8
0
 10
-9.9614
 20
60.7889
 11
-9.78607
 21
60.6589
  0
LINE
  8
0
 10
-9.78607
 20
60.6589
 11
-9.62402
 21
60.5119
  0
LINE
  8
0
 10
-9.62402
 20
60.5119
 11
-9.47754
 21
60.3503
  0
LINE
  8
0
 10
-9.47754
 20
60.3503
 11
-9.34708
 21
60.1746
  0
LINE
  8
0
 10
-9.34708
 20
60.1746
 11
-9.23492
 21
59.9873
  0
LINE
  8
0
 10
-9.23492
 20
59.9873
 11
-9.14154
 21
59.7891
  0
LINE
  8
0
 10
-9.14154
 20
59.7891
 11
-9.06784
 21
59.5836
  0
LINE
  8
0
 10
-9.06784
 20
59.5836
 11
-9.01428
 21
59.3712
  0
LINE
  8
0
 10
-9.01428
 20
59.3712
 11
-8.98224
 21
59.1551
  0
LINE
  8
0
 10
-8.98224
 20
59.1551
 11
-8.97217
 21
58.9372
  0
LINE
  8
0
 10
-8.97217
 20
58.9372
 11
-8.9827
 21
58.7184
  0
LINE
  8
0
 10
-8.9827
 20
58.7184
 11
-9.01474
 21
58.5019
  0
LINE
  8
0
 10
-9.01474
 20
58.5019
 11
-9.06784
 21
58.2904
  0
LINE
  8
0
 10
-9.06784
 20
58.2904
 11
-9.14154
 21
58.0844
  0
LINE
  8
0
 10
-9.14154
 20
58.0844
 11
-9.23492
 21
57.8871
  0
LINE
  8
0
 10
-9.23492
 20
57.8871
 11
-9.34753
 21
57.6994
  0
LINE
  8
0
 10
-9.34753
 20
57.6994
 11
-9.47754
 21
57.5241
  0
LINE
  8
0
 10
-9.47754
 20
57.5241
 11
-9.62448
 21
57.3616
  0
LINE
  8
0
 10
-9.62448
 20
57.3616
 11
-9.78607
 21
57.2151
  0
LINE
  8
0
 10
-9.78607
 20
57.2151
 11
-9.9614
 21
57.0851
  0
LINE
  8
0
 10
-9.9614
 20
57.0851
 11
-10.1491
 21
56.973
  0
LINE
  8
0
 10
-10.1491
 20
56.973
 11
-10.3473
 21
56.8791
  0
LINE
  8
0
 10
-10.3473
 20
56.8791
 11
-10.5528
 21
56.8054
  0
LINE
  8
0
 10
-10.5528
 20
56.8054
 11
-10.7652
 21
56.7523
  0
LINE
  8
0
 10
-10.7652
 20
56.7523
 11
-10.9813
 21
56.7203
  0
LINE
  8
0
 10
-10.9813
 20
56.7203
 11
-11.1992
 21
56.7097
  0
LINE
  8
0
 10
-11.1992
 20
56.7097
 11
-11.418
 21
56.7207
  0
LINE
  8
0
 10
-19.1556
 20
56.5839
 11
-19.3721
 21
56.6159
  0
LINE
  8
0
 10
-19.3721
 20
56.6159
 11
-19.5836
 21
56.669
  0
LINE
  8
0
 10
-19.5836
 20
56.669
 11
-19.7891
 21
56.7427
  0
LINE
  8
0
 10
-19.7891
 20
56.7427
 11
-19.9873
 21
56.8361
  0
LINE
  8
0
 10
-19.9873
 20
56.8361
 11
-20.175
 21
56.9487
  0
LINE
  8
0
 10
-20.175
 20
56.9487
 11
-20.3503
 21
57.0787
  0
LINE
  8
0
 10
-20.3503
 20
57.0787
 11
-20.5124
 21
57.2256
  0
LINE
  8
0
 10
-20.5124
 20
57.2256
 11
-20.6589
 21
57.3872
  0
LINE
  8
0
 10
-20.6589
 20
57.3872
 11
-20.7893
 21
57.5635
  0
LINE
  8
0
 10
-20.7893
 20
57.5635
 11
-20.9015
 21
57.7507
  0
LINE
  8
0
 10
-20.9015
 20
57.7507
 11
-20.9949
 21
57.9485
  0
LINE
  8
0
 10
-20.9949
 20
57.9485
 11
-21.069
 21
58.154
  0
LINE
  8
0
 10
-21.069
 20
58.154
 11
-21.1221
 21
58.3664
  0
LINE
  8
0
 10
-21.1221
 20
58.3664
 11
-21.1542
 21
58.5825
  0
LINE
  8
0
 10
-21.1542
 20
58.5825
 11
-21.1642
 21
58.8008
  0
LINE
  8
0
 10
-21.1642
 20
58.8008
 11
-21.1537
 21
59.0192
  0
LINE
  8
0
 10
-21.1537
 20
59.0192
 11
-21.1221
 21
59.2357
  0
LINE
  8
0
 10
-21.1221
 20
59.2357
 11
-21.069
 21
59.4472
  0
LINE
  8
0
 10
-21.069
 20
59.4472
 11
-20.9949
 21
59.6527
  0
LINE
  8
0
 10
-20.9949
 20
59.6527
 11
-20.9015
 21
59.8509
  0
LINE
  8
0
 10
-20.9015
 20
59.8509
 11
-20.7893
 21
60.0381
  0
LINE
  8
0
 10
-20.7893
 20
60.0381
 11
-20.6589
 21
60.2139
  0
LINE
  8
0
 10
-20.6589
 20
60.2139
 11
-20.5124
 21
60.3755
  0
LINE
  8
0
 10
-20.5124
 20
60.3755
 11
-20.3503
 21
60.5225
  0
LINE
  8
0
 10
-20.3503
 20
60.5225
 11
-20.175
 21
60.6525
  0
LINE
  8
0
 10
-20.175
 20
60.6525
 11
-19.9873
 21
60.7651
  0
LINE
  8
0
 10
-19.9873
 20
60.7651
 11
-19.7891
 21
60.8585
  0
LINE
  8
0
 10
-19.7891
 20
60.8585
 11
-19.5836
 21
60.9322
  0
LINE
  8
0
 10
-19.5836
 20
60.9322
 11
-19.3712
 21
60.9857
  0
LINE
  8
0
 10
-19.3712
 20
60.9857
 11
-19.1551
 21
61.0178
  0
LINE
  8
0
 10
-19.1551
 20
61.0178
 11
-18.9372
 21
61.0278
  0
LINE
  8
0
 10
-18.9372
 20
61.0278
 11
-18.7184
 21
61.0173
  0
LINE
  8
0
 10
-18.7184
 20
61.0173
 11
-18.5019
 21
60.9853
  0
LINE
  8
0
 10
-18.5019
 20
60.9853
 11
-18.2904
 21
60.9322
  0
LINE
  8
0
 10
-18.2904
 20
60.9322
 11
-18.0849
 21
60.8585
  0
LINE
  8
0
 10
-18.0849
 20
60.8585
 11
-17.8871
 21
60.7651
  0
LINE
  8
0
 10
-17.8871
 20
60.7651
 11
-17.6994
 21
60.6525
  0
LINE
  8
0
 10
-17.6994
 20
60.6525
 11
-17.5241
 21
60.5225
  0
LINE
  8
0
 10
-17.5241
 20
60.5225
 11
-17.3616
 21
60.3755
  0
LINE
  8
0
 10
-17.3616
 20
60.3755
 11
-17.2151
 21
60.2139
  0
LINE
  8
0
 10
-17.2151
 20
60.2139
 11
-17.0847
 21
60.0381
  0
LINE
  8
0
 10
-17.0847
 20
60.0381
 11
-16.973
 21
59.8509
  0
LINE
  8
0
 10
-16.973
 20
59.8509
 11
-16.8791
 21
59.6527
  0
LINE
  8
0
 10
-16.8791
 20
59.6527
 11
-16.8054
 21
59.4472
  0
LINE
  8
0
 10
-16.8054
 20
59.4472
 11
-16.7523
 21
59.2348
  0
LINE
  8
0
 10
-16.7523
 20
59.2348
 11
-16.7203
 21
59.0187
  0
LINE
  8
0
 10
-16.7203
 20
59.0187
 11
-16.7097
 21
58.8008
  0
LINE
  8
0
 10
-16.7097
 20
58.8008
 11
-16.7207
 21
58.582
  0
LINE
  8
0
 10
-16.7207
 20
58.582
 11
-16.7528
 21
58.3655
  0
LINE
  8
0
 10
-16.7528
 20
58.3655
 11
-16.8054
 21
58.154
  0
LINE
  8
0
 10
-16.8054
 20
58.154
 11
-16.8791
 21
57.948
  0
LINE
  8
0
 10
-16.8791
 20
57.948
 11
-16.973
 21
57.7507
  0
LINE
  8
0
 10
-16.973
 20
57.7507
 11
-17.0851
 21
57.563
  0
LINE
  8
0
 10
-17.0851
 20
57.563
 11
-17.2151
 21
57.3872
  0
LINE
  8
0
 10
-17.2151
 20
57.3872
 11
-17.3621
 21
57.2252
  0
LINE
  8
0
 10
-17.3621
 20
57.2252
 11
-17.5241
 21
57.0787
  0
LINE
  8
0
 10
-17.5241
 20
57.0787
 11
-17.6994
 21
56.9487
  0
LINE
  8
0
 10
-17.6994
 20
56.9487
 11
-17.8871
 21
56.8361
  0
LINE
  8
0
 10
-17.8871
 20
56.8361
 11
-18.0849
 21
56.7427
  0
LINE
  8
0
 10
-18.0849
 20
56.7427
 11
-18.2904
 21
56.669
  0
LINE
  8
0
 10
-18.2904
 20
56.669
 11
-18.5028
 21
56.6159
  0
LINE
  8
0
 10
-18.5028
 20
56.6159
 11
-18.7189
 21
56.5834
  0
LINE
  8
0
 10
-18.7189
 20
56.5834
 11
-18.9372
 21
56.5733
  0
LINE
  8
0
 10
-18.9372
 20
56.5733
 11
-19.1556
 21
56.5839
  0
LINE
  8
0
 10
40.8444
 20
56.5839
 11
40.6279
 21
56.6159
  0
LINE
  8
0
 10
40.6279
 20
56.6159
 11
40.4164
 21
56.669
  0
LINE
  8
0
 10
40.4164
 20
56.669
 11
40.2109
 21
56.7427
  0
LINE
  8
0
 10
40.2109
 20
56.7427
 11
40.0127
 21
56.8361
  0
LINE
  8
0
 10
40.0127
 20
56.8361
 11
39.825
 21
56.9487
  0
LINE
  8
0
 10
39.825
 20
56.9487
 11
39.6497
 21
57.0787
  0
LINE
  8
0
 10
39.6497
 20
57.0787
 11
39.4876
 21
57.2256
  0
LINE
  8
0
 10
39.4876
 20
57.2256
 11
39.3411
 21
57.3872
  0
LINE
  8
0
 10
39.3411
 20
57.3872
 11
39.2107
 21
57.5635
  0
LINE
  8
0
 10
39.2107
 20
57.5635
 11
39.0985
 21
57.7507
  0
LINE
  8
0
 10
39.0985
 20
57.7507
 11
39.0051
 21
57.9485
  0
LINE
  8
0
 10
39.0051
 20
57.9485
 11
38.931
 21
58.154
  0
LINE
  8
0
 10
38.931
 20
58.154
 11
38.8779
 21
58.3664
  0
LINE
  8
0
 10
38.8779
 20
58.3664
 11
38.8458
 21
58.5825
  0
LINE
  8
0
 10
38.8458
 20
58.5825
 11
38.8358
 21
58.8008
  0
LINE
  8
0
 10
38.8358
 20
58.8008
 11
38.8463
 21
59.0192
  0
LINE
  8
0
 10
38.8463
 20
59.0192
 11
38.8779
 21
59.2357
  0
LINE
  8
0
 10
38.8779
 20
59.2357
 11
38.931
 21
59.4472
  0
LINE
  8
0
 10
38.931
 20
59.4472
 11
39.0051
 21
59.6527
  0
LINE
  8
0
 10
39.0051
 20
59.6527
 11
39.0985
 21
59.8509
  0
LINE
  8
0
 10
39.0985
 20
59.8509
 11
39.2107
 21
60.0381
  0
LINE
  8
0
 10
39.2107
 20
60.0381
 11
39.3411
 21
60.2139
  0
LINE
  8
0
 10
39.3411
 20
60.2139
 11
39.4876
 21
60.3755
  0
LINE
  8
0
 10
39.4876
 20
60.3755
 11
39.6497
 21
60.5225
  0
LINE
  8
0
 10
39.6497
 20
60.5225
 11
39.825
 21
60.6525
  0
LINE
  8
0
 10
39.825
 20
60.6525
 11
40.0127
 21
60.7651
  0
LINE
  8
0
 10
40.0127
 20
60.7651
 11
40.2109
 21
60.8585
  0
LINE
  8
0
 10
40.2109
 20
60.8585
 11
40.4164
 21
60.9322
  0
LINE
  8
0
 10
40.4164
 20
60.9322
 11
40.6288
 21
60.9857
  0
LINE
  8
0
 10
40.6288
 20
60.9857
 11
40.8449
 21
61.0178
  0
LINE
  8
0
 10
40.8449
 20
61.0178
 11
41.0628
 21
61.0278
  0
LINE
  8
0
 10
41.0628
 20
61.0278
 11
41.2816
 21
61.0173
  0
LINE
  8
0
 10
41.2816
 20
61.0173
 11
41.4981
 21
60.9853
  0
LINE
  8
0
 10
41.4981
 20
60.9853
 11
41.7096
 21
60.9322
  0
LINE
  8
0
 10
41.7096
 20
60.9322
 11
41.9151
 21
60.8585
  0
LINE
  8
0
 10
41.9151
 20
60.8585
 11
42.1129
 21
60.7651
  0
LINE
  8
0
 10
42.1129
 20
60.7651
 11
42.3006
 21
60.6525
  0
LINE
  8
0
 10
42.3006
 20
60.6525
 11
42.4759
 21
60.5225
  0
LINE
  8
0
 10
42.4759
 20
60.5225
 11
42.6384
 21
60.3755
  0
LINE
  8
0
 10
42.6384
 20
60.3755
 11
42.7849
 21
60.2139
  0
LINE
  8
0
 10
42.7849
 20
60.2139
 11
42.8434
 21
60.1351
  0
LINE
  8
0
 10
42.8434
 20
60.1351
 11
43.2885
 21
58.7652
  0
LINE
  8
0
 10
43.2885
 20
58.7652
 11
43.2793
 21
58.582
  0
LINE
  8
0
 10
43.2793
 20
58.582
 11
43.2472
 21
58.3655
  0
LINE
  8
0
 10
43.2472
 20
58.3655
 11
43.1946
 21
58.154
  0
LINE
  8
0
 10
43.1946
 20
58.154
 11
43.1209
 21
57.948
  0
LINE
  8
0
 10
43.1209
 20
57.948
 11
43.027
 21
57.7507
  0
LINE
  8
0
 10
43.027
 20
57.7507
 11
42.9149
 21
57.563
  0
LINE
  8
0
 10
42.9149
 20
57.563
 11
42.7849
 21
57.3872
  0
LINE
  8
0
 10
42.7849
 20
57.3872
 11
42.6379
 21
57.2252
  0
LINE
  8
0
 10
42.6379
 20
57.2252
 11
42.4759
 21
57.0787
  0
LINE
  8
0
 10
42.4759
 20
57.0787
 11
42.3006
 21
56.9487
  0
LINE
  8
0
 10
42.3006
 20
56.9487
 11
42.1129
 21
56.8361
  0
LINE
  8
0
 10
42.1129
 20
56.8361
 11
41.9151
 21
56.7427
  0
LINE
  8
0
 10
41.9151
 20
56.7427
 11
41.7096
 21
56.669
  0
LINE
  8
0
 10
41.7096
 20
56.669
 11
41.4972
 21
56.6159
  0
LINE
  8
0
 10
41.4972
 20
56.6159
 11
41.2811
 21
56.5834
  0
LINE
  8
0
 10
41.2811
 20
56.5834
 11
41.0628
 21
56.5733
  0
LINE
  8
0
 10
41.0628
 20
56.5733
 11
40.8444
 21
56.5839
  0
LINE
  8
0
 10
10.8444
 20
56.5839
 11
10.6279
 21
56.6159
  0
LINE
  8
0
 10
10.6279
 20
56.6159
 11
10.4164
 21
56.669
  0
LINE
  8
0
 10
10.4164
 20
56.669
 11
10.2109
 21
56.7427
  0
LINE
  8
0
 10
10.2109
 20
56.7427
 11
10.0127
 21
56.8361
  0
LINE
  8
0
 10
10.0127
 20
56.8361
 11
9.82498
 21
56.9487
  0
LINE
  8
0
 10
9.82498
 20
56.9487
 11
9.64966
 21
57.0787
  0
LINE
  8
0
 10
9.64966
 20
57.0787
 11
9.48761
 21
57.2256
  0
LINE
  8
0
 10
9.48761
 20
57.2256
 11
9.34113
 21
57.3872
  0
LINE
  8
0
 10
9.34113
 20
57.3872
 11
9.21066
 21
57.5635
  0
LINE
  8
0
 10
9.21066
 20
57.5635
 11
9.09851
 21
57.7507
  0
LINE
  8
0
 10
9.09851
 20
57.7507
 11
9.00513
 21
57.9485
  0
LINE
  8
0
 10
9.00513
 20
57.9485
 11
8.93097
 21
58.154
  0
LINE
  8
0
 10
8.93097
 20
58.154
 11
8.87787
 21
58.3664
  0
LINE
  8
0
 10
8.87787
 20
58.3664
 11
8.84583
 21
58.5825
  0
LINE
  8
0
 10
8.84583
 20
58.5825
 11
8.83575
 21
58.8008
  0
LINE
  8
0
 10
8.83575
 20
58.8008
 11
8.84628
 21
59.0192
  0
LINE
  8
0
 10
8.84628
 20
59.0192
 11
8.87787
 21
59.2357
  0
LINE
  8
0
 10
8.87787
 20
59.2357
 11
8.93097
 21
59.4472
  0
LINE
  8
0
 10
8.93097
 20
59.4472
 11
9.00513
 21
59.6527
  0
LINE
  8
0
 10
9.00513
 20
59.6527
 11
9.09851
 21
59.8509
  0
LINE
  8
0
 10
9.09851
 20
59.8509
 11
9.21066
 21
60.0381
  0
LINE
  8
0
 10
9.21066
 20
60.0381
 11
9.34113
 21
60.2139
  0
LINE
  8
0
 10
9.34113
 20
60.2139
 11
9.48761
 21
60.3755
  0
LINE
  8
0
 10
9.48761
 20
60.3755
 11
9.64966
 21
60.5225
  0
LINE
  8
0
 10
9.64966
 20
60.5225
 11
9.82498
 21
60.6525
  0
LINE
  8
0
 10
9.82498
 20
60.6525
 11
10.0127
 21
60.7651
  0
LINE
  8
0
 10
10.0127
 20
60.7651
 11
10.2109
 21
60.8585
  0
LINE
  8
0
 10
10.2109
 20
60.8585
 11
10.4164
 21
60.9322
  0
LINE
  8
0
 10
10.4164
 20
60.9322
 11
10.6288
 21
60.9857
  0
LINE
  8
0
 10
10.6288
 20
60.9857
 11
10.8449
 21
61.0178
  0
LINE
  8
0
 10
10.8449
 20
61.0178
 11
11.0628
 21
61.0278
  0
LINE
  8
0
 10
11.0628
 20
61.0278
 11
11.2816
 21
61.0173
  0
LINE
  8
0
 10
11.2816
 20
61.0173
 11
11.4981
 21
60.9853
  0
LINE
  8
0
 10
11.4981
 20
60.9853
 11
11.7096
 21
60.9322
  0
LINE
  8
0
 10
11.7096
 20
60.9322
 11
11.9151
 21
60.8585
  0
LINE
  8
0
 10
11.9151
 20
60.8585
 11
12.1129
 21
60.7651
  0
LINE
  8
0
 10
12.1129
 20
60.7651
 11
12.3006
 21
60.6525
  0
LINE
  8
0
 10
12.3006
 20
60.6525
 11
12.4759
 21
60.5225
  0
LINE
  8
0
 10
12.4759
 20
60.5225
 11
12.6384
 21
60.3755
  0
LINE
  8
0
 10
12.6384
 20
60.3755
 11
12.7849
 21
60.2139
  0
LINE
  8
0
 10
12.7849
 20
60.2139
 11
12.9153
 21
60.0381
  0
LINE
  8
0
 10
12.9153
 20
60.0381
 11
13.027
 21
59.8509
  0
LINE
  8
0
 10
13.027
 20
59.8509
 11
13.1209
 21
59.6527
  0
LINE
  8
0
 10
13.1209
 20
59.6527
 11
13.1946
 21
59.4472
  0
LINE
  8
0
 10
13.1946
 20
59.4472
 11
13.2477
 21
59.2348
  0
LINE
  8
0
 10
13.2477
 20
59.2348
 11
13.2797
 21
59.0187
  0
LINE
  8
0
 10
13.2797
 20
59.0187
 11
13.2903
 21
58.8008
  0
LINE
  8
0
 10
13.2903
 20
58.8008
 11
13.2793
 21
58.582
  0
LINE
  8
0
 10
13.2793
 20
58.582
 11
13.2472
 21
58.3655
  0
LINE
  8
0
 10
13.2472
 20
58.3655
 11
13.1946
 21
58.154
  0
LINE
  8
0
 10
13.1946
 20
58.154
 11
13.1209
 21
57.948
  0
LINE
  8
0
 10
13.1209
 20
57.948
 11
13.027
 21
57.7507
  0
LINE
  8
0
 10
13.027
 20
57.7507
 11
12.9149
 21
57.563
  0
LINE
  8
0
 10
12.9149
 20
57.563
 11
12.7849
 21
57.3872
  0
LINE
  8
0
 10
12.7849
 20
57.3872
 11
12.6379
 21
57.2252
  0
LINE
  8
0
 10
12.6379
 20
57.2252
 11
12.4759
 21
57.0787
  0
LINE
  8
0
 10
12.4759
 20
57.0787
 11
12.3006
 21
56.9487
  0
LINE
  8
0
 10
12.3006
 20
56.9487
 11
12.1129
 21
56.8361
  0
LINE
  8
0
 10
12.1129
 20
56.8361
 11
11.9151
 21
56.7427
  0
LINE
  8
0
 10
11.9151
 20
56.7427
 11
11.7096
 21
56.669
  0
LINE
  8
0
 10
11.7096
 20
56.669
 11
11.4972
 21
56.6159
  0
LINE
  8
0
 10
11.4972
 20
56.6159
 11
11.2811
 21
56.5834
  0
LINE
  8
0
 10
11.2811
 20
56.5834
 11
11.0628
 21
56.5733
  0
LINE
  8
0
 10
11.0628
 20
56.5733
 11
10.8444
 21
56.5839
  0
LINE
  8
0
 10
-22.8767
 20
48.405
 11
-23.3011
 21
49.3073
  0
LINE
  8
0
 10
-23.3011
 20
49.3073
 11
-23.7694
 21
50.1495
  0
LINE
  8
0
 10
-23.7694
 20
50.1495
 11
-24.2834
 21
50.9314
  0
LINE
  8
0
 10
-24.2834
 20
50.9314
 11
-24.8415
 21
51.6519
  0
LINE
  8
0
 10
-24.8415
 20
51.6519
 11
-25.4439
 21
52.312
  0
LINE
  8
0
 10
-25.4439
 20
52.312
 11
-26.0916
 21
52.9121
  0
LINE
  8
0
 10
-26.0916
 20
52.9121
 11
-26.7838
 21
53.4509
  0
LINE
  8
0
 10
-26.7838
 20
53.4509
 11
-27.5203
 21
53.9302
  0
LINE
  8
0
 10
-27.5203
 20
53.9302
 11
-28.3022
 21
54.3481
  0
LINE
  8
0
 10
-28.3022
 20
54.3481
 11
-29.1284
 21
54.7057
  0
LINE
  8
0
 10
-29.1284
 20
54.7057
 11
-29.9821
 21
54.9968
  0
LINE
  8
0
 10
-29.9821
 20
54.9968
 11
-22.5032
 21
54.9968
  0
LINE
  8
0
 10
-22.5032
 20
54.9968
 11
-22.5032
 21
47.4574
  0
LINE
  8
0
 10
-22.5032
 20
47.4574
 11
-22.8767
 21
48.405
  0
LINE
  8
0
 10
7.12326
 20
48.405
 11
6.69891
 21
49.3073
  0
LINE
  8
0
 10
6.69891
 20
49.3073
 11
6.23062
 21
50.1495
  0
LINE
  8
0
 10
6.23062
 20
50.1495
 11
5.71655
 21
50.9314
  0
LINE
  8
0
 10
5.71655
 20
50.9314
 11
5.15854
 21
51.6519
  0
LINE
  8
0
 10
5.15854
 20
51.6519
 11
4.55612
 21
52.312
  0
LINE
  8
0
 10
4.55612
 20
52.312
 11
3.90839
 21
52.9121
  0
LINE
  8
0
 10
3.90839
 20
52.9121
 11
3.21625
 21
53.4509
  0
LINE
  8
0
 10
3.21625
 20
53.4509
 11
2.47971
 21
53.9302
  0
LINE
  8
0
 10
2.47971
 20
53.9302
 11
1.69785
 21
54.3481
  0
LINE
  8
0
 10
1.69785
 20
54.3481
 11
0.871582
 21
54.7057
  0
LINE
  8
0
 10
0.871582
 20
54.7057
 11
0.0178528
 21
54.9968
  0
LINE
  8
0
 10
0.0178528
 20
54.9968
 11
7.4968
 21
54.9968
  0
LINE
  8
0
 10
7.4968
 20
54.9968
 11
7.4968
 21
47.4574
  0
LINE
  8
0
 10
7.4968
 20
47.4574
 11
7.12326
 21
48.405
  0
LINE
  8
0
 10
37.1233
 20
48.405
 11
36.6989
 21
49.3073
  0
LINE
  8
0
 10
36.6989
 20
49.3073
 11
36.2306
 21
50.1495
  0
LINE
  8
0
 10
36.2306
 20
50.1495
 11
35.7166
 21
50.9314
  0
LINE
  8
0
 10
35.7166
 20
50.9314
 11
35.1585
 21
51.6519
  0
LINE
  8
0
 10
35.1585
 20
51.6519
 11
34.5561
 21
52.312
  0
LINE
  8
0
 10
34.5561
 20
52.312
 11
33.9084
 21
52.9121
  0
LINE
  8
0
 10
33.9084
 20
52.9121
 11
33.2162
 21
53.4509
  0
LINE
  8
0
 10
33.2162
 20
53.4509
 11
32.4797
 21
53.9302
  0
LINE
  8
0
 10
32.4797
 20
53.9302
 11
31.6978
 21
54.3481
  0
LINE
  8
0
 10
31.6978
 20
54.3481
 11
30.8716
 21
54.7057
  0
LINE
  8
0
 10
30.8716
 20
54.7057
 11
30.0179
 21
54.9968
  0
LINE
  8
0
 10
30.0179
 20
54.9968
 11
37.4968
 21
54.9968
  0
LINE
  8
0
 10
37.4968
 20
54.9968
 11
37.4968
 21
47.4574
  0
LINE
  8
0
 10
37.4968
 20
47.4574
 11
37.1233
 21
48.405
  0
LINE
  8
0
 10
18.7184
 20
48.9827
 11
18.5019
 21
49.0147
  0
LINE
  8
0
 10
18.5019
 20
49.0147
 11
18.2904
 21
49.0678
  0
LINE
  8
0
 10
18.2904
 20
49.0678
 11
18.0849
 21
49.1415
  0
LINE
  8
0
 10
18.0849
 20
49.1415
 11
17.8871
 21
49.2349
  0
LINE
  8
0
 10
17.8871
 20
49.2349
 11
17.6994
 21
49.3475
  0
LINE
  8
0
 10
17.6994
 20
49.3475
 11
17.5241
 21
49.4775
  0
LINE
  8
0
 10
17.5241
 20
49.4775
 11
17.3616
 21
49.6245
  0
LINE
  8
0
 10
17.3616
 20
49.6245
 11
17.2151
 21
49.7861
  0
LINE
  8
0
 10
17.2151
 20
49.7861
 11
17.0847
 21
49.9619
  0
LINE
  8
0
 10
17.0847
 20
49.9619
 11
16.973
 21
50.1491
  0
LINE
  8
0
 10
16.973
 20
50.1491
 11
16.8791
 21
50.3473
  0
LINE
  8
0
 10
16.8791
 20
50.3473
 11
16.8054
 21
50.5528
  0
LINE
  8
0
 10
16.8054
 20
50.5528
 11
16.7523
 21
50.7652
  0
LINE
  8
0
 10
16.7523
 20
50.7652
 11
16.7203
 21
50.9813
  0
LINE
  8
0
 10
16.7203
 20
50.9813
 11
16.7097
 21
51.1992
  0
LINE
  8
0
 10
16.7097
 20
51.1992
 11
16.7207
 21
51.418
  0
LINE
  8
0
 10
16.7207
 20
51.418
 11
16.7523
 21
51.6345
  0
LINE
  8
0
 10
16.7523
 20
51.6345
 11
16.8054
 21
51.846
  0
LINE
  8
0
 10
16.8054
 20
51.846
 11
16.8791
 21
52.0515
  0
LINE
  8
0
 10
16.8791
 20
52.0515
 11
16.973
 21
52.2493
  0
LINE
  8
0
 10
16.973
 20
52.2493
 11
17.0847
 21
52.4365
  0
LINE
  8
0
 10
17.0847
 20
52.4365
 11
17.2151
 21
52.6128
  0
LINE
  8
0
 10
17.2151
 20
52.6128
 11
17.3616
 21
52.7744
  0
LINE
  8
0
 10
17.3616
 20
52.7744
 11
17.5241
 21
52.9213
  0
LINE
  8
0
 10
17.5241
 20
52.9213
 11
17.6994
 21
53.0513
  0
LINE
  8
0
 10
17.6994
 20
53.0513
 11
17.8871
 21
53.1639
  0
LINE
  8
0
 10
17.8871
 20
53.1639
 11
18.0849
 21
53.2573
  0
LINE
  8
0
 10
18.0849
 20
53.2573
 11
18.2904
 21
53.331
  0
LINE
  8
0
 10
18.2904
 20
53.331
 11
18.5028
 21
53.3841
  0
LINE
  8
0
 10
18.5028
 20
53.3841
 11
18.7189
 21
53.4166
  0
LINE
  8
0
 10
18.7189
 20
53.4166
 11
18.9372
 21
53.4267
  0
LINE
  8
0
 10
18.9372
 20
53.4267
 11
19.1556
 21
53.4161
  0
LINE
  8
0
 10
19.1556
 20
53.4161
 11
19.3721
 21
53.3841
  0
LINE
  8
0
 10
19.3721
 20
53.3841
 11
19.5836
 21
53.331
  0
LINE
  8
0
 10
19.5836
 20
53.331
 11
19.7891
 21
53.2573
  0
LINE
  8
0
 10
19.7891
 20
53.2573
 11
19.9873
 21
53.1639
  0
LINE
  8
0
 10
19.9873
 20
53.1639
 11
20.175
 21
53.0513
  0
LINE
  8
0
 10
20.175
 20
53.0513
 11
20.3503
 21
52.9213
  0
LINE
  8
0
 10
20.3503
 20
52.9213
 11
20.5124
 21
52.7744
  0
LINE
  8
0
 10
20.5124
 20
52.7744
 11
20.6589
 21
52.6128
  0
LINE
  8
0
 10
20.6589
 20
52.6128
 11
20.7893
 21
52.4365
  0
LINE
  8
0
 10
20.7893
 20
52.4365
 11
20.9015
 21
52.2493
  0
LINE
  8
0
 10
20.9015
 20
52.2493
 11
20.9949
 21
52.0515
  0
LINE
  8
0
 10
20.9949
 20
52.0515
 11
21.069
 21
51.846
  0
LINE
  8
0
 10
21.069
 20
51.846
 11
21.1221
 21
51.6336
  0
LINE
  8
0
 10
21.1221
 20
51.6336
 11
21.1542
 21
51.4175
  0
LINE
  8
0
 10
21.1542
 20
51.4175
 11
21.1642
 21
51.1992
  0
LINE
  8
0
 10
21.1642
 20
51.1992
 11
21.1537
 21
50.9808
  0
LINE
  8
0
 10
21.1537
 20
50.9808
 11
21.1217
 21
50.7643
  0
LINE
  8
0
 10
21.1217
 20
50.7643
 11
21.069
 21
50.5528
  0
LINE
  8
0
 10
21.069
 20
50.5528
 11
20.9949
 21
50.3468
  0
LINE
  8
0
 10
20.9949
 20
50.3468
 11
20.9015
 21
50.1491
  0
LINE
  8
0
 10
20.9015
 20
50.1491
 11
20.7889
 21
49.9614
  0
LINE
  8
0
 10
20.7889
 20
49.9614
 11
20.6589
 21
49.7861
  0
LINE
  8
0
 10
20.6589
 20
49.7861
 11
20.5119
 21
49.624
  0
LINE
  8
0
 10
20.5119
 20
49.624
 11
20.3503
 21
49.4775
  0
LINE
  8
0
 10
20.3503
 20
49.4775
 11
20.175
 21
49.3475
  0
LINE
  8
0
 10
20.175
 20
49.3475
 11
19.9873
 21
49.2349
  0
LINE
  8
0
 10
19.9873
 20
49.2349
 11
19.7891
 21
49.1415
  0
LINE
  8
0
 10
19.7891
 20
49.1415
 11
19.5836
 21
49.0678
  0
LINE
  8
0
 10
19.5836
 20
49.0678
 11
19.3712
 21
49.0143
  0
LINE
  8
0
 10
19.3712
 20
49.0143
 11
19.1551
 21
48.9822
  0
LINE
  8
0
 10
19.1551
 20
48.9822
 11
18.9372
 21
48.9722
  0
LINE
  8
0
 10
18.9372
 20
48.9722
 11
18.7184
 21
48.9827
  0
LINE
  8
0
 10
-41.2816
 20
48.9827
 11
-41.4981
 21
49.0147
  0
LINE
  8
0
 10
-41.4981
 20
49.0147
 11
-41.7096
 21
49.0678
  0
LINE
  8
0
 10
-41.7096
 20
49.0678
 11
-41.9151
 21
49.1415
  0
LINE
  8
0
 10
-41.9151
 20
49.1415
 11
-42.1129
 21
49.2349
  0
LINE
  8
0
 10
-42.1129
 20
49.2349
 11
-42.3006
 21
49.3475
  0
LINE
  8
0
 10
-42.3006
 20
49.3475
 11
-42.4759
 21
49.4775
  0
LINE
  8
0
 10
-42.4759
 20
49.4775
 11
-42.6384
 21
49.6245
  0
LINE
  8
0
 10
-42.6384
 20
49.6245
 11
-42.7849
 21
49.7861
  0
LINE
  8
0
 10
-42.7849
 20
49.7861
 11
-42.9153
 21
49.9619
  0
LINE
  8
0
 10
-42.9153
 20
49.9619
 11
-43.027
 21
50.1491
  0
LINE
  8
0
 10
-43.027
 20
50.1491
 11
-43.1209
 21
50.3473
  0
LINE
  8
0
 10
-43.1209
 20
50.3473
 11
-43.1946
 21
50.5528
  0
LINE
  8
0
 10
-43.1946
 20
50.5528
 11
-43.2477
 21
50.7652
  0
LINE
  8
0
 10
-43.2477
 20
50.7652
 11
-43.2797
 21
50.9813
  0
LINE
  8
0
 10
-43.2797
 20
50.9813
 11
-43.2903
 21
51.1992
  0
LINE
  8
0
 10
-43.2903
 20
51.1992
 11
-43.2793
 21
51.418
  0
LINE
  8
0
 10
-43.2793
 20
51.418
 11
-43.2477
 21
51.6345
  0
LINE
  8
0
 10
-43.2477
 20
51.6345
 11
-43.1946
 21
51.846
  0
LINE
  8
0
 10
-43.1946
 20
51.846
 11
-43.1209
 21
52.0515
  0
LINE
  8
0
 10
-43.1209
 20
52.0515
 11
-43.027
 21
52.2493
  0
LINE
  8
0
 10
-43.027
 20
52.2493
 11
-42.9153
 21
52.4365
  0
LINE
  8
0
 10
-42.9153
 20
52.4365
 11
-42.7849
 21
52.6128
  0
LINE
  8
0
 10
-42.7849
 20
52.6128
 11
-42.6384
 21
52.7744
  0
LINE
  8
0
 10
-42.6384
 20
52.7744
 11
-42.4759
 21
52.9213
  0
LINE
  8
0
 10
-42.4759
 20
52.9213
 11
-42.3006
 21
53.0513
  0
LINE
  8
0
 10
-42.3006
 20
53.0513
 11
-42.1129
 21
53.1639
  0
LINE
  8
0
 10
-42.1129
 20
53.1639
 11
-41.9151
 21
53.2573
  0
LINE
  8
0
 10
-41.9151
 20
53.2573
 11
-41.7096
 21
53.331
  0
LINE
  8
0
 10
-41.7096
 20
53.331
 11
-41.4972
 21
53.3841
  0
LINE
  8
0
 10
-41.4972
 20
53.3841
 11
-41.2811
 21
53.4166
  0
LINE
  8
0
 10
-41.2811
 20
53.4166
 11
-41.0628
 21
53.4267
  0
LINE
  8
0
 10
-41.0628
 20
53.4267
 11
-40.8444
 21
53.4161
  0
LINE
  8
0
 10
-40.8444
 20
53.4161
 11
-40.6279
 21
53.3841
  0
LINE
  8
0
 10
-40.6279
 20
53.3841
 11
-40.4164
 21
53.331
  0
LINE
  8
0
 10
-40.4164
 20
53.331
 11
-40.2109
 21
53.2573
  0
LINE
  8
0
 10
-40.2109
 20
53.2573
 11
-40.0127
 21
53.1639
  0
LINE
  8
0
 10
-40.0127
 20
53.1639
 11
-39.825
 21
53.0513
  0
LINE
  8
0
 10
-39.825
 20
53.0513
 11
-39.6497
 21
52.9213
  0
LINE
  8
0
 10
-39.6497
 20
52.9213
 11
-39.4876
 21
52.7744
  0
LINE
  8
0
 10
-39.4876
 20
52.7744
 11
-39.3411
 21
52.6128
  0
LINE
  8
0
 10
-39.3411
 20
52.6128
 11
-39.2107
 21
52.4365
  0
LINE
  8
0
 10
-39.2107
 20
52.4365
 11
-39.0985
 21
52.2493
  0
LINE
  8
0
 10
-39.0985
 20
52.2493
 11
-39.0051
 21
52.0515
  0
LINE
  8
0
 10
-39.0051
 20
52.0515
 11
-38.931
 21
51.846
  0
LINE
  8
0
 10
-38.931
 20
51.846
 11
-38.8779
 21
51.6336
  0
LINE
  8
0
 10
-38.8779
 20
51.6336
 11
-38.8458
 21
51.4175
  0
LINE
  8
0
 10
-38.8458
 20
51.4175
 11
-38.8358
 21
51.1992
  0
LINE
  8
0
 10
-38.8358
 20
51.1992
 11
-38.8463
 21
50.9808
  0
LINE
  8
0
 10
-38.8463
 20
50.9808
 11
-38.8783
 21
50.7643
  0
LINE
  8
0
 10
-38.8783
 20
50.7643
 11
-38.931
 21
50.5528
  0
LINE
  8
0
 10
-38.931
 20
50.5528
 11
-39.0051
 21
50.3468
  0
LINE
  8
0
 10
-39.0051
 20
50.3468
 11
-39.0985
 21
50.1491
  0
LINE
  8
0
 10
-39.0985
 20
50.1491
 11
-39.2111
 21
49.9614
  0
LINE
  8
0
 10
-39.2111
 20
49.9614
 11
-39.3411
 21
49.7861
  0
LINE
  8
0
 10
-39.3411
 20
49.7861
 11
-39.4881
 21
49.624
  0
LINE
  8
0
 10
-39.4881
 20
49.624
 11
-39.6497
 21
49.4775
  0
LINE
  8
0
 10
-39.6497
 20
49.4775
 11
-39.825
 21
49.3475
  0
LINE
  8
0
 10
-39.825
 20
49.3475
 11
-40.0127
 21
49.2349
  0
LINE
  8
0
 10
-40.0127
 20
49.2349
 11
-40.2109
 21
49.1415
  0
LINE
  8
0
 10
-40.2109
 20
49.1415
 11
-40.4164
 21
49.0678
  0
LINE
  8
0
 10
-40.4164
 20
49.0678
 11
-40.6288
 21
49.0143
  0
LINE
  8
0
 10
-40.6288
 20
49.0143
 11
-40.8449
 21
48.9822
  0
LINE
  8
0
 10
-40.8449
 20
48.9822
 11
-41.0628
 21
48.9722
  0
LINE
  8
0
 10
-41.0628
 20
48.9722
 11
-41.2816
 21
48.9827
  0
LINE
  8
0
 10
-11.2816
 20
48.9827
 11
-11.4981
 21
49.0147
  0
LINE
  8
0
 10
-11.4981
 20
49.0147
 11
-11.7096
 21
49.0678
  0
LINE
  8
0
 10
-11.7096
 20
49.0678
 11
-11.9151
 21
49.1415
  0
LINE
  8
0
 10
-11.9151
 20
49.1415
 11
-12.1129
 21
49.2349
  0
LINE
  8
0
 10
-12.1129
 20
49.2349
 11
-12.3006
 21
49.3475
  0
LINE
  8
0
 10
-12.3006
 20
49.3475
 11
-12.4759
 21
49.4775
  0
LINE
  8
0
 10
-12.4759
 20
49.4775
 11
-12.6384
 21
49.6245
  0
LINE
  8
0
 10
-12.6384
 20
49.6245
 11
-12.7849
 21
49.7861
  0
LINE
  8
0
 10
-12.7849
 20
49.7861
 11
-12.9153
 21
49.9619
  0
LINE
  8
0
 10
-12.9153
 20
49.9619
 11
-13.027
 21
50.1491
  0
LINE
  8
0
 10
-13.027
 20
50.1491
 11
-13.1209
 21
50.3473
  0
LINE
  8
0
 10
-13.1209
 20
50.3473
 11
-13.1946
 21
50.5528
  0
LINE
  8
0
 10
-13.1946
 20
50.5528
 11
-13.2477
 21
50.7652
  0
LINE
  8
0
 10
-13.2477
 20
50.7652
 11
-13.2797
 21
50.9813
  0
LINE
  8
0
 10
-13.2797
 20
50.9813
 11
-13.2903
 21
51.1992
  0
LINE
  8
0
 10
-13.2903
 20
51.1992
 11
-13.2793
 21
51.418
  0
LINE
  8
0
 10
-13.2793
 20
51.418
 11
-13.2477
 21
51.6345
  0
LINE
  8
0
 10
-13.2477
 20
51.6345
 11
-13.1946
 21
51.846
  0
LINE
  8
0
 10
-13.1946
 20
51.846
 11
-13.1209
 21
52.0515
  0
LINE
  8
0
 10
-13.1209
 20
52.0515
 11
-13.027
 21
52.2493
  0
LINE
  8
0
 10
-13.027
 20
52.2493
 11
-12.9153
 21
52.4365
  0
LINE
  8
0
 10
-12.9153
 20
52.4365
 11
-12.7849
 21
52.6128
  0
LINE
  8
0
 10
-12.7849
 20
52.6128
 11
-12.6384
 21
52.7744
  0
LINE
  8
0
 10
-12.6384
 20
52.7744
 11
-12.4759
 21
52.9213
  0
LINE
  8
0
 10
-12.4759
 20
52.9213
 11
-12.3006
 21
53.0513
  0
LINE
  8
0
 10
-12.3006
 20
53.0513
 11
-12.1129
 21
53.1639
  0
LINE
  8
0
 10
-12.1129
 20
53.1639
 11
-11.9151
 21
53.2573
  0
LINE
  8
0
 10
-11.9151
 20
53.2573
 11
-11.7096
 21
53.331
  0
LINE
  8
0
 10
-11.7096
 20
53.331
 11
-11.4972
 21
53.3841
  0
LINE
  8
0
 10
-11.4972
 20
53.3841
 11
-11.2811
 21
53.4166
  0
LINE
  8
0
 10
-11.2811
 20
53.4166
 11
-11.0628
 21
53.4267
  0
LINE
  8
0
 10
-11.0628
 20
53.4267
 11
-10.8444
 21
53.4161
  0
LINE
  8
0
 10
-10.8444
 20
53.4161
 11
-10.6279
 21
53.3841
  0
LINE
  8
0
 10
-10.6279
 20
53.3841
 11
-10.4164
 21
53.331
  0
LINE
  8
0
 10
-10.4164
 20
53.331
 11
-10.2109
 21
53.2573
  0
LINE
  8
0
 10
-10.2109
 20
53.2573
 11
-10.0127
 21
53.1639
  0
LINE
  8
0
 10
-10.0127
 20
53.1639
 11
-9.82498
 21
53.0513
  0
LINE
  8
0
 10
-9.82498
 20
53.0513
 11
-9.64966
 21
52.9213
  0
LINE
  8
0
 10
-9.64966
 20
52.9213
 11
-9.48761
 21
52.7744
  0
LINE
  8
0
 10
-9.48761
 20
52.7744
 11
-9.34113
 21
52.6128
  0
LINE
  8
0
 10
-9.34113
 20
52.6128
 11
-9.21066
 21
52.4365
  0
LINE
  8
0
 10
-9.21066
 20
52.4365
 11
-9.09851
 21
52.2493
  0
LINE
  8
0
 10
-9.09851
 20
52.2493
 11
-9.00513
 21
52.0515
  0
LINE
  8
0
 10
-9.00513
 20
52.0515
 11
-8.93097
 21
51.846
  0
LINE
  8
0
 10
-8.93097
 20
51.846
 11
-8.87787
 21
51.6336
  0
LINE
  8
0
 10
-8.87787
 20
51.6336
 11
-8.84583
 21
51.4175
  0
LINE
  8
0
 10
-8.84583
 20
51.4175
 11
-8.83575
 21
51.1992
  0
LINE
  8
0
 10
-8.83575
 20
51.1992
 11
-8.84628
 21
50.9808
  0
LINE
  8
0
 10
-8.84628
 20
50.9808
 11
-8.87833
 21
50.7643
  0
LINE
  8
0
 10
-8.87833
 20
50.7643
 11
-8.93097
 21
50.5528
  0
LINE
  8
0
 10
-8.93097
 20
50.5528
 11
-9.00513
 21
50.3468
  0
LINE
  8
0
 10
-9.00513
 20
50.3468
 11
-9.09851
 21
50.1491
  0
LINE
  8
0
 10
-9.09851
 20
50.1491
 11
-9.21112
 21
49.9614
  0
LINE
  8
0
 10
-9.21112
 20
49.9614
 11
-9.34113
 21
49.7861
  0
LINE
  8
0
 10
-9.34113
 20
49.7861
 11
-9.48807
 21
49.624
  0
LINE
  8
0
 10
-9.48807
 20
49.624
 11
-9.64966
 21
49.4775
  0
LINE
  8
0
 10
-9.64966
 20
49.4775
 11
-9.82498
 21
49.3475
  0
LINE
  8
0
 10
-9.82498
 20
49.3475
 11
-10.0127
 21
49.2349
  0
LINE
  8
0
 10
-10.0127
 20
49.2349
 11
-10.2109
 21
49.1415
  0
LINE
  8
0
 10
-10.2109
 20
49.1415
 11
-10.4164
 21
49.0678
  0
LINE
  8
0
 10
-10.4164
 20
49.0678
 11
-10.6288
 21
49.0143
  0
LINE
  8
0
 10
-10.6288
 20
49.0143
 11
-10.8449
 21
48.9822
  0
LINE
  8
0
 10
-10.8449
 20
48.9822
 11
-11.0628
 21
48.9722
  0
LINE
  8
0
 10
-11.0628
 20
48.9722
 11
-11.2816
 21
48.9827
  0
LINE
  8
0
 10
10.9808
 20
48.8463
 11
10.7643
 21
48.8783
  0
LINE
  8
0
 10
10.7643
 20
48.8783
 11
10.5528
 21
48.931
  0
LINE
  8
0
 10
10.5528
 20
48.931
 11
10.3473
 21
49.0051
  0
LINE
  8
0
 10
10.3473
 20
49.0051
 11
10.1491
 21
49.0985
  0
LINE
  8
0
 10
10.1491
 20
49.0985
 11
9.9614
 21
49.2111
  0
LINE
  8
0
 10
9.9614
 20
49.2111
 11
9.78607
 21
49.3411
  0
LINE
  8
0
 10
9.78607
 20
49.3411
 11
9.62402
 21
49.4881
  0
LINE
  8
0
 10
9.62402
 20
49.4881
 11
9.47754
 21
49.6497
  0
LINE
  8
0
 10
9.47754
 20
49.6497
 11
9.34708
 21
49.8254
  0
LINE
  8
0
 10
9.34708
 20
49.8254
 11
9.23492
 21
50.0127
  0
LINE
  8
0
 10
9.23492
 20
50.0127
 11
9.14154
 21
50.2109
  0
LINE
  8
0
 10
9.14154
 20
50.2109
 11
9.06784
 21
50.4164
  0
LINE
  8
0
 10
9.06784
 20
50.4164
 11
9.01428
 21
50.6288
  0
LINE
  8
0
 10
9.01428
 20
50.6288
 11
8.98224
 21
50.8449
  0
LINE
  8
0
 10
8.98224
 20
50.8449
 11
8.97217
 21
51.0628
  0
LINE
  8
0
 10
8.97217
 20
51.0628
 11
8.9827
 21
51.2816
  0
LINE
  8
0
 10
8.9827
 20
51.2816
 11
9.01474
 21
51.4981
  0
LINE
  8
0
 10
9.01474
 20
51.4981
 11
9.06784
 21
51.7096
  0
LINE
  8
0
 10
9.06784
 20
51.7096
 11
9.14154
 21
51.9151
  0
LINE
  8
0
 10
9.14154
 20
51.9151
 11
9.23492
 21
52.1129
  0
LINE
  8
0
 10
9.23492
 20
52.1129
 11
9.34708
 21
52.3001
  0
LINE
  8
0
 10
9.34708
 20
52.3001
 11
9.47754
 21
52.4759
  0
LINE
  8
0
 10
9.47754
 20
52.4759
 11
9.62402
 21
52.6379
  0
LINE
  8
0
 10
9.62402
 20
52.6379
 11
9.78607
 21
52.7849
  0
LINE
  8
0
 10
9.78607
 20
52.7849
 11
9.9614
 21
52.9149
  0
LINE
  8
0
 10
9.9614
 20
52.9149
 11
10.1491
 21
53.027
  0
LINE
  8
0
 10
10.1491
 20
53.027
 11
10.3473
 21
53.1209
  0
LINE
  8
0
 10
10.3473
 20
53.1209
 11
10.5528
 21
53.1946
  0
LINE
  8
0
 10
10.5528
 20
53.1946
 11
10.7652
 21
53.2477
  0
LINE
  8
0
 10
10.7652
 20
53.2477
 11
10.9813
 21
53.2797
  0
LINE
  8
0
 10
10.9813
 20
53.2797
 11
11.1992
 21
53.2903
  0
LINE
  8
0
 10
11.1992
 20
53.2903
 11
11.418
 21
53.2793
  0
LINE
  8
0
 10
11.418
 20
53.2793
 11
11.6345
 21
53.2477
  0
LINE
  8
0
 10
11.6345
 20
53.2477
 11
11.846
 21
53.1946
  0
LINE
  8
0
 10
11.846
 20
53.1946
 11
12.0515
 21
53.1209
  0
LINE
  8
0
 10
12.0515
 20
53.1209
 11
12.2493
 21
53.027
  0
LINE
  8
0
 10
12.2493
 20
53.027
 11
12.437
 21
52.9149
  0
LINE
  8
0
 10
12.437
 20
52.9149
 11
12.6128
 21
52.7849
  0
LINE
  8
0
 10
12.6128
 20
52.7849
 11
12.7748
 21
52.6379
  0
LINE
  8
0
 10
12.7748
 20
52.6379
 11
12.9213
 21
52.4759
  0
LINE
  8
0
 10
12.9213
 20
52.4759
 11
13.0518
 21
52.3001
  0
LINE
  8
0
 10
13.0518
 20
52.3001
 11
13.1639
 21
52.1129
  0
LINE
  8
0
 10
13.1639
 20
52.1129
 11
13.2573
 21
51.9151
  0
LINE
  8
0
 10
13.2573
 20
51.9151
 11
13.331
 21
51.7096
  0
LINE
  8
0
 10
13.331
 20
51.7096
 11
13.3841
 21
51.4972
  0
LINE
  8
0
 10
13.3841
 20
51.4972
 11
13.4166
 21
51.2811
  0
LINE
  8
0
 10
13.4166
 20
51.2811
 11
13.4267
 21
51.0628
  0
LINE
  8
0
 10
13.4267
 20
51.0628
 11
13.4161
 21
50.8444
  0
LINE
  8
0
 10
13.4161
 20
50.8444
 11
13.3836
 21
50.6279
  0
LINE
  8
0
 10
13.3836
 20
50.6279
 11
13.331
 21
50.4164
  0
LINE
  8
0
 10
13.331
 20
50.4164
 11
13.2573
 21
50.2104
  0
LINE
  8
0
 10
13.2573
 20
50.2104
 11
13.1639
 21
50.0127
  0
LINE
  8
0
 10
13.1639
 20
50.0127
 11
13.0513
 21
49.825
  0
LINE
  8
0
 10
13.0513
 20
49.825
 11
12.9213
 21
49.6497
  0
LINE
  8
0
 10
12.9213
 20
49.6497
 11
12.7744
 21
49.4876
  0
LINE
  8
0
 10
12.7744
 20
49.4876
 11
12.6128
 21
49.3411
  0
LINE
  8
0
 10
12.6128
 20
49.3411
 11
12.437
 21
49.2111
  0
LINE
  8
0
 10
12.437
 20
49.2111
 11
12.2493
 21
49.0985
  0
LINE
  8
0
 10
12.2493
 20
49.0985
 11
12.0515
 21
49.0051
  0
LINE
  8
0
 10
12.0515
 20
49.0051
 11
11.846
 21
48.931
  0
LINE
  8
0
 10
11.846
 20
48.931
 11
11.6336
 21
48.8779
  0
LINE
  8
0
 10
11.6336
 20
48.8779
 11
11.4175
 21
48.8458
  0
LINE
  8
0
 10
11.4175
 20
48.8458
 11
11.1992
 21
48.8358
  0
LINE
  8
0
 10
11.1992
 20
48.8358
 11
10.9808
 21
48.8463
  0
LINE
  8
0
 10
-19.0192
 20
48.8463
 11
-19.2357
 21
48.8783
  0
LINE
  8
0
 10
-19.2357
 20
48.8783
 11
-19.4472
 21
48.931
  0
LINE
  8
0
 10
-19.4472
 20
48.931
 11
-19.6527
 21
49.0051
  0
LINE
  8
0
 10
-19.6527
 20
49.0051
 11
-19.8509
 21
49.0985
  0
LINE
  8
0
 10
-19.8509
 20
49.0985
 11
-20.0386
 21
49.2111
  0
LINE
  8
0
 10
-20.0386
 20
49.2111
 11
-20.2139
 21
49.3411
  0
LINE
  8
0
 10
-20.2139
 20
49.3411
 11
-20.376
 21
49.4881
  0
LINE
  8
0
 10
-20.376
 20
49.4881
 11
-20.5225
 21
49.6497
  0
LINE
  8
0
 10
-20.5225
 20
49.6497
 11
-20.6529
 21
49.8254
  0
LINE
  8
0
 10
-20.6529
 20
49.8254
 11
-20.7651
 21
50.0127
  0
LINE
  8
0
 10
-20.7651
 20
50.0127
 11
-20.8585
 21
50.2109
  0
LINE
  8
0
 10
-20.8585
 20
50.2109
 11
-20.9322
 21
50.4164
  0
LINE
  8
0
 10
-20.9322
 20
50.4164
 11
-20.9857
 21
50.6288
  0
LINE
  8
0
 10
-20.9857
 20
50.6288
 11
-21.0178
 21
50.8449
  0
LINE
  8
0
 10
-21.0178
 20
50.8449
 11
-21.0278
 21
51.0628
  0
LINE
  8
0
 10
-21.0278
 20
51.0628
 11
-21.0173
 21
51.2816
  0
LINE
  8
0
 10
-21.0173
 20
51.2816
 11
-20.9853
 21
51.4981
  0
LINE
  8
0
 10
-20.9853
 20
51.4981
 11
-20.9322
 21
51.7096
  0
LINE
  8
0
 10
-20.9322
 20
51.7096
 11
-20.8585
 21
51.9151
  0
LINE
  8
0
 10
-20.8585
 20
51.9151
 11
-20.7651
 21
52.1129
  0
LINE
  8
0
 10
-20.7651
 20
52.1129
 11
-20.6529
 21
52.3001
  0
LINE
  8
0
 10
-20.6529
 20
52.3001
 11
-20.5225
 21
52.4759
  0
LINE
  8
0
 10
-20.5225
 20
52.4759
 11
-20.376
 21
52.6379
  0
LINE
  8
0
 10
-20.376
 20
52.6379
 11
-20.2139
 21
52.7849
  0
LINE
  8
0
 10
-20.2139
 20
52.7849
 11
-20.0386
 21
52.9149
  0
LINE
  8
0
 10
-20.0386
 20
52.9149
 11
-19.8509
 21
53.027
  0
LINE
  8
0
 10
-19.8509
 20
53.027
 11
-19.6527
 21
53.1209
  0
LINE
  8
0
 10
-19.6527
 20
53.1209
 11
-19.4472
 21
53.1946
  0
LINE
  8
0
 10
-19.4472
 20
53.1946
 11
-19.2348
 21
53.2477
  0
LINE
  8
0
 10
-19.2348
 20
53.2477
 11
-19.0187
 21
53.2797
  0
LINE
  8
0
 10
-19.0187
 20
53.2797
 11
-18.8008
 21
53.2903
  0
LINE
  8
0
 10
-18.8008
 20
53.2903
 11
-18.582
 21
53.2793
  0
LINE
  8
0
 10
-18.582
 20
53.2793
 11
-18.3655
 21
53.2477
  0
LINE
  8
0
 10
-18.3655
 20
53.2477
 11
-18.154
 21
53.1946
  0
LINE
  8
0
 10
-18.154
 20
53.1946
 11
-17.9485
 21
53.1209
  0
LINE
  8
0
 10
-17.9485
 20
53.1209
 11
-17.7507
 21
53.027
  0
LINE
  8
0
 10
-17.7507
 20
53.027
 11
-17.563
 21
52.9149
  0
LINE
  8
0
 10
-17.563
 20
52.9149
 11
-17.3872
 21
52.7849
  0
LINE
  8
0
 10
-17.3872
 20
52.7849
 11
-17.2252
 21
52.6379
  0
LINE
  8
0
 10
-17.2252
 20
52.6379
 11
-17.0787
 21
52.4759
  0
LINE
  8
0
 10
-17.0787
 20
52.4759
 11
-16.9482
 21
52.3001
  0
LINE
  8
0
 10
-16.9482
 20
52.3001
 11
-16.8361
 21
52.1129
  0
LINE
  8
0
 10
-16.8361
 20
52.1129
 11
-16.7427
 21
51.9151
  0
LINE
  8
0
 10
-16.7427
 20
51.9151
 11
-16.669
 21
51.7096
  0
LINE
  8
0
 10
-16.669
 20
51.7096
 11
-16.6159
 21
51.4972
  0
LINE
  8
0
 10
-16.6159
 20
51.4972
 11
-16.5834
 21
51.2811
  0
LINE
  8
0
 10
-16.5834
 20
51.2811
 11
-16.5733
 21
51.0628
  0
LINE
  8
0
 10
-16.5733
 20
51.0628
 11
-16.5839
 21
50.8444
  0
LINE
  8
0
 10
-16.5839
 20
50.8444
 11
-16.6164
 21
50.6279
  0
LINE
  8
0
 10
-16.6164
 20
50.6279
 11
-16.669
 21
50.4164
  0
LINE
  8
0
 10
-16.669
 20
50.4164
 11
-16.7427
 21
50.2104
  0
LINE
  8
0
 10
-16.7427
 20
50.2104
 11
-16.8361
 21
50.0127
  0
LINE
  8
0
 10
-16.8361
 20
50.0127
 11
-16.9487
 21
49.825
  0
LINE
  8
0
 10
-16.9487
 20
49.825
 11
-17.0787
 21
49.6497
  0
LINE
  8
0
 10
-17.0787
 20
49.6497
 11
-17.2256
 21
49.4876
  0
LINE
  8
0
 10
-17.2256
 20
49.4876
 11
-17.3872
 21
49.3411
  0
LINE
  8
0
 10
-17.3872
 20
49.3411
 11
-17.563
 21
49.2111
  0
LINE
  8
0
 10
-17.563
 20
49.2111
 11
-17.7507
 21
49.0985
  0
LINE
  8
0
 10
-17.7507
 20
49.0985
 11
-17.9485
 21
49.0051
  0
LINE
  8
0
 10
-17.9485
 20
49.0051
 11
-18.154
 21
48.931
  0
LINE
  8
0
 10
-18.154
 20
48.931
 11
-18.3664
 21
48.8779
  0
LINE
  8
0
 10
-18.3664
 20
48.8779
 11
-18.5825
 21
48.8458
  0
LINE
  8
0
 10
-18.5825
 20
48.8458
 11
-18.8008
 21
48.8358
  0
LINE
  8
0
 10
-18.8008
 20
48.8358
 11
-19.0192
 21
48.8463
  0
LINE
  8
0
 10
40.9808
 20
48.8463
 11
40.7643
 21
48.8783
  0
LINE
  8
0
 10
40.7643
 20
48.8783
 11
40.5528
 21
48.931
  0
LINE
  8
0
 10
40.5528
 20
48.931
 11
40.3473
 21
49.0051
  0
LINE
  8
0
 10
40.3473
 20
49.0051
 11
40.1491
 21
49.0985
  0
LINE
  8
0
 10
40.1491
 20
49.0985
 11
39.9614
 21
49.2111
  0
LINE
  8
0
 10
39.9614
 20
49.2111
 11
39.7861
 21
49.3411
  0
LINE
  8
0
 10
39.7861
 20
49.3411
 11
39.624
 21
49.4881
  0
LINE
  8
0
 10
39.624
 20
49.4881
 11
39.4775
 21
49.6497
  0
LINE
  8
0
 10
39.4775
 20
49.6497
 11
39.3471
 21
49.8254
  0
LINE
  8
0
 10
39.3471
 20
49.8254
 11
39.2349
 21
50.0127
  0
LINE
  8
0
 10
39.2349
 20
50.0127
 11
39.1415
 21
50.2109
  0
LINE
  8
0
 10
39.1415
 20
50.2109
 11
39.0678
 21
50.4164
  0
LINE
  8
0
 10
39.0678
 20
50.4164
 11
39.0143
 21
50.6288
  0
LINE
  8
0
 10
39.0143
 20
50.6288
 11
38.9822
 21
50.8449
  0
LINE
  8
0
 10
38.9822
 20
50.8449
 11
38.9722
 21
51.0628
  0
LINE
  8
0
 10
38.9722
 20
51.0628
 11
38.9827
 21
51.2816
  0
LINE
  8
0
 10
38.9827
 20
51.2816
 11
39.0147
 21
51.4981
  0
LINE
  8
0
 10
39.0147
 20
51.4981
 11
39.0678
 21
51.7096
  0
LINE
  8
0
 10
39.0678
 20
51.7096
 11
39.1415
 21
51.9151
  0
LINE
  8
0
 10
39.1415
 20
51.9151
 11
39.2349
 21
52.1129
  0
LINE
  8
0
 10
39.2349
 20
52.1129
 11
39.3471
 21
52.3001
  0
LINE
  8
0
 10
39.3471
 20
52.3001
 11
39.4775
 21
52.4759
  0
LINE
  8
0
 10
39.4775
 20
52.4759
 11
39.624
 21
52.6379
  0
LINE
  8
0
 10
39.624
 20
52.6379
 11
39.7861
 21
52.7849
  0
LINE
  8
0
 10
39.7861
 20
52.7849
 11
39.9614
 21
52.9149
  0
LINE
  8
0
 10
39.9614
 20
52.9149
 11
40.1491
 21
53.027
  0
LINE
  8
0
 10
40.1491
 20
53.027
 11
40.3473
 21
53.1209
  0
LINE
  8
0
 10
40.3473
 20
53.1209
 11
40.5528
 21
53.1946
  0
LINE
  8
0
 10
40.5528
 20
53.1946
 11
40.7652
 21
53.2477
  0
LINE
  8
0
 10
40.7652
 20
53.2477
 11
40.9813
 21
53.2797
  0
LINE
  8
0
 10
40.9813
 20
53.2797
 11
41.1992
 21
53.2903
  0
LINE
  8
0
 10
41.1992
 20
53.2903
 11
41.418
 21
53.2793
  0
LINE
  8
0
 10
41.418
 20
53.2793
 11
41.6345
 21
53.2477
  0
LINE
  8
0
 10
41.6345
 20
53.2477
 11
41.846
 21
53.1946
  0
LINE
  8
0
 10
41.846
 20
53.1946
 11
42.0515
 21
53.1209
  0
LINE
  8
0
 10
42.0515
 20
53.1209
 11
42.2493
 21
53.027
  0
LINE
  8
0
 10
42.2493
 20
53.027
 11
42.437
 21
52.9149
  0
LINE
  8
0
 10
42.437
 20
52.9149
 11
42.6128
 21
52.7849
  0
LINE
  8
0
 10
42.6128
 20
52.7849
 11
42.7748
 21
52.6379
  0
LINE
  8
0
 10
42.7748
 20
52.6379
 11
42.9213
 21
52.4759
  0
LINE
  8
0
 10
42.9213
 20
52.4759
 11
43.0518
 21
52.3001
  0
LINE
  8
0
 10
43.0518
 20
52.3001
 11
43.1639
 21
52.1129
  0
LINE
  8
0
 10
43.1639
 20
52.1129
 11
43.2573
 21
51.9151
  0
LINE
  8
0
 10
43.2573
 20
51.9151
 11
43.331
 21
51.7096
  0
LINE
  8
0
 10
43.331
 20
51.7096
 11
43.3841
 21
51.4972
  0
LINE
  8
0
 10
43.3841
 20
51.4972
 11
43.4166
 21
51.2811
  0
LINE
  8
0
 10
43.4166
 20
51.2811
 11
43.4267
 21
51.0628
  0
LINE
  8
0
 10
43.4267
 20
51.0628
 11
43.4161
 21
50.8444
  0
LINE
  8
0
 10
43.4161
 20
50.8444
 11
43.3836
 21
50.6279
  0
LINE
  8
0
 10
43.3836
 20
50.6279
 11
43.331
 21
50.4164
  0
LINE
  8
0
 10
43.331
 20
50.4164
 11
43.2573
 21
50.2104
  0
LINE
  8
0
 10
43.2573
 20
50.2104
 11
43.1639
 21
50.0127
  0
LINE
  8
0
 10
43.1639
 20
50.0127
 11
43.0513
 21
49.825
  0
LINE
  8
0
 10
43.0513
 20
49.825
 11
42.9213
 21
49.6497
  0
LINE
  8
0
 10
42.9213
 20
49.6497
 11
42.7744
 21
49.4876
  0
LINE
  8
0
 10
42.7744
 20
49.4876
 11
42.6128
 21
49.3411
  0
LINE
  8
0
 10
42.6128
 20
49.3411
 11
42.437
 21
49.2111
  0
LINE
  8
0
 10
42.437
 20
49.2111
 11
42.2493
 21
49.0985
  0
LINE
  8
0
 10
42.2493
 20
49.0985
 11
42.0515
 21
49.0051
  0
LINE
  8
0
 10
42.0515
 20
49.0051
 11
41.846
 21
48.931
  0
LINE
  8
0
 10
41.846
 20
48.931
 11
41.6336
 21
48.8779
  0
LINE
  8
0
 10
41.6336
 20
48.8779
 11
41.4175
 21
48.8458
  0
LINE
  8
0
 10
41.4175
 20
48.8458
 11
41.1992
 21
48.8358
  0
LINE
  8
0
 10
41.1992
 20
48.8358
 11
40.9808
 21
48.8463
  0
LINE
  8
0
 10
30.0032
 20
32.5032
 11
30.0032
 21
35.4434
  0
LINE
  8
0
 10
30.0032
 20
35.4434
 11
22.5032
 21
35.4434
  0
LINE
  8
0
 10
22.5032
 20
35.4434
 11
22.5032
 21
39.9968
  0
LINE
  8
0
 10
22.5032
 20
39.9968
 11
25.4434
 21
39.9968
  0
LINE
  8
0
 10
25.4434
 20
39.9968
 11
25.4434
 21
47.4968
  0
LINE
  8
0
 10
25.4434
 20
47.4968
 11
29.9968
 21
47.4968
  0
LINE
  8
0
 10
29.9968
 20
47.4968
 11
29.9968
 21
44.5566
  0
LINE
  8
0
 10
29.9968
 20
44.5566
 11
37.4968
 21
44.5566
  0
LINE
  8
0
 10
37.4968
 20
44.5566
 11
37.4968
 21
40.0032
  0
LINE
  8
0
 10
37.4968
 20
40.0032
 11
34.5566
 21
40.0032
  0
LINE
  8
0
 10
34.5566
 20
40.0032
 11
34.5566
 21
32.5032
  0
LINE
  8
0
 10
34.5566
 20
32.5032
 11
30.0032
 21
32.5032
  0
LINE
  8
0
 10
-29.9968
 20
32.5032
 11
-29.9968
 21
35.4434
  0
LINE
  8
0
 10
-29.9968
 20
35.4434
 11
-37.4968
 21
35.4434
  0
LINE
  8
0
 10
-37.4968
 20
35.4434
 11
-37.4968
 21
39.9968
  0
LINE
  8
0
 10
-37.4968
 20
39.9968
 11
-34.5566
 21
39.9968
  0
LINE
  8
0
 10
-34.5566
 20
39.9968
 11
-34.5566
 21
47.4968
  0
LINE
  8
0
 10
-34.5566
 20
47.4968
 11
-30.0032
 21
47.4968
  0
LINE
  8
0
 10
-30.0032
 20
47.4968
 11
-30.0032
 21
44.5566
  0
LINE
  8
0
 10
-30.0032
 20
44.5566
 11
-22.5032
 21
44.5566
  0
LINE
  8
0
 10
-22.5032
 20
44.5566
 11
-22.5032
 21
40.0032
  0
LINE
  8
0
 10
-22.5032
 20
40.0032
 11
-25.4434
 21
40.0032
  0
LINE
  8
0
 10
-25.4434
 20
40.0032
 11
-25.4434
 21
32.5032
  0
LINE
  8
0
 10
-25.4434
 20
32.5032
 11
-29.9968
 21
32.5032
  0
LINE
  8
0
 10
15.0032
 20
47.4968
 11
22.5426
 21
47.4968
  0
LINE
  8
0
 10
22.5426
 20
47.4968
 11
21.595
 21
47.1233
  0
LINE
  8
0
 10
21.595
 20
47.1233
 11
20.6927
 21
46.6989
  0
LINE
  8
0
 10
20.6927
 20
46.6989
 11
19.8505
 21
46.2306
  0
LINE
  8
0
 10
19.8505
 20
46.2306
 11
19.0686
 21
45.7166
  0
LINE
  8
0
 10
19.0686
 20
45.7166
 11
18.3481
 21
45.1585
  0
LINE
  8
0
 10
18.3481
 20
45.1585
 11
17.688
 21
44.5561
  0
LINE
  8
0
 10
17.688
 20
44.5561
 11
17.0879
 21
43.9084
  0
LINE
  8
0
 10
17.0879
 20
43.9084
 11
16.5491
 21
43.2162
  0
LINE
  8
0
 10
16.5491
 20
43.2162
 11
16.0698
 21
42.4797
  0
LINE
  8
0
 10
16.0698
 20
42.4797
 11
15.6519
 21
41.6978
  0
LINE
  8
0
 10
15.6519
 20
41.6978
 11
15.2943
 21
40.8716
  0
LINE
  8
0
 10
15.2943
 20
40.8716
 11
15.0032
 21
40.0179
  0
LINE
  8
0
 10
15.0032
 20
40.0179
 11
15.0032
 21
47.4968
  0
LINE
  8
0
 10
45.0032
 20
47.4968
 11
46.9498
 21
47.4968
  0
LINE
  8
0
 10
46.9498
 20
47.4968
 11
47.8556
 21
44.7091
  0
LINE
  8
0
 10
47.8556
 20
44.7091
 11
47.688
 21
44.5561
  0
LINE
  8
0
 10
47.688
 20
44.5561
 11
47.0879
 21
43.9084
  0
LINE
  8
0
 10
47.0879
 20
43.9084
 11
46.5491
 21
43.2162
  0
LINE
  8
0
 10
46.5491
 20
43.2162
 11
46.0698
 21
42.4797
  0
LINE
  8
0
 10
46.0698
 20
42.4797
 11
45.6519
 21
41.6978
  0
LINE
  8
0
 10
45.6519
 20
41.6978
 11
45.2943
 21
40.8716
  0
LINE
  8
0
 10
45.2943
 20
40.8716
 11
45.0032
 21
40.0179
  0
LINE
  8
0
 10
45.0032
 20
40.0179
 11
45.0032
 21
47.4968
  0
LINE
  8
0
 10
0.00320435
 20
32.5032
 11
0.00320435
 21
35.4434
  0
LINE
  8
0
 10
0.00320435
 20
35.4434
 11
-7.4968
 21
35.4434
  0
LINE
  8
0
 10
-7.4968
 20
35.4434
 11
-7.4968
 21
39.9968
  0
LINE
  8
0
 10
-7.4968
 20
39.9968
 11
-4.55658
 21
39.9968
  0
LINE
  8
0
 10
-4.55658
 20
39.9968
 11
-4.55658
 21
47.4968
  0
LINE
  8
0
 10
-4.55658
 20
47.4968
 11
-0.00320435
 21
47.4968
  0
LINE
  8
0
 10
-0.00320435
 20
47.4968
 11
-0.00320435
 21
44.5566
  0
LINE
  8
0
 10
-0.00320435
 20
44.5566
 11
7.4968
 21
44.5566
  0
LINE
  8
0
 10
7.4968
 20
44.5566
 11
7.4968
 21
40.0032
  0
LINE
  8
0
 10
7.4968
 20
40.0032
 11
4.55658
 21
40.0032
  0
LINE
  8
0
 10
4.55658
 20
40.0032
 11
4.55658
 21
32.5032
  0
LINE
  8
0
 10
4.55658
 20
32.5032
 11
0.00320435
 21
32.5032
  0
LINE
  8
0
 10
-14.9968
 20
47.4968
 11
-7.45743
 21
47.4968
  0
LINE
  8
0
 10
-7.45743
 20
47.4968
 11
-8.405
 21
47.1233
  0
LINE
  8
0
 10
-8.405
 20
47.1233
 11
-9.30725
 21
46.6989
  0
LINE
  8
0
 10
-9.30725
 20
46.6989
 11
-10.1495
 21
46.2306
  0
LINE
  8
0
 10
-10.1495
 20
46.2306
 11
-10.9314
 21
45.7166
  0
LINE
  8
0
 10
-10.9314
 20
45.7166
 11
-11.6519
 21
45.1585
  0
LINE
  8
0
 10
-11.6519
 20
45.1585
 11
-12.312
 21
44.5561
  0
LINE
  8
0
 10
-12.312
 20
44.5561
 11
-12.9121
 21
43.9084
  0
LINE
  8
0
 10
-12.9121
 20
43.9084
 11
-13.4509
 21
43.2162
  0
LINE
  8
0
 10
-13.4509
 20
43.2162
 11
-13.9302
 21
42.4797
  0
LINE
  8
0
 10
-13.9302
 20
42.4797
 11
-14.3481
 21
41.6978
  0
LINE
  8
0
 10
-14.3481
 20
41.6978
 11
-14.7057
 21
40.8716
  0
LINE
  8
0
 10
-14.7057
 20
40.8716
 11
-14.9968
 21
40.0179
  0
LINE
  8
0
 10
-14.9968
 20
40.0179
 11
-14.9968
 21
47.4968
  0
LINE
  8
0
 10
-44.9968
 20
47.4968
 11
-37.4574
 21
47.4968
  0
LINE
  8
0
 10
-37.4574
 20
47.4968
 11
-38.405
 21
47.1233
  0
LINE
  8
0
 10
-38.405
 20
47.1233
 11
-39.3073
 21
46.6989
  0
LINE
  8
0
 10
-39.3073
 20
46.6989
 11
-40.1495
 21
46.2306
  0
LINE
  8
0
 10
-40.1495
 20
46.2306
 11
-40.9314
 21
45.7166
  0
LINE
  8
0
 10
-40.9314
 20
45.7166
 11
-41.6519
 21
45.1585
  0
LINE
  8
0
 10
-41.6519
 20
45.1585
 11
-42.312
 21
44.5561
  0
LINE
  8
0
 10
-42.312
 20
44.5561
 11
-42.9121
 21
43.9084
  0
LINE
  8
0
 10
-42.9121
 20
43.9084
 11
-43.4509
 21
43.2162
  0
LINE
  8
0
 10
-43.4509
 20
43.2162
 11
-43.9302
 21
42.4797
  0
LINE
  8
0
 10
-43.9302
 20
42.4797
 11
-44.3481
 21
41.6978
  0
LINE
  8
0
 10
-44.3481
 20
41.6978
 11
-44.7057
 21
40.8716
  0
LINE
  8
0
 10
-44.7057
 20
40.8716
 11
-44.9968
 21
40.0179
  0
LINE
  8
0
 10
-44.9968
 20
40.0179
 11
-44.9968
 21
47.4968
  0
LINE
  8
0
 10
-51.8215
 20
32.5032
 11
-51.7156
 21
32.8292
  0
LINE
  8
0
 10
-51.7156
 20
32.8292
 11
-51.595
 21
32.8767
  0
LINE
  8
0
 10
-51.595
 20
32.8767
 11
-50.6927
 21
33.3011
  0
LINE
  8
0
 10
-50.6927
 20
33.3011
 11
-49.8505
 21
33.7694
  0
LINE
  8
0
 10
-49.8505
 20
33.7694
 11
-49.0686
 21
34.2834
  0
LINE
  8
0
 10
-49.0686
 20
34.2834
 11
-48.3481
 21
34.8415
  0
LINE
  8
0
 10
-48.3481
 20
34.8415
 11
-47.688
 21
35.4439
  0
LINE
  8
0
 10
-47.688
 20
35.4439
 11
-47.0879
 21
36.0916
  0
LINE
  8
0
 10
-47.0879
 20
36.0916
 11
-46.5491
 21
36.7838
  0
LINE
  8
0
 10
-46.5491
 20
36.7838
 11
-46.0698
 21
37.5203
  0
LINE
  8
0
 10
-46.0698
 20
37.5203
 11
-45.6519
 21
38.3022
  0
LINE
  8
0
 10
-45.6519
 20
38.3022
 11
-45.2943
 21
39.1284
  0
LINE
  8
0
 10
-45.2943
 20
39.1284
 11
-45.0032
 21
39.9821
  0
LINE
  8
0
 10
-45.0032
 20
39.9821
 11
-45.0032
 21
32.5032
  0
LINE
  8
0
 10
-45.0032
 20
32.5032
 11
-51.8215
 21
32.5032
  0
LINE
  8
0
 10
-22.5426
 20
32.5032
 11
-21.595
 21
32.8767
  0
LINE
  8
0
 10
-21.595
 20
32.8767
 11
-20.6927
 21
33.3011
  0
LINE
  8
0
 10
-20.6927
 20
33.3011
 11
-19.8505
 21
33.7694
  0
LINE
  8
0
 10
-19.8505
 20
33.7694
 11
-19.0686
 21
34.2834
  0
LINE
  8
0
 10
-19.0686
 20
34.2834
 11
-18.3481
 21
34.8415
  0
LINE
  8
0
 10
-18.3481
 20
34.8415
 11
-17.688
 21
35.4439
  0
LINE
  8
0
 10
-17.688
 20
35.4439
 11
-17.0879
 21
36.0916
  0
LINE
  8
0
 10
-17.0879
 20
36.0916
 11
-16.5491
 21
36.7838
  0
LINE
  8
0
 10
-16.5491
 20
36.7838
 11
-16.0698
 21
37.5203
  0
LINE
  8
0
 10
-16.0698
 20
37.5203
 11
-15.6519
 21
38.3022
  0
LINE
  8
0
 10
-15.6519
 20
38.3022
 11
-15.2943
 21
39.1284
  0
LINE
  8
0
 10
-15.2943
 20
39.1284
 11
-15.0032
 21
39.9821
  0
LINE
  8
0
 10
-15.0032
 20
39.9821
 11
-15.0032
 21
32.5032
  0
LINE
  8
0
 10
-15.0032
 20
32.5032
 11
-22.5426
 21
32.5032
  0
LINE
  8
0
 10
37.4574
 20
32.5032
 11
38.405
 21
32.8767
  0
LINE
  8
0
 10
38.405
 20
32.8767
 11
39.3073
 21
33.3011
  0
LINE
  8
0
 10
39.3073
 20
33.3011
 11
40.1495
 21
33.7694
  0
LINE
  8
0
 10
40.1495
 20
33.7694
 11
40.9314
 21
34.2834
  0
LINE
  8
0
 10
40.9314
 20
34.2834
 11
41.6519
 21
34.8415
  0
LINE
  8
0
 10
41.6519
 20
34.8415
 11
42.312
 21
35.4439
  0
LINE
  8
0
 10
42.312
 20
35.4439
 11
42.9121
 21
36.0916
  0
LINE
  8
0
 10
42.9121
 20
36.0916
 11
43.4509
 21
36.7838
  0
LINE
  8
0
 10
43.4509
 20
36.7838
 11
43.9302
 21
37.5203
  0
LINE
  8
0
 10
43.9302
 20
37.5203
 11
44.3481
 21
38.3022
  0
LINE
  8
0
 10
44.3481
 20
38.3022
 11
44.7057
 21
39.1284
  0
LINE
  8
0
 10
44.7057
 20
39.1284
 11
44.9968
 21
39.9821
  0
LINE
  8
0
 10
44.9968
 20
39.9821
 11
44.9968
 21
32.5032
  0
LINE
  8
0
 10
44.9968
 20
32.5032
 11
37.4574
 21
32.5032
  0
LINE
  8
0
 10
7.45743
 20
32.5032
 11
8.405
 21
32.8767
  0
LINE
  8
0
 10
8.405
 20
32.8767
 11
9.30725
 21
33.3011
  0
LINE
  8
0
 10
9.30725
 20
33.3011
 11
10.1495
 21
33.7694
  0
LINE
  8
0
 10
10.1495
 20
33.7694
 11
10.9314
 21
34.2834
  0
LINE
  8
0
 10
10.9314
 20
34.2834
 11
11.6519
 21
34.8415
  0
LINE
  8
0
 10
11.6519
 20
34.8415
 11
12.312
 21
35.4439
  0
LINE
  8
0
 10
12.312
 20
35.4439
 11
12.9121
 21
36.0916
  0
LINE
  8
0
 10
12.9121
 20
36.0916
 11
13.4509
 21
36.7838
  0
LINE
  8
0
 10
13.4509
 20
36.7838
 11
13.9302
 21
37.5203
  0
LINE
  8
0
 10
13.9302
 20
37.5203
 11
14.3481
 21
38.3022
  0
LINE
  8
0
 10
14.3481
 20
38.3022
 11
14.7057
 21
39.1284
  0
LINE
  8
0
 10
14.7057
 20
39.1284
 11
14.9968
 21
39.9821
  0
LINE
  8
0
 10
14.9968
 20
39.9821
 11
14.9968
 21
32.5032
  0
LINE
  8
0
 10
14.9968
 20
32.5032
 11
7.45743
 21
32.5032
  0
LINE
  8
0
 10
22.5032
 20
25.0032
 11
22.5032
 21
32.5426
  0
LINE
  8
0
 10
22.5032
 20
32.5426
 11
22.8767
 21
31.595
  0
LINE
  8
0
 10
22.8767
 20
31.595
 11
23.3011
 21
30.6927
  0
LINE
  8
0
 10
23.3011
 20
30.6927
 11
23.7694
 21
29.8505
  0
LINE
  8
0
 10
23.7694
 20
29.8505
 11
24.2834
 21
29.0686
  0
LINE
  8
0
 10
24.2834
 20
29.0686
 11
24.8415
 21
28.3481
  0
LINE
  8
0
 10
24.8415
 20
28.3481
 11
25.4439
 21
27.688
  0
LINE
  8
0
 10
25.4439
 20
27.688
 11
26.0916
 21
27.0879
  0
LINE
  8
0
 10
26.0916
 20
27.0879
 11
26.7838
 21
26.5491
  0
LINE
  8
0
 10
26.7838
 20
26.5491
 11
27.5203
 21
26.0698
  0
LINE
  8
0
 10
27.5203
 20
26.0698
 11
28.3022
 21
25.6519
  0
LINE
  8
0
 10
28.3022
 20
25.6519
 11
29.1284
 21
25.2943
  0
LINE
  8
0
 10
29.1284
 20
25.2943
 11
29.9821
 21
25.0032
  0
LINE
  8
0
 10
29.9821
 20
25.0032
 11
22.5032
 21
25.0032
  0
LINE
  8
0
 10
-37.4968
 20
25.0032
 11
-37.4968
 21
32.5426
  0
LINE
  8
0
 10
-37.4968
 20
32.5426
 11
-37.1233
 21
31.595
  0
LINE
  8
0
 10
-37.1233
 20
31.595
 11
-36.6989
 21
30.6927
  0
LINE
  8
0
 10
-36.6989
 20
30.6927
 11
-36.2306
 21
29.8505
  0
LINE
  8
0
 10
-36.2306
 20
29.8505
 11
-35.7166
 21
29.0686
  0
LINE
  8
0
 10
-35.7166
 20
29.0686
 11
-35.1585
 21
28.3481
  0
LINE
  8
0
 10
-35.1585
 20
28.3481
 11
-34.5561
 21
27.688
  0
LINE
  8
0
 10
-34.5561
 20
27.688
 11
-33.9084
 21
27.0879
  0
LINE
  8
0
 10
-33.9084
 20
27.0879
 11
-33.2162
 21
26.5491
  0
LINE
  8
0
 10
-33.2162
 20
26.5491
 11
-32.4797
 21
26.0698
  0
LINE
  8
0
 10
-32.4797
 20
26.0698
 11
-31.6978
 21
25.6519
  0
LINE
  8
0
 10
-31.6978
 20
25.6519
 11
-30.8716
 21
25.2943
  0
LINE
  8
0
 10
-30.8716
 20
25.2943
 11
-30.0179
 21
25.0032
  0
LINE
  8
0
 10
-30.0179
 20
25.0032
 11
-37.4968
 21
25.0032
  0
LINE
  8
0
 10
-7.4968
 20
25.0032
 11
-7.4968
 21
32.5426
  0
LINE
  8
0
 10
-7.4968
 20
32.5426
 11
-7.12326
 21
31.595
  0
LINE
  8
0
 10
-7.12326
 20
31.595
 11
-6.69891
 21
30.6927
  0
LINE
  8
0
 10
-6.69891
 20
30.6927
 11
-6.23062
 21
29.8505
  0
LINE
  8
0
 10
-6.23062
 20
29.8505
 11
-5.71655
 21
29.0686
  0
LINE
  8
0
 10
-5.71655
 20
29.0686
 11
-5.15854
 21
28.3481
  0
LINE
  8
0
 10
-5.15854
 20
28.3481
 11
-4.55612
 21
27.688
  0
LINE
  8
0
 10
-4.55612
 20
27.688
 11
-3.90839
 21
27.0879
  0
LINE
  8
0
 10
-3.90839
 20
27.0879
 11
-3.21625
 21
26.5491
  0
LINE
  8
0
 10
-3.21625
 20
26.5491
 11
-2.47971
 21
26.0698
  0
LINE
  8
0
 10
-2.47971
 20
26.0698
 11
-1.69785
 21
25.6519
  0
LINE
  8
0
 10
-1.69785
 20
25.6519
 11
-0.871582
 21
25.2943
  0
LINE
  8
0
 10
-0.871582
 20
25.2943
 11
-0.0178528
 21
25.0032
  0
LINE
  8
0
 10
-0.0178528
 20
25.0032
 11
-7.4968
 21
25.0032
  0
LINE
  8
0
 10
-41.418
 20
26.7207
 11
-41.6345
 21
26.7523
  0
LINE
  8
0
 10
-41.6345
 20
26.7523
 11
-41.846
 21
26.8054
  0
LINE
  8
0
 10
-41.846
 20
26.8054
 11
-42.0515
 21
26.8791
  0
LINE
  8
0
 10
-42.0515
 20
26.8791
 11
-42.2493
 21
26.973
  0
LINE
  8
0
 10
-42.2493
 20
26.973
 11
-42.437
 21
27.0851
  0
LINE
  8
0
 10
-42.437
 20
27.0851
 11
-42.6128
 21
27.2151
  0
LINE
  8
0
 10
-42.6128
 20
27.2151
 11
-42.7748
 21
27.3621
  0
LINE
  8
0
 10
-42.7748
 20
27.3621
 11
-42.9213
 21
27.5241
  0
LINE
  8
0
 10
-42.9213
 20
27.5241
 11
-43.0518
 21
27.6999
  0
LINE
  8
0
 10
-43.0518
 20
27.6999
 11
-43.1639
 21
27.8871
  0
LINE
  8
0
 10
-43.1639
 20
27.8871
 11
-43.2573
 21
28.0849
  0
LINE
  8
0
 10
-43.2573
 20
28.0849
 11
-43.331
 21
28.2904
  0
LINE
  8
0
 10
-43.331
 20
28.2904
 11
-43.3841
 21
28.5028
  0
LINE
  8
0
 10
-43.3841
 20
28.5028
 11
-43.4166
 21
28.7189
  0
LINE
  8
0
 10
-43.4166
 20
28.7189
 11
-43.4267
 21
28.9372
  0
LINE
  8
0
 10
-43.4267
 20
28.9372
 11
-43.4161
 21
29.1556
  0
LINE
  8
0
 10
-43.4161
 20
29.1556
 11
-43.3841
 21
29.3721
  0
LINE
  8
0
 10
-43.3841
 20
29.3721
 11
-43.331
 21
29.5836
  0
LINE
  8
0
 10
-43.331
 20
29.5836
 11
-43.2573
 21
29.7891
  0
LINE
  8
0
 10
-43.2573
 20
29.7891
 11
-43.1639
 21
29.9873
  0
LINE
  8
0
 10
-43.1639
 20
29.9873
 11
-43.0518
 21
30.1746
  0
LINE
  8
0
 10
-43.0518
 20
30.1746
 11
-42.9213
 21
30.3503
  0
LINE
  8
0
 10
-42.9213
 20
30.3503
 11
-42.7748
 21
30.5119
  0
LINE
  8
0
 10
-42.7748
 20
30.5119
 11
-42.6128
 21
30.6589
  0
LINE
  8
0
 10
-42.6128
 20
30.6589
 11
-42.437
 21
30.7889
  0
LINE
  8
0
 10
-42.437
 20
30.7889
 11
-42.2493
 21
30.9015
  0
LINE
  8
0
 10
-42.2493
 20
30.9015
 11
-42.0515
 21
30.9949
  0
LINE
  8
0
 10
-42.0515
 20
30.9949
 11
-41.846
 21
31.069
  0
LINE
  8
0
 10
-41.846
 20
31.069
 11
-41.6336
 21
31.1221
  0
LINE
  8
0
 10
-41.6336
 20
31.1221
 11
-41.4175
 21
31.1542
  0
LINE
  8
0
 10
-41.4175
 20
31.1542
 11
-41.1992
 21
31.1642
  0
LINE
  8
0
 10
-41.1992
 20
31.1642
 11
-40.9808
 21
31.1537
  0
LINE
  8
0
 10
-40.9808
 20
31.1537
 11
-40.7643
 21
31.1217
  0
LINE
  8
0
 10
-40.7643
 20
31.1217
 11
-40.5528
 21
31.069
  0
LINE
  8
0
 10
-40.5528
 20
31.069
 11
-40.3473
 21
30.9949
  0
LINE
  8
0
 10
-40.3473
 20
30.9949
 11
-40.1491
 21
30.9015
  0
LINE
  8
0
 10
-40.1491
 20
30.9015
 11
-39.9614
 21
30.7889
  0
LINE
  8
0
 10
-39.9614
 20
30.7889
 11
-39.7861
 21
30.6589
  0
LINE
  8
0
 10
-39.7861
 20
30.6589
 11
-39.624
 21
30.5119
  0
LINE
  8
0
 10
-39.624
 20
30.5119
 11
-39.4775
 21
30.3503
  0
LINE
  8
0
 10
-39.4775
 20
30.3503
 11
-39.3471
 21
30.1746
  0
LINE
  8
0
 10
-39.3471
 20
30.1746
 11
-39.2349
 21
29.9873
  0
LINE
  8
0
 10
-39.2349
 20
29.9873
 11
-39.1415
 21
29.7891
  0
LINE
  8
0
 10
-39.1415
 20
29.7891
 11
-39.0678
 21
29.5836
  0
LINE
  8
0
 10
-39.0678
 20
29.5836
 11
-39.0143
 21
29.3712
  0
LINE
  8
0
 10
-39.0143
 20
29.3712
 11
-38.9822
 21
29.1551
  0
LINE
  8
0
 10
-38.9822
 20
29.1551
 11
-38.9722
 21
28.9372
  0
LINE
  8
0
 10
-38.9722
 20
28.9372
 11
-38.9827
 21
28.7184
  0
LINE
  8
0
 10
-38.9827
 20
28.7184
 11
-39.0147
 21
28.5019
  0
LINE
  8
0
 10
-39.0147
 20
28.5019
 11
-39.0678
 21
28.2904
  0
LINE
  8
0
 10
-39.0678
 20
28.2904
 11
-39.1415
 21
28.0844
  0
LINE
  8
0
 10
-39.1415
 20
28.0844
 11
-39.2349
 21
27.8871
  0
LINE
  8
0
 10
-39.2349
 20
27.8871
 11
-39.3475
 21
27.6994
  0
LINE
  8
0
 10
-39.3475
 20
27.6994
 11
-39.4775
 21
27.5241
  0
LINE
  8
0
 10
-39.4775
 20
27.5241
 11
-39.6245
 21
27.3616
  0
LINE
  8
0
 10
-39.6245
 20
27.3616
 11
-39.7861
 21
27.2151
  0
LINE
  8
0
 10
-39.7861
 20
27.2151
 11
-39.9614
 21
27.0851
  0
LINE
  8
0
 10
-39.9614
 20
27.0851
 11
-40.1491
 21
26.973
  0
LINE
  8
0
 10
-40.1491
 20
26.973
 11
-40.3473
 21
26.8791
  0
LINE
  8
0
 10
-40.3473
 20
26.8791
 11
-40.5528
 21
26.8054
  0
LINE
  8
0
 10
-40.5528
 20
26.8054
 11
-40.7652
 21
26.7523
  0
LINE
  8
0
 10
-40.7652
 20
26.7523
 11
-40.9813
 21
26.7203
  0
LINE
  8
0
 10
-40.9813
 20
26.7203
 11
-41.1992
 21
26.7097
  0
LINE
  8
0
 10
-41.1992
 20
26.7097
 11
-41.418
 21
26.7207
  0
LINE
  8
0
 10
18.582
 20
26.7207
 11
18.3655
 21
26.7523
  0
LINE
  8
0
 10
18.3655
 20
26.7523
 11
18.154
 21
26.8054
  0
LINE
  8
0
 10
18.154
 20
26.8054
 11
17.9485
 21
26.8791
  0
LINE
  8
0
 10
17.9485
 20
26.8791
 11
17.7507
 21
26.973
  0
LINE
  8
0
 10
17.7507
 20
26.973
 11
17.563
 21
27.0851
  0
LINE
  8
0
 10
17.563
 20
27.0851
 11
17.3872
 21
27.2151
  0
LINE
  8
0
 10
17.3872
 20
27.2151
 11
17.2252
 21
27.3621
  0
LINE
  8
0
 10
17.2252
 20
27.3621
 11
17.0787
 21
27.5241
  0
LINE
  8
0
 10
17.0787
 20
27.5241
 11
16.9482
 21
27.6999
  0
LINE
  8
0
 10
16.9482
 20
27.6999
 11
16.8361
 21
27.8871
  0
LINE
  8
0
 10
16.8361
 20
27.8871
 11
16.7427
 21
28.0849
  0
LINE
  8
0
 10
16.7427
 20
28.0849
 11
16.669
 21
28.2904
  0
LINE
  8
0
 10
16.669
 20
28.2904
 11
16.6159
 21
28.5028
  0
LINE
  8
0
 10
16.6159
 20
28.5028
 11
16.5834
 21
28.7189
  0
LINE
  8
0
 10
16.5834
 20
28.7189
 11
16.5733
 21
28.9372
  0
LINE
  8
0
 10
16.5733
 20
28.9372
 11
16.5839
 21
29.1556
  0
LINE
  8
0
 10
16.5839
 20
29.1556
 11
16.6159
 21
29.3721
  0
LINE
  8
0
 10
16.6159
 20
29.3721
 11
16.669
 21
29.5836
  0
LINE
  8
0
 10
16.669
 20
29.5836
 11
16.7427
 21
29.7891
  0
LINE
  8
0
 10
16.7427
 20
29.7891
 11
16.8361
 21
29.9873
  0
LINE
  8
0
 10
16.8361
 20
29.9873
 11
16.9482
 21
30.1746
  0
LINE
  8
0
 10
16.9482
 20
30.1746
 11
17.0787
 21
30.3503
  0
LINE
  8
0
 10
17.0787
 20
30.3503
 11
17.2252
 21
30.5119
  0
LINE
  8
0
 10
17.2252
 20
30.5119
 11
17.3872
 21
30.6589
  0
LINE
  8
0
 10
17.3872
 20
30.6589
 11
17.563
 21
30.7889
  0
LINE
  8
0
 10
17.563
 20
30.7889
 11
17.7507
 21
30.9015
  0
LINE
  8
0
 10
17.7507
 20
30.9015
 11
17.9485
 21
30.9949
  0
LINE
  8
0
 10
17.9485
 20
30.9949
 11
18.154
 21
31.069
  0
LINE
  8
0
 10
18.154
 20
31.069
 11
18.3664
 21
31.1221
  0
LINE
  8
0
 10
18.3664
 20
31.1221
 11
18.5825
 21
31.1542
  0
LINE
  8
0
 10
18.5825
 20
31.1542
 11
18.8008
 21
31.1642
  0
LINE
  8
0
 10
18.8008
 20
31.1642
 11
19.0192
 21
31.1537
  0
LINE
  8
0
 10
19.0192
 20
31.1537
 11
19.2357
 21
31.1217
  0
LINE
  8
0
 10
19.2357
 20
31.1217
 11
19.4472
 21
31.069
  0
LINE
  8
0
 10
19.4472
 20
31.069
 11
19.6527
 21
30.9949
  0
LINE
  8
0
 10
19.6527
 20
30.9949
 11
19.8509
 21
30.9015
  0
LINE
  8
0
 10
19.8509
 20
30.9015
 11
20.0386
 21
30.7889
  0
LINE
  8
0
 10
20.0386
 20
30.7889
 11
20.2139
 21
30.6589
  0
LINE
  8
0
 10
20.2139
 20
30.6589
 11
20.376
 21
30.5119
  0
LINE
  8
0
 10
20.376
 20
30.5119
 11
20.5225
 21
30.3503
  0
LINE
  8
0
 10
20.5225
 20
30.3503
 11
20.6529
 21
30.1746
  0
LINE
  8
0
 10
20.6529
 20
30.1746
 11
20.7651
 21
29.9873
  0
LINE
  8
0
 10
20.7651
 20
29.9873
 11
20.8585
 21
29.7891
  0
LINE
  8
0
 10
20.8585
 20
29.7891
 11
20.9322
 21
29.5836
  0
LINE
  8
0
 10
20.9322
 20
29.5836
 11
20.9857
 21
29.3712
  0
LINE
  8
0
 10
20.9857
 20
29.3712
 11
21.0178
 21
29.1551
  0
LINE
  8
0
 10
21.0178
 20
29.1551
 11
21.0278
 21
28.9372
  0
LINE
  8
0
 10
21.0278
 20
28.9372
 11
21.0173
 21
28.7184
  0
LINE
  8
0
 10
21.0173
 20
28.7184
 11
20.9853
 21
28.5019
  0
LINE
  8
0
 10
20.9853
 20
28.5019
 11
20.9322
 21
28.2904
  0
LINE
  8
0
 10
20.9322
 20
28.2904
 11
20.8585
 21
28.0844
  0
LINE
  8
0
 10
20.8585
 20
28.0844
 11
20.7651
 21
27.8871
  0
LINE
  8
0
 10
20.7651
 20
27.8871
 11
20.6525
 21
27.6994
  0
LINE
  8
0
 10
20.6525
 20
27.6994
 11
20.5225
 21
27.5241
  0
LINE
  8
0
 10
20.5225
 20
27.5241
 11
20.3755
 21
27.3616
  0
LINE
  8
0
 10
20.3755
 20
27.3616
 11
20.2139
 21
27.2151
  0
LINE
  8
0
 10
20.2139
 20
27.2151
 11
20.0386
 21
27.0851
  0
LINE
  8
0
 10
20.0386
 20
27.0851
 11
19.8509
 21
26.973
  0
LINE
  8
0
 10
19.8509
 20
26.973
 11
19.6527
 21
26.8791
  0
LINE
  8
0
 10
19.6527
 20
26.8791
 11
19.4472
 21
26.8054
  0
LINE
  8
0
 10
19.4472
 20
26.8054
 11
19.2348
 21
26.7523
  0
LINE
  8
0
 10
19.2348
 20
26.7523
 11
19.0187
 21
26.7203
  0
LINE
  8
0
 10
19.0187
 20
26.7203
 11
18.8008
 21
26.7097
  0
LINE
  8
0
 10
18.8008
 20
26.7097
 11
18.582
 21
26.7207
  0
LINE
  8
0
 10
48.582
 20
26.7207
 11
48.3655
 21
26.7523
  0
LINE
  8
0
 10
48.3655
 20
26.7523
 11
48.154
 21
26.8054
  0
LINE
  8
0
 10
48.154
 20
26.8054
 11
47.9485
 21
26.8791
  0
LINE
  8
0
 10
47.9485
 20
26.8791
 11
47.7507
 21
26.973
  0
LINE
  8
0
 10
47.7507
 20
26.973
 11
47.563
 21
27.0851
  0
LINE
  8
0
 10
47.563
 20
27.0851
 11
47.3872
 21
27.2151
  0
LINE
  8
0
 10
47.3872
 20
27.2151
 11
47.2252
 21
27.3621
  0
LINE
  8
0
 10
47.2252
 20
27.3621
 11
47.0787
 21
27.5241
  0
LINE
  8
0
 10
47.0787
 20
27.5241
 11
46.9482
 21
27.6999
  0
LINE
  8
0
 10
46.9482
 20
27.6999
 11
46.8361
 21
27.8871
  0
LINE
  8
0
 10
46.8361
 20
27.8871
 11
46.7427
 21
28.0849
  0
LINE
  8
0
 10
46.7427
 20
28.0849
 11
46.669
 21
28.2904
  0
LINE
  8
0
 10
46.669
 20
28.2904
 11
46.6159
 21
28.5028
  0
LINE
  8
0
 10
46.6159
 20
28.5028
 11
46.5834
 21
28.7189
  0
LINE
  8
0
 10
46.5834
 20
28.7189
 11
46.5733
 21
28.9372
  0
LINE
  8
0
 10
46.5733
 20
28.9372
 11
46.5839
 21
29.1556
  0
LINE
  8
0
 10
46.5839
 20
29.1556
 11
46.6159
 21
29.3721
  0
LINE
  8
0
 10
46.6159
 20
29.3721
 11
46.669
 21
29.5836
  0
LINE
  8
0
 10
46.669
 20
29.5836
 11
46.7427
 21
29.7891
  0
LINE
  8
0
 10
46.7427
 20
29.7891
 11
46.8361
 21
29.9873
  0
LINE
  8
0
 10
46.8361
 20
29.9873
 11
46.9482
 21
30.1746
  0
LINE
  8
0
 10
46.9482
 20
30.1746
 11
47.0787
 21
30.3503
  0
LINE
  8
0
 10
47.0787
 20
30.3503
 11
47.2252
 21
30.5119
  0
LINE
  8
0
 10
47.2252
 20
30.5119
 11
47.3872
 21
30.6589
  0
LINE
  8
0
 10
47.3872
 20
30.6589
 11
47.563
 21
30.7889
  0
LINE
  8
0
 10
47.563
 20
30.7889
 11
47.7507
 21
30.9015
  0
LINE
  8
0
 10
47.7507
 20
30.9015
 11
47.9485
 21
30.9949
  0
LINE
  8
0
 10
47.9485
 20
30.9949
 11
48.154
 21
31.069
  0
LINE
  8
0
 10
48.154
 20
31.069
 11
48.3664
 21
31.1221
  0
LINE
  8
0
 10
48.3664
 20
31.1221
 11
48.5825
 21
31.1542
  0
LINE
  8
0
 10
48.5825
 20
31.1542
 11
48.8008
 21
31.1642
  0
LINE
  8
0
 10
48.8008
 20
31.1642
 11
49.0192
 21
31.1537
  0
LINE
  8
0
 10
49.0192
 20
31.1537
 11
49.2357
 21
31.1217
  0
LINE
  8
0
 10
49.2357
 20
31.1217
 11
49.4472
 21
31.069
  0
LINE
  8
0
 10
49.4472
 20
31.069
 11
49.6527
 21
30.9949
  0
LINE
  8
0
 10
49.6527
 20
30.9949
 11
49.8509
 21
30.9015
  0
LINE
  8
0
 10
49.8509
 20
30.9015
 11
50.0386
 21
30.7889
  0
LINE
  8
0
 10
50.0386
 20
30.7889
 11
50.2139
 21
30.6589
  0
LINE
  8
0
 10
50.2139
 20
30.6589
 11
50.376
 21
30.5119
  0
LINE
  8
0
 10
50.376
 20
30.5119
 11
50.5225
 21
30.3503
  0
LINE
  8
0
 10
50.5225
 20
30.3503
 11
50.6529
 21
30.1746
  0
LINE
  8
0
 10
50.6529
 20
30.1746
 11
50.7651
 21
29.9873
  0
LINE
  8
0
 10
50.7651
 20
29.9873
 11
50.8585
 21
29.7891
  0
LINE
  8
0
 10
50.8585
 20
29.7891
 11
50.9322
 21
29.5836
  0
LINE
  8
0
 10
50.9322
 20
29.5836
 11
50.9857
 21
29.3712
  0
LINE
  8
0
 10
50.9857
 20
29.3712
 11
51.0178
 21
29.1551
  0
LINE
  8
0
 10
51.0178
 20
29.1551
 11
51.0278
 21
28.9372
  0
LINE
  8
0
 10
51.0278
 20
28.9372
 11
51.0173
 21
28.7184
  0
LINE
  8
0
 10
51.0173
 20
28.7184
 11
50.9853
 21
28.5019
  0
LINE
  8
0
 10
50.9853
 20
28.5019
 11
50.9322
 21
28.2904
  0
LINE
  8
0
 10
50.9322
 20
28.2904
 11
50.8585
 21
28.0844
  0
LINE
  8
0
 10
50.8585
 20
28.0844
 11
50.7651
 21
27.8871
  0
LINE
  8
0
 10
50.7651
 20
27.8871
 11
50.6525
 21
27.6994
  0
LINE
  8
0
 10
50.6525
 20
27.6994
 11
50.5225
 21
27.5241
  0
LINE
  8
0
 10
50.5225
 20
27.5241
 11
50.3755
 21
27.3616
  0
LINE
  8
0
 10
50.3755
 20
27.3616
 11
50.2139
 21
27.2151
  0
LINE
  8
0
 10
50.2139
 20
27.2151
 11
50.0386
 21
27.0851
  0
LINE
  8
0
 10
50.0386
 20
27.0851
 11
49.8509
 21
26.973
  0
LINE
  8
0
 10
49.8509
 20
26.973
 11
49.6527
 21
26.8791
  0
LINE
  8
0
 10
49.6527
 20
26.8791
 11
49.4472
 21
26.8054
  0
LINE
  8
0
 10
49.4472
 20
26.8054
 11
49.2348
 21
26.7523
  0
LINE
  8
0
 10
49.2348
 20
26.7523
 11
49.0187
 21
26.7203
  0
LINE
  8
0
 10
49.0187
 20
26.7203
 11
48.8008
 21
26.7097
  0
LINE
  8
0
 10
48.8008
 20
26.7097
 11
48.582
 21
26.7207
  0
LINE
  8
0
 10
-11.418
 20
26.7207
 11
-11.6345
 21
26.7523
  0
LINE
  8
0
 10
-11.6345
 20
26.7523
 11
-11.846
 21
26.8054
  0
LINE
  8
0
 10
-11.846
 20
26.8054
 11
-12.0515
 21
26.8791
  0
LINE
  8
0
 10
-12.0515
 20
26.8791
 11
-12.2493
 21
26.973
  0
LINE
  8
0
 10
-12.2493
 20
26.973
 11
-12.437
 21
27.0851
  0
LINE
  8
0
 10
-12.437
 20
27.0851
 11
-12.6128
 21
27.2151
  0
LINE
  8
0
 10
-12.6128
 20
27.2151
 11
-12.7748
 21
27.3621
  0
LINE
  8
0
 10
-12.7748
 20
27.3621
 11
-12.9213
 21
27.5241
  0
LINE
  8
0
 10
-12.9213
 20
27.5241
 11
-13.0518
 21
27.6999
  0
LINE
  8
0
 10
-13.0518
 20
27.6999
 11
-13.1639
 21
27.8871
  0
LINE
  8
0
 10
-13.1639
 20
27.8871
 11
-13.2573
 21
28.0849
  0
LINE
  8
0
 10
-13.2573
 20
28.0849
 11
-13.331
 21
28.2904
  0
LINE
  8
0
 10
-13.331
 20
28.2904
 11
-13.3841
 21
28.5028
  0
LINE
  8
0
 10
-13.3841
 20
28.5028
 11
-13.4166
 21
28.7189
  0
LINE
  8
0
 10
-13.4166
 20
28.7189
 11
-13.4267
 21
28.9372
  0
LINE
  8
0
 10
-13.4267
 20
28.9372
 11
-13.4161
 21
29.1556
  0
LINE
  8
0
 10
-13.4161
 20
29.1556
 11
-13.3841
 21
29.3721
  0
LINE
  8
0
 10
-13.3841
 20
29.3721
 11
-13.331
 21
29.5836
  0
LINE
  8
0
 10
-13.331
 20
29.5836
 11
-13.2573
 21
29.7891
  0
LINE
  8
0
 10
-13.2573
 20
29.7891
 11
-13.1639
 21
29.9873
  0
LINE
  8
0
 10
-13.1639
 20
29.9873
 11
-13.0518
 21
30.1746
  0
LINE
  8
0
 10
-13.0518
 20
30.1746
 11
-12.9213
 21
30.3503
  0
LINE
  8
0
 10
-12.9213
 20
30.3503
 11
-12.7748
 21
30.5119
  0
LINE
  8
0
 10
-12.7748
 20
30.5119
 11
-12.6128
 21
30.6589
  0
LINE
  8
0
 10
-12.6128
 20
30.6589
 11
-12.437
 21
30.7889
  0
LINE
  8
0
 10
-12.437
 20
30.7889
 11
-12.2493
 21
30.9015
  0
LINE
  8
0
 10
-12.2493
 20
30.9015
 11
-12.0515
 21
30.9949
  0
LINE
  8
0
 10
-12.0515
 20
30.9949
 11
-11.846
 21
31.069
  0
LINE
  8
0
 10
-11.846
 20
31.069
 11
-11.6336
 21
31.1221
  0
LINE
  8
0
 10
-11.6336
 20
31.1221
 11
-11.4175
 21
31.1542
  0
LINE
  8
0
 10
-11.4175
 20
31.1542
 11
-11.1992
 21
31.1642
  0
LINE
  8
0
 10
-11.1992
 20
31.1642
 11
-10.9808
 21
31.1537
  0
LINE
  8
0
 10
-10.9808
 20
31.1537
 11
-10.7643
 21
31.1217
  0
LINE
  8
0
 10
-10.7643
 20
31.1217
 11
-10.5528
 21
31.069
  0
LINE
  8
0
 10
-10.5528
 20
31.069
 11
-10.3473
 21
30.9949
  0
LINE
  8
0
 10
-10.3473
 20
30.9949
 11
-10.1491
 21
30.9015
  0
LINE
  8
0
 10
-10.1491
 20
30.9015
 11
-9.9614
 21
30.7889
  0
LINE
  8
0
 10
-9.9614
 20
30.7889
 11
-9.78607
 21
30.6589
  0
LINE
  8
0
 10
-9.78607
 20
30.6589
 11
-9.62402
 21
30.5119
  0
LINE
  8
0
 10
-9.62402
 20
30.5119
 11
-9.47754
 21
30.3503
  0
LINE
  8
0
 10
-9.47754
 20
30.3503
 11
-9.34708
 21
30.1746
  0
LINE
  8
0
 10
-9.34708
 20
30.1746
 11
-9.23492
 21
29.9873
  0
LINE
  8
0
 10
-9.23492
 20
29.9873
 11
-9.14154
 21
29.7891
  0
LINE
  8
0
 10
-9.14154
 20
29.7891
 11
-9.06784
 21
29.5836
  0
LINE
  8
0
 10
-9.06784
 20
29.5836
 11
-9.01428
 21
29.3712
  0
LINE
  8
0
 10
-9.01428
 20
29.3712
 11
-8.98224
 21
29.1551
  0
LINE
  8
0
 10
-8.98224
 20
29.1551
 11
-8.97217
 21
28.9372
  0
LINE
  8
0
 10
-8.97217
 20
28.9372
 11
-8.9827
 21
28.7184
  0
LINE
  8
0
 10
-8.9827
 20
28.7184
 11
-9.01474
 21
28.5019
  0
LINE
  8
0
 10
-9.01474
 20
28.5019
 11
-9.06784
 21
28.2904
  0
LINE
  8
0
 10
-9.06784
 20
28.2904
 11
-9.14154
 21
28.0844
  0
LINE
  8
0
 10
-9.14154
 20
28.0844
 11
-9.23492
 21
27.8871
  0
LINE
  8
0
 10
-9.23492
 20
27.8871
 11
-9.34753
 21
27.6994
  0
LINE
  8
0
 10
-9.34753
 20
27.6994
 11
-9.47754
 21
27.5241
  0
LINE
  8
0
 10
-9.47754
 20
27.5241
 11
-9.62448
 21
27.3616
  0
LINE
  8
0
 10
-9.62448
 20
27.3616
 11
-9.78607
 21
27.2151
  0
LINE
  8
0
 10
-9.78607
 20
27.2151
 11
-9.9614
 21
27.0851
  0
LINE
  8
0
 10
-9.9614
 20
27.0851
 11
-10.1491
 21
26.973
  0
LINE
  8
0
 10
-10.1491
 20
26.973
 11
-10.3473
 21
26.8791
  0
LINE
  8
0
 10
-10.3473
 20
26.8791
 11
-10.5528
 21
26.8054
  0
LINE
  8
0
 10
-10.5528
 20
26.8054
 11
-10.7652
 21
26.7523
  0
LINE
  8
0
 10
-10.7652
 20
26.7523
 11
-10.9813
 21
26.7203
  0
LINE
  8
0
 10
-10.9813
 20
26.7203
 11
-11.1992
 21
26.7097
  0
LINE
  8
0
 10
-11.1992
 20
26.7097
 11
-11.418
 21
26.7207
  0
LINE
  8
0
 10
40.8444
 20
26.5839
 11
40.6279
 21
26.6159
  0
LINE
  8
0
 10
40.6279
 20
26.6159
 11
40.4164
 21
26.669
  0
LINE
  8
0
 10
40.4164
 20
26.669
 11
40.2109
 21
26.7427
  0
LINE
  8
0
 10
40.2109
 20
26.7427
 11
40.0127
 21
26.8361
  0
LINE
  8
0
 10
40.0127
 20
26.8361
 11
39.825
 21
26.9487
  0
LINE
  8
0
 10
39.825
 20
26.9487
 11
39.6497
 21
27.0787
  0
LINE
  8
0
 10
39.6497
 20
27.0787
 11
39.4876
 21
27.2256
  0
LINE
  8
0
 10
39.4876
 20
27.2256
 11
39.3411
 21
27.3872
  0
LINE
  8
0
 10
39.3411
 20
27.3872
 11
39.2107
 21
27.5635
  0
LINE
  8
0
 10
39.2107
 20
27.5635
 11
39.0985
 21
27.7507
  0
LINE
  8
0
 10
39.0985
 20
27.7507
 11
39.0051
 21
27.9485
  0
LINE
  8
0
 10
39.0051
 20
27.9485
 11
38.931
 21
28.154
  0
LINE
  8
0
 10
38.931
 20
28.154
 11
38.8779
 21
28.3664
  0
LINE
  8
0
 10
38.8779
 20
28.3664
 11
38.8458
 21
28.5825
  0
LINE
  8
0
 10
38.8458
 20
28.5825
 11
38.8358
 21
28.8008
  0
LINE
  8
0
 10
38.8358
 20
28.8008
 11
38.8463
 21
29.0192
  0
LINE
  8
0
 10
38.8463
 20
29.0192
 11
38.8779
 21
29.2357
  0
LINE
  8
0
 10
38.8779
 20
29.2357
 11
38.931
 21
29.4472
  0
LINE
  8
0
 10
38.931
 20
29.4472
 11
39.0051
 21
29.6527
  0
LINE
  8
0
 10
39.0051
 20
29.6527
 11
39.0985
 21
29.8509
  0
LINE
  8
0
 10
39.0985
 20
29.8509
 11
39.2107
 21
30.0381
  0
LINE
  8
0
 10
39.2107
 20
30.0381
 11
39.3411
 21
30.2139
  0
LINE
  8
0
 10
39.3411
 20
30.2139
 11
39.4876
 21
30.3755
  0
LINE
  8
0
 10
39.4876
 20
30.3755
 11
39.6497
 21
30.5225
  0
LINE
  8
0
 10
39.6497
 20
30.5225
 11
39.825
 21
30.6525
  0
LINE
  8
0
 10
39.825
 20
30.6525
 11
40.0127
 21
30.7651
  0
LINE
  8
0
 10
40.0127
 20
30.7651
 11
40.2109
 21
30.8585
  0
LINE
  8
0
 10
40.2109
 20
30.8585
 11
40.4164
 21
30.9322
  0
LINE
  8
0
 10
40.4164
 20
30.9322
 11
40.6288
 21
30.9857
  0
LINE
  8
0
 10
40.6288
 20
30.9857
 11
40.8449
 21
31.0178
  0
LINE
  8
0
 10
40.8449
 20
31.0178
 11
41.0628
 21
31.0278
  0
LINE
  8
0
 10
41.0628
 20
31.0278
 11
41.2816
 21
31.0173
  0
LINE
  8
0
 10
41.2816
 20
31.0173
 11
41.4981
 21
30.9853
  0
LINE
  8
0
 10
41.4981
 20
30.9853
 11
41.7096
 21
30.9322
  0
LINE
  8
0
 10
41.7096
 20
30.9322
 11
41.9151
 21
30.8585
  0
LINE
  8
0
 10
41.9151
 20
30.8585
 11
42.1129
 21
30.7651
  0
LINE
  8
0
 10
42.1129
 20
30.7651
 11
42.3006
 21
30.6525
  0
LINE
  8
0
 10
42.3006
 20
30.6525
 11
42.4759
 21
30.5225
  0
LINE
  8
0
 10
42.4759
 20
30.5225
 11
42.6384
 21
30.3755
  0
LINE
  8
0
 10
42.6384
 20
30.3755
 11
42.7849
 21
30.2139
  0
LINE
  8
0
 10
42.7849
 20
30.2139
 11
42.9153
 21
30.0381
  0
LINE
  8
0
 10
42.9153
 20
30.0381
 11
43.027
 21
29.8509
  0
LINE
  8
0
 10
43.027
 20
29.8509
 11
43.1209
 21
29.6527
  0
LINE
  8
0
 10
43.1209
 20
29.6527
 11
43.1946
 21
29.4472
  0
LINE
  8
0
 10
43.1946
 20
29.4472
 11
43.2477
 21
29.2348
  0
LINE
  8
0
 10
43.2477
 20
29.2348
 11
43.2797
 21
29.0187
  0
LINE
  8
0
 10
43.2797
 20
29.0187
 11
43.2903
 21
28.8008
  0
LINE
  8
0
 10
43.2903
 20
28.8008
 11
43.2793
 21
28.582
  0
LINE
  8
0
 10
43.2793
 20
28.582
 11
43.2472
 21
28.3655
  0
LINE
  8
0
 10
43.2472
 20
28.3655
 11
43.1946
 21
28.154
  0
LINE
  8
0
 10
43.1946
 20
28.154
 11
43.1209
 21
27.948
  0
LINE
  8
0
 10
43.1209
 20
27.948
 11
43.027
 21
27.7507
  0
LINE
  8
0
 10
43.027
 20
27.7507
 11
42.9149
 21
27.563
  0
LINE
  8
0
 10
42.9149
 20
27.563
 11
42.7849
 21
27.3872
  0
LINE
  8
0
 10
42.7849
 20
27.3872
 11
42.6379
 21
27.2252
  0
LINE
  8
0
 10
42.6379
 20
27.2252
 11
42.4759
 21
27.0787
  0
LINE
  8
0
 10
42.4759
 20
27.0787
 11
42.3006
 21
26.9487
  0
LINE
  8
0
 10
42.3006
 20
26.9487
 11
42.1129
 21
26.8361
  0
LINE
  8
0
 10
42.1129
 20
26.8361
 11
41.9151
 21
26.7427
  0
LINE
  8
0
 10
41.9151
 20
26.7427
 11
41.7096
 21
26.669
  0
LINE
  8
0
 10
41.7096
 20
26.669
 11
41.4972
 21
26.6159
  0
LINE
  8
0
 10
41.4972
 20
26.6159
 11
41.2811
 21
26.5834
  0
LINE
  8
0
 10
41.2811
 20
26.5834
 11
41.0628
 21
26.5733
  0
LINE
  8
0
 10
41.0628
 20
26.5733
 11
40.8444
 21
26.5839
  0
LINE
  8
0
 10
-19.1556
 20
26.5839
 11
-19.3721
 21
26.6159
  0
LINE
  8
0
 10
-19.3721
 20
26.6159
 11
-19.5836
 21
26.669
  0
LINE
  8
0
 10
-19.5836
 20
26.669
 11
-19.7891
 21
26.7427
  0
LINE
  8
0
 10
-19.7891
 20
26.7427
 11
-19.9873
 21
26.8361
  0
LINE
  8
0
 10
-19.9873
 20
26.8361
 11
-20.175
 21
26.9487
  0
LINE
  8
0
 10
-20.175
 20
26.9487
 11
-20.3503
 21
27.0787
  0
LINE
  8
0
 10
-20.3503
 20
27.0787
 11
-20.5124
 21
27.2256
  0
LINE
  8
0
 10
-20.5124
 20
27.2256
 11
-20.6589
 21
27.3872
  0
LINE
  8
0
 10
-20.6589
 20
27.3872
 11
-20.7893
 21
27.5635
  0
LINE
  8
0
 10
-20.7893
 20
27.5635
 11
-20.9015
 21
27.7507
  0
LINE
  8
0
 10
-20.9015
 20
27.7507
 11
-20.9949
 21
27.9485
  0
LINE
  8
0
 10
-20.9949
 20
27.9485
 11
-21.069
 21
28.154
  0
LINE
  8
0
 10
-21.069
 20
28.154
 11
-21.1221
 21
28.3664
  0
LINE
  8
0
 10
-21.1221
 20
28.3664
 11
-21.1542
 21
28.5825
  0
LINE
  8
0
 10
-21.1542
 20
28.5825
 11
-21.1642
 21
28.8008
  0
LINE
  8
0
 10
-21.1642
 20
28.8008
 11
-21.1537
 21
29.0192
  0
LINE
  8
0
 10
-21.1537
 20
29.0192
 11
-21.1221
 21
29.2357
  0
LINE
  8
0
 10
-21.1221
 20
29.2357
 11
-21.069
 21
29.4472
  0
LINE
  8
0
 10
-21.069
 20
29.4472
 11
-20.9949
 21
29.6527
  0
LINE
  8
0
 10
-20.9949
 20
29.6527
 11
-20.9015
 21
29.8509
  0
LINE
  8
0
 10
-20.9015
 20
29.8509
 11
-20.7893
 21
30.0381
  0
LINE
  8
0
 10
-20.7893
 20
30.0381
 11
-20.6589
 21
30.2139
  0
LINE
  8
0
 10
-20.6589
 20
30.2139
 11
-20.5124
 21
30.3755
  0
LINE
  8
0
 10
-20.5124
 20
30.3755
 11
-20.3503
 21
30.5225
  0
LINE
  8
0
 10
-20.3503
 20
30.5225
 11
-20.175
 21
30.6525
  0
LINE
  8
0
 10
-20.175
 20
30.6525
 11
-19.9873
 21
30.7651
  0
LINE
  8
0
 10
-19.9873
 20
30.7651
 11
-19.7891
 21
30.8585
  0
LINE
  8
0
 10
-19.7891
 20
30.8585
 11
-19.5836
 21
30.9322
  0
LINE
  8
0
 10
-19.5836
 20
30.9322
 11
-19.3712
 21
30.9857
  0
LINE
  8
0
 10
-19.3712
 20
30.9857
 11
-19.1551
 21
31.0178
  0
LINE
  8
0
 10
-19.1551
 20
31.0178
 11
-18.9372
 21
31.0278
  0
LINE
  8
0
 10
-18.9372
 20
31.0278
 11
-18.7184
 21
31.0173
  0
LINE
  8
0
 10
-18.7184
 20
31.0173
 11
-18.5019
 21
30.9853
  0
LINE
  8
0
 10
-18.5019
 20
30.9853
 11
-18.2904
 21
30.9322
  0
LINE
  8
0
 10
-18.2904
 20
30.9322
 11
-18.0849
 21
30.8585
  0
LINE
  8
0
 10
-18.0849
 20
30.8585
 11
-17.8871
 21
30.7651
  0
LINE
  8
0
 10
-17.8871
 20
30.7651
 11
-17.6994
 21
30.6525
  0
LINE
  8
0
 10
-17.6994
 20
30.6525
 11
-17.5241
 21
30.5225
  0
LINE
  8
0
 10
-17.5241
 20
30.5225
 11
-17.3616
 21
30.3755
  0
LINE
  8
0
 10
-17.3616
 20
30.3755
 11
-17.2151
 21
30.2139
  0
LINE
  8
0
 10
-17.2151
 20
30.2139
 11
-17.0847
 21
30.0381
  0
LINE
  8
0
 10
-17.0847
 20
30.0381
 11
-16.973
 21
29.8509
  0
LINE
  8
0
 10
-16.973
 20
29.8509
 11
-16.8791
 21
29.6527
  0
LINE
  8
0
 10
-16.8791
 20
29.6527
 11
-16.8054
 21
29.4472
  0
LINE
  8
0
 10
-16.8054
 20
29.4472
 11
-16.7523
 21
29.2348
  0
LINE
  8
0
 10
-16.7523
 20
29.2348
 11
-16.7203
 21
29.0187
  0
LINE
  8
0
 10
-16.7203
 20
29.0187
 11
-16.7097
 21
28.8008
  0
LINE
  8
0
 10
-16.7097
 20
28.8008
 11
-16.7207
 21
28.582
  0
LINE
  8
0
 10
-16.7207
 20
28.582
 11
-16.7528
 21
28.3655
  0
LINE
  8
0
 10
-16.7528
 20
28.3655
 11
-16.8054
 21
28.154
  0
LINE
  8
0
 10
-16.8054
 20
28.154
 11
-16.8791
 21
27.948
  0
LINE
  8
0
 10
-16.8791
 20
27.948
 11
-16.973
 21
27.7507
  0
LINE
  8
0
 10
-16.973
 20
27.7507
 11
-17.0851
 21
27.563
  0
LINE
  8
0
 10
-17.0851
 20
27.563
 11
-17.2151
 21
27.3872
  0
LINE
  8
0
 10
-17.2151
 20
27.3872
 11
-17.3621
 21
27.2252
  0
LINE
  8
0
 10
-17.3621
 20
27.2252
 11
-17.5241
 21
27.0787
  0
LINE
  8
0
 10
-17.5241
 20
27.0787
 11
-17.6994
 21
26.9487
  0
LINE
  8
0
 10
-17.6994
 20
26.9487
 11
-17.8871
 21
26.8361
  0
LINE
  8
0
 10
-17.8871
 20
26.8361
 11
-18.0849
 21
26.7427
  0
LINE
  8
0
 10
-18.0849
 20
26.7427
 11
-18.2904
 21
26.669
  0
LINE
  8
0
 10
-18.2904
 20
26.669
 11
-18.5028
 21
26.6159
  0
LINE
  8
0
 10
-18.5028
 20
26.6159
 11
-18.7189
 21
26.5834
  0
LINE
  8
0
 10
-18.7189
 20
26.5834
 11
-18.9372
 21
26.5733
  0
LINE
  8
0
 10
-18.9372
 20
26.5733
 11
-19.1556
 21
26.5839
  0
LINE
  8
0
 10
-49.1556
 20
26.5839
 11
-49.3721
 21
26.6159
  0
LINE
  8
0
 10
-49.3721
 20
26.6159
 11
-49.5836
 21
26.669
  0
LINE
  8
0
 10
-49.5836
 20
26.669
 11
-49.7891
 21
26.7427
  0
LINE
  8
0
 10
-49.7891
 20
26.7427
 11
-49.9873
 21
26.8361
  0
LINE
  8
0
 10
-49.9873
 20
26.8361
 11
-50.175
 21
26.9487
  0
LINE
  8
0
 10
-50.175
 20
26.9487
 11
-50.3503
 21
27.0787
  0
LINE
  8
0
 10
-50.3503
 20
27.0787
 11
-50.5124
 21
27.2256
  0
LINE
  8
0
 10
-50.5124
 20
27.2256
 11
-50.6589
 21
27.3872
  0
LINE
  8
0
 10
-50.6589
 20
27.3872
 11
-50.7893
 21
27.5635
  0
LINE
  8
0
 10
-50.7893
 20
27.5635
 11
-50.9015
 21
27.7507
  0
LINE
  8
0
 10
-50.9015
 20
27.7507
 11
-50.9949
 21
27.9485
  0
LINE
  8
0
 10
-50.9949
 20
27.9485
 11
-51.069
 21
28.154
  0
LINE
  8
0
 10
-51.069
 20
28.154
 11
-51.1221
 21
28.3664
  0
LINE
  8
0
 10
-51.1221
 20
28.3664
 11
-51.1542
 21
28.5825
  0
LINE
  8
0
 10
-51.1542
 20
28.5825
 11
-51.1642
 21
28.8008
  0
LINE
  8
0
 10
-51.1642
 20
28.8008
 11
-51.1537
 21
29.0192
  0
LINE
  8
0
 10
-51.1537
 20
29.0192
 11
-51.1221
 21
29.2357
  0
LINE
  8
0
 10
-51.1221
 20
29.2357
 11
-51.069
 21
29.4472
  0
LINE
  8
0
 10
-51.069
 20
29.4472
 11
-50.9949
 21
29.6527
  0
LINE
  8
0
 10
-50.9949
 20
29.6527
 11
-50.9015
 21
29.8509
  0
LINE
  8
0
 10
-50.9015
 20
29.8509
 11
-50.7893
 21
30.0381
  0
LINE
  8
0
 10
-50.7893
 20
30.0381
 11
-50.6589
 21
30.2139
  0
LINE
  8
0
 10
-50.6589
 20
30.2139
 11
-50.5124
 21
30.3755
  0
LINE
  8
0
 10
-50.5124
 20
30.3755
 11
-50.3503
 21
30.5225
  0
LINE
  8
0
 10
-50.3503
 20
30.5225
 11
-50.175
 21
30.6525
  0
LINE
  8
0
 10
-50.175
 20
30.6525
 11
-49.9873
 21
30.7651
  0
LINE
  8
0
 10
-49.9873
 20
30.7651
 11
-49.7891
 21
30.8585
  0
LINE
  8
0
 10
-49.7891
 20
30.8585
 11
-49.5836
 21
30.9322
  0
LINE
  8
0
 10
-49.5836
 20
30.9322
 11
-49.3712
 21
30.9857
  0
LINE
  8
0
 10
-49.3712
 20
30.9857
 11
-49.1551
 21
31.0178
  0
LINE
  8
0
 10
-49.1551
 20
31.0178
 11
-48.9372
 21
31.0278
  0
LINE
  8
0
 10
-48.9372
 20
31.0278
 11
-48.7184
 21
31.0173
  0
LINE
  8
0
 10
-48.7184
 20
31.0173
 11
-48.5019
 21
30.9853
  0
LINE
  8
0
 10
-48.5019
 20
30.9853
 11
-48.2904
 21
30.9322
  0
LINE
  8
0
 10
-48.2904
 20
30.9322
 11
-48.0849
 21
30.8585
  0
LINE
  8
0
 10
-48.0849
 20
30.8585
 11
-47.8871
 21
30.7651
  0
LINE
  8
0
 10
-47.8871
 20
30.7651
 11
-47.6994
 21
30.6525
  0
LINE
  8
0
 10
-47.6994
 20
30.6525
 11
-47.5241
 21
30.5225
  0
LINE
  8
0
 10
-47.5241
 20
30.5225
 11
-47.3616
 21
30.3755
  0
LINE
  8
0
 10
-47.3616
 20
30.3755
 11
-47.2151
 21
30.2139
  0
LINE
  8
0
 10
-47.2151
 20
30.2139
 11
-47.0847
 21
30.0381
  0
LINE
  8
0
 10
-47.0847
 20
30.0381
 11
-46.973
 21
29.8509
  0
LINE
  8
0
 10
-46.973
 20
29.8509
 11
-46.8791
 21
29.6527
  0
LINE
  8
0
 10
-46.8791
 20
29.6527
 11
-46.8054
 21
29.4472
  0
LINE
  8
0
 10
-46.8054
 20
29.4472
 11
-46.7523
 21
29.2348
  0
LINE
  8
0
 10
-46.7523
 20
29.2348
 11
-46.7203
 21
29.0187
  0
LINE
  8
0
 10
-46.7203
 20
29.0187
 11
-46.7097
 21
28.8008
  0
LINE
  8
0
 10
-46.7097
 20
28.8008
 11
-46.7207
 21
28.582
  0
LINE
  8
0
 10
-46.7207
 20
28.582
 11
-46.7528
 21
28.3655
  0
LINE
  8
0
 10
-46.7528
 20
28.3655
 11
-46.8054
 21
28.154
  0
LINE
  8
0
 10
-46.8054
 20
28.154
 11
-46.8791
 21
27.948
  0
LINE
  8
0
 10
-46.8791
 20
27.948
 11
-46.973
 21
27.7507
  0
LINE
  8
0
 10
-46.973
 20
27.7507
 11
-47.0851
 21
27.563
  0
LINE
  8
0
 10
-47.0851
 20
27.563
 11
-47.2151
 21
27.3872
  0
LINE
  8
0
 10
-47.2151
 20
27.3872
 11
-47.3621
 21
27.2252
  0
LINE
  8
0
 10
-47.3621
 20
27.2252
 11
-47.5241
 21
27.0787
  0
LINE
  8
0
 10
-47.5241
 20
27.0787
 11
-47.6994
 21
26.9487
  0
LINE
  8
0
 10
-47.6994
 20
26.9487
 11
-47.8871
 21
26.8361
  0
LINE
  8
0
 10
-47.8871
 20
26.8361
 11
-48.0849
 21
26.7427
  0
LINE
  8
0
 10
-48.0849
 20
26.7427
 11
-48.2904
 21
26.669
  0
LINE
  8
0
 10
-48.2904
 20
26.669
 11
-48.5028
 21
26.6159
  0
LINE
  8
0
 10
-48.5028
 20
26.6159
 11
-48.7189
 21
26.5834
  0
LINE
  8
0
 10
-48.7189
 20
26.5834
 11
-48.9372
 21
26.5733
  0
LINE
  8
0
 10
-48.9372
 20
26.5733
 11
-49.1556
 21
26.5839
  0
LINE
  8
0
 10
10.8444
 20
26.5839
 11
10.6279
 21
26.6159
  0
LINE
  8
0
 10
10.6279
 20
26.6159
 11
10.4164
 21
26.669
  0
LINE
  8
0
 10
10.4164
 20
26.669
 11
10.2109
 21
26.7427
  0
LINE
  8
0
 10
10.2109
 20
26.7427
 11
10.0127
 21
26.8361
  0
LINE
  8
0
 10
10.0127
 20
26.8361
 11
9.82498
 21
26.9487
  0
LINE
  8
0
 10
9.82498
 20
26.9487
 11
9.64966
 21
27.0787
  0
LINE
  8
0
 10
9.64966
 20
27.0787
 11
9.48761
 21
27.2256
  0
LINE
  8
0
 10
9.48761
 20
27.2256
 11
9.34113
 21
27.3872
  0
LINE
  8
0
 10
9.34113
 20
27.3872
 11
9.21066
 21
27.5635
  0
LINE
  8
0
 10
9.21066
 20
27.5635
 11
9.09851
 21
27.7507
  0
LINE
  8
0
 10
9.09851
 20
27.7507
 11
9.00513
 21
27.9485
  0
LINE
  8
0
 10
9.00513
 20
27.9485
 11
8.93097
 21
28.154
  0
LINE
  8
0
 10
8.93097
 20
28.154
 11
8.87787
 21
28.3664
  0
LINE
  8
0
 10
8.87787
 20
28.3664
 11
8.84583
 21
28.5825
  0
LINE
  8
0
 10
8.84583
 20
28.5825
 11
8.83575
 21
28.8008
  0
LINE
  8
0
 10
8.83575
 20
28.8008
 11
8.84628
 21
29.0192
  0
LINE
  8
0
 10
8.84628
 20
29.0192
 11
8.87787
 21
29.2357
  0
LINE
  8
0
 10
8.87787
 20
29.2357
 11
8.93097
 21
29.4472
  0
LINE
  8
0
 10
8.93097
 20
29.4472
 11
9.00513
 21
29.6527
  0
LINE
  8
0
 10
9.00513
 20
29.6527
 11
9.09851
 21
29.8509
  0
LINE
  8
0
 10
9.09851
 20
29.8509
 11
9.21066
 21
30.0381
  0
LINE
  8
0
 10
9.21066
 20
30.0381
 11
9.34113
 21
30.2139
  0
LINE
  8
0
 10
9.34113
 20
30.2139
 11
9.48761
 21
30.3755
  0
LINE
  8
0
 10
9.48761
 20
30.3755
 11
9.64966
 21
30.5225
  0
LINE
  8
0
 10
9.64966
 20
30.5225
 11
9.82498
 21
30.6525
  0
LINE
  8
0
 10
9.82498
 20
30.6525
 11
10.0127
 21
30.7651
  0
LINE
  8
0
 10
10.0127
 20
30.7651
 11
10.2109
 21
30.8585
  0
LINE
  8
0
 10
10.2109
 20
30.8585
 11
10.4164
 21
30.9322
  0
LINE
  8
0
 10
10.4164
 20
30.9322
 11
10.6288
 21
30.9857
  0
LINE
  8
0
 10
10.6288
 20
30.9857
 11
10.8449
 21
31.0178
  0
LINE
  8
0
 10
10.8449
 20
31.0178
 11
11.0628
 21
31.0278
  0
LINE
  8
0
 10
11.0628
 20
31.0278
 11
11.2816
 21
31.0173
  0
LINE
  8
0
 10
11.2816
 20
31.0173
 11
11.4981
 21
30.9853
  0
LINE
  8
0
 10
11.4981
 20
30.9853
 11
11.7096
 21
30.9322
  0
LINE
  8
0
 10
11.7096
 20
30.9322
 11
11.9151
 21
30.8585
  0
LINE
  8
0
 10
11.9151
 20
30.8585
 11
12.1129
 21
30.7651
  0
LINE
  8
0
 10
12.1129
 20
30.7651
 11
12.3006
 21
30.6525
  0
LINE
  8
0
 10
12.3006
 20
30.6525
 11
12.4759
 21
30.5225
  0
LINE
  8
0
 10
12.4759
 20
30.5225
 11
12.6384
 21
30.3755
  0
LINE
  8
0
 10
12.6384
 20
30.3755
 11
12.7849
 21
30.2139
  0
LINE
  8
0
 10
12.7849
 20
30.2139
 11
12.9153
 21
30.0381
  0
LINE
  8
0
 10
12.9153
 20
30.0381
 11
13.027
 21
29.8509
  0
LINE
  8
0
 10
13.027
 20
29.8509
 11
13.1209
 21
29.6527
  0
LINE
  8
0
 10
13.1209
 20
29.6527
 11
13.1946
 21
29.4472
  0
LINE
  8
0
 10
13.1946
 20
29.4472
 11
13.2477
 21
29.2348
  0
LINE
  8
0
 10
13.2477
 20
29.2348
 11
13.2797
 21
29.0187
  0
LINE
  8
0
 10
13.2797
 20
29.0187
 11
13.2903
 21
28.8008
  0
LINE
  8
0
 10
13.2903
 20
28.8008
 11
13.2793
 21
28.582
  0
LINE
  8
0
 10
13.2793
 20
28.582
 11
13.2472
 21
28.3655
  0
LINE
  8
0
 10
13.2472
 20
28.3655
 11
13.1946
 21
28.154
  0
LINE
  8
0
 10
13.1946
 20
28.154
 11
13.1209
 21
27.948
  0
LINE
  8
0
 10
13.1209
 20
27.948
 11
13.027
 21
27.7507
  0
LINE
  8
0
 10
13.027
 20
27.7507
 11
12.9149
 21
27.563
  0
LINE
  8
0
 10
12.9149
 20
27.563
 11
12.7849
 21
27.3872
  0
LINE
  8
0
 10
12.7849
 20
27.3872
 11
12.6379
 21
27.2252
  0
LINE
  8
0
 10
12.6379
 20
27.2252
 11
12.4759
 21
27.0787
  0
LINE
  8
0
 10
12.4759
 20
27.0787
 11
12.3006
 21
26.9487
  0
LINE
  8
0
 10
12.3006
 20
26.9487
 11
12.1129
 21
26.8361
  0
LINE
  8
0
 10
12.1129
 20
26.8361
 11
11.9151
 21
26.7427
  0
LINE
  8
0
 10
11.9151
 20
26.7427
 11
11.7096
 21
26.669
  0
LINE
  8
0
 10
11.7096
 20
26.669
 11
11.4972
 21
26.6159
  0
LINE
  8
0
 10
11.4972
 20
26.6159
 11
11.2811
 21
26.5834
  0
LINE
  8
0
 10
11.2811
 20
26.5834
 11
11.0628
 21
26.5733
  0
LINE
  8
0
 10
11.0628
 20
26.5733
 11
10.8444
 21
26.5839
  0
LINE
  8
0
 10
52.5032
 20
25.0032
 11
52.5032
 21
30.4052
  0
LINE
  8
0
 10
52.5032
 20
30.4052
 11
54.2584
 21
25.0032
  0
LINE
  8
0
 10
54.2584
 20
25.0032
 11
52.5032
 21
25.0032
  0
LINE
  8
0
 10
37.1233
 20
18.405
 11
36.6989
 21
19.3073
  0
LINE
  8
0
 10
36.6989
 20
19.3073
 11
36.2306
 21
20.1495
  0
LINE
  8
0
 10
36.2306
 20
20.1495
 11
35.7166
 21
20.9314
  0
LINE
  8
0
 10
35.7166
 20
20.9314
 11
35.1585
 21
21.6519
  0
LINE
  8
0
 10
35.1585
 20
21.6519
 11
34.5561
 21
22.312
  0
LINE
  8
0
 10
34.5561
 20
22.312
 11
33.9084
 21
22.9121
  0
LINE
  8
0
 10
33.9084
 20
22.9121
 11
33.2162
 21
23.4509
  0
LINE
  8
0
 10
33.2162
 20
23.4509
 11
32.4797
 21
23.9302
  0
LINE
  8
0
 10
32.4797
 20
23.9302
 11
31.6978
 21
24.3481
  0
LINE
  8
0
 10
31.6978
 20
24.3481
 11
30.8716
 21
24.7057
  0
LINE
  8
0
 10
30.8716
 20
24.7057
 11
30.0179
 21
24.9968
  0
LINE
  8
0
 10
30.0179
 20
24.9968
 11
37.4968
 21
24.9968
  0
LINE
  8
0
 10
37.4968
 20
24.9968
 11
37.4968
 21
17.4574
  0
LINE
  8
0
 10
37.4968
 20
17.4574
 11
37.1233
 21
18.405
  0
LINE
  8
0
 10
-52.8767
 20
18.405
 11
-53.3011
 21
19.3073
  0
LINE
  8
0
 10
-53.3011
 20
19.3073
 11
-53.7694
 21
20.1495
  0
LINE
  8
0
 10
-53.7694
 20
20.1495
 11
-54.2834
 21
20.9314
  0
LINE
  8
0
 10
-54.2834
 20
20.9314
 11
-54.8415
 21
21.6519
  0
LINE
  8
0
 10
-54.8415
 20
21.6519
 11
-55.2145
 21
22.0607
  0
LINE
  8
0
 10
-55.2145
 20
22.0607
 11
-54.2605
 21
24.9968
  0
LINE
  8
0
 10
-54.2605
 20
24.9968
 11
-52.5032
 21
24.9968
  0
LINE
  8
0
 10
-52.5032
 20
24.9968
 11
-52.5032
 21
17.4574
  0
LINE
  8
0
 10
-52.5032
 20
17.4574
 11
-52.8767
 21
18.405
  0
LINE
  8
0
 10
-22.8767
 20
18.405
 11
-23.3011
 21
19.3073
  0
LINE
  8
0
 10
-23.3011
 20
19.3073
 11
-23.7694
 21
20.1495
  0
LINE
  8
0
 10
-23.7694
 20
20.1495
 11
-24.2834
 21
20.9314
  0
LINE
  8
0
 10
-24.2834
 20
20.9314
 11
-24.8415
 21
21.6519
  0
LINE
  8
0
 10
-24.8415
 20
21.6519
 11
-25.4439
 21
22.312
  0
LINE
  8
0
 10
-25.4439
 20
22.312
 11
-26.0916
 21
22.9121
  0
LINE
  8
0
 10
-26.0916
 20
22.9121
 11
-26.7838
 21
23.4509
  0
LINE
  8
0
 10
-26.7838
 20
23.4509
 11
-27.5203
 21
23.9302
  0
LINE
  8
0
 10
-27.5203
 20
23.9302
 11
-28.3022
 21
24.3481
  0
LINE
  8
0
 10
-28.3022
 20
24.3481
 11
-29.1284
 21
24.7057
  0
LINE
  8
0
 10
-29.1284
 20
24.7057
 11
-29.9821
 21
24.9968
  0
LINE
  8
0
 10
-29.9821
 20
24.9968
 11
-22.5032
 21
24.9968
  0
LINE
  8
0
 10
-22.5032
 20
24.9968
 11
-22.5032
 21
17.4574
  0
LINE
  8
0
 10
-22.5032
 20
17.4574
 11
-22.8767
 21
18.405
  0
LINE
  8
0
 10
7.12326
 20
18.405
 11
6.69891
 21
19.3073
  0
LINE
  8
0
 10
6.69891
 20
19.3073
 11
6.23062
 21
20.1495
  0
LINE
  8
0
 10
6.23062
 20
20.1495
 11
5.71655
 21
20.9314
  0
LINE
  8
0
 10
5.71655
 20
20.9314
 11
5.15854
 21
21.6519
  0
LINE
  8
0
 10
5.15854
 20
21.6519
 11
4.55612
 21
22.312
  0
LINE
  8
0
 10
4.55612
 20
22.312
 11
3.90839
 21
22.9121
  0
LINE
  8
0
 10
3.90839
 20
22.9121
 11
3.21625
 21
23.4509
  0
LINE
  8
0
 10
3.21625
 20
23.4509
 11
2.47971
 21
23.9302
  0
LINE
  8
0
 10
2.47971
 20
23.9302
 11
1.69785
 21
24.3481
  0
LINE
  8
0
 10
1.69785
 20
24.3481
 11
0.871582
 21
24.7057
  0
LINE
  8
0
 10
0.871582
 20
24.7057
 11
0.0178528
 21
24.9968
  0
LINE
  8
0
 10
0.0178528
 20
24.9968
 11
7.4968
 21
24.9968
  0
LINE
  8
0
 10
7.4968
 20
24.9968
 11
7.4968
 21
17.4574
  0
LINE
  8
0
 10
7.4968
 20
17.4574
 11
7.12326
 21
18.405
  0
LINE
  8
0
 10
-41.2816
 20
18.9827
 11
-41.4981
 21
19.0147
  0
LINE
  8
0
 10
-41.4981
 20
19.0147
 11
-41.7096
 21
19.0678
  0
LINE
  8
0
 10
-41.7096
 20
19.0678
 11
-41.9151
 21
19.1415
  0
LINE
  8
0
 10
-41.9151
 20
19.1415
 11
-42.1129
 21
19.2349
  0
LINE
  8
0
 10
-42.1129
 20
19.2349
 11
-42.3006
 21
19.3475
  0
LINE
  8
0
 10
-42.3006
 20
19.3475
 11
-42.4759
 21
19.4775
  0
LINE
  8
0
 10
-42.4759
 20
19.4775
 11
-42.6384
 21
19.6245
  0
LINE
  8
0
 10
-42.6384
 20
19.6245
 11
-42.7849
 21
19.7861
  0
LINE
  8
0
 10
-42.7849
 20
19.7861
 11
-42.9153
 21
19.9619
  0
LINE
  8
0
 10
-42.9153
 20
19.9619
 11
-43.027
 21
20.1491
  0
LINE
  8
0
 10
-43.027
 20
20.1491
 11
-43.1209
 21
20.3473
  0
LINE
  8
0
 10
-43.1209
 20
20.3473
 11
-43.1946
 21
20.5528
  0
LINE
  8
0
 10
-43.1946
 20
20.5528
 11
-43.2477
 21
20.7652
  0
LINE
  8
0
 10
-43.2477
 20
20.7652
 11
-43.2797
 21
20.9813
  0
LINE
  8
0
 10
-43.2797
 20
20.9813
 11
-43.2903
 21
21.1992
  0
LINE
  8
0
 10
-43.2903
 20
21.1992
 11
-43.2793
 21
21.418
  0
LINE
  8
0
 10
-43.2793
 20
21.418
 11
-43.2477
 21
21.6345
  0
LINE
  8
0
 10
-43.2477
 20
21.6345
 11
-43.1946
 21
21.846
  0
LINE
  8
0
 10
-43.1946
 20
21.846
 11
-43.1209
 21
22.0515
  0
LINE
  8
0
 10
-43.1209
 20
22.0515
 11
-43.027
 21
22.2493
  0
LINE
  8
0
 10
-43.027
 20
22.2493
 11
-42.9153
 21
22.4365
  0
LINE
  8
0
 10
-42.9153
 20
22.4365
 11
-42.7849
 21
22.6128
  0
LINE
  8
0
 10
-42.7849
 20
22.6128
 11
-42.6384
 21
22.7744
  0
LINE
  8
0
 10
-42.6384
 20
22.7744
 11
-42.4759
 21
22.9213
  0
LINE
  8
0
 10
-42.4759
 20
22.9213
 11
-42.3006
 21
23.0513
  0
LINE
  8
0
 10
-42.3006
 20
23.0513
 11
-42.1129
 21
23.1639
  0
LINE
  8
0
 10
-42.1129
 20
23.1639
 11
-41.9151
 21
23.2573
  0
LINE
  8
0
 10
-41.9151
 20
23.2573
 11
-41.7096
 21
23.331
  0
LINE
  8
0
 10
-41.7096
 20
23.331
 11
-41.4972
 21
23.3841
  0
LINE
  8
0
 10
-41.4972
 20
23.3841
 11
-41.2811
 21
23.4166
  0
LINE
  8
0
 10
-41.2811
 20
23.4166
 11
-41.0628
 21
23.4267
  0
LINE
  8
0
 10
-41.0628
 20
23.4267
 11
-40.8444
 21
23.4161
  0
LINE
  8
0
 10
-40.8444
 20
23.4161
 11
-40.6279
 21
23.3841
  0
LINE
  8
0
 10
-40.6279
 20
23.3841
 11
-40.4164
 21
23.331
  0
LINE
  8
0
 10
-40.4164
 20
23.331
 11
-40.2109
 21
23.2573
  0
LINE
  8
0
 10
-40.2109
 20
23.2573
 11
-40.0127
 21
23.1639
  0
LINE
  8
0
 10
-40.0127
 20
23.1639
 11
-39.825
 21
23.0513
  0
LINE
  8
0
 10
-39.825
 20
23.0513
 11
-39.6497
 21
22.9213
  0
LINE
  8
0
 10
-39.6497
 20
22.9213
 11
-39.4876
 21
22.7744
  0
LINE
  8
0
 10
-39.4876
 20
22.7744
 11
-39.3411
 21
22.6128
  0
LINE
  8
0
 10
-39.3411
 20
22.6128
 11
-39.2107
 21
22.4365
  0
LINE
  8
0
 10
-39.2107
 20
22.4365
 11
-39.0985
 21
22.2493
  0
LINE
  8
0
 10
-39.0985
 20
22.2493
 11
-39.0051
 21
22.0515
  0
LINE
  8
0
 10
-39.0051
 20
22.0515
 11
-38.931
 21
21.846
  0
LINE
  8
0
 10
-38.931
 20
21.846
 11
-38.8779
 21
21.6336
  0
LINE
  8
0
 10
-38.8779
 20
21.6336
 11
-38.8458
 21
21.4175
  0
LINE
  8
0
 10
-38.8458
 20
21.4175
 11
-38.8358
 21
21.1992
  0
LINE
  8
0
 10
-38.8358
 20
21.1992
 11
-38.8463
 21
20.9808
  0
LINE
  8
0
 10
-38.8463
 20
20.9808
 11
-38.8783
 21
20.7643
  0
LINE
  8
0
 10
-38.8783
 20
20.7643
 11
-38.931
 21
20.5528
  0
LINE
  8
0
 10
-38.931
 20
20.5528
 11
-39.0051
 21
20.3468
  0
LINE
  8
0
 10
-39.0051
 20
20.3468
 11
-39.0985
 21
20.1491
  0
LINE
  8
0
 10
-39.0985
 20
20.1491
 11
-39.2111
 21
19.9614
  0
LINE
  8
0
 10
-39.2111
 20
19.9614
 11
-39.3411
 21
19.7861
  0
LINE
  8
0
 10
-39.3411
 20
19.7861
 11
-39.4881
 21
19.624
  0
LINE
  8
0
 10
-39.4881
 20
19.624
 11
-39.6497
 21
19.4775
  0
LINE
  8
0
 10
-39.6497
 20
19.4775
 11
-39.825
 21
19.3475
  0
LINE
  8
0
 10
-39.825
 20
19.3475
 11
-40.0127
 21
19.2349
  0
LINE
  8
0
 10
-40.0127
 20
19.2349
 11
-40.2109
 21
19.1415
  0
LINE
  8
0
 10
-40.2109
 20
19.1415
 11
-40.4164
 21
19.0678
  0
LINE
  8
0
 10
-40.4164
 20
19.0678
 11
-40.6288
 21
19.0143
  0
LINE
  8
0
 10
-40.6288
 20
19.0143
 11
-40.8449
 21
18.9822
  0
LINE
  8
0
 10
-40.8449
 20
18.9822
 11
-41.0628
 21
18.9722
  0
LINE
  8
0
 10
-41.0628
 20
18.9722
 11
-41.2816
 21
18.9827
  0
LINE
  8
0
 10
48.7184
 20
18.9827
 11
48.5019
 21
19.0147
  0
LINE
  8
0
 10
48.5019
 20
19.0147
 11
48.2904
 21
19.0678
  0
LINE
  8
0
 10
48.2904
 20
19.0678
 11
48.0849
 21
19.1415
  0
LINE
  8
0
 10
48.0849
 20
19.1415
 11
47.8871
 21
19.2349
  0
LINE
  8
0
 10
47.8871
 20
19.2349
 11
47.6994
 21
19.3475
  0
LINE
  8
0
 10
47.6994
 20
19.3475
 11
47.5241
 21
19.4775
  0
LINE
  8
0
 10
47.5241
 20
19.4775
 11
47.3616
 21
19.6245
  0
LINE
  8
0
 10
47.3616
 20
19.6245
 11
47.2151
 21
19.7861
  0
LINE
  8
0
 10
47.2151
 20
19.7861
 11
47.0847
 21
19.9619
  0
LINE
  8
0
 10
47.0847
 20
19.9619
 11
46.973
 21
20.1491
  0
LINE
  8
0
 10
46.973
 20
20.1491
 11
46.8791
 21
20.3473
  0
LINE
  8
0
 10
46.8791
 20
20.3473
 11
46.8054
 21
20.5528
  0
LINE
  8
0
 10
46.8054
 20
20.5528
 11
46.7523
 21
20.7652
  0
LINE
  8
0
 10
46.7523
 20
20.7652
 11
46.7203
 21
20.9813
  0
LINE
  8
0
 10
46.7203
 20
20.9813
 11
46.7097
 21
21.1992
  0
LINE
  8
0
 10
46.7097
 20
21.1992
 11
46.7207
 21
21.418
  0
LINE
  8
0
 10
46.7207
 20
21.418
 11
46.7523
 21
21.6345
  0
LINE
  8
0
 10
46.7523
 20
21.6345
 11
46.8054
 21
21.846
  0
LINE
  8
0
 10
46.8054
 20
21.846
 11
46.8791
 21
22.0515
  0
LINE
  8
0
 10
46.8791
 20
22.0515
 11
46.973
 21
22.2493
  0
LINE
  8
0
 10
46.973
 20
22.2493
 11
47.0847
 21
22.4365
  0
LINE
  8
0
 10
47.0847
 20
22.4365
 11
47.2151
 21
22.6128
  0
LINE
  8
0
 10
47.2151
 20
22.6128
 11
47.3616
 21
22.7744
  0
LINE
  8
0
 10
47.3616
 20
22.7744
 11
47.5241
 21
22.9213
  0
LINE
  8
0
 10
47.5241
 20
22.9213
 11
47.6994
 21
23.0513
  0
LINE
  8
0
 10
47.6994
 20
23.0513
 11
47.8871
 21
23.1639
  0
LINE
  8
0
 10
47.8871
 20
23.1639
 11
48.0849
 21
23.2573
  0
LINE
  8
0
 10
48.0849
 20
23.2573
 11
48.2904
 21
23.331
  0
LINE
  8
0
 10
48.2904
 20
23.331
 11
48.5028
 21
23.3841
  0
LINE
  8
0
 10
48.5028
 20
23.3841
 11
48.7189
 21
23.4166
  0
LINE
  8
0
 10
48.7189
 20
23.4166
 11
48.9372
 21
23.4267
  0
LINE
  8
0
 10
48.9372
 20
23.4267
 11
49.1556
 21
23.4161
  0
LINE
  8
0
 10
49.1556
 20
23.4161
 11
49.3721
 21
23.3841
  0
LINE
  8
0
 10
49.3721
 20
23.3841
 11
49.5836
 21
23.331
  0
LINE
  8
0
 10
49.5836
 20
23.331
 11
49.7891
 21
23.2573
  0
LINE
  8
0
 10
49.7891
 20
23.2573
 11
49.9873
 21
23.1639
  0
LINE
  8
0
 10
49.9873
 20
23.1639
 11
50.175
 21
23.0513
  0
LINE
  8
0
 10
50.175
 20
23.0513
 11
50.3503
 21
22.9213
  0
LINE
  8
0
 10
50.3503
 20
22.9213
 11
50.5124
 21
22.7744
  0
LINE
  8
0
 10
50.5124
 20
22.7744
 11
50.6589
 21
22.6128
  0
LINE
  8
0
 10
50.6589
 20
22.6128
 11
50.7893
 21
22.4365
  0
LINE
  8
0
 10
50.7893
 20
22.4365
 11
50.9015
 21
22.2493
  0
LINE
  8
0
 10
50.9015
 20
22.2493
 11
50.9949
 21
22.0515
  0
LINE
  8
0
 10
50.9949
 20
22.0515
 11
51.069
 21
21.846
  0
LINE
  8
0
 10
51.069
 20
21.846
 11
51.1221
 21
21.6336
  0
LINE
  8
0
 10
51.1221
 20
21.6336
 11
51.1542
 21
21.4175
  0
LINE
  8
0
 10
51.1542
 20
21.4175
 11
51.1642
 21
21.1992
  0
LINE
  8
0
 10
51.1642
 20
21.1992
 11
51.1537
 21
20.9808
  0
LINE
  8
0
 10
51.1537
 20
20.9808
 11
51.1217
 21
20.7643
  0
LINE
  8
0
 10
51.1217
 20
20.7643
 11
51.069
 21
20.5528
  0
LINE
  8
0
 10
51.069
 20
20.5528
 11
50.9949
 21
20.3468
  0
LINE
  8
0
 10
50.9949
 20
20.3468
 11
50.9015
 21
20.1491
  0
LINE
  8
0
 10
50.9015
 20
20.1491
 11
50.7889
 21
19.9614
  0
LINE
  8
0
 10
50.7889
 20
19.9614
 11
50.6589
 21
19.7861
  0
LINE
  8
0
 10
50.6589
 20
19.7861
 11
50.5119
 21
19.624
  0
LINE
  8
0
 10
50.5119
 20
19.624
 11
50.3503
 21
19.4775
  0
LINE
  8
0
 10
50.3503
 20
19.4775
 11
50.175
 21
19.3475
  0
LINE
  8
0
 10
50.175
 20
19.3475
 11
49.9873
 21
19.2349
  0
LINE
  8
0
 10
49.9873
 20
19.2349
 11
49.7891
 21
19.1415
  0
LINE
  8
0
 10
49.7891
 20
19.1415
 11
49.5836
 21
19.0678
  0
LINE
  8
0
 10
49.5836
 20
19.0678
 11
49.3712
 21
19.0143
  0
LINE
  8
0
 10
49.3712
 20
19.0143
 11
49.1551
 21
18.9822
  0
LINE
  8
0
 10
49.1551
 20
18.9822
 11
48.9372
 21
18.9722
  0
LINE
  8
0
 10
48.9372
 20
18.9722
 11
48.7184
 21
18.9827
  0
LINE
  8
0
 10
-11.2816
 20
18.9827
 11
-11.4981
 21
19.0147
  0
LINE
  8
0
 10
-11.4981
 20
19.0147
 11
-11.7096
 21
19.0678
  0
LINE
  8
0
 10
-11.7096
 20
19.0678
 11
-11.9151
 21
19.1415
  0
LINE
  8
0
 10
-11.9151
 20
19.1415
 11
-12.1129
 21
19.2349
  0
LINE
  8
0
 10
-12.1129
 20
19.2349
 11
-12.3006
 21
19.3475
  0
LINE
  8
0
 10
-12.3006
 20
19.3475
 11
-12.4759
 21
19.4775
  0
LINE
  8
0
 10
-12.4759
 20
19.4775
 11
-12.6384
 21
19.6245
  0
LINE
  8
0
 10
-12.6384
 20
19.6245
 11
-12.7849
 21
19.7861
  0
LINE
  8
0
 10
-12.7849
 20
19.7861
 11
-12.9153
 21
19.9619
  0
LINE
  8
0
 10
-12.9153
 20
19.9619
 11
-13.027
 21
20.1491
  0
LINE
  8
0
 10
-13.027
 20
20.1491
 11
-13.1209
 21
20.3473
  0
LINE
  8
0
 10
-13.1209
 20
20.3473
 11
-13.1946
 21
20.5528
  0
LINE
  8
0
 10
-13.1946
 20
20.5528
 11
-13.2477
 21
20.7652
  0
LINE
  8
0
 10
-13.2477
 20
20.7652
 11
-13.2797
 21
20.9813
  0
LINE
  8
0
 10
-13.2797
 20
20.9813
 11
-13.2903
 21
21.1992
  0
LINE
  8
0
 10
-13.2903
 20
21.1992
 11
-13.2793
 21
21.418
  0
LINE
  8
0
 10
-13.2793
 20
21.418
 11
-13.2477
 21
21.6345
  0
LINE
  8
0
 10
-13.2477
 20
21.6345
 11
-13.1946
 21
21.846
  0
LINE
  8
0
 10
-13.1946
 20
21.846
 11
-13.1209
 21
22.0515
  0
LINE
  8
0
 10
-13.1209
 20
22.0515
 11
-13.027
 21
22.2493
  0
LINE
  8
0
 10
-13.027
 20
22.2493
 11
-12.9153
 21
22.4365
  0
LINE
  8
0
 10
-12.9153
 20
22.4365
 11
-12.7849
 21
22.6128
  0
LINE
  8
0
 10
-12.7849
 20
22.6128
 11
-12.6384
 21
22.7744
  0
LINE
  8
0
 10
-12.6384
 20
22.7744
 11
-12.4759
 21
22.9213
  0
LINE
  8
0
 10
-12.4759
 20
22.9213
 11
-12.3006
 21
23.0513
  0
LINE
  8
0
 10
-12.3006
 20
23.0513
 11
-12.1129
 21
23.1639
  0
LINE
  8
0
 10
-12.1129
 20
23.1639
 11
-11.9151
 21
23.2573
  0
LINE
  8
0
 10
-11.9151
 20
23.2573
 11
-11.7096
 21
23.331
  0
LINE
  8
0
 10
-11.7096
 20
23.331
 11
-11.4972
 21
23.3841
  0
LINE
  8
0
 10
-11.4972
 20
23.3841
 11
-11.2811
 21
23.4166
  0
LINE
  8
0
 10
-11.2811
 20
23.4166
 11
-11.0628
 21
23.4267
  0
LINE
  8
0
 10
-11.0628
 20
23.4267
 11
-10.8444
 21
23.4161
  0
LINE
  8
0
 10
-10.8444
 20
23.4161
 11
-10.6279
 21
23.3841
  0
LINE
  8
0
 10
-10.6279
 20
23.3841
 11
-10.4164
 21
23.331
  0
LINE
  8
0
 10
-10.4164
 20
23.331
 11
-10.2109
 21
23.2573
  0
LINE
  8
0
 10
-10.2109
 20
23.2573
 11
-10.0127
 21
23.1639
  0
LINE
  8
0
 10
-10.0127
 20
23.1639
 11
-9.82498
 21
23.0513
  0
LINE
  8
0
 10
-9.82498
 20
23.0513
 11
-9.64966
 21
22.9213
  0
LINE
  8
0
 10
-9.64966
 20
22.9213
 11
-9.48761
 21
22.7744
  0
LINE
  8
0
 10
-9.48761
 20
22.7744
 11
-9.34113
 21
22.6128
  0
LINE
  8
0
 10
-9.34113
 20
22.6128
 11
-9.21066
 21
22.4365
  0
LINE
  8
0
 10
-9.21066
 20
22.4365
 11
-9.09851
 21
22.2493
  0
LINE
  8
0
 10
-9.09851
 20
22.2493
 11
-9.00513
 21
22.0515
  0
LINE
  8
0
 10
-9.00513
 20
22.0515
 11
-8.93097
 21
21.846
  0
LINE
  8
0
 10
-8.93097
 20
21.846
 11
-8.87787
 21
21.6336
  0
LINE
  8
0
 10
-8.87787
 20
21.6336
 11
-8.84583
 21
21.4175
  0
LINE
  8
0
 10
-8.84583
 20
21.4175
 11
-8.83575
 21
21.1992
  0
LINE
  8
0
 10
-8.83575
 20
21.1992
 11
-8.84628
 21
20.9808
  0
LINE
  8
0
 10
-8.84628
 20
20.9808
 11
-8.87833
 21
20.7643
  0
LINE
  8
0
 10
-8.87833
 20
20.7643
 11
-8.93097
 21
20.5528
  0
LINE
  8
0
 10
-8.93097
 20
20.5528
 11
-9.00513
 21
20.3468
  0
LINE
  8
0
 10
-9.00513
 20
20.3468
 11
-9.09851
 21
20.1491
  0
LINE
  8
0
 10
-9.09851
 20
20.1491
 11
-9.21112
 21
19.9614
  0
LINE
  8
0
 10
-9.21112
 20
19.9614
 11
-9.34113
 21
19.7861
  0
LINE
  8
0
 10
-9.34113
 20
19.7861
 11
-9.48807
 21
19.624
  0
LINE
  8
0
 10
-9.48807
 20
19.624
 11
-9.64966
 21
19.4775
  0
LINE
  8
0
 10
-9.64966
 20
19.4775
 11
-9.82498
 21
19.3475
  0
LINE
  8
0
 10
-9.82498
 20
19.3475
 11
-10.0127
 21
19.2349
  0
LINE
  8
0
 10
-10.0127
 20
19.2349
 11
-10.2109
 21
19.1415
  0
LINE
  8
0
 10
-10.2109
 20
19.1415
 11
-10.4164
 21
19.0678
  0
LINE
  8
0
 10
-10.4164
 20
19.0678
 11
-10.6288
 21
19.0143
  0
LINE
  8
0
 10
-10.6288
 20
19.0143
 11
-10.8449
 21
18.9822
  0
LINE
  8
0
 10
-10.8449
 20
18.9822
 11
-11.0628
 21
18.9722
  0
LINE
  8
0
 10
-11.0628
 20
18.9722
 11
-11.2816
 21
18.9827
  0
LINE
  8
0
 10
18.7184
 20
18.9827
 11
18.5019
 21
19.0147
  0
LINE
  8
0
 10
18.5019
 20
19.0147
 11
18.2904
 21
19.0678
  0
LINE
  8
0
 10
18.2904
 20
19.0678
 11
18.0849
 21
19.1415
  0
LINE
  8
0
 10
18.0849
 20
19.1415
 11
17.8871
 21
19.2349
  0
LINE
  8
0
 10
17.8871
 20
19.2349
 11
17.6994
 21
19.3475
  0
LINE
  8
0
 10
17.6994
 20
19.3475
 11
17.5241
 21
19.4775
  0
LINE
  8
0
 10
17.5241
 20
19.4775
 11
17.3616
 21
19.6245
  0
LINE
  8
0
 10
17.3616
 20
19.6245
 11
17.2151
 21
19.7861
  0
LINE
  8
0
 10
17.2151
 20
19.7861
 11
17.0847
 21
19.9619
  0
LINE
  8
0
 10
17.0847
 20
19.9619
 11
16.973
 21
20.1491
  0
LINE
  8
0
 10
16.973
 20
20.1491
 11
16.8791
 21
20.3473
  0
LINE
  8
0
 10
16.8791
 20
20.3473
 11
16.8054
 21
20.5528
  0
LINE
  8
0
 10
16.8054
 20
20.5528
 11
16.7523
 21
20.7652
  0
LINE
  8
0
 10
16.7523
 20
20.7652
 11
16.7203
 21
20.9813
  0
LINE
  8
0
 10
16.7203
 20
20.9813
 11
16.7097
 21
21.1992
  0
LINE
  8
0
 10
16.7097
 20
21.1992
 11
16.7207
 21
21.418
  0
LINE
  8
0
 10
16.7207
 20
21.418
 11
16.7523
 21
21.6345
  0
LINE
  8
0
 10
16.7523
 20
21.6345
 11
16.8054
 21
21.846
  0
LINE
  8
0
 10
16.8054
 20
21.846
 11
16.8791
 21
22.0515
  0
LINE
  8
0
 10
16.8791
 20
22.0515
 11
16.973
 21
22.2493
  0
LINE
  8
0
 10
16.973
 20
22.2493
 11
17.0847
 21
22.4365
  0
LINE
  8
0
 10
17.0847
 20
22.4365
 11
17.2151
 21
22.6128
  0
LINE
  8
0
 10
17.2151
 20
22.6128
 11
17.3616
 21
22.7744
  0
LINE
  8
0
 10
17.3616
 20
22.7744
 11
17.5241
 21
22.9213
  0
LINE
  8
0
 10
17.5241
 20
22.9213
 11
17.6994
 21
23.0513
  0
LINE
  8
0
 10
17.6994
 20
23.0513
 11
17.8871
 21
23.1639
  0
LINE
  8
0
 10
17.8871
 20
23.1639
 11
18.0849
 21
23.2573
  0
LINE
  8
0
 10
18.0849
 20
23.2573
 11
18.2904
 21
23.331
  0
LINE
  8
0
 10
18.2904
 20
23.331
 11
18.5028
 21
23.3841
  0
LINE
  8
0
 10
18.5028
 20
23.3841
 11
18.7189
 21
23.4166
  0
LINE
  8
0
 10
18.7189
 20
23.4166
 11
18.9372
 21
23.4267
  0
LINE
  8
0
 10
18.9372
 20
23.4267
 11
19.1556
 21
23.4161
  0
LINE
  8
0
 10
19.1556
 20
23.4161
 11
19.3721
 21
23.3841
  0
LINE
  8
0
 10
19.3721
 20
23.3841
 11
19.5836
 21
23.331
  0
LINE
  8
0
 10
19.5836
 20
23.331
 11
19.7891
 21
23.2573
  0
LINE
  8
0
 10
19.7891
 20
23.2573
 11
19.9873
 21
23.1639
  0
LINE
  8
0
 10
19.9873
 20
23.1639
 11
20.175
 21
23.0513
  0
LINE
  8
0
 10
20.175
 20
23.0513
 11
20.3503
 21
22.9213
  0
LINE
  8
0
 10
20.3503
 20
22.9213
 11
20.5124
 21
22.7744
  0
LINE
  8
0
 10
20.5124
 20
22.7744
 11
20.6589
 21
22.6128
  0
LINE
  8
0
 10
20.6589
 20
22.6128
 11
20.7893
 21
22.4365
  0
LINE
  8
0
 10
20.7893
 20
22.4365
 11
20.9015
 21
22.2493
  0
LINE
  8
0
 10
20.9015
 20
22.2493
 11
20.9949
 21
22.0515
  0
LINE
  8
0
 10
20.9949
 20
22.0515
 11
21.069
 21
21.846
  0
LINE
  8
0
 10
21.069
 20
21.846
 11
21.1221
 21
21.6336
  0
LINE
  8
0
 10
21.1221
 20
21.6336
 11
21.1542
 21
21.4175
  0
LINE
  8
0
 10
21.1542
 20
21.4175
 11
21.1642
 21
21.1992
  0
LINE
  8
0
 10
21.1642
 20
21.1992
 11
21.1537
 21
20.9808
  0
LINE
  8
0
 10
21.1537
 20
20.9808
 11
21.1217
 21
20.7643
  0
LINE
  8
0
 10
21.1217
 20
20.7643
 11
21.069
 21
20.5528
  0
LINE
  8
0
 10
21.069
 20
20.5528
 11
20.9949
 21
20.3468
  0
LINE
  8
0
 10
20.9949
 20
20.3468
 11
20.9015
 21
20.1491
  0
LINE
  8
0
 10
20.9015
 20
20.1491
 11
20.7889
 21
19.9614
  0
LINE
  8
0
 10
20.7889
 20
19.9614
 11
20.6589
 21
19.7861
  0
LINE
  8
0
 10
20.6589
 20
19.7861
 11
20.5119
 21
19.624
  0
LINE
  8
0
 10
20.5119
 20
19.624
 11
20.3503
 21
19.4775
  0
LINE
  8
0
 10
20.3503
 20
19.4775
 11
20.175
 21
19.3475
  0
LINE
  8
0
 10
20.175
 20
19.3475
 11
19.9873
 21
19.2349
  0
LINE
  8
0
 10
19.9873
 20
19.2349
 11
19.7891
 21
19.1415
  0
LINE
  8
0
 10
19.7891
 20
19.1415
 11
19.5836
 21
19.0678
  0
LINE
  8
0
 10
19.5836
 20
19.0678
 11
19.3712
 21
19.0143
  0
LINE
  8
0
 10
19.3712
 20
19.0143
 11
19.1551
 21
18.9822
  0
LINE
  8
0
 10
19.1551
 20
18.9822
 11
18.9372
 21
18.9722
  0
LINE
  8
0
 10
18.9372
 20
18.9722
 11
18.7184
 21
18.9827
  0
LINE
  8
0
 10
40.9808
 20
18.8463
 11
40.7643
 21
18.8783
  0
LINE
  8
0
 10
40.7643
 20
18.8783
 11
40.5528
 21
18.931
  0
LINE
  8
0
 10
40.5528
 20
18.931
 11
40.3473
 21
19.0051
  0
LINE
  8
0
 10
40.3473
 20
19.0051
 11
40.1491
 21
19.0985
  0
LINE
  8
0
 10
40.1491
 20
19.0985
 11
39.9614
 21
19.2111
  0
LINE
  8
0
 10
39.9614
 20
19.2111
 11
39.7861
 21
19.3411
  0
LINE
  8
0
 10
39.7861
 20
19.3411
 11
39.624
 21
19.4881
  0
LINE
  8
0
 10
39.624
 20
19.4881
 11
39.4775
 21
19.6497
  0
LINE
  8
0
 10
39.4775
 20
19.6497
 11
39.3471
 21
19.8254
  0
LINE
  8
0
 10
39.3471
 20
19.8254
 11
39.2349
 21
20.0127
  0
LINE
  8
0
 10
39.2349
 20
20.0127
 11
39.1415
 21
20.2109
  0
LINE
  8
0
 10
39.1415
 20
20.2109
 11
39.0678
 21
20.4164
  0
LINE
  8
0
 10
39.0678
 20
20.4164
 11
39.0143
 21
20.6288
  0
LINE
  8
0
 10
39.0143
 20
20.6288
 11
38.9822
 21
20.8449
  0
LINE
  8
0
 10
38.9822
 20
20.8449
 11
38.9722
 21
21.0628
  0
LINE
  8
0
 10
38.9722
 20
21.0628
 11
38.9827
 21
21.2816
  0
LINE
  8
0
 10
38.9827
 20
21.2816
 11
39.0147
 21
21.4981
  0
LINE
  8
0
 10
39.0147
 20
21.4981
 11
39.0678
 21
21.7096
  0
LINE
  8
0
 10
39.0678
 20
21.7096
 11
39.1415
 21
21.9151
  0
LINE
  8
0
 10
39.1415
 20
21.9151
 11
39.2349
 21
22.1129
  0
LINE
  8
0
 10
39.2349
 20
22.1129
 11
39.3471
 21
22.3001
  0
LINE
  8
0
 10
39.3471
 20
22.3001
 11
39.4775
 21
22.4759
  0
LINE
  8
0
 10
39.4775
 20
22.4759
 11
39.624
 21
22.6379
  0
LINE
  8
0
 10
39.624
 20
22.6379
 11
39.7861
 21
22.7849
  0
LINE
  8
0
 10
39.7861
 20
22.7849
 11
39.9614
 21
22.9149
  0
LINE
  8
0
 10
39.9614
 20
22.9149
 11
40.1491
 21
23.027
  0
LINE
  8
0
 10
40.1491
 20
23.027
 11
40.3473
 21
23.1209
  0
LINE
  8
0
 10
40.3473
 20
23.1209
 11
40.5528
 21
23.1946
  0
LINE
  8
0
 10
40.5528
 20
23.1946
 11
40.7652
 21
23.2477
  0
LINE
  8
0
 10
40.7652
 20
23.2477
 11
40.9813
 21
23.2797
  0
LINE
  8
0
 10
40.9813
 20
23.2797
 11
41.1992
 21
23.2903
  0
LINE
  8
0
 10
41.1992
 20
23.2903
 11
41.418
 21
23.2793
  0
LINE
  8
0
 10
41.418
 20
23.2793
 11
41.6345
 21
23.2477
  0
LINE
  8
0
 10
41.6345
 20
23.2477
 11
41.846
 21
23.1946
  0
LINE
  8
0
 10
41.846
 20
23.1946
 11
42.0515
 21
23.1209
  0
LINE
  8
0
 10
42.0515
 20
23.1209
 11
42.2493
 21
23.027
  0
LINE
  8
0
 10
42.2493
 20
23.027
 11
42.437
 21
22.9149
  0
LINE
  8
0
 10
42.437
 20
22.9149
 11
42.6128
 21
22.7849
  0
LINE
  8
0
 10
42.6128
 20
22.7849
 11
42.7748
 21
22.6379
  0
LINE
  8
0
 10
42.7748
 20
22.6379
 11
42.9213
 21
22.4759
  0
LINE
  8
0
 10
42.9213
 20
22.4759
 11
43.0518
 21
22.3001
  0
LINE
  8
0
 10
43.0518
 20
22.3001
 11
43.1639
 21
22.1129
  0
LINE
  8
0
 10
43.1639
 20
22.1129
 11
43.2573
 21
21.9151
  0
LINE
  8
0
 10
43.2573
 20
21.9151
 11
43.331
 21
21.7096
  0
LINE
  8
0
 10
43.331
 20
21.7096
 11
43.3841
 21
21.4972
  0
LINE
  8
0
 10
43.3841
 20
21.4972
 11
43.4166
 21
21.2811
  0
LINE
  8
0
 10
43.4166
 20
21.2811
 11
43.4267
 21
21.0628
  0
LINE
  8
0
 10
43.4267
 20
21.0628
 11
43.4161
 21
20.8444
  0
LINE
  8
0
 10
43.4161
 20
20.8444
 11
43.3836
 21
20.6279
  0
LINE
  8
0
 10
43.3836
 20
20.6279
 11
43.331
 21
20.4164
  0
LINE
  8
0
 10
43.331
 20
20.4164
 11
43.2573
 21
20.2104
  0
LINE
  8
0
 10
43.2573
 20
20.2104
 11
43.1639
 21
20.0127
  0
LINE
  8
0
 10
43.1639
 20
20.0127
 11
43.0513
 21
19.825
  0
LINE
  8
0
 10
43.0513
 20
19.825
 11
42.9213
 21
19.6497
  0
LINE
  8
0
 10
42.9213
 20
19.6497
 11
42.7744
 21
19.4876
  0
LINE
  8
0
 10
42.7744
 20
19.4876
 11
42.6128
 21
19.3411
  0
LINE
  8
0
 10
42.6128
 20
19.3411
 11
42.437
 21
19.2111
  0
LINE
  8
0
 10
42.437
 20
19.2111
 11
42.2493
 21
19.0985
  0
LINE
  8
0
 10
42.2493
 20
19.0985
 11
42.0515
 21
19.0051
  0
LINE
  8
0
 10
42.0515
 20
19.0051
 11
41.846
 21
18.931
  0
LINE
  8
0
 10
41.846
 20
18.931
 11
41.6336
 21
18.8779
  0
LINE
  8
0
 10
41.6336
 20
18.8779
 11
41.4175
 21
18.8458
  0
LINE
  8
0
 10
41.4175
 20
18.8458
 11
41.1992
 21
18.8358
  0
LINE
  8
0
 10
41.1992
 20
18.8358
 11
40.9808
 21
18.8463
  0
LINE
  8
0
 10
10.9808
 20
18.8463
 11
10.7643
 21
18.8783
  0
LINE
  8
0
 10
10.7643
 20
18.8783
 11
10.5528
 21
18.931
  0
LINE
  8
0
 10
10.5528
 20
18.931
 11
10.3473
 21
19.0051
  0
LINE
  8
0
 10
10.3473
 20
19.0051
 11
10.1491
 21
19.0985
  0
LINE
  8
0
 10
10.1491
 20
19.0985
 11
9.9614
 21
19.2111
  0
LINE
  8
0
 10
9.9614
 20
19.2111
 11
9.78607
 21
19.3411
  0
LINE
  8
0
 10
9.78607
 20
19.3411
 11
9.62402
 21
19.4881
  0
LINE
  8
0
 10
9.62402
 20
19.4881
 11
9.47754
 21
19.6497
  0
LINE
  8
0
 10
9.47754
 20
19.6497
 11
9.34708
 21
19.8254
  0
LINE
  8
0
 10
9.34708
 20
19.8254
 11
9.23492
 21
20.0127
  0
LINE
  8
0
 10
9.23492
 20
20.0127
 11
9.14154
 21
20.2109
  0
LINE
  8
0
 10
9.14154
 20
20.2109
 11
9.06784
 21
20.4164
  0
LINE
  8
0
 10
9.06784
 20
20.4164
 11
9.01428
 21
20.6288
  0
LINE
  8
0
 10
9.01428
 20
20.6288
 11
8.98224
 21
20.8449
  0
LINE
  8
0
 10
8.98224
 20
20.8449
 11
8.97217
 21
21.0628
  0
LINE
  8
0
 10
8.97217
 20
21.0628
 11
8.9827
 21
21.2816
  0
LINE
  8
0
 10
8.9827
 20
21.2816
 11
9.01474
 21
21.4981
  0
LINE
  8
0
 10
9.01474
 20
21.4981
 11
9.06784
 21
21.7096
  0
LINE
  8
0
 10
9.06784
 20
21.7096
 11
9.14154
 21
21.9151
  0
LINE
  8
0
 10
9.14154
 20
21.9151
 11
9.23492
 21
22.1129
  0
LINE
  8
0
 10
9.23492
 20
22.1129
 11
9.34708
 21
22.3001
  0
LINE
  8
0
 10
9.34708
 20
22.3001
 11
9.47754
 21
22.4759
  0
LINE
  8
0
 10
9.47754
 20
22.4759
 11
9.62402
 21
22.6379
  0
LINE
  8
0
 10
9.62402
 20
22.6379
 11
9.78607
 21
22.7849
  0
LINE
  8
0
 10
9.78607
 20
22.7849
 11
9.9614
 21
22.9149
  0
LINE
  8
0
 10
9.9614
 20
22.9149
 11
10.1491
 21
23.027
  0
LINE
  8
0
 10
10.1491
 20
23.027
 11
10.3473
 21
23.1209
  0
LINE
  8
0
 10
10.3473
 20
23.1209
 11
10.5528
 21
23.1946
  0
LINE
  8
0
 10
10.5528
 20
23.1946
 11
10.7652
 21
23.2477
  0
LINE
  8
0
 10
10.7652
 20
23.2477
 11
10.9813
 21
23.2797
  0
LINE
  8
0
 10
10.9813
 20
23.2797
 11
11.1992
 21
23.2903
  0
LINE
  8
0
 10
11.1992
 20
23.2903
 11
11.418
 21
23.2793
  0
LINE
  8
0
 10
11.418
 20
23.2793
 11
11.6345
 21
23.2477
  0
LINE
  8
0
 10
11.6345
 20
23.2477
 11
11.846
 21
23.1946
  0
LINE
  8
0
 10
11.846
 20
23.1946
 11
12.0515
 21
23.1209
  0
LINE
  8
0
 10
12.0515
 20
23.1209
 11
12.2493
 21
23.027
  0
LINE
  8
0
 10
12.2493
 20
23.027
 11
12.437
 21
22.9149
  0
LINE
  8
0
 10
12.437
 20
22.9149
 11
12.6128
 21
22.7849
  0
LINE
  8
0
 10
12.6128
 20
22.7849
 11
12.7748
 21
22.6379
  0
LINE
  8
0
 10
12.7748
 20
22.6379
 11
12.9213
 21
22.4759
  0
LINE
  8
0
 10
12.9213
 20
22.4759
 11
13.0518
 21
22.3001
  0
LINE
  8
0
 10
13.0518
 20
22.3001
 11
13.1639
 21
22.1129
  0
LINE
  8
0
 10
13.1639
 20
22.1129
 11
13.2573
 21
21.9151
  0
LINE
  8
0
 10
13.2573
 20
21.9151
 11
13.331
 21
21.7096
  0
LINE
  8
0
 10
13.331
 20
21.7096
 11
13.3841
 21
21.4972
  0
LINE
  8
0
 10
13.3841
 20
21.4972
 11
13.4166
 21
21.2811
  0
LINE
  8
0
 10
13.4166
 20
21.2811
 11
13.4267
 21
21.0628
  0
LINE
  8
0
 10
13.4267
 20
21.0628
 11
13.4161
 21
20.8444
  0
LINE
  8
0
 10
13.4161
 20
20.8444
 11
13.3836
 21
20.6279
  0
LINE
  8
0
 10
13.3836
 20
20.6279
 11
13.331
 21
20.4164
  0
LINE
  8
0
 10
13.331
 20
20.4164
 11
13.2573
 21
20.2104
  0
LINE
  8
0
 10
13.2573
 20
20.2104
 11
13.1639
 21
20.0127
  0
LINE
  8
0
 10
13.1639
 20
20.0127
 11
13.0513
 21
19.825
  0
LINE
  8
0
 10
13.0513
 20
19.825
 11
12.9213
 21
19.6497
  0
LINE
  8
0
 10
12.9213
 20
19.6497
 11
12.7744
 21
19.4876
  0
LINE
  8
0
 10
12.7744
 20
19.4876
 11
12.6128
 21
19.3411
  0
LINE
  8
0
 10
12.6128
 20
19.3411
 11
12.437
 21
19.2111
  0
LINE
  8
0
 10
12.437
 20
19.2111
 11
12.2493
 21
19.0985
  0
LINE
  8
0
 10
12.2493
 20
19.0985
 11
12.0515
 21
19.0051
  0
LINE
  8
0
 10
12.0515
 20
19.0051
 11
11.846
 21
18.931
  0
LINE
  8
0
 10
11.846
 20
18.931
 11
11.6336
 21
18.8779
  0
LINE
  8
0
 10
11.6336
 20
18.8779
 11
11.4175
 21
18.8458
  0
LINE
  8
0
 10
11.4175
 20
18.8458
 11
11.1992
 21
18.8358
  0
LINE
  8
0
 10
11.1992
 20
18.8358
 11
10.9808
 21
18.8463
  0
LINE
  8
0
 10
-19.0192
 20
18.8463
 11
-19.2357
 21
18.8783
  0
LINE
  8
0
 10
-19.2357
 20
18.8783
 11
-19.4472
 21
18.931
  0
LINE
  8
0
 10
-19.4472
 20
18.931
 11
-19.6527
 21
19.0051
  0
LINE
  8
0
 10
-19.6527
 20
19.0051
 11
-19.8509
 21
19.0985
  0
LINE
  8
0
 10
-19.8509
 20
19.0985
 11
-20.0386
 21
19.2111
  0
LINE
  8
0
 10
-20.0386
 20
19.2111
 11
-20.2139
 21
19.3411
  0
LINE
  8
0
 10
-20.2139
 20
19.3411
 11
-20.376
 21
19.4881
  0
LINE
  8
0
 10
-20.376
 20
19.4881
 11
-20.5225
 21
19.6497
  0
LINE
  8
0
 10
-20.5225
 20
19.6497
 11
-20.6529
 21
19.8254
  0
LINE
  8
0
 10
-20.6529
 20
19.8254
 11
-20.7651
 21
20.0127
  0
LINE
  8
0
 10
-20.7651
 20
20.0127
 11
-20.8585
 21
20.2109
  0
LINE
  8
0
 10
-20.8585
 20
20.2109
 11
-20.9322
 21
20.4164
  0
LINE
  8
0
 10
-20.9322
 20
20.4164
 11
-20.9857
 21
20.6288
  0
LINE
  8
0
 10
-20.9857
 20
20.6288
 11
-21.0178
 21
20.8449
  0
LINE
  8
0
 10
-21.0178
 20
20.8449
 11
-21.0278
 21
21.0628
  0
LINE
  8
0
 10
-21.0278
 20
21.0628
 11
-21.0173
 21
21.2816
  0
LINE
  8
0
 10
-21.0173
 20
21.2816
 11
-20.9853
 21
21.4981
  0
LINE
  8
0
 10
-20.9853
 20
21.4981
 11
-20.9322
 21
21.7096
  0
LINE
  8
0
 10
-20.9322
 20
21.7096
 11
-20.8585
 21
21.9151
  0
LINE
  8
0
 10
-20.8585
 20
21.9151
 11
-20.7651
 21
22.1129
  0
LINE
  8
0
 10
-20.7651
 20
22.1129
 11
-20.6529
 21
22.3001
  0
LINE
  8
0
 10
-20.6529
 20
22.3001
 11
-20.5225
 21
22.4759
  0
LINE
  8
0
 10
-20.5225
 20
22.4759
 11
-20.376
 21
22.6379
  0
LINE
  8
0
 10
-20.376
 20
22.6379
 11
-20.2139
 21
22.7849
  0
LINE
  8
0
 10
-20.2139
 20
22.7849
 11
-20.0386
 21
22.9149
  0
LINE
  8
0
 10
-20.0386
 20
22.9149
 11
-19.8509
 21
23.027
  0
LINE
  8
0
 10
-19.8509
 20
23.027
 11
-19.6527
 21
23.1209
  0
LINE
  8
0
 10
-19.6527
 20
23.1209
 11
-19.4472
 21
23.1946
  0
LINE
  8
0
 10
-19.4472
 20
23.1946
 11
-19.2348
 21
23.2477
  0
LINE
  8
0
 10
-19.2348
 20
23.2477
 11
-19.0187
 21
23.2797
  0
LINE
  8
0
 10
-19.0187
 20
23.2797
 11
-18.8008
 21
23.2903
  0
LINE
  8
0
 10
-18.8008
 20
23.2903
 11
-18.582
 21
23.2793
  0
LINE
  8
0
 10
-18.582
 20
23.2793
 11
-18.3655
 21
23.2477
  0
LINE
  8
0
 10
-18.3655
 20
23.2477
 11
-18.154
 21
23.1946
  0
LINE
  8
0
 10
-18.154
 20
23.1946
 11
-17.9485
 21
23.1209
  0
LINE
  8
0
 10
-17.9485
 20
23.1209
 11
-17.7507
 21
23.027
  0
LINE
  8
0
 10
-17.7507
 20
23.027
 11
-17.563
 21
22.9149
  0
LINE
  8
0
 10
-17.563
 20
22.9149
 11
-17.3872
 21
22.7849
  0
LINE
  8
0
 10
-17.3872
 20
22.7849
 11
-17.2252
 21
22.6379
  0
LINE
  8
0
 10
-17.2252
 20
22.6379
 11
-17.0787
 21
22.4759
  0
LINE
  8
0
 10
-17.0787
 20
22.4759
 11
-16.9482
 21
22.3001
  0
LINE
  8
0
 10
-16.9482
 20
22.3001
 11
-16.8361
 21
22.1129
  0
LINE
  8
0
 10
-16.8361
 20
22.1129
 11
-16.7427
 21
21.9151
  0
LINE
  8
0
 10
-16.7427
 20
21.9151
 11
-16.669
 21
21.7096
  0
LINE
  8
0
 10
-16.669
 20
21.7096
 11
-16.6159
 21
21.4972
  0
LINE
  8
0
 10
-16.6159
 20
21.4972
 11
-16.5834
 21
21.2811
  0
LINE
  8
0
 10
-16.5834
 20
21.2811
 11
-16.5733
 21
21.0628
  0
LINE
  8
0
 10
-16.5733
 20
21.0628
 11
-16.5839
 21
20.8444
  0
LINE
  8
0
 10
-16.5839
 20
20.8444
 11
-16.6164
 21
20.6279
  0
LINE
  8
0
 10
-16.6164
 20
20.6279
 11
-16.669
 21
20.4164
  0
LINE
  8
0
 10
-16.669
 20
20.4164
 11
-16.7427
 21
20.2104
  0
LINE
  8
0
 10
-16.7427
 20
20.2104
 11
-16.8361
 21
20.0127
  0
LINE
  8
0
 10
-16.8361
 20
20.0127
 11
-16.9487
 21
19.825
  0
LINE
  8
0
 10
-16.9487
 20
19.825
 11
-17.0787
 21
19.6497
  0
LINE
  8
0
 10
-17.0787
 20
19.6497
 11
-17.2256
 21
19.4876
  0
LINE
  8
0
 10
-17.2256
 20
19.4876
 11
-17.3872
 21
19.3411
  0
LINE
  8
0
 10
-17.3872
 20
19.3411
 11
-17.563
 21
19.2111
  0
LINE
  8
0
 10
-17.563
 20
19.2111
 11
-17.7507
 21
19.0985
  0
LINE
  8
0
 10
-17.7507
 20
19.0985
 11
-17.9485
 21
19.0051
  0
LINE
  8
0
 10
-17.9485
 20
19.0051
 11
-18.154
 21
18.931
  0
LINE
  8
0
 10
-18.154
 20
18.931
 11
-18.3664
 21
18.8779
  0
LINE
  8
0
 10
-18.3664
 20
18.8779
 11
-18.5825
 21
18.8458
  0
LINE
  8
0
 10
-18.5825
 20
18.8458
 11
-18.8008
 21
18.8358
  0
LINE
  8
0
 10
-18.8008
 20
18.8358
 11
-19.0192
 21
18.8463
  0
LINE
  8
0
 10
-49.0192
 20
18.8463
 11
-49.2357
 21
18.8783
  0
LINE
  8
0
 10
-49.2357
 20
18.8783
 11
-49.4472
 21
18.931
  0
LINE
  8
0
 10
-49.4472
 20
18.931
 11
-49.6527
 21
19.0051
  0
LINE
  8
0
 10
-49.6527
 20
19.0051
 11
-49.8509
 21
19.0985
  0
LINE
  8
0
 10
-49.8509
 20
19.0985
 11
-50.0386
 21
19.2111
  0
LINE
  8
0
 10
-50.0386
 20
19.2111
 11
-50.2139
 21
19.3411
  0
LINE
  8
0
 10
-50.2139
 20
19.3411
 11
-50.376
 21
19.4881
  0
LINE
  8
0
 10
-50.376
 20
19.4881
 11
-50.5225
 21
19.6497
  0
LINE
  8
0
 10
-50.5225
 20
19.6497
 11
-50.6529
 21
19.8254
  0
LINE
  8
0
 10
-50.6529
 20
19.8254
 11
-50.7651
 21
20.0127
  0
LINE
  8
0
 10
-50.7651
 20
20.0127
 11
-50.8585
 21
20.2109
  0
LINE
  8
0
 10
-50.8585
 20
20.2109
 11
-50.9322
 21
20.4164
  0
LINE
  8
0
 10
-50.9322
 20
20.4164
 11
-50.9857
 21
20.6288
  0
LINE
  8
0
 10
-50.9857
 20
20.6288
 11
-51.0178
 21
20.8449
  0
LINE
  8
0
 10
-51.0178
 20
20.8449
 11
-51.0278
 21
21.0628
  0
LINE
  8
0
 10
-51.0278
 20
21.0628
 11
-51.0173
 21
21.2816
  0
LINE
  8
0
 10
-51.0173
 20
21.2816
 11
-50.9853
 21
21.4981
  0
LINE
  8
0
 10
-50.9853
 20
21.4981
 11
-50.9322
 21
21.7096
  0
LINE
  8
0
 10
-50.9322
 20
21.7096
 11
-50.8585
 21
21.9151
  0
LINE
  8
0
 10
-50.8585
 20
21.9151
 11
-50.7651
 21
22.1129
  0
LINE
  8
0
 10
-50.7651
 20
22.1129
 11
-50.6529
 21
22.3001
  0
LINE
  8
0
 10
-50.6529
 20
22.3001
 11
-50.5225
 21
22.4759
  0
LINE
  8
0
 10
-50.5225
 20
22.4759
 11
-50.376
 21
22.6379
  0
LINE
  8
0
 10
-50.376
 20
22.6379
 11
-50.2139
 21
22.7849
  0
LINE
  8
0
 10
-50.2139
 20
22.7849
 11
-50.0386
 21
22.9149
  0
LINE
  8
0
 10
-50.0386
 20
22.9149
 11
-49.8509
 21
23.027
  0
LINE
  8
0
 10
-49.8509
 20
23.027
 11
-49.6527
 21
23.1209
  0
LINE
  8
0
 10
-49.6527
 20
23.1209
 11
-49.4472
 21
23.1946
  0
LINE
  8
0
 10
-49.4472
 20
23.1946
 11
-49.2348
 21
23.2477
  0
LINE
  8
0
 10
-49.2348
 20
23.2477
 11
-49.0187
 21
23.2797
  0
LINE
  8
0
 10
-49.0187
 20
23.2797
 11
-48.8008
 21
23.2903
  0
LINE
  8
0
 10
-48.8008
 20
23.2903
 11
-48.582
 21
23.2793
  0
LINE
  8
0
 10
-48.582
 20
23.2793
 11
-48.3655
 21
23.2477
  0
LINE
  8
0
 10
-48.3655
 20
23.2477
 11
-48.154
 21
23.1946
  0
LINE
  8
0
 10
-48.154
 20
23.1946
 11
-47.9485
 21
23.1209
  0
LINE
  8
0
 10
-47.9485
 20
23.1209
 11
-47.7507
 21
23.027
  0
LINE
  8
0
 10
-47.7507
 20
23.027
 11
-47.563
 21
22.9149
  0
LINE
  8
0
 10
-47.563
 20
22.9149
 11
-47.3872
 21
22.7849
  0
LINE
  8
0
 10
-47.3872
 20
22.7849
 11
-47.2252
 21
22.6379
  0
LINE
  8
0
 10
-47.2252
 20
22.6379
 11
-47.0787
 21
22.4759
  0
LINE
  8
0
 10
-47.0787
 20
22.4759
 11
-46.9482
 21
22.3001
  0
LINE
  8
0
 10
-46.9482
 20
22.3001
 11
-46.8361
 21
22.1129
  0
LINE
  8
0
 10
-46.8361
 20
22.1129
 11
-46.7427
 21
21.9151
  0
LINE
  8
0
 10
-46.7427
 20
21.9151
 11
-46.669
 21
21.7096
  0
LINE
  8
0
 10
-46.669
 20
21.7096
 11
-46.6159
 21
21.4972
  0
LINE
  8
0
 10
-46.6159
 20
21.4972
 11
-46.5834
 21
21.2811
  0
LINE
  8
0
 10
-46.5834
 20
21.2811
 11
-46.5733
 21
21.0628
  0
LINE
  8
0
 10
-46.5733
 20
21.0628
 11
-46.5839
 21
20.8444
  0
LINE
  8
0
 10
-46.5839
 20
20.8444
 11
-46.6164
 21
20.6279
  0
LINE
  8
0
 10
-46.6164
 20
20.6279
 11
-46.669
 21
20.4164
  0
LINE
  8
0
 10
-46.669
 20
20.4164
 11
-46.7427
 21
20.2104
  0
LINE
  8
0
 10
-46.7427
 20
20.2104
 11
-46.8361
 21
20.0127
  0
LINE
  8
0
 10
-46.8361
 20
20.0127
 11
-46.9487
 21
19.825
  0
LINE
  8
0
 10
-46.9487
 20
19.825
 11
-47.0787
 21
19.6497
  0
LINE
  8
0
 10
-47.0787
 20
19.6497
 11
-47.2256
 21
19.4876
  0
LINE
  8
0
 10
-47.2256
 20
19.4876
 11
-47.3872
 21
19.3411
  0
LINE
  8
0
 10
-47.3872
 20
19.3411
 11
-47.563
 21
19.2111
  0
LINE
  8
0
 10
-47.563
 20
19.2111
 11
-47.7507
 21
19.0985
  0
LINE
  8
0
 10
-47.7507
 20
19.0985
 11
-47.9485
 21
19.0051
  0
LINE
  8
0
 10
-47.9485
 20
19.0051
 11
-48.154
 21
18.931
  0
LINE
  8
0
 10
-48.154
 20
18.931
 11
-48.3664
 21
18.8779
  0
LINE
  8
0
 10
-48.3664
 20
18.8779
 11
-48.5825
 21
18.8458
  0
LINE
  8
0
 10
-48.5825
 20
18.8458
 11
-48.8008
 21
18.8358
  0
LINE
  8
0
 10
-48.8008
 20
18.8358
 11
-49.0192
 21
18.8463
  0
LINE
  8
0
 10
45.0032
 20
12
 11
45.0032
 21
17.4968
  0
LINE
  8
0
 10
45.0032
 20
17.4968
 11
52.5426
 21
17.4968
  0
LINE
  8
0
 10
52.5426
 20
17.4968
 11
51.595
 21
17.1233
  0
LINE
  8
0
 10
51.595
 20
17.1233
 11
50.6927
 21
16.6989
  0
LINE
  8
0
 10
50.6927
 20
16.6989
 11
49.8505
 21
16.2306
  0
LINE
  8
0
 10
49.8505
 20
16.2306
 11
49.0686
 21
15.7166
  0
LINE
  8
0
 10
49.0686
 20
15.7166
 11
48.3481
 21
15.1585
  0
LINE
  8
0
 10
48.3481
 20
15.1585
 11
47.688
 21
14.5561
  0
LINE
  8
0
 10
47.688
 20
14.5561
 11
47.0879
 21
13.9084
  0
LINE
  8
0
 10
47.0879
 20
13.9084
 11
46.5491
 21
13.2162
  0
LINE
  8
0
 10
46.5491
 20
13.2162
 11
46.0698
 21
12.4797
  0
LINE
  8
0
 10
46.0698
 20
12.4797
 11
45.8134
 21
12
  0
LINE
  8
0
 10
45.8134
 20
12
 11
45.0032
 21
12
  0
LINE
  8
0
 10
-44.9968
 20
12
 11
-44.9968
 21
17.4968
  0
LINE
  8
0
 10
-44.9968
 20
17.4968
 11
-37.4574
 21
17.4968
  0
LINE
  8
0
 10
-37.4574
 20
17.4968
 11
-38.405
 21
17.1233
  0
LINE
  8
0
 10
-38.405
 20
17.1233
 11
-39.3073
 21
16.6989
  0
LINE
  8
0
 10
-39.3073
 20
16.6989
 11
-40.1495
 21
16.2306
  0
LINE
  8
0
 10
-40.1495
 20
16.2306
 11
-40.9314
 21
15.7166
  0
LINE
  8
0
 10
-40.9314
 20
15.7166
 11
-41.6519
 21
15.1585
  0
LINE
  8
0
 10
-41.6519
 20
15.1585
 11
-42.312
 21
14.5561
  0
LINE
  8
0
 10
-42.312
 20
14.5561
 11
-42.9121
 21
13.9084
  0
LINE
  8
0
 10
-42.9121
 20
13.9084
 11
-43.4509
 21
13.2162
  0
LINE
  8
0
 10
-43.4509
 20
13.2162
 11
-43.9302
 21
12.4797
  0
LINE
  8
0
 10
-43.9302
 20
12.4797
 11
-44.1866
 21
12
  0
LINE
  8
0
 10
-44.1866
 20
12
 11
-44.9968
 21
12
  0
LINE
  8
0
 10
-14.9968
 20
12
 11
-14.9968
 21
17.4968
  0
LINE
  8
0
 10
-14.9968
 20
17.4968
 11
-7.45743
 21
17.4968
  0
LINE
  8
0
 10
-7.45743
 20
17.4968
 11
-8.405
 21
17.1233
  0
LINE
  8
0
 10
-8.405
 20
17.1233
 11
-9.30725
 21
16.6989
  0
LINE
  8
0
 10
-9.30725
 20
16.6989
 11
-10.1495
 21
16.2306
  0
LINE
  8
0
 10
-10.1495
 20
16.2306
 11
-10.9314
 21
15.7166
  0
LINE
  8
0
 10
-10.9314
 20
15.7166
 11
-11.6519
 21
15.1585
  0
LINE
  8
0
 10
-11.6519
 20
15.1585
 11
-12.312
 21
14.5561
  0
LINE
  8
0
 10
-12.312
 20
14.5561
 11
-12.9121
 21
13.9084
  0
LINE
  8
0
 10
-12.9121
 20
13.9084
 11
-13.4509
 21
13.2162
  0
LINE
  8
0
 10
-13.4509
 20
13.2162
 11
-13.9302
 21
12.4797
  0
LINE
  8
0
 10
-13.9302
 20
12.4797
 11
-14.1866
 21
12
  0
LINE
  8
0
 10
-14.1866
 20
12
 11
-14.9968
 21
12
  0
LINE
  8
0
 10
-4.55658
 20
12
 11
-4.55658
 21
17.4968
  0
LINE
  8
0
 10
-4.55658
 20
17.4968
 11
-0.00320435
 21
17.4968
  0
LINE
  8
0
 10
-0.00320435
 20
17.4968
 11
-0.00320435
 21
14.5566
  0
LINE
  8
0
 10
-0.00320435
 20
14.5566
 11
7.4968
 21
14.5566
  0
LINE
  8
0
 10
7.4968
 20
14.5566
 11
7.4968
 21
12
  0
LINE
  8
0
 10
7.4968
 20
12
 11
-4.55658
 21
12
  0
LINE
  8
0
 10
55.4434
 20
12
 11
55.4434
 21
17.4968
  0
LINE
  8
0
 10
55.4434
 20
17.4968
 11
56.6974
 21
17.4968
  0
LINE
  8
0
 10
56.6974
 20
17.4968
 11
58.4834
 21
12
  0
LINE
  8
0
 10
58.4834
 20
12
 11
55.4434
 21
12
  0
LINE
  8
0
 10
15.0032
 20
12
 11
15.0032
 21
17.4968
  0
LINE
  8
0
 10
15.0032
 20
17.4968
 11
22.5426
 21
17.4968
  0
LINE
  8
0
 10
22.5426
 20
17.4968
 11
21.595
 21
17.1233
  0
LINE
  8
0
 10
21.595
 20
17.1233
 11
20.6927
 21
16.6989
  0
LINE
  8
0
 10
20.6927
 20
16.6989
 11
19.8505
 21
16.2306
  0
LINE
  8
0
 10
19.8505
 20
16.2306
 11
19.0686
 21
15.7166
  0
LINE
  8
0
 10
19.0686
 20
15.7166
 11
18.3481
 21
15.1585
  0
LINE
  8
0
 10
18.3481
 20
15.1585
 11
17.688
 21
14.5561
  0
LINE
  8
0
 10
17.688
 20
14.5561
 11
17.0879
 21
13.9084
  0
LINE
  8
0
 10
17.0879
 20
13.9084
 11
16.5491
 21
13.2162
  0
LINE
  8
0
 10
16.5491
 20
13.2162
 11
16.0698
 21
12.4797
  0
LINE
  8
0
 10
16.0698
 20
12.4797
 11
15.8134
 21
12
  0
LINE
  8
0
 10
15.8134
 20
12
 11
15.0032
 21
12
  0
LINE
  8
0
 10
-34.5566
 20
12
 11
-34.5566
 21
17.4968
  0
LINE
  8
0
 10
-34.5566
 20
17.4968
 11
-30.0032
 21
17.4968
  0
LINE
  8
0
 10
-30.0032
 20
17.4968
 11
-30.0032
 21
14.5566
  0
LINE
  8
0
 10
-30.0032
 20
14.5566
 11
-22.5032
 21
14.5566
  0
LINE
  8
0
 10
-22.5032
 20
14.5566
 11
-22.5032
 21
12
  0
LINE
  8
0
 10
-22.5032
 20
12
 11
-34.5566
 21
12
  0
LINE
  8
0
 10
25.4434
 20
12
 11
25.4434
 21
17.4968
  0
LINE
  8
0
 10
25.4434
 20
17.4968
 11
29.9968
 21
17.4968
  0
LINE
  8
0
 10
29.9968
 20
17.4968
 11
29.9968
 21
14.5566
  0
LINE
  8
0
 10
29.9968
 20
14.5566
 11
37.4968
 21
14.5566
  0
LINE
  8
0
 10
37.4968
 20
14.5566
 11
37.4968
 21
12
  0
LINE
  8
0
 10
37.4968
 20
12
 11
25.4434
 21
12
  0
LINE
  8
0
 10
-58.4834
 20
12
 11
-57.6527
 21
14.5566
  0
LINE
  8
0
 10
-57.6527
 20
14.5566
 11
-52.5032
 21
14.5566
  0
LINE
  8
0
 10
-52.5032
 20
14.5566
 11
-52.5032
 21
12
  0
LINE
  8
0
 10
-52.5032
 20
12
 11
-58.4834
 21
12
  0
LINE
  8
0
 10
-10
 20
7
 11
-10
 21
11
  0
LINE
  8
0
 10
-10
 20
11
 11
10
 21
11
  0
LINE
  8
0
 10
10
 20
11
 11
10
 21
7
  0
LINE
  8
0
 10
10
 20
7
 11
-10
 21
7
  0
LINE
  8
0
 10
-68.6534
 20
2.70622
 11
-68.7785
 21
2.71805
  0
LINE
  8
0
 10
-68.7785
 20
2.71805
 11
-68.9026
 21
2.7377
  0
LINE
  8
0
 10
-68.9026
 20
2.7377
 11
-69.0252
 21
2.76511
  0
LINE
  8
0
 10
-69.0252
 20
2.76511
 11
-69.1459
 21
2.80016
  0
LINE
  8
0
 10
-69.1459
 20
2.80016
 11
-69.2641
 21
2.84273
  0
LINE
  8
0
 10
-69.2641
 20
2.84273
 11
-69.3794
 21
2.89262
  0
LINE
  8
0
 10
-69.3794
 20
2.89262
 11
-69.4914
 21
2.94966
  0
LINE
  8
0
 10
-69.4914
 20
2.94966
 11
-69.5995
 21
3.01363
  0
LINE
  8
0
 10
-69.5995
 20
3.01363
 11
-69.7034
 21
3.08424
  0
LINE
  8
0
 10
-69.7034
 20
3.08424
 11
-69.8027
 21
3.16125
  0
LINE
  8
0
 10
-69.8027
 20
3.16125
 11
-69.897
 21
3.24434
  0
LINE
  8
0
 10
-69.897
 20
3.24434
 11
-69.9858
 21
3.33318
  0
LINE
  8
0
 10
-69.9858
 20
3.33318
 11
-70.0689
 21
3.42743
  0
LINE
  8
0
 10
-70.0689
 20
3.42743
 11
-70.1459
 21
3.5267
  0
LINE
  8
0
 10
-70.1459
 20
3.5267
 11
-70.2165
 21
3.63062
  0
LINE
  8
0
 10
-70.2165
 20
3.63062
 11
-70.2805
 21
3.73877
  0
LINE
  8
0
 10
-70.2805
 20
3.73877
 11
-70.3375
 21
3.85072
  0
LINE
  8
0
 10
-70.3375
 20
3.85072
 11
-70.3874
 21
3.96602
  0
LINE
  8
0
 10
-70.3874
 20
3.96602
 11
-70.43
 21
4.08424
  0
LINE
  8
0
 10
-70.43
 20
4.08424
 11
-70.465
 21
4.2049
  0
LINE
  8
0
 10
-70.465
 20
4.2049
 11
-70.4924
 21
4.32751
  0
LINE
  8
0
 10
-70.4924
 20
4.32751
 11
-70.5121
 21
4.45161
  0
LINE
  8
0
 10
-70.5121
 20
4.45161
 11
-70.5239
 21
4.57669
  0
LINE
  8
0
 10
-70.5239
 20
4.57669
 11
-70.5279
 21
4.70227
  0
LINE
  8
0
 10
-70.5279
 20
4.70227
 11
-70.5239
 21
4.82785
  0
LINE
  8
0
 10
-70.5239
 20
4.82785
 11
-70.5121
 21
4.95294
  0
LINE
  8
0
 10
-70.5121
 20
4.95294
 11
-70.4924
 21
5.07704
  0
LINE
  8
0
 10
-70.4924
 20
5.07704
 11
-70.465
 21
5.19966
  0
LINE
  8
0
 10
-70.465
 20
5.19966
 11
-70.43
 21
5.32031
  0
LINE
  8
0
 10
-70.43
 20
5.32031
 11
-70.3874
 21
5.43852
  0
LINE
  8
0
 10
-70.3874
 20
5.43852
 11
-70.3375
 21
5.55383
  0
LINE
  8
0
 10
-70.3375
 20
5.55383
 11
-70.2805
 21
5.66579
  0
LINE
  8
0
 10
-70.2805
 20
5.66579
 11
-70.2165
 21
5.77393
  0
LINE
  8
0
 10
-70.2165
 20
5.77393
 11
-70.1459
 21
5.87784
  0
LINE
  8
0
 10
-70.1459
 20
5.87784
 11
-70.0689
 21
5.97713
  0
LINE
  8
0
 10
-70.0689
 20
5.97713
 11
-69.9858
 21
6.07137
  0
LINE
  8
0
 10
-69.9858
 20
6.07137
 11
-69.897
 21
6.16022
  0
LINE
  8
0
 10
-69.897
 20
6.16022
 11
-69.8027
 21
6.2433
  0
LINE
  8
0
 10
-69.8027
 20
6.2433
 11
-69.7034
 21
6.32031
  0
LINE
  8
0
 10
-69.7034
 20
6.32031
 11
-69.5995
 21
6.39093
  0
LINE
  8
0
 10
-69.5995
 20
6.39093
 11
-69.4914
 21
6.4549
  0
LINE
  8
0
 10
-69.4914
 20
6.4549
 11
-69.3794
 21
6.51193
  0
LINE
  8
0
 10
-69.3794
 20
6.51193
 11
-69.2641
 21
6.56183
  0
LINE
  8
0
 10
-69.2641
 20
6.56183
 11
-69.1459
 21
6.60439
  0
LINE
  8
0
 10
-69.1459
 20
6.60439
 11
-69.0252
 21
6.63943
  0
LINE
  8
0
 10
-69.0252
 20
6.63943
 11
-68.9026
 21
6.66685
  0
LINE
  8
0
 10
-68.9026
 20
6.66685
 11
-68.7785
 21
6.68651
  0
LINE
  8
0
 10
-68.7785
 20
6.68651
 11
-68.6534
 21
6.69833
  0
LINE
  8
0
 10
-68.6534
 20
6.69833
 11
-68.5279
 21
6.70227
  0
LINE
  8
0
 10
-68.5279
 20
6.70227
 11
-68.4023
 21
6.69833
  0
LINE
  8
0
 10
-68.4023
 20
6.69833
 11
-68.2772
 21
6.68651
  0
LINE
  8
0
 10
-68.2772
 20
6.68651
 11
-68.1531
 21
6.66685
  0
LINE
  8
0
 10
-68.1531
 20
6.66685
 11
-68.0305
 21
6.63943
  0
LINE
  8
0
 10
-68.0305
 20
6.63943
 11
-67.9098
 21
6.60439
  0
LINE
  8
0
 10
-67.9098
 20
6.60439
 11
-67.7916
 21
6.56183
  0
LINE
  8
0
 10
-67.7916
 20
6.56183
 11
-67.6763
 21
6.51193
  0
LINE
  8
0
 10
-67.6763
 20
6.51193
 11
-67.5643
 21
6.4549
  0
LINE
  8
0
 10
-67.5643
 20
6.4549
 11
-67.4562
 21
6.39093
  0
LINE
  8
0
 10
-67.4562
 20
6.39093
 11
-67.3523
 21
6.32031
  0
LINE
  8
0
 10
-67.3523
 20
6.32031
 11
-67.253
 21
6.2433
  0
LINE
  8
0
 10
-67.253
 20
6.2433
 11
-67.1588
 21
6.16022
  0
LINE
  8
0
 10
-67.1588
 20
6.16022
 11
-67.0699
 21
6.07137
  0
LINE
  8
0
 10
-67.0699
 20
6.07137
 11
-66.9868
 21
5.97713
  0
LINE
  8
0
 10
-66.9868
 20
5.97713
 11
-66.9098
 21
5.87784
  0
LINE
  8
0
 10
-66.9098
 20
5.87784
 11
-66.8392
 21
5.77393
  0
LINE
  8
0
 10
-66.8392
 20
5.77393
 11
-66.7752
 21
5.66579
  0
LINE
  8
0
 10
-66.7752
 20
5.66579
 11
-66.7182
 21
5.55383
  0
LINE
  8
0
 10
-66.7182
 20
5.55383
 11
-66.6683
 21
5.43852
  0
LINE
  8
0
 10
-66.6683
 20
5.43852
 11
-66.6257
 21
5.32031
  0
LINE
  8
0
 10
-66.6257
 20
5.32031
 11
-66.5907
 21
5.19966
  0
LINE
  8
0
 10
-66.5907
 20
5.19966
 11
-66.5633
 21
5.07704
  0
LINE
  8
0
 10
-66.5633
 20
5.07704
 11
-66.5436
 21
4.95294
  0
LINE
  8
0
 10
-66.5436
 20
4.95294
 11
-66.5318
 21
4.82785
  0
LINE
  8
0
 10
-66.5318
 20
4.82785
 11
-66.5279
 21
4.70227
  0
LINE
  8
0
 10
-66.5279
 20
4.70227
 11
-66.5318
 21
4.57669
  0
LINE
  8
0
 10
-66.5318
 20
4.57669
 11
-66.5436
 21
4.45161
  0
LINE
  8
0
 10
-66.5436
 20
4.45161
 11
-66.5633
 21
4.32751
  0
LINE
  8
0
 10
-66.5633
 20
4.32751
 11
-66.5907
 21
4.2049
  0
LINE
  8
0
 10
-66.5907
 20
4.2049
 11
-66.6257
 21
4.08424
  0
LINE
  8
0
 10
-66.6257
 20
4.08424
 11
-66.6683
 21
3.96602
  0
LINE
  8
0
 10
-66.6683
 20
3.96602
 11
-66.7182
 21
3.85072
  0
LINE
  8
0
 10
-66.7182
 20
3.85072
 11
-66.7752
 21
3.73877
  0
LINE
  8
0
 10
-66.7752
 20
3.73877
 11
-66.8392
 21
3.63062
  0
LINE
  8
0
 10
-66.8392
 20
3.63062
 11
-66.9098
 21
3.5267
  0
LINE
  8
0
 10
-66.9098
 20
3.5267
 11
-66.9868
 21
3.42743
  0
LINE
  8
0
 10
-66.9868
 20
3.42743
 11
-67.0699
 21
3.33318
  0
LINE
  8
0
 10
-67.0699
 20
3.33318
 11
-67.1588
 21
3.24434
  0
LINE
  8
0
 10
-67.1588
 20
3.24434
 11
-67.253
 21
3.16125
  0
LINE
  8
0
 10
-67.253
 20
3.16125
 11
-67.3523
 21
3.08424
  0
LINE
  8
0
 10
-67.3523
 20
3.08424
 11
-67.4562
 21
3.01363
  0
LINE
  8
0
 10
-67.4562
 20
3.01363
 11
-67.5643
 21
2.94966
  0
LINE
  8
0
 10
-67.5643
 20
2.94966
 11
-67.6763
 21
2.89262
  0
LINE
  8
0
 10
-67.6763
 20
2.89262
 11
-67.7916
 21
2.84273
  0
LINE
  8
0
 10
-67.7916
 20
2.84273
 11
-67.9098
 21
2.80016
  0
LINE
  8
0
 10
-67.9098
 20
2.80016
 11
-68.0305
 21
2.76511
  0
LINE
  8
0
 10
-68.0305
 20
2.76511
 11
-68.1531
 21
2.7377
  0
LINE
  8
0
 10
-68.1531
 20
2.7377
 11
-68.2772
 21
2.71805
  0
LINE
  8
0
 10
-68.2772
 20
2.71805
 11
-68.4023
 21
2.70622
  0
LINE
  8
0
 10
-68.4023
 20
2.70622
 11
-68.5279
 21
2.70227
  0
LINE
  8
0
 10
-68.5279
 20
2.70227
 11
-68.6534
 21
2.70622
  0
LINE
  8
0
 10
68.4023
 20
2.70622
 11
68.2772
 21
2.71805
  0
LINE
  8
0
 10
68.2772
 20
2.71805
 11
68.1531
 21
2.7377
  0
LINE
  8
0
 10
68.1531
 20
2.7377
 11
68.0305
 21
2.76511
  0
LINE
  8
0
 10
68.0305
 20
2.76511
 11
67.9098
 21
2.80016
  0
LINE
  8
0
 10
67.9098
 20
2.80016
 11
67.7916
 21
2.84273
  0
LINE
  8
0
 10
67.7916
 20
2.84273
 11
67.6763
 21
2.89262
  0
LINE
  8
0
 10
67.6763
 20
2.89262
 11
67.5643
 21
2.94966
  0
LINE
  8
0
 10
67.5643
 20
2.94966
 11
67.4562
 21
3.01363
  0
LINE
  8
0
 10
67.4562
 20
3.01363
 11
67.3523
 21
3.08424
  0
LINE
  8
0
 10
67.3523
 20
3.08424
 11
67.253
 21
3.16125
  0
LINE
  8
0
 10
67.253
 20
3.16125
 11
67.1588
 21
3.24434
  0
LINE
  8
0
 10
67.1588
 20
3.24434
 11
67.0699
 21
3.33318
  0
LINE
  8
0
 10
67.0699
 20
3.33318
 11
66.9868
 21
3.42743
  0
LINE
  8
0
 10
66.9868
 20
3.42743
 11
66.9098
 21
3.5267
  0
LINE
  8
0
 10
66.9098
 20
3.5267
 11
66.8392
 21
3.63062
  0
LINE
  8
0
 10
66.8392
 20
3.63062
 11
66.7752
 21
3.73877
  0
LINE
  8
0
 10
66.7752
 20
3.73877
 11
66.7182
 21
3.85072
  0
LINE
  8
0
 10
66.7182
 20
3.85072
 11
66.6683
 21
3.96602
  0
LINE
  8
0
 10
66.6683
 20
3.96602
 11
66.6257
 21
4.08424
  0
LINE
  8
0
 10
66.6257
 20
4.08424
 11
66.5907
 21
4.2049
  0
LINE
  8
0
 10
66.5907
 20
4.2049
 11
66.5633
 21
4.32751
  0
LINE
  8
0
 10
66.5633
 20
4.32751
 11
66.5436
 21
4.45161
  0
LINE
  8
0
 10
66.5436
 20
4.45161
 11
66.5318
 21
4.57669
  0
LINE
  8
0
 10
66.5318
 20
4.57669
 11
66.5279
 21
4.70227
  0
LINE
  8
0
 10
66.5279
 20
4.70227
 11
66.5318
 21
4.82785
  0
LINE
  8
0
 10
66.5318
 20
4.82785
 11
66.5436
 21
4.95294
  0
LINE
  8
0
 10
66.5436
 20
4.95294
 11
66.5633
 21
5.07704
  0
LINE
  8
0
 10
66.5633
 20
5.07704
 11
66.5907
 21
5.19966
  0
LINE
  8
0
 10
66.5907
 20
5.19966
 11
66.6257
 21
5.32031
  0
LINE
  8
0
 10
66.6257
 20
5.32031
 11
66.6683
 21
5.43852
  0
LINE
  8
0
 10
66.6683
 20
5.43852
 11
66.7182
 21
5.55383
  0
LINE
  8
0
 10
66.7182
 20
5.55383
 11
66.7752
 21
5.66579
  0
LINE
  8
0
 10
66.7752
 20
5.66579
 11
66.8392
 21
5.77393
  0
LINE
  8
0
 10
66.8392
 20
5.77393
 11
66.9098
 21
5.87784
  0
LINE
  8
0
 10
66.9098
 20
5.87784
 11
66.9868
 21
5.97713
  0
LINE
  8
0
 10
66.9868
 20
5.97713
 11
67.0699
 21
6.07137
  0
LINE
  8
0
 10
67.0699
 20
6.07137
 11
67.1588
 21
6.16022
  0
LINE
  8
0
 10
67.1588
 20
6.16022
 11
67.253
 21
6.2433
  0
LINE
  8
0
 10
67.253
 20
6.2433
 11
67.3523
 21
6.32031
  0
LINE
  8
0
 10
67.3523
 20
6.32031
 11
67.4562
 21
6.39093
  0
LINE
  8
0
 10
67.4562
 20
6.39093
 11
67.5643
 21
6.4549
  0
LINE
  8
0
 10
67.5643
 20
6.4549
 11
67.6763
 21
6.51193
  0
LINE
  8
0
 10
67.6763
 20
6.51193
 11
67.7916
 21
6.56183
  0
LINE
  8
0
 10
67.7916
 20
6.56183
 11
67.9098
 21
6.60439
  0
LINE
  8
0
 10
67.9098
 20
6.60439
 11
68.0305
 21
6.63943
  0
LINE
  8
0
 10
68.0305
 20
6.63943
 11
68.1531
 21
6.66685
  0
LINE
  8
0
 10
68.1531
 20
6.66685
 11
68.2772
 21
6.68651
  0
LINE
  8
0
 10
68.2772
 20
6.68651
 11
68.4023
 21
6.69833
  0
LINE
  8
0
 10
68.4023
 20
6.69833
 11
68.5279
 21
6.70227
  0
LINE
  8
0
 10
68.5279
 20
6.70227
 11
68.6534
 21
6.69833
  0
LINE
  8
0
 10
68.6534
 20
6.69833
 11
68.7785
 21
6.68651
  0
LINE
  8
0
 10
68.7785
 20
6.68651
 11
68.9026
 21
6.66685
  0
LINE
  8
0
 10
68.9026
 20
6.66685
 11
69.0252
 21
6.63943
  0
LINE
  8
0
 10
69.0252
 20
6.63943
 11
69.1459
 21
6.60439
  0
LINE
  8
0
 10
69.1459
 20
6.60439
 11
69.2641
 21
6.56183
  0
LINE
  8
0
 10
69.2641
 20
6.56183
 11
69.3794
 21
6.51193
  0
LINE
  8
0
 10
69.3794
 20
6.51193
 11
69.4914
 21
6.4549
  0
LINE
  8
0
 10
69.4914
 20
6.4549
 11
69.5995
 21
6.39093
  0
LINE
  8
0
 10
69.5995
 20
6.39093
 11
69.7034
 21
6.32031
  0
LINE
  8
0
 10
69.7034
 20
6.32031
 11
69.8027
 21
6.2433
  0
LINE
  8
0
 10
69.8027
 20
6.2433
 11
69.897
 21
6.16022
  0
LINE
  8
0
 10
69.897
 20
6.16022
 11
69.9858
 21
6.07137
  0
LINE
  8
0
 10
69.9858
 20
6.07137
 11
70.0689
 21
5.97713
  0
LINE
  8
0
 10
70.0689
 20
5.97713
 11
70.1459
 21
5.87784
  0
LINE
  8
0
 10
70.1459
 20
5.87784
 11
70.2165
 21
5.77393
  0
LINE
  8
0
 10
70.2165
 20
5.77393
 11
70.2805
 21
5.66579
  0
LINE
  8
0
 10
70.2805
 20
5.66579
 11
70.3375
 21
5.55383
  0
LINE
  8
0
 10
70.3375
 20
5.55383
 11
70.3874
 21
5.43852
  0
LINE
  8
0
 10
70.3874
 20
5.43852
 11
70.43
 21
5.32031
  0
LINE
  8
0
 10
70.43
 20
5.32031
 11
70.465
 21
5.19966
  0
LINE
  8
0
 10
70.465
 20
5.19966
 11
70.4924
 21
5.07704
  0
LINE
  8
0
 10
70.4924
 20
5.07704
 11
70.5121
 21
4.95294
  0
LINE
  8
0
 10
70.5121
 20
4.95294
 11
70.5239
 21
4.82785
  0
LINE
  8
0
 10
70.5239
 20
4.82785
 11
70.5279
 21
4.70227
  0
LINE
  8
0
 10
70.5279
 20
4.70227
 11
70.5239
 21
4.57669
  0
LINE
  8
0
 10
70.5239
 20
4.57669
 11
70.5121
 21
4.45161
  0
LINE
  8
0
 10
70.5121
 20
4.45161
 11
70.4924
 21
4.32751
  0
LINE
  8
0
 10
70.4924
 20
4.32751
 11
70.465
 21
4.2049
  0
LINE
  8
0
 10
70.465
 20
4.2049
 11
70.43
 21
4.08424
  0
LINE
  8
0
 10
70.43
 20
4.08424
 11
70.3874
 21
3.96602
  0
LINE
  8
0
 10
70.3874
 20
3.96602
 11
70.3375
 21
3.85072
  0
LINE
  8
0
 10
70.3375
 20
3.85072
 11
70.2805
 21
3.73877
  0
LINE
  8
0
 10
70.2805
 20
3.73877
 11
70.2165
 21
3.63062
  0
LINE
  8
0
 10
70.2165
 20
3.63062
 11
70.1459
 21
3.5267
  0
LINE
  8
0
 10
70.1459
 20
3.5267
 11
70.0689
 21
3.42743
  0
LINE
  8
0
 10
70.0689
 20
3.42743
 11
69.9858
 21
3.33318
  0
LINE
  8
0
 10
69.9858
 20
3.33318
 11
69.897
 21
3.24434
  0
LINE
  8
0
 10
69.897
 20
3.24434
 11
69.8027
 21
3.16125
  0
LINE
  8
0
 10
69.8027
 20
3.16125
 11
69.7034
 21
3.08424
  0
LINE
  8
0
 10
69.7034
 20
3.08424
 11
69.5995
 21
3.01363
  0
LINE
  8
0
 10
69.5995
 20
3.01363
 11
69.4914
 21
2.94966
  0
LINE
  8
0
 10
69.4914
 20
2.94966
 11
69.3794
 21
2.89262
  0
LINE
  8
0
 10
69.3794
 20
2.89262
 11
69.2641
 21
2.84273
  0
LINE
  8
0
 10
69.2641
 20
2.84273
 11
69.1459
 21
2.80016
  0
LINE
  8
0
 10
69.1459
 20
2.80016
 11
69.0252
 21
2.76511
  0
LINE
  8
0
 10
69.0252
 20
2.76511
 11
68.9026
 21
2.7377
  0
LINE
  8
0
 10
68.9026
 20
2.7377
 11
68.7785
 21
2.71805
  0
LINE
  8
0
 10
68.7785
 20
2.71805
 11
68.6534
 21
2.70622
  0
LINE
  8
0
 10
68.6534
 20
2.70622
 11
68.5279
 21
2.70227
  0
LINE
  8
0
 10
68.5279
 20
2.70227
 11
68.4023
 21
2.70622
  0
ENDSEC
  0
SECTION
  2
OBJECTS
  0
DICTIONARY
  0
ENDSEC
  0
EOF
