  0
SECTION
  2
BLOCKS
  0
ENDSEC
  0
SECTION
  2
ENTITIES
  0
LINE
  8
0
 10
0
 20
230.826
 11
-75
 21
0
  0
LINE
  8
0
 10
-75
 20
0
 11
75
 21
0
  0
LINE
  8
0
 10
75
 20
0
 11
0
 21
230.826
  0
LINE
  8
0
 10
-0.12558
 20
212.83
 11
-0.250656
 21
212.842
  0
LINE
  8
0
 10
-0.250656
 20
212.842
 11
-0.374756
 21
212.862
  0
LINE
  8
0
 10
-0.374756
 20
212.862
 11
-0.497375
 21
212.889
  0
LINE
  8
0
 10
-0.497375
 20
212.889
 11
-0.618027
 21
212.924
  0
LINE
  8
0
 10
-0.618027
 20
212.924
 11
-0.736237
 21
212.967
  0
LINE
  8
0
 10
-0.736237
 20
212.967
 11
-0.851547
 21
213.017
  0
LINE
  8
0
 10
-0.851547
 20
213.017
 11
-0.963501
 21
213.074
  0
LINE
  8
0
 10
-0.963501
 20
213.074
 11
-1.07164
 21
213.138
  0
LINE
  8
0
 10
-1.07164
 20
213.138
 11
-1.17557
 21
213.208
  0
LINE
  8
0
 10
-1.17557
 20
213.208
 11
-1.27484
 21
213.285
  0
LINE
  8
0
 10
-1.27484
 20
213.285
 11
-1.36908
 21
213.368
  0
LINE
  8
0
 10
-1.36908
 20
213.368
 11
-1.45793
 21
213.457
  0
LINE
  8
0
 10
-1.45793
 20
213.457
 11
-1.54102
 21
213.551
  0
LINE
  8
0
 10
-1.54102
 20
213.551
 11
-1.61803
 21
213.651
  0
LINE
  8
0
 10
-1.61803
 20
213.651
 11
-1.68864
 21
213.755
  0
LINE
  8
0
 10
-1.68864
 20
213.755
 11
-1.75261
 21
213.863
  0
LINE
  8
0
 10
-1.75261
 20
213.863
 11
-1.80965
 21
213.975
  0
LINE
  8
0
 10
-1.80965
 20
213.975
 11
-1.85954
 21
214.09
  0
LINE
  8
0
 10
-1.85954
 20
214.09
 11
-1.9021
 21
214.208
  0
LINE
  8
0
 10
-1.9021
 20
214.208
 11
-1.93716
 21
214.329
  0
LINE
  8
0
 10
-1.93716
 20
214.329
 11
-1.96457
 21
214.451
  0
LINE
  8
0
 10
-1.96457
 20
214.451
 11
-1.98422
 21
214.576
  0
LINE
  8
0
 10
-1.98422
 20
214.576
 11
-1.99605
 21
214.701
  0
LINE
  8
0
 10
-1.99605
 20
214.701
 11
-2
 21
214.826
  0
LINE
  8
0
 10
-2
 20
214.826
 11
-1.99605
 21
214.952
  0
LINE
  8
0
 10
-1.99605
 20
214.952
 11
-1.98422
 21
215.077
  0
LINE
  8
0
 10
-1.98422
 20
215.077
 11
-1.96457
 21
215.201
  0
LINE
  8
0
 10
-1.96457
 20
215.201
 11
-1.93716
 21
215.324
  0
LINE
  8
0
 10
-1.93716
 20
215.324
 11
-1.9021
 21
215.444
  0
LINE
  8
0
 10
-1.9021
 20
215.444
 11
-1.85954
 21
215.562
  0
LINE
  8
0
 10
-1.85954
 20
215.562
 11
-1.80965
 21
215.678
  0
LINE
  8
0
 10
-1.80965
 20
215.678
 11
-1.75261
 21
215.79
  0
LINE
  8
0
 10
-1.75261
 20
215.79
 11
-1.68864
 21
215.898
  0
LINE
  8
0
 10
-1.68864
 20
215.898
 11
-1.61803
 21
216.002
  0
LINE
  8
0
 10
-1.61803
 20
216.002
 11
-1.54102
 21
216.101
  0
LINE
  8
0
 10
-1.54102
 20
216.101
 11
-1.45793
 21
216.195
  0
LINE
  8
0
 10
-1.45793
 20
216.195
 11
-1.36908
 21
216.284
  0
LINE
  8
0
 10
-1.36908
 20
216.284
 11
-1.27484
 21
216.367
  0
LINE
  8
0
 10
-1.27484
 20
216.367
 11
-1.17557
 21
216.444
  0
LINE
  8
0
 10
-1.17557
 20
216.444
 11
-1.07164
 21
216.515
  0
LINE
  8
0
 10
-1.07164
 20
216.515
 11
-0.963501
 21
216.579
  0
LINE
  8
0
 10
-0.963501
 20
216.579
 11
-0.851547
 21
216.636
  0
LINE
  8
0
 10
-0.851547
 20
216.636
 11
-0.736237
 21
216.686
  0
LINE
  8
0
 10
-0.736237
 20
216.686
 11
-0.618027
 21
216.728
  0
LINE
  8
0
 10
-0.618027
 20
216.728
 11
-0.497375
 21
216.763
  0
LINE
  8
0
 10
-0.497375
 20
216.763
 11
-0.374756
 21
216.791
  0
LINE
  8
0
 10
-0.374756
 20
216.791
 11
-0.250656
 21
216.81
  0
LINE
  8
0
 10
-0.250656
 20
216.81
 11
-0.12558
 21
216.822
  0
LINE
  8
0
 10
-0.12558
 20
216.822
 11
0
 21
216.826
  0
LINE
  8
0
 10
0
 20
216.826
 11
0.12558
 21
216.822
  0
LINE
  8
0
 10
0.12558
 20
216.822
 11
0.250656
 21
216.81
  0
LINE
  8
0
 10
0.250656
 20
216.81
 11
0.374756
 21
216.791
  0
LINE
  8
0
 10
0.374756
 20
216.791
 11
0.497375
 21
216.763
  0
LINE
  8
0
 10
0.497375
 20
216.763
 11
0.618027
 21
216.728
  0
LINE
  8
0
 10
0.618027
 20
216.728
 11
0.736237
 21
216.686
  0
LINE
  8
0
 10
0.736237
 20
216.686
 11
0.851547
 21
216.636
  0
LINE
  8
0
 10
0.851547
 20
216.636
 11
0.963501
 21
216.579
  0
LINE
  8
0
 10
0.963501
 20
216.579
 11
1.07164
 21
216.515
  0
LINE
  8
0
 10
1.07164
 20
216.515
 11
1.17557
 21
216.444
  0
LINE
  8
0
 10
1.17557
 20
216.444
 11
1.27484
 21
216.367
  0
LINE
  8
0
 10
1.27484
 20
216.367
 11
1.36908
 21
216.284
  0
LINE
  8
0
 10
1.36908
 20
216.284
 11
1.45793
 21
216.195
  0
LINE
  8
0
 10
1.45793
 20
216.195
 11
1.54102
 21
216.101
  0
LINE
  8
0
 10
1.54102
 20
216.101
 11
1.61803
 21
216.002
  0
LINE
  8
0
 10
1.61803
 20
216.002
 11
1.68864
 21
215.898
  0
LINE
  8
0
 10
1.68864
 20
215.898
 11
1.75261
 21
215.79
  0
LINE
  8
0
 10
1.75261
 20
215.79
 11
1.80965
 21
215.678
  0
LINE
  8
0
 10
1.80965
 20
215.678
 11
1.85954
 21
215.562
  0
LINE
  8
0
 10
1.85954
 20
215.562
 11
1.9021
 21
215.444
  0
LINE
  8
0
 10
1.9021
 20
215.444
 11
1.93716
 21
215.324
  0
LINE
  8
0
 10
1.93716
 20
215.324
 11
1.96457
 21
215.201
  0
LINE
  8
0
 10
1.96457
 20
215.201
 11
1.98422
 21
215.077
  0
LINE
  8
0
 10
1.98422
 20
215.077
 11
1.99605
 21
214.952
  0
LINE
  8
0
 10
1.99605
 20
214.952
 11
2
 21
214.826
  0
LINE
  8
0
 10
2
 20
214.826
 11
1.99605
 21
214.701
  0
LINE
  8
0
 10
1.99605
 20
214.701
 11
1.98422
 21
214.576
  0
LINE
  8
0
 10
1.98422
 20
214.576
 11
1.96457
 21
214.451
  0
LINE
  8
0
 10
1.96457
 20
214.451
 11
1.93716
 21
214.329
  0
LINE
  8
0
 10
1.93716
 20
214.329
 11
1.9021
 21
214.208
  0
LINE
  8
0
 10
1.9021
 20
214.208
 11
1.85954
 21
214.09
  0
LINE
  8
0
 10
1.85954
 20
214.09
 11
1.80965
 21
213.975
  0
LINE
  8
0
 10
1.80965
 20
213.975
 11
1.75261
 21
213.863
  0
LINE
  8
0
 10
1.75261
 20
213.863
 11
1.68864
 21
213.755
  0
LINE
  8
0
 10
1.68864
 20
213.755
 11
1.61803
 21
213.651
  0
LINE
  8
0
 10
1.61803
 20
213.651
 11
1.54102
 21
213.551
  0
LINE
  8
0
 10
1.54102
 20
213.551
 11
1.45793
 21
213.457
  0
LINE
  8
0
 10
1.45793
 20
213.457
 11
1.36908
 21
213.368
  0
LINE
  8
0
 10
1.36908
 20
213.368
 11
1.27484
 21
213.285
  0
LINE
  8
0
 10
1.27484
 20
213.285
 11
1.17557
 21
213.208
  0
LINE
  8
0
 10
1.17557
 20
213.208
 11
1.07164
 21
213.138
  0
LINE
  8
0
 10
1.07164
 20
213.138
 11
0.963501
 21
213.074
  0
LINE
  8
0
 10
0.963501
 20
213.074
 11
0.851547
 21
213.017
  0
LINE
  8
0
 10
0.851547
 20
213.017
 11
0.736237
 21
212.967
  0
LINE
  8
0
 10
0.736237
 20
212.967
 11
0.618027
 21
212.924
  0
LINE
  8
0
 10
0.618027
 20
212.924
 11
0.497375
 21
212.889
  0
LINE
  8
0
 10
0.497375
 20
212.889
 11
0.374756
 21
212.862
  0
LINE
  8
0
 10
0.374756
 20
212.862
 11
0.250656
 21
212.842
  0
LINE
  8
0
 10
0.250656
 20
212.842
 11
0.12558
 21
212.83
  0
LINE
  8
0
 10
0.12558
 20
212.83
 11
0
 21
212.826
  0
LINE
  8
0
 10
0
 20
212.826
 11
-0.12558
 21
212.83
  0
LINE
  8
0
 10
-3.63454
 20
180.808
 11
-3.20184
 21
182.139
  0
LINE
  8
0
 10
-3.20184
 20
182.139
 11
-2.63138
 21
181.759
  0
LINE
  8
0
 10
-2.63138
 20
181.759
 11
-0.952148
 21
188.605
  0
LINE
  8
0
 10
-0.952148
 20
188.605
 11
-0.952148
 21
177.886
  0
LINE
  8
0
 10
-0.952148
 20
177.886
 11
-3.63454
 21
180.808
  0
LINE
  8
0
 10
0.974274
 20
187.203
 11
2.45819
 21
181.782
  0
LINE
  8
0
 10
2.45819
 20
181.782
 11
3.20476
 21
182.13
  0
LINE
  8
0
 10
3.20476
 20
182.13
 11
3.72287
 21
180.536
  0
LINE
  8
0
 10
3.72287
 20
180.536
 11
0.974274
 21
177.843
  0
LINE
  8
0
 10
0.974274
 20
177.843
 11
0.974274
 21
187.203
  0
LINE
  8
0
 10
2.84271
 20
175.974
 11
4.61665
 21
177.785
  0
LINE
  8
0
 10
4.61665
 20
177.785
 11
5.20494
 21
175.974
  0
LINE
  8
0
 10
5.20494
 20
175.974
 11
2.84271
 21
175.974
  0
LINE
  8
0
 10
-5.21214
 20
175.952
 11
-4.67766
 21
177.597
  0
LINE
  8
0
 10
-4.67766
 20
177.597
 11
-2.8862
 21
175.952
  0
LINE
  8
0
 10
-2.8862
 20
175.952
 11
-5.21214
 21
175.952
  0
LINE
  8
0
 10
2.8862
 20
174.048
 11
5.83089
 21
174.048
  0
LINE
  8
0
 10
5.83089
 20
174.048
 11
7.08298
 21
170.194
  0
LINE
  8
0
 10
7.08298
 20
170.194
 11
2.8862
 21
174.048
  0
LINE
  8
0
 10
-5.83807
 20
174.026
 11
-2.84271
 21
174.026
  0
LINE
  8
0
 10
-2.84271
 20
174.026
 11
-7.32434
 21
169.451
  0
LINE
  8
0
 10
-7.32434
 20
169.451
 11
-5.83807
 21
174.026
  0
LINE
  8
0
 10
-2.45819
 20
168.218
 11
-7.30286
 21
165.957
  0
LINE
  8
0
 10
-7.30286
 20
165.957
 11
-0.974274
 21
172.157
  0
LINE
  8
0
 10
-0.974274
 20
172.157
 11
-0.974274
 21
162.797
  0
LINE
  8
0
 10
-0.974274
 20
162.797
 11
-2.45819
 21
168.218
  0
LINE
  8
0
 10
0.952148
 20
172.114
 11
7.4707
 21
165.015
  0
LINE
  8
0
 10
7.4707
 20
165.015
 11
2.63138
 21
168.241
  0
LINE
  8
0
 10
2.63138
 20
168.241
 11
0.952148
 21
161.395
  0
LINE
  8
0
 10
0.952148
 20
161.395
 11
0.952148
 21
172.114
  0
LINE
  8
0
 10
-9.79233
 20
153.141
 11
-10.0342
 21
153.574
  0
LINE
  8
0
 10
-10.0342
 20
153.574
 11
-10.3226
 21
153.936
  0
LINE
  8
0
 10
-10.3226
 20
153.936
 11
-10.6575
 21
154.224
  0
LINE
  8
0
 10
-10.6575
 20
154.224
 11
-11.0382
 21
154.442
  0
LINE
  8
0
 10
-11.0382
 20
154.442
 11
-11.4655
 21
154.586
  0
LINE
  8
0
 10
-11.4655
 20
154.586
 11
-11.9377
 21
154.659
  0
LINE
  8
0
 10
-11.9377
 20
154.659
 11
-12.1308
 21
154.659
  0
LINE
  8
0
 10
-12.1308
 20
154.659
 11
-10.5913
 21
159.397
  0
LINE
  8
0
 10
-10.5913
 20
159.397
 11
-10.1974
 21
159.787
  0
LINE
  8
0
 10
-10.1974
 20
159.787
 11
-9.87778
 21
160.284
  0
LINE
  8
0
 10
-9.87778
 20
160.284
 11
-9.64661
 21
160.876
  0
LINE
  8
0
 10
-9.64661
 20
160.876
 11
-9.50241
 21
161.562
  0
LINE
  8
0
 10
-9.50241
 20
161.562
 11
-9.44595
 21
162.342
  0
LINE
  8
0
 10
-9.44595
 20
162.342
 11
-9.4642
 21
162.866
  0
LINE
  8
0
 10
-9.4642
 20
162.866
 11
-9.2327
 21
163.578
  0
LINE
  8
0
 10
-9.2327
 20
163.578
 11
-9.01108
 21
163.313
  0
LINE
  8
0
 10
-9.01108
 20
163.313
 11
-8.65784
 21
163.051
  0
LINE
  8
0
 10
-8.65784
 20
163.051
 11
-8.26721
 21
162.906
  0
LINE
  8
0
 10
-8.26721
 20
162.906
 11
-7.84073
 21
162.877
  0
LINE
  8
0
 10
-7.84073
 20
162.877
 11
-7.3761
 21
162.965
  0
LINE
  8
0
 10
-7.3761
 20
162.965
 11
-6.87637
 21
163.17
  0
LINE
  8
0
 10
-6.87637
 20
163.17
 11
-6.3385
 21
163.49
  0
LINE
  8
0
 10
-6.3385
 20
163.49
 11
-5.76401
 21
163.927
  0
LINE
  8
0
 10
-5.76401
 20
163.927
 11
-5.15366
 21
164.481
  0
LINE
  8
0
 10
-5.15366
 20
164.481
 11
-4.50592
 21
165.15
  0
LINE
  8
0
 10
-4.50592
 20
165.15
 11
-3.8826
 21
165.865
  0
LINE
  8
0
 10
-3.8826
 20
165.865
 11
-4.38385
 21
165.156
  0
LINE
  8
0
 10
-4.38385
 20
165.156
 11
-4.81873
 21
164.44
  0
LINE
  8
0
 10
-4.81873
 20
164.44
 11
-5.13077
 21
163.796
  0
LINE
  8
0
 10
-5.13077
 20
163.796
 11
-5.3215
 21
163.223
  0
LINE
  8
0
 10
-5.3215
 20
163.223
 11
-5.39169
 21
162.719
  0
LINE
  8
0
 10
-5.39169
 20
162.719
 11
-5.33752
 21
162.287
  0
LINE
  8
0
 10
-5.33752
 20
162.287
 11
-5.16281
 21
161.926
  0
LINE
  8
0
 10
-5.16281
 20
161.926
 11
-4.86603
 21
161.638
  0
LINE
  8
0
 10
-4.86603
 20
161.638
 11
-4.44641
 21
161.42
  0
LINE
  8
0
 10
-4.44641
 20
161.42
 11
-3.90701
 21
161.275
  0
LINE
  8
0
 10
-3.90701
 20
161.275
 11
-3.24478
 21
161.199
  0
LINE
  8
0
 10
-3.24478
 20
161.199
 11
-2.48032
 21
161.196
  0
LINE
  8
0
 10
-2.48032
 20
161.196
 11
-3.18375
 21
160.785
  0
LINE
  8
0
 10
-3.18375
 20
160.785
 11
-3.80707
 21
160.343
  0
LINE
  8
0
 10
-3.80707
 20
160.343
 11
-4.33426
 21
159.883
  0
LINE
  8
0
 10
-4.33426
 20
159.883
 11
-4.76532
 21
159.402
  0
LINE
  8
0
 10
-4.76532
 20
159.402
 11
-5.10025
 21
158.9
  0
LINE
  8
0
 10
-5.10025
 20
158.9
 11
-5.33752
 21
158.379
  0
LINE
  8
0
 10
-5.33752
 20
158.379
 11
-5.47867
 21
157.839
  0
LINE
  8
0
 10
-5.47867
 20
157.839
 11
-5.52368
 21
157.278
  0
LINE
  8
0
 10
-5.52368
 20
157.278
 11
-5.4718
 21
156.698
  0
LINE
  8
0
 10
-5.4718
 20
156.698
 11
-5.32303
 21
156.098
  0
LINE
  8
0
 10
-5.32303
 20
156.098
 11
-5.07889
 21
155.479
  0
LINE
  8
0
 10
-5.07889
 20
155.479
 11
-4.74472
 21
154.852
  0
LINE
  8
0
 10
-4.74472
 20
154.852
 11
-5.27954
 21
155.118
  0
LINE
  8
0
 10
-5.27954
 20
155.118
 11
-5.80444
 21
155.307
  0
LINE
  8
0
 10
-5.80444
 20
155.307
 11
-6.30188
 21
155.415
  0
LINE
  8
0
 10
-6.30188
 20
155.415
 11
-6.77338
 21
155.437
  0
LINE
  8
0
 10
-6.77338
 20
155.437
 11
-7.22046
 21
155.377
  0
LINE
  8
0
 10
-7.22046
 20
155.377
 11
-7.63931
 21
155.235
  0
LINE
  8
0
 10
-7.63931
 20
155.235
 11
-8.03299
 21
155.009
  0
LINE
  8
0
 10
-8.03299
 20
155.009
 11
-8.39996
 21
154.7
  0
LINE
  8
0
 10
-8.39996
 20
154.7
 11
-8.74023
 21
154.308
  0
LINE
  8
0
 10
-8.74023
 20
154.308
 11
-9.05457
 21
153.835
  0
LINE
  8
0
 10
-9.05457
 20
153.835
 11
-9.34296
 21
153.276
  0
LINE
  8
0
 10
-9.34296
 20
153.276
 11
-9.60083
 21
152.648
  0
LINE
  8
0
 10
-9.60083
 20
152.648
 11
-9.79233
 21
153.141
  0
LINE
  8
0
 10
10.7849
 20
153.184
 11
10.3432
 21
153.807
  0
LINE
  8
0
 10
10.3432
 20
153.807
 11
9.88312
 21
154.334
  0
LINE
  8
0
 10
9.88312
 20
154.334
 11
9.4017
 21
154.765
  0
LINE
  8
0
 10
9.4017
 20
154.765
 11
8.90045
 21
155.1
  0
LINE
  8
0
 10
8.90045
 20
155.1
 11
8.37936
 21
155.338
  0
LINE
  8
0
 10
8.37936
 20
155.338
 11
7.8392
 21
155.479
  0
LINE
  8
0
 10
7.8392
 20
155.479
 11
7.27844
 21
155.524
  0
LINE
  8
0
 10
7.27844
 20
155.524
 11
6.69785
 21
155.472
  0
LINE
  8
0
 10
6.69785
 20
155.472
 11
6.09818
 21
155.323
  0
LINE
  8
0
 10
6.09818
 20
155.323
 11
5.47867
 21
155.079
  0
LINE
  8
0
 10
5.47867
 20
155.079
 11
4.85229
 21
154.745
  0
LINE
  8
0
 10
4.85229
 20
154.745
 11
5.1178
 21
155.28
  0
LINE
  8
0
 10
5.1178
 20
155.28
 11
5.30701
 21
155.804
  0
LINE
  8
0
 10
5.30701
 20
155.804
 11
5.41458
 21
156.302
  0
LINE
  8
0
 10
5.41458
 20
156.302
 11
5.43747
 21
156.773
  0
LINE
  8
0
 10
5.43747
 20
156.773
 11
5.3772
 21
157.22
  0
LINE
  8
0
 10
5.3772
 20
157.22
 11
5.23529
 21
157.639
  0
LINE
  8
0
 10
5.23529
 20
157.639
 11
5.0087
 21
158.033
  0
LINE
  8
0
 10
5.0087
 20
158.033
 11
4.70047
 21
158.4
  0
LINE
  8
0
 10
4.70047
 20
158.4
 11
4.30832
 21
158.74
  0
LINE
  8
0
 10
4.30832
 20
158.74
 11
3.83453
 21
159.055
  0
LINE
  8
0
 10
3.83453
 20
159.055
 11
3.27606
 21
159.343
  0
LINE
  8
0
 10
3.27606
 20
159.343
 11
2.64816
 21
159.601
  0
LINE
  8
0
 10
2.64816
 20
159.601
 11
3.14102
 21
159.792
  0
LINE
  8
0
 10
3.14102
 20
159.792
 11
3.57361
 21
160.034
  0
LINE
  8
0
 10
3.57361
 20
160.034
 11
3.936
 21
160.323
  0
LINE
  8
0
 10
3.936
 20
160.323
 11
4.2244
 21
160.658
  0
LINE
  8
0
 10
4.2244
 20
160.658
 11
4.44183
 21
161.038
  0
LINE
  8
0
 10
4.44183
 20
161.038
 11
4.58603
 21
161.465
  0
LINE
  8
0
 10
4.58603
 20
161.465
 11
4.65851
 21
161.938
  0
LINE
  8
0
 10
4.65851
 20
161.938
 11
4.65927
 21
162.456
  0
LINE
  8
0
 10
4.65927
 20
162.456
 11
4.58679
 21
163.021
  0
LINE
  8
0
 10
4.58679
 20
163.021
 11
4.44183
 21
163.631
  0
LINE
  8
0
 10
4.44183
 20
163.631
 11
4.22516
 21
164.287
  0
LINE
  8
0
 10
4.22516
 20
164.287
 11
3.95432
 21
164.947
  0
LINE
  8
0
 10
3.95432
 20
164.947
 11
4.41818
 21
164.264
  0
LINE
  8
0
 10
4.41818
 20
164.264
 11
4.89273
 21
163.657
  0
LINE
  8
0
 10
4.89273
 20
163.657
 11
5.35202
 21
163.167
  0
LINE
  8
0
 10
5.35202
 20
163.167
 11
5.79681
 21
162.791
  0
LINE
  8
0
 10
5.79681
 20
162.791
 11
6.22635
 21
162.531
  0
LINE
  8
0
 10
6.22635
 20
162.531
 11
6.64139
 21
162.387
  0
LINE
  8
0
 10
6.64139
 20
162.387
 11
7.04041
 21
162.357
  0
LINE
  8
0
 10
7.04041
 20
162.357
 11
7.42416
 21
162.444
  0
LINE
  8
0
 10
7.42416
 20
162.444
 11
7.79343
 21
162.647
  0
LINE
  8
0
 10
7.79343
 20
162.647
 11
8.1459
 21
162.965
  0
LINE
  8
0
 10
8.1459
 20
162.965
 11
8.48236
 21
163.398
  0
LINE
  8
0
 10
8.48236
 20
163.398
 11
8.79211
 21
163.927
  0
LINE
  8
0
 10
8.79211
 20
163.927
 11
8.72345
 21
163.107
  0
LINE
  8
0
 10
8.72345
 20
163.107
 11
8.74634
 21
162.35
  0
LINE
  8
0
 10
8.74634
 20
162.35
 11
8.86459
 21
161.68
  0
LINE
  8
0
 10
8.86459
 20
161.68
 11
9.07669
 21
161.098
  0
LINE
  8
0
 10
9.07669
 20
161.098
 11
9.38416
 21
160.604
  0
LINE
  8
0
 10
9.38416
 20
160.604
 11
9.78699
 21
160.197
  0
LINE
  8
0
 10
9.78699
 20
160.197
 11
10.2837
 21
159.878
  0
LINE
  8
0
 10
10.2837
 20
159.878
 11
10.457
 21
159.81
  0
LINE
  8
0
 10
10.457
 20
159.81
 11
11.9615
 21
155.18
  0
LINE
  8
0
 10
11.9615
 20
155.18
 11
11.9263
 21
155.163
  0
LINE
  8
0
 10
11.9263
 20
155.163
 11
11.6379
 21
154.866
  0
LINE
  8
0
 10
11.6379
 20
154.866
 11
11.4197
 21
154.446
  0
LINE
  8
0
 10
11.4197
 20
154.446
 11
11.2747
 21
153.907
  0
LINE
  8
0
 10
11.2747
 20
153.907
 11
11.1992
 21
153.245
  0
LINE
  8
0
 10
11.1992
 20
153.245
 11
11.1961
 21
152.48
  0
LINE
  8
0
 10
11.1961
 20
152.48
 11
10.7849
 21
153.184
  0
LINE
  8
0
 10
-3.82004
 20
153.928
 11
-0.98114
 21
159.866
  0
LINE
  8
0
 10
-0.98114
 20
159.866
 11
-2.46506
 21
152.638
  0
LINE
  8
0
 10
-2.46506
 20
152.638
 11
-9.56268
 21
150.961
  0
LINE
  8
0
 10
-9.56268
 20
150.961
 11
-3.82004
 21
153.928
  0
LINE
  8
0
 10
2.63824
 20
152.465
 11
0.960541
 21
159.563
  0
LINE
  8
0
 10
0.960541
 20
159.563
 11
3.92838
 21
153.82
  0
LINE
  8
0
 10
3.92838
 20
153.82
 11
9.86557
 21
150.981
  0
LINE
  8
0
 10
9.86557
 20
150.981
 11
2.63824
 21
152.465
  0
LINE
  8
0
 10
-13.3351
 20
150.952
 11
-13.1919
 21
151.393
  0
LINE
  8
0
 10
-13.1919
 20
151.393
 11
-11.3953
 21
150.952
  0
LINE
  8
0
 10
-11.3953
 20
150.952
 11
-13.3351
 21
150.952
  0
LINE
  8
0
 10
12.7968
 20
150.974
 11
13.2846
 21
151.108
  0
LINE
  8
0
 10
13.2846
 20
151.108
 11
13.3279
 21
150.974
  0
LINE
  8
0
 10
13.3279
 20
150.974
 11
12.7968
 21
150.974
  0
LINE
  8
0
 10
11.3953
 20
149.048
 11
13.9539
 21
149.048
  0
LINE
  8
0
 10
13.9539
 20
149.048
 11
14.1754
 21
148.366
  0
LINE
  8
0
 10
14.1754
 20
148.366
 11
11.3953
 21
149.048
  0
LINE
  8
0
 10
2.46506
 20
147.362
 11
9.56268
 21
149.039
  0
LINE
  8
0
 10
9.56268
 20
149.039
 11
3.82004
 21
146.072
  0
LINE
  8
0
 10
3.82004
 20
146.072
 11
0.98114
 21
140.134
  0
LINE
  8
0
 10
0.98114
 20
140.134
 11
2.46506
 21
147.362
  0
LINE
  8
0
 10
-13.9611
 20
149.026
 11
-12.7968
 21
149.026
  0
LINE
  8
0
 10
-12.7968
 20
149.026
 11
-14.0747
 21
148.676
  0
LINE
  8
0
 10
-14.0747
 20
148.676
 11
-13.9611
 21
149.026
  0
LINE
  8
0
 10
-3.92838
 20
146.18
 11
-9.86557
 21
149.019
  0
LINE
  8
0
 10
-9.86557
 20
149.019
 11
-2.63824
 21
147.535
  0
LINE
  8
0
 10
-2.63824
 20
147.535
 11
-0.960541
 21
140.437
  0
LINE
  8
0
 10
-0.960541
 20
140.437
 11
-3.92838
 21
146.18
  0
LINE
  8
0
 10
-4.41818
 20
135.736
 11
-4.89273
 21
136.343
  0
LINE
  8
0
 10
-4.89273
 20
136.343
 11
-5.35202
 21
136.833
  0
LINE
  8
0
 10
-5.35202
 20
136.833
 11
-5.79681
 21
137.209
  0
LINE
  8
0
 10
-5.79681
 20
137.209
 11
-6.22635
 21
137.469
  0
LINE
  8
0
 10
-6.22635
 20
137.469
 11
-6.64139
 21
137.613
  0
LINE
  8
0
 10
-6.64139
 20
137.613
 11
-7.04041
 21
137.643
  0
LINE
  8
0
 10
-7.04041
 20
137.643
 11
-7.42416
 21
137.556
  0
LINE
  8
0
 10
-7.42416
 20
137.556
 11
-7.79343
 21
137.353
  0
LINE
  8
0
 10
-7.79343
 20
137.353
 11
-8.1459
 21
137.035
  0
LINE
  8
0
 10
-8.1459
 20
137.035
 11
-8.48236
 21
136.602
  0
LINE
  8
0
 10
-8.48236
 20
136.602
 11
-8.79211
 21
136.073
  0
LINE
  8
0
 10
-8.79211
 20
136.073
 11
-8.72345
 21
136.893
  0
LINE
  8
0
 10
-8.72345
 20
136.893
 11
-8.74634
 21
137.65
  0
LINE
  8
0
 10
-8.74634
 20
137.65
 11
-8.86459
 21
138.32
  0
LINE
  8
0
 10
-8.86459
 20
138.32
 11
-9.07669
 21
138.902
  0
LINE
  8
0
 10
-9.07669
 20
138.902
 11
-9.38416
 21
139.396
  0
LINE
  8
0
 10
-9.38416
 20
139.396
 11
-9.78699
 21
139.803
  0
LINE
  8
0
 10
-9.78699
 20
139.803
 11
-10.2837
 21
140.122
  0
LINE
  8
0
 10
-10.2837
 20
140.122
 11
-10.8757
 21
140.353
  0
LINE
  8
0
 10
-10.8757
 20
140.353
 11
-11.5616
 21
140.498
  0
LINE
  8
0
 10
-11.5616
 20
140.498
 11
-12.3421
 21
140.554
  0
LINE
  8
0
 10
-12.3421
 20
140.554
 11
-13.2179
 21
140.524
  0
LINE
  8
0
 10
-13.2179
 20
140.524
 11
-14.1617
 21
140.408
  0
LINE
  8
0
 10
-14.1617
 20
140.408
 11
-13.6902
 21
140.674
  0
LINE
  8
0
 10
-13.6902
 20
140.674
 11
-13.3125
 21
140.989
  0
LINE
  8
0
 10
-13.3125
 20
140.989
 11
-13.0508
 21
141.342
  0
LINE
  8
0
 10
-13.0508
 20
141.342
 11
-12.9059
 21
141.733
  0
LINE
  8
0
 10
-12.9059
 20
141.733
 11
-12.8769
 21
142.159
  0
LINE
  8
0
 10
-12.8769
 20
142.159
 11
-12.9654
 21
142.624
  0
LINE
  8
0
 10
-12.9654
 20
142.624
 11
-13.1699
 21
143.124
  0
LINE
  8
0
 10
-13.1699
 20
143.124
 11
-13.4903
 21
143.661
  0
LINE
  8
0
 10
-13.4903
 20
143.661
 11
-13.9275
 21
144.236
  0
LINE
  8
0
 10
-13.9275
 20
144.236
 11
-14.4806
 21
144.846
  0
LINE
  8
0
 10
-14.4806
 20
144.846
 11
-15.1186
 21
145.463
  0
LINE
  8
0
 10
-15.1186
 20
145.463
 11
-15.0832
 21
145.572
  0
LINE
  8
0
 10
-15.0832
 20
145.572
 11
-14.4402
 21
145.181
  0
LINE
  8
0
 10
-14.4402
 20
145.181
 11
-13.7962
 21
144.869
  0
LINE
  8
0
 10
-13.7962
 20
144.869
 11
-13.2225
 21
144.678
  0
LINE
  8
0
 10
-13.2225
 20
144.678
 11
-12.719
 21
144.608
  0
LINE
  8
0
 10
-12.719
 20
144.608
 11
-12.2871
 21
144.662
  0
LINE
  8
0
 10
-12.2871
 20
144.662
 11
-11.9263
 21
144.837
  0
LINE
  8
0
 10
-11.9263
 20
144.837
 11
-11.6379
 21
145.134
  0
LINE
  8
0
 10
-11.6379
 20
145.134
 11
-11.4197
 21
145.554
  0
LINE
  8
0
 10
-11.4197
 20
145.554
 11
-11.2747
 21
146.093
  0
LINE
  8
0
 10
-11.2747
 20
146.093
 11
-11.1992
 21
146.755
  0
LINE
  8
0
 10
-11.1992
 20
146.755
 11
-11.1961
 21
147.52
  0
LINE
  8
0
 10
-11.1961
 20
147.52
 11
-10.7849
 21
146.816
  0
LINE
  8
0
 10
-10.7849
 20
146.816
 11
-10.3432
 21
146.193
  0
LINE
  8
0
 10
-10.3432
 20
146.193
 11
-9.88312
 21
145.666
  0
LINE
  8
0
 10
-9.88312
 20
145.666
 11
-9.4017
 21
145.235
  0
LINE
  8
0
 10
-9.4017
 20
145.235
 11
-8.90045
 21
144.9
  0
LINE
  8
0
 10
-8.90045
 20
144.9
 11
-8.37936
 21
144.662
  0
LINE
  8
0
 10
-8.37936
 20
144.662
 11
-7.8392
 21
144.521
  0
LINE
  8
0
 10
-7.8392
 20
144.521
 11
-7.27844
 21
144.476
  0
LINE
  8
0
 10
-7.27844
 20
144.476
 11
-6.69785
 21
144.528
  0
LINE
  8
0
 10
-6.69785
 20
144.528
 11
-6.09818
 21
144.677
  0
LINE
  8
0
 10
-6.09818
 20
144.677
 11
-5.47867
 21
144.921
  0
LINE
  8
0
 10
-5.47867
 20
144.921
 11
-4.85229
 21
145.255
  0
LINE
  8
0
 10
-4.85229
 20
145.255
 11
-5.1178
 21
144.72
  0
LINE
  8
0
 10
-5.1178
 20
144.72
 11
-5.30701
 21
144.196
  0
LINE
  8
0
 10
-5.30701
 20
144.196
 11
-5.41458
 21
143.698
  0
LINE
  8
0
 10
-5.41458
 20
143.698
 11
-5.43747
 21
143.227
  0
LINE
  8
0
 10
-5.43747
 20
143.227
 11
-5.3772
 21
142.78
  0
LINE
  8
0
 10
-5.3772
 20
142.78
 11
-5.23529
 21
142.361
  0
LINE
  8
0
 10
-5.23529
 20
142.361
 11
-5.0087
 21
141.967
  0
LINE
  8
0
 10
-5.0087
 20
141.967
 11
-4.70047
 21
141.6
  0
LINE
  8
0
 10
-4.70047
 20
141.6
 11
-4.30832
 21
141.26
  0
LINE
  8
0
 10
-4.30832
 20
141.26
 11
-3.83453
 21
140.945
  0
LINE
  8
0
 10
-3.83453
 20
140.945
 11
-3.27606
 21
140.657
  0
LINE
  8
0
 10
-3.27606
 20
140.657
 11
-2.64816
 21
140.399
  0
LINE
  8
0
 10
-2.64816
 20
140.399
 11
-3.14102
 21
140.208
  0
LINE
  8
0
 10
-3.14102
 20
140.208
 11
-3.57361
 21
139.966
  0
LINE
  8
0
 10
-3.57361
 20
139.966
 11
-3.936
 21
139.677
  0
LINE
  8
0
 10
-3.936
 20
139.677
 11
-4.2244
 21
139.342
  0
LINE
  8
0
 10
-4.2244
 20
139.342
 11
-4.44183
 21
138.962
  0
LINE
  8
0
 10
-4.44183
 20
138.962
 11
-4.58603
 21
138.535
  0
LINE
  8
0
 10
-4.58603
 20
138.535
 11
-4.65851
 21
138.062
  0
LINE
  8
0
 10
-4.65851
 20
138.062
 11
-4.65927
 21
137.544
  0
LINE
  8
0
 10
-4.65927
 20
137.544
 11
-4.58679
 21
136.979
  0
LINE
  8
0
 10
-4.58679
 20
136.979
 11
-4.44183
 21
136.369
  0
LINE
  8
0
 10
-4.44183
 20
136.369
 11
-4.22516
 21
135.713
  0
LINE
  8
0
 10
-4.22516
 20
135.713
 11
-3.95432
 21
135.053
  0
LINE
  8
0
 10
-3.95432
 20
135.053
 11
-4.41818
 21
135.736
  0
LINE
  8
0
 10
4.38385
 20
134.844
 11
4.81873
 21
135.56
  0
LINE
  8
0
 10
4.81873
 20
135.56
 11
5.13077
 21
136.204
  0
LINE
  8
0
 10
5.13077
 20
136.204
 11
5.3215
 21
136.777
  0
LINE
  8
0
 10
5.3215
 20
136.777
 11
5.39169
 21
137.281
  0
LINE
  8
0
 10
5.39169
 20
137.281
 11
5.33752
 21
137.713
  0
LINE
  8
0
 10
5.33752
 20
137.713
 11
5.16281
 21
138.074
  0
LINE
  8
0
 10
5.16281
 20
138.074
 11
4.86603
 21
138.362
  0
LINE
  8
0
 10
4.86603
 20
138.362
 11
4.44641
 21
138.58
  0
LINE
  8
0
 10
4.44641
 20
138.58
 11
3.90701
 21
138.725
  0
LINE
  8
0
 10
3.90701
 20
138.725
 11
3.24478
 21
138.801
  0
LINE
  8
0
 10
3.24478
 20
138.801
 11
2.48032
 21
138.804
  0
LINE
  8
0
 10
2.48032
 20
138.804
 11
3.18375
 21
139.215
  0
LINE
  8
0
 10
3.18375
 20
139.215
 11
3.80707
 21
139.657
  0
LINE
  8
0
 10
3.80707
 20
139.657
 11
4.33426
 21
140.117
  0
LINE
  8
0
 10
4.33426
 20
140.117
 11
4.76532
 21
140.598
  0
LINE
  8
0
 10
4.76532
 20
140.598
 11
5.10025
 21
141.1
  0
LINE
  8
0
 10
5.10025
 20
141.1
 11
5.33752
 21
141.621
  0
LINE
  8
0
 10
5.33752
 20
141.621
 11
5.47867
 21
142.161
  0
LINE
  8
0
 10
5.47867
 20
142.161
 11
5.52368
 21
142.722
  0
LINE
  8
0
 10
5.52368
 20
142.722
 11
5.4718
 21
143.302
  0
LINE
  8
0
 10
5.4718
 20
143.302
 11
5.32303
 21
143.902
  0
LINE
  8
0
 10
5.32303
 20
143.902
 11
5.07889
 21
144.521
  0
LINE
  8
0
 10
5.07889
 20
144.521
 11
4.74472
 21
145.148
  0
LINE
  8
0
 10
4.74472
 20
145.148
 11
5.27954
 21
144.882
  0
LINE
  8
0
 10
5.27954
 20
144.882
 11
5.80444
 21
144.693
  0
LINE
  8
0
 10
5.80444
 20
144.693
 11
6.30188
 21
144.585
  0
LINE
  8
0
 10
6.30188
 20
144.585
 11
6.77338
 21
144.563
  0
LINE
  8
0
 10
6.77338
 20
144.563
 11
7.22046
 21
144.623
  0
LINE
  8
0
 10
7.22046
 20
144.623
 11
7.63931
 21
144.765
  0
LINE
  8
0
 10
7.63931
 20
144.765
 11
8.03299
 21
144.991
  0
LINE
  8
0
 10
8.03299
 20
144.991
 11
8.39996
 21
145.3
  0
LINE
  8
0
 10
8.39996
 20
145.3
 11
8.74023
 21
145.692
  0
LINE
  8
0
 10
8.74023
 20
145.692
 11
9.05457
 21
146.165
  0
LINE
  8
0
 10
9.05457
 20
146.165
 11
9.34296
 21
146.724
  0
LINE
  8
0
 10
9.34296
 20
146.724
 11
9.60083
 21
147.352
  0
LINE
  8
0
 10
9.60083
 20
147.352
 11
9.79233
 21
146.859
  0
LINE
  8
0
 10
9.79233
 20
146.859
 11
10.0342
 21
146.426
  0
LINE
  8
0
 10
10.0342
 20
146.426
 11
10.3226
 21
146.064
  0
LINE
  8
0
 10
10.3226
 20
146.064
 11
10.6575
 21
145.776
  0
LINE
  8
0
 10
10.6575
 20
145.776
 11
11.0382
 21
145.558
  0
LINE
  8
0
 10
11.0382
 20
145.558
 11
11.4655
 21
145.414
  0
LINE
  8
0
 10
11.4655
 20
145.414
 11
11.9377
 21
145.341
  0
LINE
  8
0
 10
11.9377
 20
145.341
 11
12.4557
 21
145.341
  0
LINE
  8
0
 10
12.4557
 20
145.341
 11
13.0211
 21
145.413
  0
LINE
  8
0
 10
13.0211
 20
145.413
 11
13.6307
 21
145.558
  0
LINE
  8
0
 10
13.6307
 20
145.558
 11
14.2868
 21
145.775
  0
LINE
  8
0
 10
14.2868
 20
145.775
 11
14.9314
 21
146.039
  0
LINE
  8
0
 10
14.9314
 20
146.039
 11
14.9325
 21
146.036
  0
LINE
  8
0
 10
14.9325
 20
146.036
 11
14.2639
 21
145.582
  0
LINE
  8
0
 10
14.2639
 20
145.582
 11
13.6574
 21
145.107
  0
LINE
  8
0
 10
13.6574
 20
145.107
 11
13.1668
 21
144.648
  0
LINE
  8
0
 10
13.1668
 20
144.648
 11
12.7914
 21
144.203
  0
LINE
  8
0
 10
12.7914
 20
144.203
 11
12.5313
 21
143.774
  0
LINE
  8
0
 10
12.5313
 20
143.774
 11
12.3871
 21
143.359
  0
LINE
  8
0
 10
12.3871
 20
143.359
 11
12.3573
 21
142.96
  0
LINE
  8
0
 10
12.3573
 20
142.96
 11
12.4443
 21
142.576
  0
LINE
  8
0
 10
12.4443
 20
142.576
 11
12.6472
 21
142.207
  0
LINE
  8
0
 10
12.6472
 20
142.207
 11
12.9654
 21
141.854
  0
LINE
  8
0
 10
12.9654
 20
141.854
 11
13.398
 21
141.518
  0
LINE
  8
0
 10
13.398
 20
141.518
 11
13.9267
 21
141.208
  0
LINE
  8
0
 10
13.9267
 20
141.208
 11
13.1065
 21
141.277
  0
LINE
  8
0
 10
13.1065
 20
141.277
 11
12.3505
 21
141.254
  0
LINE
  8
0
 10
12.3505
 20
141.254
 11
11.6798
 21
141.135
  0
LINE
  8
0
 10
11.6798
 20
141.135
 11
11.0985
 21
140.923
  0
LINE
  8
0
 10
11.0985
 20
140.923
 11
10.6041
 21
140.616
  0
LINE
  8
0
 10
10.6041
 20
140.616
 11
10.1974
 21
140.213
  0
LINE
  8
0
 10
10.1974
 20
140.213
 11
9.87778
 21
139.716
  0
LINE
  8
0
 10
9.87778
 20
139.716
 11
9.64661
 21
139.124
  0
LINE
  8
0
 10
9.64661
 20
139.124
 11
9.50241
 21
138.438
  0
LINE
  8
0
 10
9.50241
 20
138.438
 11
9.44595
 21
137.658
  0
LINE
  8
0
 10
9.44595
 20
137.658
 11
9.47647
 21
136.782
  0
LINE
  8
0
 10
9.47647
 20
136.782
 11
9.59244
 21
135.838
  0
LINE
  8
0
 10
9.59244
 20
135.838
 11
9.32617
 21
136.31
  0
LINE
  8
0
 10
9.32617
 20
136.31
 11
9.01108
 21
136.687
  0
LINE
  8
0
 10
9.01108
 20
136.687
 11
8.65784
 21
136.949
  0
LINE
  8
0
 10
8.65784
 20
136.949
 11
8.26721
 21
137.094
  0
LINE
  8
0
 10
8.26721
 20
137.094
 11
7.84073
 21
137.123
  0
LINE
  8
0
 10
7.84073
 20
137.123
 11
7.3761
 21
137.035
  0
LINE
  8
0
 10
7.3761
 20
137.035
 11
6.87637
 21
136.83
  0
LINE
  8
0
 10
6.87637
 20
136.83
 11
6.3385
 21
136.51
  0
LINE
  8
0
 10
6.3385
 20
136.51
 11
5.76401
 21
136.073
  0
LINE
  8
0
 10
5.76401
 20
136.073
 11
5.15366
 21
135.519
  0
LINE
  8
0
 10
5.15366
 20
135.519
 11
4.50592
 21
134.85
  0
LINE
  8
0
 10
4.50592
 20
134.85
 11
3.8826
 21
134.135
  0
LINE
  8
0
 10
3.8826
 20
134.135
 11
4.38385
 21
134.844
  0
LINE
  8
0
 10
15.7255
 20
143.595
 11
15.8289
 21
143.277
  0
LINE
  8
0
 10
15.8289
 20
143.277
 11
15.0146
 21
142.529
  0
LINE
  8
0
 10
15.0146
 20
142.529
 11
15.7255
 21
143.595
  0
LINE
  8
0
 10
-16.0023
 20
142.743
 11
-15.9925
 21
142.774
  0
LINE
  8
0
 10
-15.9925
 20
142.774
 11
-15.9569
 21
142.697
  0
LINE
  8
0
 10
-15.9569
 20
142.697
 11
-16.0023
 21
142.743
  0
LINE
  8
0
 10
-15.657
 20
128.275
 11
-15.9447
 21
128.834
  0
LINE
  8
0
 10
-15.9447
 20
128.834
 11
-16.2598
 21
129.308
  0
LINE
  8
0
 10
-16.2598
 20
129.308
 11
-16.6
 21
129.7
  0
LINE
  8
0
 10
-16.6
 20
129.7
 11
-16.967
 21
130.009
  0
LINE
  8
0
 10
-16.967
 20
130.009
 11
-17.3607
 21
130.235
  0
LINE
  8
0
 10
-17.3607
 20
130.235
 11
-17.7795
 21
130.377
  0
LINE
  8
0
 10
-17.7795
 20
130.377
 11
-18.2266
 21
130.437
  0
LINE
  8
0
 10
-18.2266
 20
130.437
 11
-18.6981
 21
130.415
  0
LINE
  8
0
 10
-18.6981
 20
130.415
 11
-19.1948
 21
130.307
  0
LINE
  8
0
 10
-19.1948
 20
130.307
 11
-19.7197
 21
130.118
  0
LINE
  8
0
 10
-19.7197
 20
130.118
 11
-20.1785
 21
129.89
  0
LINE
  8
0
 10
-20.1785
 20
129.89
 11
-20.0909
 21
130.16
  0
LINE
  8
0
 10
-20.0909
 20
130.16
 11
-19.9211
 21
130.478
  0
LINE
  8
0
 10
-19.9211
 20
130.478
 11
-19.677
 21
131.098
  0
LINE
  8
0
 10
-19.677
 20
131.098
 11
-19.5282
 21
131.698
  0
LINE
  8
0
 10
-19.5282
 20
131.698
 11
-19.5043
 21
131.965
  0
LINE
  8
0
 10
-19.5043
 20
131.965
 11
-17.5588
 21
137.953
  0
LINE
  8
0
 10
-17.5588
 20
137.953
 11
-17.1593
 21
137.877
  0
LINE
  8
0
 10
-17.1593
 20
137.877
 11
-16.7328
 21
137.906
  0
LINE
  8
0
 10
-16.7328
 20
137.906
 11
-16.3422
 21
138.051
  0
LINE
  8
0
 10
-16.3422
 20
138.051
 11
-15.9889
 21
138.313
  0
LINE
  8
0
 10
-15.9889
 20
138.313
 11
-15.6738
 21
138.69
  0
LINE
  8
0
 10
-15.6738
 20
138.69
 11
-15.4076
 21
139.161
  0
LINE
  8
0
 10
-15.4076
 20
139.161
 11
-15.5235
 21
138.219
  0
LINE
  8
0
 10
-15.5235
 20
138.219
 11
-15.554
 21
137.343
  0
LINE
  8
0
 10
-15.554
 20
137.343
 11
-15.4984
 21
136.562
  0
LINE
  8
0
 10
-15.4984
 20
136.562
 11
-15.3534
 21
135.876
  0
LINE
  8
0
 10
-15.3534
 20
135.876
 11
-15.1222
 21
135.284
  0
LINE
  8
0
 10
-15.1222
 20
135.284
 11
-14.8026
 21
134.787
  0
LINE
  8
0
 10
-14.8026
 20
134.787
 11
-14.3959
 21
134.384
  0
LINE
  8
0
 10
-14.3959
 20
134.384
 11
-13.9015
 21
134.077
  0
LINE
  8
0
 10
-13.9015
 20
134.077
 11
-13.3202
 21
133.865
  0
LINE
  8
0
 10
-13.3202
 20
133.865
 11
-12.6503
 21
133.747
  0
LINE
  8
0
 10
-12.6503
 20
133.747
 11
-11.8942
 21
133.723
  0
LINE
  8
0
 10
-11.8942
 20
133.723
 11
-11.0741
 21
133.792
  0
LINE
  8
0
 10
-11.0741
 20
133.792
 11
-11.6013
 21
133.483
  0
LINE
  8
0
 10
-11.6013
 20
133.483
 11
-12.0346
 21
133.146
  0
LINE
  8
0
 10
-12.0346
 20
133.146
 11
-12.3528
 21
132.793
  0
LINE
  8
0
 10
-12.3528
 20
132.793
 11
-12.5557
 21
132.424
  0
LINE
  8
0
 10
-12.5557
 20
132.424
 11
-12.6427
 21
132.04
  0
LINE
  8
0
 10
-12.6427
 20
132.04
 11
-12.6129
 21
131.641
  0
LINE
  8
0
 10
-12.6129
 20
131.641
 11
-12.4687
 21
131.226
  0
LINE
  8
0
 10
-12.4687
 20
131.226
 11
-12.2086
 21
130.797
  0
LINE
  8
0
 10
-12.2086
 20
130.797
 11
-11.834
 21
130.353
  0
LINE
  8
0
 10
-11.834
 20
130.353
 11
-11.3434
 21
129.893
  0
LINE
  8
0
 10
-11.3434
 20
129.893
 11
-10.7361
 21
129.418
  0
LINE
  8
0
 10
-10.7361
 20
129.418
 11
-10.0533
 21
128.954
  0
LINE
  8
0
 10
-10.0533
 20
128.954
 11
-10.7132
 21
129.225
  0
LINE
  8
0
 10
-10.7132
 20
129.225
 11
-11.3686
 21
129.442
  0
LINE
  8
0
 10
-11.3686
 20
129.442
 11
-11.9781
 21
129.586
  0
LINE
  8
0
 10
-11.9781
 20
129.586
 11
-12.5435
 21
129.659
  0
LINE
  8
0
 10
-12.5435
 20
129.659
 11
-13.0615
 21
129.659
  0
LINE
  8
0
 10
-13.0615
 20
129.659
 11
-13.5338
 21
129.587
  0
LINE
  8
0
 10
-13.5338
 20
129.587
 11
-13.9618
 21
129.442
  0
LINE
  8
0
 10
-13.9618
 20
129.442
 11
-14.3425
 21
129.224
  0
LINE
  8
0
 10
-14.3425
 20
129.224
 11
-14.6774
 21
128.936
  0
LINE
  8
0
 10
-14.6774
 20
128.936
 11
-14.9651
 21
128.574
  0
LINE
  8
0
 10
-14.9651
 20
128.574
 11
-15.2077
 21
128.142
  0
LINE
  8
0
 10
-15.2077
 20
128.142
 11
-15.3992
 21
127.648
  0
LINE
  8
0
 10
-15.3992
 20
127.648
 11
-15.657
 21
128.275
  0
LINE
  8
0
 10
13.8008
 20
128.244
 11
13.726
 21
128.906
  0
LINE
  8
0
 10
13.726
 20
128.906
 11
13.5803
 21
129.446
  0
LINE
  8
0
 10
13.5803
 20
129.446
 11
13.3621
 21
129.866
  0
LINE
  8
0
 10
13.3621
 20
129.866
 11
13.0737
 21
130.163
  0
LINE
  8
0
 10
13.0737
 20
130.163
 11
12.7129
 21
130.338
  0
LINE
  8
0
 10
12.7129
 20
130.338
 11
12.281
 21
130.392
  0
LINE
  8
0
 10
12.281
 20
130.392
 11
11.7783
 21
130.322
  0
LINE
  8
0
 10
11.7783
 20
130.322
 11
11.2045
 21
130.131
  0
LINE
  8
0
 10
11.2045
 20
130.131
 11
10.5598
 21
129.819
  0
LINE
  8
0
 10
10.5598
 20
129.819
 11
9.84497
 21
129.385
  0
LINE
  8
0
 10
9.84497
 20
129.385
 11
9.13696
 21
128.884
  0
LINE
  8
0
 10
9.13696
 20
128.884
 11
9.84879
 21
129.505
  0
LINE
  8
0
 10
9.84879
 20
129.505
 11
10.5186
 21
130.153
  0
LINE
  8
0
 10
10.5186
 20
130.153
 11
11.0725
 21
130.764
  0
LINE
  8
0
 10
11.0725
 20
130.764
 11
11.5089
 21
131.338
  0
LINE
  8
0
 10
11.5089
 20
131.338
 11
11.8301
 21
131.876
  0
LINE
  8
0
 10
11.8301
 20
131.876
 11
12.0346
 21
132.376
  0
LINE
  8
0
 10
12.0346
 20
132.376
 11
12.1231
 21
132.841
  0
LINE
  8
0
 10
12.1231
 20
132.841
 11
12.0941
 21
133.267
  0
LINE
  8
0
 10
12.0941
 20
133.267
 11
11.9492
 21
133.658
  0
LINE
  8
0
 10
11.9492
 20
133.658
 11
11.6875
 21
134.011
  0
LINE
  8
0
 10
11.6875
 20
134.011
 11
11.3098
 21
134.326
  0
LINE
  8
0
 10
11.3098
 20
134.326
 11
10.8391
 21
134.592
  0
LINE
  8
0
 10
10.8391
 20
134.592
 11
11.7813
 21
134.476
  0
LINE
  8
0
 10
11.7813
 20
134.476
 11
12.6572
 21
134.446
  0
LINE
  8
0
 10
12.6572
 20
134.446
 11
13.4377
 21
134.502
  0
LINE
  8
0
 10
13.4377
 20
134.502
 11
14.1235
 21
134.647
  0
LINE
  8
0
 10
14.1235
 20
134.647
 11
14.7163
 21
134.878
  0
LINE
  8
0
 10
14.7163
 20
134.878
 11
15.213
 21
135.197
  0
LINE
  8
0
 10
15.213
 20
135.197
 11
15.6158
 21
135.604
  0
LINE
  8
0
 10
15.6158
 20
135.604
 11
15.9233
 21
136.098
  0
LINE
  8
0
 10
15.9233
 20
136.098
 11
16.1354
 21
136.68
  0
LINE
  8
0
 10
16.1354
 20
136.68
 11
16.2529
 21
137.35
  0
LINE
  8
0
 10
16.2529
 20
137.35
 11
16.2766
 21
138.106
  0
LINE
  8
0
 10
16.2766
 20
138.106
 11
16.2079
 21
138.926
  0
LINE
  8
0
 10
16.2079
 20
138.926
 11
16.5169
 21
138.399
  0
LINE
  8
0
 10
16.5169
 20
138.399
 11
16.8541
 21
137.965
  0
LINE
  8
0
 10
16.8541
 20
137.965
 11
17.2066
 21
137.647
  0
LINE
  8
0
 10
17.2066
 20
137.647
 11
17.5758
 21
137.444
  0
LINE
  8
0
 10
17.5758
 20
137.444
 11
17.7359
 21
137.408
  0
LINE
  8
0
 10
17.7359
 20
137.408
 11
19.5638
 21
131.782
  0
LINE
  8
0
 10
19.5638
 20
131.782
 11
19.5625
 21
131.773
  0
LINE
  8
0
 10
19.5625
 20
131.773
 11
19.5854
 21
131.302
  0
LINE
  8
0
 10
19.5854
 20
131.302
 11
19.693
 21
130.805
  0
LINE
  8
0
 10
19.693
 20
130.805
 11
19.8822
 21
130.28
  0
LINE
  8
0
 10
19.8822
 20
130.28
 11
20.1477
 21
129.745
  0
LINE
  8
0
 10
20.1477
 20
129.745
 11
19.5221
 21
130.079
  0
LINE
  8
0
 10
19.5221
 20
130.079
 11
18.9018
 21
130.323
  0
LINE
  8
0
 10
18.9018
 20
130.323
 11
18.3022
 21
130.472
  0
LINE
  8
0
 10
18.3022
 20
130.472
 11
17.7216
 21
130.524
  0
LINE
  8
0
 10
17.7216
 20
130.524
 11
17.1608
 21
130.479
  0
LINE
  8
0
 10
17.1608
 20
130.479
 11
16.6206
 21
130.338
  0
LINE
  8
0
 10
16.6206
 20
130.338
 11
16.0995
 21
130.1
  0
LINE
  8
0
 10
16.0995
 20
130.1
 11
15.5983
 21
129.765
  0
LINE
  8
0
 10
15.5983
 20
129.765
 11
15.1176
 21
129.335
  0
LINE
  8
0
 10
15.1176
 20
129.335
 11
14.6568
 21
128.807
  0
LINE
  8
0
 10
14.6568
 20
128.807
 11
14.2159
 21
128.185
  0
LINE
  8
0
 10
14.2159
 20
128.185
 11
13.8039
 21
127.48
  0
LINE
  8
0
 10
13.8039
 20
127.48
 11
13.8008
 21
128.244
  0
LINE
  8
0
 10
-7.4707
 20
134.985
 11
-2.63138
 21
131.759
  0
LINE
  8
0
 10
-2.63138
 20
131.759
 11
-0.952148
 21
138.605
  0
LINE
  8
0
 10
-0.952148
 20
138.605
 11
-0.952148
 21
127.886
  0
LINE
  8
0
 10
-0.952148
 20
127.886
 11
-7.4707
 21
134.985
  0
LINE
  8
0
 10
0.974274
 20
137.203
 11
2.45819
 21
131.782
  0
LINE
  8
0
 10
2.45819
 20
131.782
 11
7.30286
 21
134.043
  0
LINE
  8
0
 10
7.30286
 20
134.043
 11
0.974274
 21
127.843
  0
LINE
  8
0
 10
0.974274
 20
127.843
 11
0.974274
 21
137.203
  0
LINE
  8
0
 10
-13.6047
 20
125.952
 11
-6.75888
 21
127.631
  0
LINE
  8
0
 10
-6.75888
 20
127.631
 11
-9.98535
 21
132.471
  0
LINE
  8
0
 10
-9.98535
 20
132.471
 11
-2.8862
 21
125.952
  0
LINE
  8
0
 10
-2.8862
 20
125.952
 11
-13.6047
 21
125.952
  0
LINE
  8
0
 10
2.84271
 20
125.974
 11
9.04312
 21
132.303
  0
LINE
  8
0
 10
9.04312
 20
132.303
 11
6.78177
 21
127.458
  0
LINE
  8
0
 10
6.78177
 20
127.458
 11
12.2032
 21
125.974
  0
LINE
  8
0
 10
12.2032
 20
125.974
 11
2.84271
 21
125.974
  0
LINE
  8
0
 10
-21.0262
 20
127.282
 11
-20.5901
 21
128.624
  0
LINE
  8
0
 10
-20.5901
 20
128.624
 11
-15.4373
 21
125.961
  0
LINE
  8
0
 10
-15.4373
 20
125.961
 11
-21.0262
 21
127.282
  0
LINE
  8
0
 10
20.5996
 20
128.594
 11
21.0538
 21
127.197
  0
LINE
  8
0
 10
21.0538
 20
127.197
 11
15.1344
 21
125.981
  0
LINE
  8
0
 10
15.1344
 20
125.981
 11
20.5996
 21
128.594
  0
LINE
  8
0
 10
2.8862
 20
124.048
 11
13.6047
 21
124.048
  0
LINE
  8
0
 10
13.6047
 20
124.048
 11
6.75888
 21
122.369
  0
LINE
  8
0
 10
6.75888
 20
122.369
 11
9.98535
 21
117.529
  0
LINE
  8
0
 10
9.98535
 20
117.529
 11
2.8862
 21
124.048
  0
LINE
  8
0
 10
21.18
 20
121.072
 11
15.4373
 21
124.039
  0
LINE
  8
0
 10
15.4373
 20
124.039
 11
22.5349
 21
122.362
  0
LINE
  8
0
 10
22.5349
 20
122.362
 11
24.0189
 21
115.134
  0
LINE
  8
0
 10
24.0189
 20
115.134
 11
21.18
 21
121.072
  0
LINE
  8
0
 10
-6.78177
 20
122.542
 11
-12.2032
 21
124.026
  0
LINE
  8
0
 10
-12.2032
 20
124.026
 11
-2.84271
 21
124.026
  0
LINE
  8
0
 10
-2.84271
 20
124.026
 11
-9.04312
 21
117.697
  0
LINE
  8
0
 10
-9.04312
 20
117.697
 11
-6.78177
 21
122.542
  0
LINE
  8
0
 10
-22.3618
 20
122.535
 11
-15.1344
 21
124.019
  0
LINE
  8
0
 10
-15.1344
 20
124.019
 11
-21.0716
 21
121.18
  0
LINE
  8
0
 10
-21.0716
 20
121.18
 11
-24.0395
 21
115.437
  0
LINE
  8
0
 10
-24.0395
 20
115.437
 11
-22.3618
 21
122.535
  0
LINE
  8
0
 10
-20.7748
 20
110.713
 11
-20.5582
 21
111.369
  0
LINE
  8
0
 10
-20.5582
 20
111.369
 11
-20.414
 21
111.978
  0
LINE
  8
0
 10
-20.414
 20
111.978
 11
-20.3407
 21
112.543
  0
LINE
  8
0
 10
-20.3407
 20
112.543
 11
-20.3407
 21
113.062
  0
LINE
  8
0
 10
-20.3407
 20
113.062
 11
-20.4132
 21
113.534
  0
LINE
  8
0
 10
-20.4132
 20
113.534
 11
-20.5582
 21
113.962
  0
LINE
  8
0
 10
-20.5582
 20
113.962
 11
-20.7756
 21
114.342
  0
LINE
  8
0
 10
-20.7756
 20
114.342
 11
-21.064
 21
114.677
  0
LINE
  8
0
 10
-21.064
 20
114.677
 11
-21.4256
 21
114.965
  0
LINE
  8
0
 10
-21.4256
 20
114.965
 11
-21.8582
 21
115.208
  0
LINE
  8
0
 10
-21.8582
 20
115.208
 11
-22.3518
 21
115.399
  0
LINE
  8
0
 10
-22.3518
 20
115.399
 11
-21.7247
 21
115.657
  0
LINE
  8
0
 10
-21.7247
 20
115.657
 11
-21.1662
 21
115.945
  0
LINE
  8
0
 10
-21.1662
 20
115.945
 11
-20.6917
 21
116.26
  0
LINE
  8
0
 10
-20.6917
 20
116.26
 11
-20.3003
 21
116.6
  0
LINE
  8
0
 10
-20.3003
 20
116.6
 11
-19.9913
 21
116.967
  0
LINE
  8
0
 10
-19.9913
 20
116.967
 11
-19.7647
 21
117.361
  0
LINE
  8
0
 10
-19.7647
 20
117.361
 11
-19.6228
 21
117.78
  0
LINE
  8
0
 10
-19.6228
 20
117.78
 11
-19.5625
 21
118.227
  0
LINE
  8
0
 10
-19.5625
 20
118.227
 11
-19.5854
 21
118.698
  0
LINE
  8
0
 10
-19.5854
 20
118.698
 11
-19.693
 21
119.195
  0
LINE
  8
0
 10
-19.693
 20
119.195
 11
-19.8822
 21
119.72
  0
LINE
  8
0
 10
-19.8822
 20
119.72
 11
-20.1477
 21
120.255
  0
LINE
  8
0
 10
-20.1477
 20
120.255
 11
-19.5221
 21
119.921
  0
LINE
  8
0
 10
-19.5221
 20
119.921
 11
-18.9018
 21
119.677
  0
LINE
  8
0
 10
-18.9018
 20
119.677
 11
-18.3022
 21
119.528
  0
LINE
  8
0
 10
-18.3022
 20
119.528
 11
-17.7216
 21
119.476
  0
LINE
  8
0
 10
-17.7216
 20
119.476
 11
-17.1608
 21
119.521
  0
LINE
  8
0
 10
-17.1608
 20
119.521
 11
-16.6206
 21
119.662
  0
LINE
  8
0
 10
-16.6206
 20
119.662
 11
-16.0995
 21
119.9
  0
LINE
  8
0
 10
-16.0995
 20
119.9
 11
-15.5983
 21
120.235
  0
LINE
  8
0
 10
-15.5983
 20
120.235
 11
-15.1176
 21
120.665
  0
LINE
  8
0
 10
-15.1176
 20
120.665
 11
-14.6568
 21
121.193
  0
LINE
  8
0
 10
-14.6568
 20
121.193
 11
-14.2159
 21
121.815
  0
LINE
  8
0
 10
-14.2159
 20
121.815
 11
-13.8039
 21
122.52
  0
LINE
  8
0
 10
-13.8039
 20
122.52
 11
-13.8008
 21
121.756
  0
LINE
  8
0
 10
-13.8008
 20
121.756
 11
-13.726
 21
121.094
  0
LINE
  8
0
 10
-13.726
 20
121.094
 11
-13.5803
 21
120.554
  0
LINE
  8
0
 10
-13.5803
 20
120.554
 11
-13.3621
 21
120.134
  0
LINE
  8
0
 10
-13.3621
 20
120.134
 11
-13.0737
 21
119.837
  0
LINE
  8
0
 10
-13.0737
 20
119.837
 11
-12.7129
 21
119.662
  0
LINE
  8
0
 10
-12.7129
 20
119.662
 11
-12.281
 21
119.608
  0
LINE
  8
0
 10
-12.281
 20
119.608
 11
-11.7783
 21
119.678
  0
LINE
  8
0
 10
-11.7783
 20
119.678
 11
-11.2045
 21
119.869
  0
LINE
  8
0
 10
-11.2045
 20
119.869
 11
-10.5598
 21
120.181
  0
LINE
  8
0
 10
-10.5598
 20
120.181
 11
-9.84497
 21
120.615
  0
LINE
  8
0
 10
-9.84497
 20
120.615
 11
-9.13696
 21
121.116
  0
LINE
  8
0
 10
-9.13696
 20
121.116
 11
-9.84879
 21
120.495
  0
LINE
  8
0
 10
-9.84879
 20
120.495
 11
-10.5186
 21
119.847
  0
LINE
  8
0
 10
-10.5186
 20
119.847
 11
-11.0725
 21
119.236
  0
LINE
  8
0
 10
-11.0725
 20
119.236
 11
-11.5089
 21
118.662
  0
LINE
  8
0
 10
-11.5089
 20
118.662
 11
-11.8301
 21
118.124
  0
LINE
  8
0
 10
-11.8301
 20
118.124
 11
-12.0346
 21
117.624
  0
LINE
  8
0
 10
-12.0346
 20
117.624
 11
-12.1231
 21
117.159
  0
LINE
  8
0
 10
-12.1231
 20
117.159
 11
-12.0941
 21
116.733
  0
LINE
  8
0
 10
-12.0941
 20
116.733
 11
-11.9492
 21
116.342
  0
LINE
  8
0
 10
-11.9492
 20
116.342
 11
-11.6875
 21
115.989
  0
LINE
  8
0
 10
-11.6875
 20
115.989
 11
-11.3098
 21
115.674
  0
LINE
  8
0
 10
-11.3098
 20
115.674
 11
-10.8391
 21
115.408
  0
LINE
  8
0
 10
-10.8391
 20
115.408
 11
-11.7813
 21
115.524
  0
LINE
  8
0
 10
-11.7813
 20
115.524
 11
-12.6572
 21
115.554
  0
LINE
  8
0
 10
-12.6572
 20
115.554
 11
-13.4377
 21
115.498
  0
LINE
  8
0
 10
-13.4377
 20
115.498
 11
-14.1235
 21
115.353
  0
LINE
  8
0
 10
-14.1235
 20
115.353
 11
-14.7163
 21
115.122
  0
LINE
  8
0
 10
-14.7163
 20
115.122
 11
-15.213
 21
114.803
  0
LINE
  8
0
 10
-15.213
 20
114.803
 11
-15.6158
 21
114.396
  0
LINE
  8
0
 10
-15.6158
 20
114.396
 11
-15.9233
 21
113.902
  0
LINE
  8
0
 10
-15.9233
 20
113.902
 11
-16.1354
 21
113.32
  0
LINE
  8
0
 10
-16.1354
 20
113.32
 11
-16.2529
 21
112.65
  0
LINE
  8
0
 10
-16.2529
 20
112.65
 11
-16.2766
 21
111.894
  0
LINE
  8
0
 10
-16.2766
 20
111.894
 11
-16.2079
 21
111.074
  0
LINE
  8
0
 10
-16.2079
 20
111.074
 11
-16.5169
 21
111.601
  0
LINE
  8
0
 10
-16.5169
 20
111.601
 11
-16.8541
 21
112.035
  0
LINE
  8
0
 10
-16.8541
 20
112.035
 11
-17.2066
 21
112.353
  0
LINE
  8
0
 10
-17.2066
 20
112.353
 11
-17.5758
 21
112.556
  0
LINE
  8
0
 10
-17.5758
 20
112.556
 11
-17.9596
 21
112.643
  0
LINE
  8
0
 10
-17.9596
 20
112.643
 11
-18.3586
 21
112.613
  0
LINE
  8
0
 10
-18.3586
 20
112.613
 11
-18.7737
 21
112.469
  0
LINE
  8
0
 10
-18.7737
 20
112.469
 11
-19.2032
 21
112.209
  0
LINE
  8
0
 10
-19.2032
 20
112.209
 11
-19.6472
 21
111.834
  0
LINE
  8
0
 10
-19.6472
 20
111.834
 11
-20.1073
 21
111.343
  0
LINE
  8
0
 10
-20.1073
 20
111.343
 11
-20.5818
 21
110.736
  0
LINE
  8
0
 10
-20.5818
 20
110.736
 11
-21.0457
 21
110.053
  0
LINE
  8
0
 10
-21.0457
 20
110.053
 11
-20.7748
 21
110.713
  0
LINE
  8
0
 10
20.4948
 20
109.849
 11
19.8471
 21
110.519
  0
LINE
  8
0
 10
19.8471
 20
110.519
 11
19.236
 21
111.073
  0
LINE
  8
0
 10
19.236
 20
111.073
 11
18.6623
 21
111.509
  0
LINE
  8
0
 10
18.6623
 20
111.509
 11
18.1244
 21
111.83
  0
LINE
  8
0
 10
18.1244
 20
111.83
 11
17.6239
 21
112.035
  0
LINE
  8
0
 10
17.6239
 20
112.035
 11
17.1593
 21
112.123
  0
LINE
  8
0
 10
17.1593
 20
112.123
 11
16.7328
 21
112.094
  0
LINE
  8
0
 10
16.7328
 20
112.094
 11
16.3422
 21
111.949
  0
LINE
  8
0
 10
16.3422
 20
111.949
 11
15.9889
 21
111.687
  0
LINE
  8
0
 10
15.9889
 20
111.687
 11
15.6738
 21
111.31
  0
LINE
  8
0
 10
15.6738
 20
111.31
 11
15.4076
 21
110.839
  0
LINE
  8
0
 10
15.4076
 20
110.839
 11
15.5235
 21
111.781
  0
LINE
  8
0
 10
15.5235
 20
111.781
 11
15.554
 21
112.657
  0
LINE
  8
0
 10
15.554
 20
112.657
 11
15.4984
 21
113.438
  0
LINE
  8
0
 10
15.4984
 20
113.438
 11
15.3534
 21
114.124
  0
LINE
  8
0
 10
15.3534
 20
114.124
 11
15.1222
 21
114.716
  0
LINE
  8
0
 10
15.1222
 20
114.716
 11
14.8026
 21
115.213
  0
LINE
  8
0
 10
14.8026
 20
115.213
 11
14.3959
 21
115.616
  0
LINE
  8
0
 10
14.3959
 20
115.616
 11
13.9015
 21
115.923
  0
LINE
  8
0
 10
13.9015
 20
115.923
 11
13.3202
 21
116.135
  0
LINE
  8
0
 10
13.3202
 20
116.135
 11
12.6503
 21
116.253
  0
LINE
  8
0
 10
12.6503
 20
116.253
 11
11.8942
 21
116.277
  0
LINE
  8
0
 10
11.8942
 20
116.277
 11
11.0741
 21
116.208
  0
LINE
  8
0
 10
11.0741
 20
116.208
 11
11.6013
 21
116.517
  0
LINE
  8
0
 10
11.6013
 20
116.517
 11
12.0346
 21
116.854
  0
LINE
  8
0
 10
12.0346
 20
116.854
 11
12.3528
 21
117.207
  0
LINE
  8
0
 10
12.3528
 20
117.207
 11
12.5557
 21
117.576
  0
LINE
  8
0
 10
12.5557
 20
117.576
 11
12.6427
 21
117.96
  0
LINE
  8
0
 10
12.6427
 20
117.96
 11
12.6129
 21
118.359
  0
LINE
  8
0
 10
12.6129
 20
118.359
 11
12.4687
 21
118.774
  0
LINE
  8
0
 10
12.4687
 20
118.774
 11
12.2086
 21
119.203
  0
LINE
  8
0
 10
12.2086
 20
119.203
 11
11.834
 21
119.647
  0
LINE
  8
0
 10
11.834
 20
119.647
 11
11.3434
 21
120.107
  0
LINE
  8
0
 10
11.3434
 20
120.107
 11
10.7361
 21
120.582
  0
LINE
  8
0
 10
10.7361
 20
120.582
 11
10.0533
 21
121.046
  0
LINE
  8
0
 10
10.0533
 20
121.046
 11
10.7132
 21
120.775
  0
LINE
  8
0
 10
10.7132
 20
120.775
 11
11.3686
 21
120.558
  0
LINE
  8
0
 10
11.3686
 20
120.558
 11
11.9781
 21
120.414
  0
LINE
  8
0
 10
11.9781
 20
120.414
 11
12.5435
 21
120.341
  0
LINE
  8
0
 10
12.5435
 20
120.341
 11
13.0615
 21
120.341
  0
LINE
  8
0
 10
13.0615
 20
120.341
 11
13.5338
 21
120.413
  0
LINE
  8
0
 10
13.5338
 20
120.413
 11
13.9618
 21
120.558
  0
LINE
  8
0
 10
13.9618
 20
120.558
 11
14.3425
 21
120.776
  0
LINE
  8
0
 10
14.3425
 20
120.776
 11
14.6774
 21
121.064
  0
LINE
  8
0
 10
14.6774
 20
121.064
 11
14.9651
 21
121.426
  0
LINE
  8
0
 10
14.9651
 20
121.426
 11
15.2077
 21
121.858
  0
LINE
  8
0
 10
15.2077
 20
121.858
 11
15.3992
 21
122.352
  0
LINE
  8
0
 10
15.3992
 20
122.352
 11
15.657
 21
121.725
  0
LINE
  8
0
 10
15.657
 20
121.725
 11
15.9447
 21
121.166
  0
LINE
  8
0
 10
15.9447
 20
121.166
 11
16.2598
 21
120.692
  0
LINE
  8
0
 10
16.2598
 20
120.692
 11
16.6
 21
120.3
  0
LINE
  8
0
 10
16.6
 20
120.3
 11
16.967
 21
119.991
  0
LINE
  8
0
 10
16.967
 20
119.991
 11
17.3607
 21
119.765
  0
LINE
  8
0
 10
17.3607
 20
119.765
 11
17.7795
 21
119.623
  0
LINE
  8
0
 10
17.7795
 20
119.623
 11
18.2266
 21
119.563
  0
LINE
  8
0
 10
18.2266
 20
119.563
 11
18.6981
 21
119.585
  0
LINE
  8
0
 10
18.6981
 20
119.585
 11
19.1948
 21
119.693
  0
LINE
  8
0
 10
19.1948
 20
119.693
 11
19.7197
 21
119.882
  0
LINE
  8
0
 10
19.7197
 20
119.882
 11
20.2553
 21
120.148
  0
LINE
  8
0
 10
20.2553
 20
120.148
 11
19.9211
 21
119.522
  0
LINE
  8
0
 10
19.9211
 20
119.522
 11
19.677
 21
118.902
  0
LINE
  8
0
 10
19.677
 20
118.902
 11
19.5282
 21
118.302
  0
LINE
  8
0
 10
19.5282
 20
118.302
 11
19.4763
 21
117.722
  0
LINE
  8
0
 10
19.4763
 20
117.722
 11
19.5213
 21
117.161
  0
LINE
  8
0
 10
19.5213
 20
117.161
 11
19.6625
 21
116.621
  0
LINE
  8
0
 10
19.6625
 20
116.621
 11
19.8997
 21
116.1
  0
LINE
  8
0
 10
19.8997
 20
116.1
 11
20.2347
 21
115.598
  0
LINE
  8
0
 10
20.2347
 20
115.598
 11
20.665
 21
115.118
  0
LINE
  8
0
 10
20.665
 20
115.118
 11
21.1929
 21
114.657
  0
LINE
  8
0
 10
21.1929
 20
114.657
 11
21.8155
 21
114.216
  0
LINE
  8
0
 10
21.8155
 20
114.216
 11
22.5197
 21
113.804
  0
LINE
  8
0
 10
22.5197
 20
113.804
 11
21.756
 21
113.801
  0
LINE
  8
0
 10
21.756
 20
113.801
 11
21.0938
 21
113.726
  0
LINE
  8
0
 10
21.0938
 20
113.726
 11
20.5536
 21
113.58
  0
LINE
  8
0
 10
20.5536
 20
113.58
 11
20.134
 21
113.362
  0
LINE
  8
0
 10
20.134
 20
113.362
 11
19.8372
 21
113.074
  0
LINE
  8
0
 10
19.8372
 20
113.074
 11
19.6625
 21
112.713
  0
LINE
  8
0
 10
19.6625
 20
112.713
 11
19.6083
 21
112.281
  0
LINE
  8
0
 10
19.6083
 20
112.281
 11
19.6785
 21
111.778
  0
LINE
  8
0
 10
19.6785
 20
111.778
 11
19.8692
 21
111.205
  0
LINE
  8
0
 10
19.8692
 20
111.205
 11
20.1813
 21
110.56
  0
LINE
  8
0
 10
20.1813
 20
110.56
 11
20.6154
 21
109.845
  0
LINE
  8
0
 10
20.6154
 20
109.845
 11
21.1159
 21
109.137
  0
LINE
  8
0
 10
21.1159
 20
109.137
 11
20.4948
 21
109.849
  0
LINE
  8
0
 10
-2.45819
 20
118.218
 11
-7.30286
 21
115.957
  0
LINE
  8
0
 10
-7.30286
 20
115.957
 11
-0.974274
 21
122.157
  0
LINE
  8
0
 10
-0.974274
 20
122.157
 11
-0.974274
 21
112.797
  0
LINE
  8
0
 10
-0.974274
 20
112.797
 11
-2.45819
 21
118.218
  0
LINE
  8
0
 10
0.952148
 20
122.114
 11
7.4707
 21
115.015
  0
LINE
  8
0
 10
7.4707
 20
115.015
 11
2.63138
 21
118.241
  0
LINE
  8
0
 10
2.63138
 20
118.241
 11
0.952148
 21
111.395
  0
LINE
  8
0
 10
0.952148
 20
111.395
 11
0.952148
 21
122.114
  0
LINE
  8
0
 10
-9.79233
 20
103.141
 11
-10.0342
 21
103.574
  0
LINE
  8
0
 10
-10.0342
 20
103.574
 11
-10.3226
 21
103.936
  0
LINE
  8
0
 10
-10.3226
 20
103.936
 11
-10.6575
 21
104.224
  0
LINE
  8
0
 10
-10.6575
 20
104.224
 11
-11.0382
 21
104.442
  0
LINE
  8
0
 10
-11.0382
 20
104.442
 11
-11.4655
 21
104.586
  0
LINE
  8
0
 10
-11.4655
 20
104.586
 11
-11.9377
 21
104.659
  0
LINE
  8
0
 10
-11.9377
 20
104.659
 11
-12.4557
 21
104.659
  0
LINE
  8
0
 10
-12.4557
 20
104.659
 11
-13.0211
 21
104.587
  0
LINE
  8
0
 10
-13.0211
 20
104.587
 11
-13.6307
 21
104.442
  0
LINE
  8
0
 10
-13.6307
 20
104.442
 11
-14.2868
 21
104.225
  0
LINE
  8
0
 10
-14.2868
 20
104.225
 11
-14.9467
 21
103.954
  0
LINE
  8
0
 10
-14.9467
 20
103.954
 11
-14.2639
 21
104.418
  0
LINE
  8
0
 10
-14.2639
 20
104.418
 11
-13.6574
 21
104.893
  0
LINE
  8
0
 10
-13.6574
 20
104.893
 11
-13.1668
 21
105.352
  0
LINE
  8
0
 10
-13.1668
 20
105.352
 11
-12.7914
 21
105.797
  0
LINE
  8
0
 10
-12.7914
 20
105.797
 11
-12.5313
 21
106.226
  0
LINE
  8
0
 10
-12.5313
 20
106.226
 11
-12.3871
 21
106.641
  0
LINE
  8
0
 10
-12.3871
 20
106.641
 11
-12.3573
 21
107.04
  0
LINE
  8
0
 10
-12.3573
 20
107.04
 11
-12.4443
 21
107.424
  0
LINE
  8
0
 10
-12.4443
 20
107.424
 11
-12.6472
 21
107.793
  0
LINE
  8
0
 10
-12.6472
 20
107.793
 11
-12.9654
 21
108.146
  0
LINE
  8
0
 10
-12.9654
 20
108.146
 11
-13.398
 21
108.482
  0
LINE
  8
0
 10
-13.398
 20
108.482
 11
-13.9267
 21
108.792
  0
LINE
  8
0
 10
-13.9267
 20
108.792
 11
-13.1065
 21
108.723
  0
LINE
  8
0
 10
-13.1065
 20
108.723
 11
-12.3505
 21
108.746
  0
LINE
  8
0
 10
-12.3505
 20
108.746
 11
-11.6798
 21
108.865
  0
LINE
  8
0
 10
-11.6798
 20
108.865
 11
-11.0985
 21
109.077
  0
LINE
  8
0
 10
-11.0985
 20
109.077
 11
-10.6041
 21
109.384
  0
LINE
  8
0
 10
-10.6041
 20
109.384
 11
-10.1974
 21
109.787
  0
LINE
  8
0
 10
-10.1974
 20
109.787
 11
-9.87778
 21
110.284
  0
LINE
  8
0
 10
-9.87778
 20
110.284
 11
-9.64661
 21
110.876
  0
LINE
  8
0
 10
-9.64661
 20
110.876
 11
-9.50241
 21
111.562
  0
LINE
  8
0
 10
-9.50241
 20
111.562
 11
-9.44595
 21
112.342
  0
LINE
  8
0
 10
-9.44595
 20
112.342
 11
-9.47647
 21
113.218
  0
LINE
  8
0
 10
-9.47647
 20
113.218
 11
-9.59244
 21
114.162
  0
LINE
  8
0
 10
-9.59244
 20
114.162
 11
-9.32617
 21
113.69
  0
LINE
  8
0
 10
-9.32617
 20
113.69
 11
-9.01108
 21
113.313
  0
LINE
  8
0
 10
-9.01108
 20
113.313
 11
-8.65784
 21
113.051
  0
LINE
  8
0
 10
-8.65784
 20
113.051
 11
-8.26721
 21
112.906
  0
LINE
  8
0
 10
-8.26721
 20
112.906
 11
-7.84073
 21
112.877
  0
LINE
  8
0
 10
-7.84073
 20
112.877
 11
-7.3761
 21
112.965
  0
LINE
  8
0
 10
-7.3761
 20
112.965
 11
-6.87637
 21
113.17
  0
LINE
  8
0
 10
-6.87637
 20
113.17
 11
-6.3385
 21
113.49
  0
LINE
  8
0
 10
-6.3385
 20
113.49
 11
-5.76401
 21
113.927
  0
LINE
  8
0
 10
-5.76401
 20
113.927
 11
-5.15366
 21
114.481
  0
LINE
  8
0
 10
-5.15366
 20
114.481
 11
-4.50592
 21
115.15
  0
LINE
  8
0
 10
-4.50592
 20
115.15
 11
-3.8826
 21
115.865
  0
LINE
  8
0
 10
-3.8826
 20
115.865
 11
-4.38385
 21
115.156
  0
LINE
  8
0
 10
-4.38385
 20
115.156
 11
-4.81873
 21
114.44
  0
LINE
  8
0
 10
-4.81873
 20
114.44
 11
-5.13077
 21
113.796
  0
LINE
  8
0
 10
-5.13077
 20
113.796
 11
-5.3215
 21
113.223
  0
LINE
  8
0
 10
-5.3215
 20
113.223
 11
-5.39169
 21
112.719
  0
LINE
  8
0
 10
-5.39169
 20
112.719
 11
-5.33752
 21
112.287
  0
LINE
  8
0
 10
-5.33752
 20
112.287
 11
-5.16281
 21
111.926
  0
LINE
  8
0
 10
-5.16281
 20
111.926
 11
-4.86603
 21
111.638
  0
LINE
  8
0
 10
-4.86603
 20
111.638
 11
-4.44641
 21
111.42
  0
LINE
  8
0
 10
-4.44641
 20
111.42
 11
-3.90701
 21
111.275
  0
LINE
  8
0
 10
-3.90701
 20
111.275
 11
-3.24478
 21
111.199
  0
LINE
  8
0
 10
-3.24478
 20
111.199
 11
-2.48032
 21
111.196
  0
LINE
  8
0
 10
-2.48032
 20
111.196
 11
-3.18375
 21
110.785
  0
LINE
  8
0
 10
-3.18375
 20
110.785
 11
-3.80707
 21
110.343
  0
LINE
  8
0
 10
-3.80707
 20
110.343
 11
-4.33426
 21
109.883
  0
LINE
  8
0
 10
-4.33426
 20
109.883
 11
-4.76532
 21
109.402
  0
LINE
  8
0
 10
-4.76532
 20
109.402
 11
-5.10025
 21
108.9
  0
LINE
  8
0
 10
-5.10025
 20
108.9
 11
-5.33752
 21
108.379
  0
LINE
  8
0
 10
-5.33752
 20
108.379
 11
-5.47867
 21
107.839
  0
LINE
  8
0
 10
-5.47867
 20
107.839
 11
-5.52368
 21
107.278
  0
LINE
  8
0
 10
-5.52368
 20
107.278
 11
-5.4718
 21
106.698
  0
LINE
  8
0
 10
-5.4718
 20
106.698
 11
-5.32303
 21
106.098
  0
LINE
  8
0
 10
-5.32303
 20
106.098
 11
-5.07889
 21
105.479
  0
LINE
  8
0
 10
-5.07889
 20
105.479
 11
-4.74472
 21
104.852
  0
LINE
  8
0
 10
-4.74472
 20
104.852
 11
-5.27954
 21
105.118
  0
LINE
  8
0
 10
-5.27954
 20
105.118
 11
-5.80444
 21
105.307
  0
LINE
  8
0
 10
-5.80444
 20
105.307
 11
-6.30188
 21
105.415
  0
LINE
  8
0
 10
-6.30188
 20
105.415
 11
-6.77338
 21
105.437
  0
LINE
  8
0
 10
-6.77338
 20
105.437
 11
-7.22046
 21
105.377
  0
LINE
  8
0
 10
-7.22046
 20
105.377
 11
-7.63931
 21
105.235
  0
LINE
  8
0
 10
-7.63931
 20
105.235
 11
-8.03299
 21
105.009
  0
LINE
  8
0
 10
-8.03299
 20
105.009
 11
-8.39996
 21
104.7
  0
LINE
  8
0
 10
-8.39996
 20
104.7
 11
-8.74023
 21
104.308
  0
LINE
  8
0
 10
-8.74023
 20
104.308
 11
-9.05457
 21
103.835
  0
LINE
  8
0
 10
-9.05457
 20
103.835
 11
-9.34296
 21
103.276
  0
LINE
  8
0
 10
-9.34296
 20
103.276
 11
-9.60083
 21
102.648
  0
LINE
  8
0
 10
-9.60083
 20
102.648
 11
-9.79233
 21
103.141
  0
LINE
  8
0
 10
10.7849
 20
103.184
 11
10.3432
 21
103.807
  0
LINE
  8
0
 10
10.3432
 20
103.807
 11
9.88312
 21
104.334
  0
LINE
  8
0
 10
9.88312
 20
104.334
 11
9.4017
 21
104.765
  0
LINE
  8
0
 10
9.4017
 20
104.765
 11
8.90045
 21
105.1
  0
LINE
  8
0
 10
8.90045
 20
105.1
 11
8.37936
 21
105.338
  0
LINE
  8
0
 10
8.37936
 20
105.338
 11
7.8392
 21
105.479
  0
LINE
  8
0
 10
7.8392
 20
105.479
 11
7.27844
 21
105.524
  0
LINE
  8
0
 10
7.27844
 20
105.524
 11
6.69785
 21
105.472
  0
LINE
  8
0
 10
6.69785
 20
105.472
 11
6.09818
 21
105.323
  0
LINE
  8
0
 10
6.09818
 20
105.323
 11
5.47867
 21
105.079
  0
LINE
  8
0
 10
5.47867
 20
105.079
 11
4.85229
 21
104.745
  0
LINE
  8
0
 10
4.85229
 20
104.745
 11
5.1178
 21
105.28
  0
LINE
  8
0
 10
5.1178
 20
105.28
 11
5.30701
 21
105.804
  0
LINE
  8
0
 10
5.30701
 20
105.804
 11
5.41458
 21
106.302
  0
LINE
  8
0
 10
5.41458
 20
106.302
 11
5.43747
 21
106.773
  0
LINE
  8
0
 10
5.43747
 20
106.773
 11
5.3772
 21
107.22
  0
LINE
  8
0
 10
5.3772
 20
107.22
 11
5.23529
 21
107.639
  0
LINE
  8
0
 10
5.23529
 20
107.639
 11
5.0087
 21
108.033
  0
LINE
  8
0
 10
5.0087
 20
108.033
 11
4.70047
 21
108.4
  0
LINE
  8
0
 10
4.70047
 20
108.4
 11
4.30832
 21
108.74
  0
LINE
  8
0
 10
4.30832
 20
108.74
 11
3.83453
 21
109.055
  0
LINE
  8
0
 10
3.83453
 20
109.055
 11
3.27606
 21
109.343
  0
LINE
  8
0
 10
3.27606
 20
109.343
 11
2.64816
 21
109.601
  0
LINE
  8
0
 10
2.64816
 20
109.601
 11
3.14102
 21
109.792
  0
LINE
  8
0
 10
3.14102
 20
109.792
 11
3.57361
 21
110.034
  0
LINE
  8
0
 10
3.57361
 20
110.034
 11
3.936
 21
110.323
  0
LINE
  8
0
 10
3.936
 20
110.323
 11
4.2244
 21
110.658
  0
LINE
  8
0
 10
4.2244
 20
110.658
 11
4.44183
 21
111.038
  0
LINE
  8
0
 10
4.44183
 20
111.038
 11
4.58603
 21
111.465
  0
LINE
  8
0
 10
4.58603
 20
111.465
 11
4.65851
 21
111.938
  0
LINE
  8
0
 10
4.65851
 20
111.938
 11
4.65927
 21
112.456
  0
LINE
  8
0
 10
4.65927
 20
112.456
 11
4.58679
 21
113.021
  0
LINE
  8
0
 10
4.58679
 20
113.021
 11
4.44183
 21
113.631
  0
LINE
  8
0
 10
4.44183
 20
113.631
 11
4.22516
 21
114.287
  0
LINE
  8
0
 10
4.22516
 20
114.287
 11
3.95432
 21
114.947
  0
LINE
  8
0
 10
3.95432
 20
114.947
 11
4.41818
 21
114.264
  0
LINE
  8
0
 10
4.41818
 20
114.264
 11
4.89273
 21
113.657
  0
LINE
  8
0
 10
4.89273
 20
113.657
 11
5.35202
 21
113.167
  0
LINE
  8
0
 10
5.35202
 20
113.167
 11
5.79681
 21
112.791
  0
LINE
  8
0
 10
5.79681
 20
112.791
 11
6.22635
 21
112.531
  0
LINE
  8
0
 10
6.22635
 20
112.531
 11
6.64139
 21
112.387
  0
LINE
  8
0
 10
6.64139
 20
112.387
 11
7.04041
 21
112.357
  0
LINE
  8
0
 10
7.04041
 20
112.357
 11
7.42416
 21
112.444
  0
LINE
  8
0
 10
7.42416
 20
112.444
 11
7.79343
 21
112.647
  0
LINE
  8
0
 10
7.79343
 20
112.647
 11
8.1459
 21
112.965
  0
LINE
  8
0
 10
8.1459
 20
112.965
 11
8.48236
 21
113.398
  0
LINE
  8
0
 10
8.48236
 20
113.398
 11
8.79211
 21
113.927
  0
LINE
  8
0
 10
8.79211
 20
113.927
 11
8.72345
 21
113.107
  0
LINE
  8
0
 10
8.72345
 20
113.107
 11
8.74634
 21
112.35
  0
LINE
  8
0
 10
8.74634
 20
112.35
 11
8.86459
 21
111.68
  0
LINE
  8
0
 10
8.86459
 20
111.68
 11
9.07669
 21
111.098
  0
LINE
  8
0
 10
9.07669
 20
111.098
 11
9.38416
 21
110.604
  0
LINE
  8
0
 10
9.38416
 20
110.604
 11
9.78699
 21
110.197
  0
LINE
  8
0
 10
9.78699
 20
110.197
 11
10.2837
 21
109.878
  0
LINE
  8
0
 10
10.2837
 20
109.878
 11
10.8757
 21
109.647
  0
LINE
  8
0
 10
10.8757
 20
109.647
 11
11.5616
 21
109.502
  0
LINE
  8
0
 10
11.5616
 20
109.502
 11
12.3421
 21
109.446
  0
LINE
  8
0
 10
12.3421
 20
109.446
 11
13.2179
 21
109.476
  0
LINE
  8
0
 10
13.2179
 20
109.476
 11
14.1617
 21
109.592
  0
LINE
  8
0
 10
14.1617
 20
109.592
 11
13.6902
 21
109.326
  0
LINE
  8
0
 10
13.6902
 20
109.326
 11
13.3125
 21
109.011
  0
LINE
  8
0
 10
13.3125
 20
109.011
 11
13.0508
 21
108.658
  0
LINE
  8
0
 10
13.0508
 20
108.658
 11
12.9059
 21
108.267
  0
LINE
  8
0
 10
12.9059
 20
108.267
 11
12.8769
 21
107.841
  0
LINE
  8
0
 10
12.8769
 20
107.841
 11
12.9654
 21
107.376
  0
LINE
  8
0
 10
12.9654
 20
107.376
 11
13.1699
 21
106.876
  0
LINE
  8
0
 10
13.1699
 20
106.876
 11
13.4903
 21
106.339
  0
LINE
  8
0
 10
13.4903
 20
106.339
 11
13.9275
 21
105.764
  0
LINE
  8
0
 10
13.9275
 20
105.764
 11
14.4806
 21
105.154
  0
LINE
  8
0
 10
14.4806
 20
105.154
 11
15.1505
 21
104.506
  0
LINE
  8
0
 10
15.1505
 20
104.506
 11
15.8646
 21
103.883
  0
LINE
  8
0
 10
15.8646
 20
103.883
 11
15.1558
 21
104.384
  0
LINE
  8
0
 10
15.1558
 20
104.384
 11
14.4402
 21
104.819
  0
LINE
  8
0
 10
14.4402
 20
104.819
 11
13.7962
 21
105.131
  0
LINE
  8
0
 10
13.7962
 20
105.131
 11
13.2225
 21
105.322
  0
LINE
  8
0
 10
13.2225
 20
105.322
 11
12.719
 21
105.392
  0
LINE
  8
0
 10
12.719
 20
105.392
 11
12.2871
 21
105.338
  0
LINE
  8
0
 10
12.2871
 20
105.338
 11
11.9263
 21
105.163
  0
LINE
  8
0
 10
11.9263
 20
105.163
 11
11.6379
 21
104.866
  0
LINE
  8
0
 10
11.6379
 20
104.866
 11
11.4197
 21
104.446
  0
LINE
  8
0
 10
11.4197
 20
104.446
 11
11.2747
 21
103.907
  0
LINE
  8
0
 10
11.2747
 20
103.907
 11
11.1992
 21
103.245
  0
LINE
  8
0
 10
11.1992
 20
103.245
 11
11.1961
 21
102.48
  0
LINE
  8
0
 10
11.1961
 20
102.48
 11
10.7849
 21
103.184
  0
LINE
  8
0
 10
-24.0479
 20
113.605
 11
-22.3686
 21
106.759
  0
LINE
  8
0
 10
-22.3686
 20
106.759
 11
-17.5293
 21
109.985
  0
LINE
  8
0
 10
-17.5293
 20
109.985
 11
-24.0479
 21
102.886
  0
LINE
  8
0
 10
-24.0479
 20
102.886
 11
-24.0479
 21
113.605
  0
LINE
  8
0
 10
17.6971
 20
109.043
 11
22.5418
 21
106.782
  0
LINE
  8
0
 10
22.5418
 20
106.782
 11
24.0257
 21
112.203
  0
LINE
  8
0
 10
24.0257
 20
112.203
 11
24.0257
 21
102.843
  0
LINE
  8
0
 10
24.0257
 20
102.843
 11
17.6971
 21
109.043
  0
LINE
  8
0
 10
25.9521
 20
112.121
 11
27.4373
 21
107.55
  0
LINE
  8
0
 10
27.4373
 20
107.55
 11
27.6314
 21
106.759
  0
LINE
  8
0
 10
27.6314
 20
106.759
 11
27.6832
 21
106.793
  0
LINE
  8
0
 10
27.6832
 20
106.793
 11
28.1684
 21
105.3
  0
LINE
  8
0
 10
28.1684
 20
105.3
 11
25.9521
 21
102.886
  0
LINE
  8
0
 10
25.9521
 20
102.886
 11
25.9521
 21
112.121
  0
LINE
  8
0
 10
-28.2442
 20
105.067
 11
-27.6568
 21
106.874
  0
LINE
  8
0
 10
-27.6568
 20
106.874
 11
-27.4582
 21
106.782
  0
LINE
  8
0
 10
-27.4582
 20
106.782
 11
-26.2354
 21
111.249
  0
LINE
  8
0
 10
-26.2354
 20
111.249
 11
-25.9743
 21
112.053
  0
LINE
  8
0
 10
-25.9743
 20
112.053
 11
-25.9743
 21
102.843
  0
LINE
  8
0
 10
-25.9743
 20
102.843
 11
-28.2442
 21
105.067
  0
LINE
  8
0
 10
-3.82004
 20
103.928
 11
-0.98114
 21
109.866
  0
LINE
  8
0
 10
-0.98114
 20
109.866
 11
-2.46506
 21
102.638
  0
LINE
  8
0
 10
-2.46506
 20
102.638
 11
-9.56268
 21
100.961
  0
LINE
  8
0
 10
-9.56268
 20
100.961
 11
-3.82004
 21
103.928
  0
LINE
  8
0
 10
2.63824
 20
102.465
 11
0.960541
 21
109.563
  0
LINE
  8
0
 10
0.960541
 20
109.563
 11
3.92838
 21
103.82
  0
LINE
  8
0
 10
3.92838
 20
103.82
 11
9.86557
 21
100.981
  0
LINE
  8
0
 10
9.86557
 20
100.981
 11
2.63824
 21
102.465
  0
LINE
  8
0
 10
-22.1138
 20
100.952
 11
-15.0146
 21
107.471
  0
LINE
  8
0
 10
-15.0146
 20
107.471
 11
-18.2411
 21
102.631
  0
LINE
  8
0
 10
-18.2411
 20
102.631
 11
-11.3953
 21
100.952
  0
LINE
  8
0
 10
-11.3953
 20
100.952
 11
-22.1138
 21
100.952
  0
LINE
  8
0
 10
12.7968
 20
100.974
 11
18.2182
 21
102.458
  0
LINE
  8
0
 10
18.2182
 20
102.458
 11
15.9569
 21
107.303
  0
LINE
  8
0
 10
15.9569
 20
107.303
 11
22.1573
 21
100.974
  0
LINE
  8
0
 10
22.1573
 20
100.974
 11
12.7968
 21
100.974
  0
LINE
  8
0
 10
-29.5739
 20
100.974
 11
-29.1428
 21
102.301
  0
LINE
  8
0
 10
-29.1428
 20
102.301
 11
-27.8427
 21
100.974
  0
LINE
  8
0
 10
-27.8427
 20
100.974
 11
-29.5739
 21
100.974
  0
LINE
  8
0
 10
27.8862
 20
100.952
 11
29.1916
 21
102.151
  0
LINE
  8
0
 10
29.1916
 20
102.151
 11
29.5811
 21
100.952
  0
LINE
  8
0
 10
29.5811
 20
100.952
 11
27.8862
 21
100.952
  0
LINE
  8
0
 10
18.2411
 20
97.3686
 11
11.3953
 21
99.0479
  0
LINE
  8
0
 10
11.3953
 20
99.0479
 11
22.1138
 21
99.0479
  0
LINE
  8
0
 10
22.1138
 20
99.0479
 11
15.0146
 21
92.5293
  0
LINE
  8
0
 10
15.0146
 20
92.5293
 11
18.2411
 21
97.3686
  0
LINE
  8
0
 10
-30.1999
 20
99.0479
 11
-27.8862
 21
99.0479
  0
LINE
  8
0
 10
-27.8862
 20
99.0479
 11
-31.1836
 21
96.0201
  0
LINE
  8
0
 10
-31.1836
 20
96.0201
 11
-30.1999
 21
99.0479
  0
LINE
  8
0
 10
2.46506
 20
97.3618
 11
9.56268
 21
99.0395
  0
LINE
  8
0
 10
9.56268
 20
99.0395
 11
3.82004
 21
96.0716
  0
LINE
  8
0
 10
3.82004
 20
96.0716
 11
0.98114
 21
90.1344
  0
LINE
  8
0
 10
0.98114
 20
90.1344
 11
2.46506
 21
97.3618
  0
LINE
  8
0
 10
-22.1573
 20
99.0257
 11
-12.7968
 21
99.0257
  0
LINE
  8
0
 10
-12.7968
 20
99.0257
 11
-18.2182
 21
97.5418
  0
LINE
  8
0
 10
-18.2182
 20
97.5418
 11
-15.9569
 21
92.6971
  0
LINE
  8
0
 10
-15.9569
 20
92.6971
 11
-22.1573
 21
99.0257
  0
LINE
  8
0
 10
27.8427
 20
99.0257
 11
30.207
 21
99.0257
  0
LINE
  8
0
 10
30.207
 20
99.0257
 11
31.3802
 21
95.4151
  0
LINE
  8
0
 10
31.3802
 20
95.4151
 11
27.8427
 21
99.0257
  0
LINE
  8
0
 10
-3.92838
 20
96.18
 11
-9.86557
 21
99.0189
  0
LINE
  8
0
 10
-9.86557
 20
99.0189
 11
-2.63824
 21
97.5349
  0
LINE
  8
0
 10
-2.63824
 20
97.5349
 11
-0.960541
 21
90.4373
  0
LINE
  8
0
 10
-0.960541
 20
90.4373
 11
-3.92838
 21
96.18
  0
LINE
  8
0
 10
-4.41818
 20
85.7361
 11
-4.89273
 21
86.3426
  0
LINE
  8
0
 10
-4.89273
 20
86.3426
 11
-5.35202
 21
86.8332
  0
LINE
  8
0
 10
-5.35202
 20
86.8332
 11
-5.79681
 21
87.2086
  0
LINE
  8
0
 10
-5.79681
 20
87.2086
 11
-6.22635
 21
87.4687
  0
LINE
  8
0
 10
-6.22635
 20
87.4687
 11
-6.64139
 21
87.6129
  0
LINE
  8
0
 10
-6.64139
 20
87.6129
 11
-7.04041
 21
87.6427
  0
LINE
  8
0
 10
-7.04041
 20
87.6427
 11
-7.42416
 21
87.5557
  0
LINE
  8
0
 10
-7.42416
 20
87.5557
 11
-7.79343
 21
87.3528
  0
LINE
  8
0
 10
-7.79343
 20
87.3528
 11
-8.1459
 21
87.0346
  0
LINE
  8
0
 10
-8.1459
 20
87.0346
 11
-8.48236
 21
86.602
  0
LINE
  8
0
 10
-8.48236
 20
86.602
 11
-8.79211
 21
86.0733
  0
LINE
  8
0
 10
-8.79211
 20
86.0733
 11
-8.72345
 21
86.8935
  0
LINE
  8
0
 10
-8.72345
 20
86.8935
 11
-8.74634
 21
87.6495
  0
LINE
  8
0
 10
-8.74634
 20
87.6495
 11
-8.86459
 21
88.3202
  0
LINE
  8
0
 10
-8.86459
 20
88.3202
 11
-9.07669
 21
88.9015
  0
LINE
  8
0
 10
-9.07669
 20
88.9015
 11
-9.38416
 21
89.3959
  0
LINE
  8
0
 10
-9.38416
 20
89.3959
 11
-9.78699
 21
89.8026
  0
LINE
  8
0
 10
-9.78699
 20
89.8026
 11
-10.2837
 21
90.1222
  0
LINE
  8
0
 10
-10.2837
 20
90.1222
 11
-10.8757
 21
90.3534
  0
LINE
  8
0
 10
-10.8757
 20
90.3534
 11
-11.5616
 21
90.4976
  0
LINE
  8
0
 10
-11.5616
 20
90.4976
 11
-12.3421
 21
90.554
  0
LINE
  8
0
 10
-12.3421
 20
90.554
 11
-13.2179
 21
90.5235
  0
LINE
  8
0
 10
-13.2179
 20
90.5235
 11
-14.1617
 21
90.4076
  0
LINE
  8
0
 10
-14.1617
 20
90.4076
 11
-13.6902
 21
90.6738
  0
LINE
  8
0
 10
-13.6902
 20
90.6738
 11
-13.3125
 21
90.9889
  0
LINE
  8
0
 10
-13.3125
 20
90.9889
 11
-13.0508
 21
91.3422
  0
LINE
  8
0
 10
-13.0508
 20
91.3422
 11
-12.9059
 21
91.7328
  0
LINE
  8
0
 10
-12.9059
 20
91.7328
 11
-12.8769
 21
92.1593
  0
LINE
  8
0
 10
-12.8769
 20
92.1593
 11
-12.9654
 21
92.6239
  0
LINE
  8
0
 10
-12.9654
 20
92.6239
 11
-13.1699
 21
93.1236
  0
LINE
  8
0
 10
-13.1699
 20
93.1236
 11
-13.4903
 21
93.6615
  0
LINE
  8
0
 10
-13.4903
 20
93.6615
 11
-13.9275
 21
94.236
  0
LINE
  8
0
 10
-13.9275
 20
94.236
 11
-14.4806
 21
94.8463
  0
LINE
  8
0
 10
-14.4806
 20
94.8463
 11
-15.1505
 21
95.4941
  0
LINE
  8
0
 10
-15.1505
 20
95.4941
 11
-15.8646
 21
96.1174
  0
LINE
  8
0
 10
-15.8646
 20
96.1174
 11
-15.1558
 21
95.6161
  0
LINE
  8
0
 10
-15.1558
 20
95.6161
 11
-14.4402
 21
95.1813
  0
LINE
  8
0
 10
-14.4402
 20
95.1813
 11
-13.7962
 21
94.8692
  0
LINE
  8
0
 10
-13.7962
 20
94.8692
 11
-13.2225
 21
94.6785
  0
LINE
  8
0
 10
-13.2225
 20
94.6785
 11
-12.719
 21
94.6083
  0
LINE
  8
0
 10
-12.719
 20
94.6083
 11
-12.2871
 21
94.6625
  0
LINE
  8
0
 10
-12.2871
 20
94.6625
 11
-11.9263
 21
94.8372
  0
LINE
  8
0
 10
-11.9263
 20
94.8372
 11
-11.6379
 21
95.134
  0
LINE
  8
0
 10
-11.6379
 20
95.134
 11
-11.4197
 21
95.5536
  0
LINE
  8
0
 10
-11.4197
 20
95.5536
 11
-11.2747
 21
96.093
  0
LINE
  8
0
 10
-11.2747
 20
96.093
 11
-11.1992
 21
96.7552
  0
LINE
  8
0
 10
-11.1992
 20
96.7552
 11
-11.1961
 21
97.5197
  0
LINE
  8
0
 10
-11.1961
 20
97.5197
 11
-10.7849
 21
96.8163
  0
LINE
  8
0
 10
-10.7849
 20
96.8163
 11
-10.3432
 21
96.1929
  0
LINE
  8
0
 10
-10.3432
 20
96.1929
 11
-9.88312
 21
95.6657
  0
LINE
  8
0
 10
-9.88312
 20
95.6657
 11
-9.4017
 21
95.2347
  0
LINE
  8
0
 10
-9.4017
 20
95.2347
 11
-8.90045
 21
94.8997
  0
LINE
  8
0
 10
-8.90045
 20
94.8997
 11
-8.37936
 21
94.6625
  0
LINE
  8
0
 10
-8.37936
 20
94.6625
 11
-7.8392
 21
94.5213
  0
LINE
  8
0
 10
-7.8392
 20
94.5213
 11
-7.27844
 21
94.4763
  0
LINE
  8
0
 10
-7.27844
 20
94.4763
 11
-6.69785
 21
94.5282
  0
LINE
  8
0
 10
-6.69785
 20
94.5282
 11
-6.09818
 21
94.677
  0
LINE
  8
0
 10
-6.09818
 20
94.677
 11
-5.47867
 21
94.9211
  0
LINE
  8
0
 10
-5.47867
 20
94.9211
 11
-4.85229
 21
95.2553
  0
LINE
  8
0
 10
-4.85229
 20
95.2553
 11
-5.1178
 21
94.7205
  0
LINE
  8
0
 10
-5.1178
 20
94.7205
 11
-5.30701
 21
94.1956
  0
LINE
  8
0
 10
-5.30701
 20
94.1956
 11
-5.41458
 21
93.6981
  0
LINE
  8
0
 10
-5.41458
 20
93.6981
 11
-5.43747
 21
93.2266
  0
LINE
  8
0
 10
-5.43747
 20
93.2266
 11
-5.3772
 21
92.7795
  0
LINE
  8
0
 10
-5.3772
 20
92.7795
 11
-5.23529
 21
92.3607
  0
LINE
  8
0
 10
-5.23529
 20
92.3607
 11
-5.0087
 21
91.967
  0
LINE
  8
0
 10
-5.0087
 20
91.967
 11
-4.70047
 21
91.6
  0
LINE
  8
0
 10
-4.70047
 20
91.6
 11
-4.30832
 21
91.2598
  0
LINE
  8
0
 10
-4.30832
 20
91.2598
 11
-3.83453
 21
90.9454
  0
LINE
  8
0
 10
-3.83453
 20
90.9454
 11
-3.27606
 21
90.657
  0
LINE
  8
0
 10
-3.27606
 20
90.657
 11
-2.64816
 21
90.3992
  0
LINE
  8
0
 10
-2.64816
 20
90.3992
 11
-3.14102
 21
90.2077
  0
LINE
  8
0
 10
-3.14102
 20
90.2077
 11
-3.57361
 21
89.9658
  0
LINE
  8
0
 10
-3.57361
 20
89.9658
 11
-3.936
 21
89.6774
  0
LINE
  8
0
 10
-3.936
 20
89.6774
 11
-4.2244
 21
89.3425
  0
LINE
  8
0
 10
-4.2244
 20
89.3425
 11
-4.44183
 21
88.9618
  0
LINE
  8
0
 10
-4.44183
 20
88.9618
 11
-4.58603
 21
88.5345
  0
LINE
  8
0
 10
-4.58603
 20
88.5345
 11
-4.65851
 21
88.0623
  0
LINE
  8
0
 10
-4.65851
 20
88.0623
 11
-4.65927
 21
87.5443
  0
LINE
  8
0
 10
-4.65927
 20
87.5443
 11
-4.58679
 21
86.9789
  0
LINE
  8
0
 10
-4.58679
 20
86.9789
 11
-4.44183
 21
86.3693
  0
LINE
  8
0
 10
-4.44183
 20
86.3693
 11
-4.22516
 21
85.7132
  0
LINE
  8
0
 10
-4.22516
 20
85.7132
 11
-3.95432
 21
85.0533
  0
LINE
  8
0
 10
-3.95432
 20
85.0533
 11
-4.41818
 21
85.7361
  0
LINE
  8
0
 10
4.38385
 20
84.8442
 11
4.81873
 21
85.5598
  0
LINE
  8
0
 10
4.81873
 20
85.5598
 11
5.13077
 21
86.2038
  0
LINE
  8
0
 10
5.13077
 20
86.2038
 11
5.3215
 21
86.7775
  0
LINE
  8
0
 10
5.3215
 20
86.7775
 11
5.39169
 21
87.281
  0
LINE
  8
0
 10
5.39169
 20
87.281
 11
5.33752
 21
87.7129
  0
LINE
  8
0
 10
5.33752
 20
87.7129
 11
5.16281
 21
88.0737
  0
LINE
  8
0
 10
5.16281
 20
88.0737
 11
4.86603
 21
88.3621
  0
LINE
  8
0
 10
4.86603
 20
88.3621
 11
4.44641
 21
88.5803
  0
LINE
  8
0
 10
4.44641
 20
88.5803
 11
3.90701
 21
88.7253
  0
LINE
  8
0
 10
3.90701
 20
88.7253
 11
3.24478
 21
88.8008
  0
LINE
  8
0
 10
3.24478
 20
88.8008
 11
2.48032
 21
88.8039
  0
LINE
  8
0
 10
2.48032
 20
88.8039
 11
3.18375
 21
89.2151
  0
LINE
  8
0
 10
3.18375
 20
89.2151
 11
3.80707
 21
89.6568
  0
LINE
  8
0
 10
3.80707
 20
89.6568
 11
4.33426
 21
90.1169
  0
LINE
  8
0
 10
4.33426
 20
90.1169
 11
4.76532
 21
90.5983
  0
LINE
  8
0
 10
4.76532
 20
90.5983
 11
5.10025
 21
91.0995
  0
LINE
  8
0
 10
5.10025
 20
91.0995
 11
5.33752
 21
91.6206
  0
LINE
  8
0
 10
5.33752
 20
91.6206
 11
5.47867
 21
92.1608
  0
LINE
  8
0
 10
5.47867
 20
92.1608
 11
5.52368
 21
92.7216
  0
LINE
  8
0
 10
5.52368
 20
92.7216
 11
5.4718
 21
93.3022
  0
LINE
  8
0
 10
5.4718
 20
93.3022
 11
5.32303
 21
93.9018
  0
LINE
  8
0
 10
5.32303
 20
93.9018
 11
5.07889
 21
94.5213
  0
LINE
  8
0
 10
5.07889
 20
94.5213
 11
4.74472
 21
95.1477
  0
LINE
  8
0
 10
4.74472
 20
95.1477
 11
5.27954
 21
94.8822
  0
LINE
  8
0
 10
5.27954
 20
94.8822
 11
5.80444
 21
94.693
  0
LINE
  8
0
 10
5.80444
 20
94.693
 11
6.30188
 21
94.5854
  0
LINE
  8
0
 10
6.30188
 20
94.5854
 11
6.77338
 21
94.5625
  0
LINE
  8
0
 10
6.77338
 20
94.5625
 11
7.22046
 21
94.6228
  0
LINE
  8
0
 10
7.22046
 20
94.6228
 11
7.63931
 21
94.7647
  0
LINE
  8
0
 10
7.63931
 20
94.7647
 11
8.03299
 21
94.9913
  0
LINE
  8
0
 10
8.03299
 20
94.9913
 11
8.39996
 21
95.2995
  0
LINE
  8
0
 10
8.39996
 20
95.2995
 11
8.74023
 21
95.6917
  0
LINE
  8
0
 10
8.74023
 20
95.6917
 11
9.05457
 21
96.1655
  0
LINE
  8
0
 10
9.05457
 20
96.1655
 11
9.34296
 21
96.7239
  0
LINE
  8
0
 10
9.34296
 20
96.7239
 11
9.60083
 21
97.3518
  0
LINE
  8
0
 10
9.60083
 20
97.3518
 11
9.79233
 21
96.859
  0
LINE
  8
0
 10
9.79233
 20
96.859
 11
10.0342
 21
96.4264
  0
LINE
  8
0
 10
10.0342
 20
96.4264
 11
10.3226
 21
96.064
  0
LINE
  8
0
 10
10.3226
 20
96.064
 11
10.6575
 21
95.7756
  0
LINE
  8
0
 10
10.6575
 20
95.7756
 11
11.0382
 21
95.5582
  0
LINE
  8
0
 10
11.0382
 20
95.5582
 11
11.4655
 21
95.414
  0
LINE
  8
0
 10
11.4655
 20
95.414
 11
11.9377
 21
95.3415
  0
LINE
  8
0
 10
11.9377
 20
95.3415
 11
12.4557
 21
95.3407
  0
LINE
  8
0
 10
12.4557
 20
95.3407
 11
13.0211
 21
95.4132
  0
LINE
  8
0
 10
13.0211
 20
95.4132
 11
13.6307
 21
95.5582
  0
LINE
  8
0
 10
13.6307
 20
95.5582
 11
14.2868
 21
95.7748
  0
LINE
  8
0
 10
14.2868
 20
95.7748
 11
14.9467
 21
96.0457
  0
LINE
  8
0
 10
14.9467
 20
96.0457
 11
14.2639
 21
95.5818
  0
LINE
  8
0
 10
14.2639
 20
95.5818
 11
13.6574
 21
95.1073
  0
LINE
  8
0
 10
13.6574
 20
95.1073
 11
13.1668
 21
94.648
  0
LINE
  8
0
 10
13.1668
 20
94.648
 11
12.7914
 21
94.2032
  0
LINE
  8
0
 10
12.7914
 20
94.2032
 11
12.5313
 21
93.7737
  0
LINE
  8
0
 10
12.5313
 20
93.7737
 11
12.3871
 21
93.3586
  0
LINE
  8
0
 10
12.3871
 20
93.3586
 11
12.3573
 21
92.9596
  0
LINE
  8
0
 10
12.3573
 20
92.9596
 11
12.4443
 21
92.5758
  0
LINE
  8
0
 10
12.4443
 20
92.5758
 11
12.6472
 21
92.2066
  0
LINE
  8
0
 10
12.6472
 20
92.2066
 11
12.9654
 21
91.8541
  0
LINE
  8
0
 10
12.9654
 20
91.8541
 11
13.398
 21
91.5176
  0
LINE
  8
0
 10
13.398
 20
91.5176
 11
13.9267
 21
91.2079
  0
LINE
  8
0
 10
13.9267
 20
91.2079
 11
13.1065
 21
91.2766
  0
LINE
  8
0
 10
13.1065
 20
91.2766
 11
12.3505
 21
91.2537
  0
LINE
  8
0
 10
12.3505
 20
91.2537
 11
11.6798
 21
91.1354
  0
LINE
  8
0
 10
11.6798
 20
91.1354
 11
11.0985
 21
90.9233
  0
LINE
  8
0
 10
11.0985
 20
90.9233
 11
10.6041
 21
90.6158
  0
LINE
  8
0
 10
10.6041
 20
90.6158
 11
10.1974
 21
90.213
  0
LINE
  8
0
 10
10.1974
 20
90.213
 11
9.87778
 21
89.7163
  0
LINE
  8
0
 10
9.87778
 20
89.7163
 11
9.64661
 21
89.1243
  0
LINE
  8
0
 10
9.64661
 20
89.1243
 11
9.50241
 21
88.4384
  0
LINE
  8
0
 10
9.50241
 20
88.4384
 11
9.44595
 21
87.6579
  0
LINE
  8
0
 10
9.44595
 20
87.6579
 11
9.47647
 21
86.7821
  0
LINE
  8
0
 10
9.47647
 20
86.7821
 11
9.59244
 21
85.8383
  0
LINE
  8
0
 10
9.59244
 20
85.8383
 11
9.32617
 21
86.3098
  0
LINE
  8
0
 10
9.32617
 20
86.3098
 11
9.01108
 21
86.6875
  0
LINE
  8
0
 10
9.01108
 20
86.6875
 11
8.65784
 21
86.9492
  0
LINE
  8
0
 10
8.65784
 20
86.9492
 11
8.26721
 21
87.0941
  0
LINE
  8
0
 10
8.26721
 20
87.0941
 11
7.84073
 21
87.1231
  0
LINE
  8
0
 10
7.84073
 20
87.1231
 11
7.3761
 21
87.0346
  0
LINE
  8
0
 10
7.3761
 20
87.0346
 11
6.87637
 21
86.8301
  0
LINE
  8
0
 10
6.87637
 20
86.8301
 11
6.3385
 21
86.5097
  0
LINE
  8
0
 10
6.3385
 20
86.5097
 11
5.76401
 21
86.0725
  0
LINE
  8
0
 10
5.76401
 20
86.0725
 11
5.15366
 21
85.5194
  0
LINE
  8
0
 10
5.15366
 20
85.5194
 11
4.50592
 21
84.8495
  0
LINE
  8
0
 10
4.50592
 20
84.8495
 11
3.8826
 21
84.1354
  0
LINE
  8
0
 10
3.8826
 20
84.1354
 11
4.38385
 21
84.8442
  0
LINE
  8
0
 10
25.9743
 20
97.1573
 11
32.3029
 21
90.9569
  0
LINE
  8
0
 10
32.3029
 20
90.9569
 11
27.4582
 21
93.2182
  0
LINE
  8
0
 10
27.4582
 20
93.2182
 11
25.9743
 21
87.7968
  0
LINE
  8
0
 10
25.9743
 20
87.7968
 11
25.9743
 21
97.1573
  0
LINE
  8
0
 10
-24.0257
 20
97.1573
 11
-17.6971
 21
90.9569
  0
LINE
  8
0
 10
-17.6971
 20
90.9569
 11
-22.5418
 21
93.2182
  0
LINE
  8
0
 10
-22.5418
 20
93.2182
 11
-24.0257
 21
87.7968
  0
LINE
  8
0
 10
-24.0257
 20
87.7968
 11
-24.0257
 21
97.1573
  0
LINE
  8
0
 10
-27.6314
 20
93.2411
 11
-32.4707
 21
90.0146
  0
LINE
  8
0
 10
-32.4707
 20
90.0146
 11
-25.9521
 21
97.1138
  0
LINE
  8
0
 10
-25.9521
 20
97.1138
 11
-25.9521
 21
86.3953
  0
LINE
  8
0
 10
-25.9521
 20
86.3953
 11
-27.6314
 21
93.2411
  0
LINE
  8
0
 10
22.3686
 20
93.2411
 11
17.5293
 21
90.0146
  0
LINE
  8
0
 10
17.5293
 20
90.0146
 11
24.0479
 21
97.1138
  0
LINE
  8
0
 10
24.0479
 20
97.1138
 11
24.0479
 21
86.3953
  0
LINE
  8
0
 10
24.0479
 20
86.3953
 11
22.3686
 21
93.2411
  0
LINE
  8
0
 10
-15.657
 20
78.2753
 11
-15.9447
 21
78.8338
  0
LINE
  8
0
 10
-15.9447
 20
78.8338
 11
-16.2598
 21
79.3083
  0
LINE
  8
0
 10
-16.2598
 20
79.3083
 11
-16.6
 21
79.6997
  0
LINE
  8
0
 10
-16.6
 20
79.6997
 11
-16.967
 21
80.0087
  0
LINE
  8
0
 10
-16.967
 20
80.0087
 11
-17.3607
 21
80.2353
  0
LINE
  8
0
 10
-17.3607
 20
80.2353
 11
-17.7795
 21
80.3772
  0
LINE
  8
0
 10
-17.7795
 20
80.3772
 11
-18.2266
 21
80.4375
  0
LINE
  8
0
 10
-18.2266
 20
80.4375
 11
-18.6981
 21
80.4146
  0
LINE
  8
0
 10
-18.6981
 20
80.4146
 11
-19.1948
 21
80.307
  0
LINE
  8
0
 10
-19.1948
 20
80.307
 11
-19.7197
 21
80.1178
  0
LINE
  8
0
 10
-19.7197
 20
80.1178
 11
-20.2553
 21
79.8523
  0
LINE
  8
0
 10
-20.2553
 20
79.8523
 11
-19.9211
 21
80.4779
  0
LINE
  8
0
 10
-19.9211
 20
80.4779
 11
-19.677
 21
81.0982
  0
LINE
  8
0
 10
-19.677
 20
81.0982
 11
-19.5282
 21
81.6978
  0
LINE
  8
0
 10
-19.5282
 20
81.6978
 11
-19.4763
 21
82.2784
  0
LINE
  8
0
 10
-19.4763
 20
82.2784
 11
-19.5213
 21
82.8392
  0
LINE
  8
0
 10
-19.5213
 20
82.8392
 11
-19.6625
 21
83.3794
  0
LINE
  8
0
 10
-19.6625
 20
83.3794
 11
-19.8997
 21
83.9005
  0
LINE
  8
0
 10
-19.8997
 20
83.9005
 11
-20.2347
 21
84.4017
  0
LINE
  8
0
 10
-20.2347
 20
84.4017
 11
-20.665
 21
84.8824
  0
LINE
  8
0
 10
-20.665
 20
84.8824
 11
-21.1929
 21
85.3432
  0
LINE
  8
0
 10
-21.1929
 20
85.3432
 11
-21.8155
 21
85.7841
  0
LINE
  8
0
 10
-21.8155
 20
85.7841
 11
-22.5197
 21
86.1961
  0
LINE
  8
0
 10
-22.5197
 20
86.1961
 11
-21.756
 21
86.1992
  0
LINE
  8
0
 10
-21.756
 20
86.1992
 11
-21.0938
 21
86.274
  0
LINE
  8
0
 10
-21.0938
 20
86.274
 11
-20.5536
 21
86.4197
  0
LINE
  8
0
 10
-20.5536
 20
86.4197
 11
-20.134
 21
86.6379
  0
LINE
  8
0
 10
-20.134
 20
86.6379
 11
-19.8372
 21
86.9263
  0
LINE
  8
0
 10
-19.8372
 20
86.9263
 11
-19.6625
 21
87.2871
  0
LINE
  8
0
 10
-19.6625
 20
87.2871
 11
-19.6083
 21
87.719
  0
LINE
  8
0
 10
-19.6083
 20
87.719
 11
-19.6785
 21
88.2217
  0
LINE
  8
0
 10
-19.6785
 20
88.2217
 11
-19.8692
 21
88.7955
  0
LINE
  8
0
 10
-19.8692
 20
88.7955
 11
-20.1813
 21
89.4402
  0
LINE
  8
0
 10
-20.1813
 20
89.4402
 11
-20.6154
 21
90.155
  0
LINE
  8
0
 10
-20.6154
 20
90.155
 11
-21.1159
 21
90.863
  0
LINE
  8
0
 10
-21.1159
 20
90.863
 11
-20.4948
 21
90.1512
  0
LINE
  8
0
 10
-20.4948
 20
90.1512
 11
-19.8471
 21
89.4814
  0
LINE
  8
0
 10
-19.8471
 20
89.4814
 11
-19.236
 21
88.9275
  0
LINE
  8
0
 10
-19.236
 20
88.9275
 11
-18.6623
 21
88.4911
  0
LINE
  8
0
 10
-18.6623
 20
88.4911
 11
-18.1244
 21
88.1699
  0
LINE
  8
0
 10
-18.1244
 20
88.1699
 11
-17.6239
 21
87.9654
  0
LINE
  8
0
 10
-17.6239
 20
87.9654
 11
-17.1593
 21
87.8769
  0
LINE
  8
0
 10
-17.1593
 20
87.8769
 11
-16.7328
 21
87.9059
  0
LINE
  8
0
 10
-16.7328
 20
87.9059
 11
-16.3422
 21
88.0508
  0
LINE
  8
0
 10
-16.3422
 20
88.0508
 11
-15.9889
 21
88.3125
  0
LINE
  8
0
 10
-15.9889
 20
88.3125
 11
-15.6738
 21
88.6902
  0
LINE
  8
0
 10
-15.6738
 20
88.6902
 11
-15.4076
 21
89.1609
  0
LINE
  8
0
 10
-15.4076
 20
89.1609
 11
-15.5235
 21
88.2187
  0
LINE
  8
0
 10
-15.5235
 20
88.2187
 11
-15.554
 21
87.3428
  0
LINE
  8
0
 10
-15.554
 20
87.3428
 11
-15.4984
 21
86.5623
  0
LINE
  8
0
 10
-15.4984
 20
86.5623
 11
-15.3534
 21
85.8765
  0
LINE
  8
0
 10
-15.3534
 20
85.8765
 11
-15.1222
 21
85.2837
  0
LINE
  8
0
 10
-15.1222
 20
85.2837
 11
-14.8026
 21
84.787
  0
LINE
  8
0
 10
-14.8026
 20
84.787
 11
-14.3959
 21
84.3842
  0
LINE
  8
0
 10
-14.3959
 20
84.3842
 11
-13.9015
 21
84.0767
  0
LINE
  8
0
 10
-13.9015
 20
84.0767
 11
-13.3202
 21
83.8646
  0
LINE
  8
0
 10
-13.3202
 20
83.8646
 11
-12.6503
 21
83.7471
  0
LINE
  8
0
 10
-12.6503
 20
83.7471
 11
-11.8942
 21
83.7234
  0
LINE
  8
0
 10
-11.8942
 20
83.7234
 11
-11.0741
 21
83.7921
  0
LINE
  8
0
 10
-11.0741
 20
83.7921
 11
-11.6013
 21
83.4831
  0
LINE
  8
0
 10
-11.6013
 20
83.4831
 11
-12.0346
 21
83.1459
  0
LINE
  8
0
 10
-12.0346
 20
83.1459
 11
-12.3528
 21
82.7934
  0
LINE
  8
0
 10
-12.3528
 20
82.7934
 11
-12.5557
 21
82.4242
  0
LINE
  8
0
 10
-12.5557
 20
82.4242
 11
-12.6427
 21
82.0404
  0
LINE
  8
0
 10
-12.6427
 20
82.0404
 11
-12.6129
 21
81.6414
  0
LINE
  8
0
 10
-12.6129
 20
81.6414
 11
-12.4687
 21
81.2263
  0
LINE
  8
0
 10
-12.4687
 20
81.2263
 11
-12.2086
 21
80.7968
  0
LINE
  8
0
 10
-12.2086
 20
80.7968
 11
-11.834
 21
80.3528
  0
LINE
  8
0
 10
-11.834
 20
80.3528
 11
-11.3434
 21
79.8927
  0
LINE
  8
0
 10
-11.3434
 20
79.8927
 11
-10.7361
 21
79.4182
  0
LINE
  8
0
 10
-10.7361
 20
79.4182
 11
-10.0533
 21
78.9543
  0
LINE
  8
0
 10
-10.0533
 20
78.9543
 11
-10.7132
 21
79.2252
  0
LINE
  8
0
 10
-10.7132
 20
79.2252
 11
-11.3686
 21
79.4418
  0
LINE
  8
0
 10
-11.3686
 20
79.4418
 11
-11.9781
 21
79.586
  0
LINE
  8
0
 10
-11.9781
 20
79.586
 11
-12.5435
 21
79.6593
  0
LINE
  8
0
 10
-12.5435
 20
79.6593
 11
-13.0615
 21
79.6593
  0
LINE
  8
0
 10
-13.0615
 20
79.6593
 11
-13.5338
 21
79.5868
  0
LINE
  8
0
 10
-13.5338
 20
79.5868
 11
-13.9618
 21
79.4418
  0
LINE
  8
0
 10
-13.9618
 20
79.4418
 11
-14.3425
 21
79.2244
  0
LINE
  8
0
 10
-14.3425
 20
79.2244
 11
-14.6774
 21
78.936
  0
LINE
  8
0
 10
-14.6774
 20
78.936
 11
-14.9651
 21
78.5744
  0
LINE
  8
0
 10
-14.9651
 20
78.5744
 11
-15.2077
 21
78.1418
  0
LINE
  8
0
 10
-15.2077
 20
78.1418
 11
-15.3992
 21
77.6482
  0
LINE
  8
0
 10
-15.3992
 20
77.6482
 11
-15.657
 21
78.2753
  0
LINE
  8
0
 10
34.343
 20
78.2753
 11
34.0553
 21
78.8338
  0
LINE
  8
0
 10
34.0553
 20
78.8338
 11
33.7402
 21
79.3083
  0
LINE
  8
0
 10
33.7402
 20
79.3083
 11
33.4
 21
79.6997
  0
LINE
  8
0
 10
33.4
 20
79.6997
 11
33.033
 21
80.0087
  0
LINE
  8
0
 10
33.033
 20
80.0087
 11
32.6393
 21
80.2353
  0
LINE
  8
0
 10
32.6393
 20
80.2353
 11
32.2205
 21
80.3772
  0
LINE
  8
0
 10
32.2205
 20
80.3772
 11
31.7734
 21
80.4375
  0
LINE
  8
0
 10
31.7734
 20
80.4375
 11
31.3019
 21
80.4146
  0
LINE
  8
0
 10
31.3019
 20
80.4146
 11
30.8052
 21
80.307
  0
LINE
  8
0
 10
30.8052
 20
80.307
 11
30.2803
 21
80.1178
  0
LINE
  8
0
 10
30.2803
 20
80.1178
 11
29.7447
 21
79.8523
  0
LINE
  8
0
 10
29.7447
 20
79.8523
 11
30.0789
 21
80.4779
  0
LINE
  8
0
 10
30.0789
 20
80.4779
 11
30.323
 21
81.0982
  0
LINE
  8
0
 10
30.323
 20
81.0982
 11
30.4718
 21
81.6978
  0
LINE
  8
0
 10
30.4718
 20
81.6978
 11
30.5237
 21
82.2784
  0
LINE
  8
0
 10
30.5237
 20
82.2784
 11
30.4787
 21
82.8392
  0
LINE
  8
0
 10
30.4787
 20
82.8392
 11
30.3375
 21
83.3794
  0
LINE
  8
0
 10
30.3375
 20
83.3794
 11
30.1003
 21
83.9005
  0
LINE
  8
0
 10
30.1003
 20
83.9005
 11
29.7653
 21
84.4017
  0
LINE
  8
0
 10
29.7653
 20
84.4017
 11
29.335
 21
84.8824
  0
LINE
  8
0
 10
29.335
 20
84.8824
 11
28.8071
 21
85.3432
  0
LINE
  8
0
 10
28.8071
 20
85.3432
 11
28.1845
 21
85.7841
  0
LINE
  8
0
 10
28.1845
 20
85.7841
 11
27.4803
 21
86.1961
  0
LINE
  8
0
 10
27.4803
 20
86.1961
 11
28.244
 21
86.1992
  0
LINE
  8
0
 10
28.244
 20
86.1992
 11
28.9062
 21
86.274
  0
LINE
  8
0
 10
28.9062
 20
86.274
 11
29.4464
 21
86.4197
  0
LINE
  8
0
 10
29.4464
 20
86.4197
 11
29.866
 21
86.6379
  0
LINE
  8
0
 10
29.866
 20
86.6379
 11
30.1628
 21
86.9263
  0
LINE
  8
0
 10
30.1628
 20
86.9263
 11
30.3375
 21
87.2871
  0
LINE
  8
0
 10
30.3375
 20
87.2871
 11
30.3917
 21
87.719
  0
LINE
  8
0
 10
30.3917
 20
87.719
 11
30.3215
 21
88.2217
  0
LINE
  8
0
 10
30.3215
 20
88.2217
 11
30.1308
 21
88.7955
  0
LINE
  8
0
 10
30.1308
 20
88.7955
 11
29.8187
 21
89.4402
  0
LINE
  8
0
 10
29.8187
 20
89.4402
 11
29.3846
 21
90.155
  0
LINE
  8
0
 10
29.3846
 20
90.155
 11
28.8841
 21
90.863
  0
LINE
  8
0
 10
28.8841
 20
90.863
 11
29.5052
 21
90.1512
  0
LINE
  8
0
 10
29.5052
 20
90.1512
 11
30.1529
 21
89.4814
  0
LINE
  8
0
 10
30.1529
 20
89.4814
 11
30.764
 21
88.9275
  0
LINE
  8
0
 10
30.764
 20
88.9275
 11
31.3377
 21
88.4911
  0
LINE
  8
0
 10
31.3377
 20
88.4911
 11
31.8756
 21
88.1699
  0
LINE
  8
0
 10
31.8756
 20
88.1699
 11
32.3761
 21
87.9654
  0
LINE
  8
0
 10
32.3761
 20
87.9654
 11
32.8407
 21
87.8769
  0
LINE
  8
0
 10
32.8407
 20
87.8769
 11
33.2672
 21
87.9059
  0
LINE
  8
0
 10
33.2672
 20
87.9059
 11
33.6578
 21
88.0508
  0
LINE
  8
0
 10
33.6578
 20
88.0508
 11
33.7507
 21
88.1196
  0
LINE
  8
0
 10
33.7507
 20
88.1196
 11
36.5204
 21
79.5951
  0
LINE
  8
0
 10
36.5204
 20
79.5951
 11
36.4662
 21
79.5868
  0
LINE
  8
0
 10
36.4662
 20
79.5868
 11
36.0382
 21
79.4418
  0
LINE
  8
0
 10
36.0382
 20
79.4418
 11
35.6575
 21
79.2244
  0
LINE
  8
0
 10
35.6575
 20
79.2244
 11
35.3226
 21
78.936
  0
LINE
  8
0
 10
35.3226
 20
78.936
 11
35.0349
 21
78.5744
  0
LINE
  8
0
 10
35.0349
 20
78.5744
 11
34.7923
 21
78.1418
  0
LINE
  8
0
 10
34.7923
 20
78.1418
 11
34.6008
 21
77.6482
  0
LINE
  8
0
 10
34.6008
 20
77.6482
 11
34.343
 21
78.2753
  0
LINE
  8
0
 10
13.8008
 20
78.244
 11
13.726
 21
78.9062
  0
LINE
  8
0
 10
13.726
 20
78.9062
 11
13.5803
 21
79.4464
  0
LINE
  8
0
 10
13.5803
 20
79.4464
 11
13.3621
 21
79.866
  0
LINE
  8
0
 10
13.3621
 20
79.866
 11
13.0737
 21
80.1628
  0
LINE
  8
0
 10
13.0737
 20
80.1628
 11
12.7129
 21
80.3375
  0
LINE
  8
0
 10
12.7129
 20
80.3375
 11
12.281
 21
80.3917
  0
LINE
  8
0
 10
12.281
 20
80.3917
 11
11.7783
 21
80.3215
  0
LINE
  8
0
 10
11.7783
 20
80.3215
 11
11.2045
 21
80.1308
  0
LINE
  8
0
 10
11.2045
 20
80.1308
 11
10.5598
 21
79.8187
  0
LINE
  8
0
 10
10.5598
 20
79.8187
 11
9.84497
 21
79.3846
  0
LINE
  8
0
 10
9.84497
 20
79.3846
 11
9.13696
 21
78.8841
  0
LINE
  8
0
 10
9.13696
 20
78.8841
 11
9.84879
 21
79.5052
  0
LINE
  8
0
 10
9.84879
 20
79.5052
 11
10.5186
 21
80.1529
  0
LINE
  8
0
 10
10.5186
 20
80.1529
 11
11.0725
 21
80.764
  0
LINE
  8
0
 10
11.0725
 20
80.764
 11
11.5089
 21
81.3377
  0
LINE
  8
0
 10
11.5089
 20
81.3377
 11
11.8301
 21
81.8756
  0
LINE
  8
0
 10
11.8301
 20
81.8756
 11
12.0346
 21
82.3761
  0
LINE
  8
0
 10
12.0346
 20
82.3761
 11
12.1231
 21
82.8407
  0
LINE
  8
0
 10
12.1231
 20
82.8407
 11
12.0941
 21
83.2672
  0
LINE
  8
0
 10
12.0941
 20
83.2672
 11
11.9492
 21
83.6578
  0
LINE
  8
0
 10
11.9492
 20
83.6578
 11
11.6875
 21
84.0111
  0
LINE
  8
0
 10
11.6875
 20
84.0111
 11
11.3098
 21
84.3262
  0
LINE
  8
0
 10
11.3098
 20
84.3262
 11
10.8391
 21
84.5924
  0
LINE
  8
0
 10
10.8391
 20
84.5924
 11
11.7813
 21
84.4765
  0
LINE
  8
0
 10
11.7813
 20
84.4765
 11
12.6572
 21
84.446
  0
LINE
  8
0
 10
12.6572
 20
84.446
 11
13.4377
 21
84.5016
  0
LINE
  8
0
 10
13.4377
 20
84.5016
 11
14.1235
 21
84.6466
  0
LINE
  8
0
 10
14.1235
 20
84.6466
 11
14.7163
 21
84.8778
  0
LINE
  8
0
 10
14.7163
 20
84.8778
 11
15.213
 21
85.1974
  0
LINE
  8
0
 10
15.213
 20
85.1974
 11
15.6158
 21
85.6041
  0
LINE
  8
0
 10
15.6158
 20
85.6041
 11
15.9233
 21
86.0985
  0
LINE
  8
0
 10
15.9233
 20
86.0985
 11
16.1354
 21
86.6798
  0
LINE
  8
0
 10
16.1354
 20
86.6798
 11
16.2529
 21
87.3497
  0
LINE
  8
0
 10
16.2529
 20
87.3497
 11
16.2766
 21
88.1058
  0
LINE
  8
0
 10
16.2766
 20
88.1058
 11
16.2079
 21
88.9259
  0
LINE
  8
0
 10
16.2079
 20
88.9259
 11
16.5169
 21
88.3987
  0
LINE
  8
0
 10
16.5169
 20
88.3987
 11
16.8541
 21
87.9654
  0
LINE
  8
0
 10
16.8541
 20
87.9654
 11
17.2066
 21
87.6472
  0
LINE
  8
0
 10
17.2066
 20
87.6472
 11
17.5758
 21
87.4443
  0
LINE
  8
0
 10
17.5758
 20
87.4443
 11
17.9596
 21
87.3573
  0
LINE
  8
0
 10
17.9596
 20
87.3573
 11
18.3586
 21
87.3871
  0
LINE
  8
0
 10
18.3586
 20
87.3871
 11
18.7737
 21
87.5313
  0
LINE
  8
0
 10
18.7737
 20
87.5313
 11
19.2032
 21
87.7914
  0
LINE
  8
0
 10
19.2032
 20
87.7914
 11
19.6472
 21
88.166
  0
LINE
  8
0
 10
19.6472
 20
88.166
 11
20.1073
 21
88.6566
  0
LINE
  8
0
 10
20.1073
 20
88.6566
 11
20.5818
 21
89.2639
  0
LINE
  8
0
 10
20.5818
 20
89.2639
 11
21.0457
 21
89.9467
  0
LINE
  8
0
 10
21.0457
 20
89.9467
 11
20.7748
 21
89.2868
  0
LINE
  8
0
 10
20.7748
 20
89.2868
 11
20.5582
 21
88.6314
  0
LINE
  8
0
 10
20.5582
 20
88.6314
 11
20.414
 21
88.0219
  0
LINE
  8
0
 10
20.414
 20
88.0219
 11
20.3407
 21
87.4565
  0
LINE
  8
0
 10
20.3407
 20
87.4565
 11
20.3407
 21
86.9385
  0
LINE
  8
0
 10
20.3407
 20
86.9385
 11
20.4132
 21
86.4662
  0
LINE
  8
0
 10
20.4132
 20
86.4662
 11
20.5582
 21
86.0382
  0
LINE
  8
0
 10
20.5582
 20
86.0382
 11
20.7756
 21
85.6575
  0
LINE
  8
0
 10
20.7756
 20
85.6575
 11
21.064
 21
85.3226
  0
LINE
  8
0
 10
21.064
 20
85.3226
 11
21.4256
 21
85.0349
  0
LINE
  8
0
 10
21.4256
 20
85.0349
 11
21.8582
 21
84.7923
  0
LINE
  8
0
 10
21.8582
 20
84.7923
 11
22.3518
 21
84.6008
  0
LINE
  8
0
 10
22.3518
 20
84.6008
 11
21.7247
 21
84.343
  0
LINE
  8
0
 10
21.7247
 20
84.343
 11
21.1662
 21
84.0553
  0
LINE
  8
0
 10
21.1662
 20
84.0553
 11
20.6917
 21
83.7402
  0
LINE
  8
0
 10
20.6917
 20
83.7402
 11
20.3003
 21
83.4
  0
LINE
  8
0
 10
20.3003
 20
83.4
 11
19.9913
 21
83.033
  0
LINE
  8
0
 10
19.9913
 20
83.033
 11
19.7647
 21
82.6393
  0
LINE
  8
0
 10
19.7647
 20
82.6393
 11
19.6228
 21
82.2205
  0
LINE
  8
0
 10
19.6228
 20
82.2205
 11
19.5625
 21
81.7734
  0
LINE
  8
0
 10
19.5625
 20
81.7734
 11
19.5854
 21
81.3019
  0
LINE
  8
0
 10
19.5854
 20
81.3019
 11
19.693
 21
80.8052
  0
LINE
  8
0
 10
19.693
 20
80.8052
 11
19.8822
 21
80.2803
  0
LINE
  8
0
 10
19.8822
 20
80.2803
 11
20.1477
 21
79.7447
  0
LINE
  8
0
 10
20.1477
 20
79.7447
 11
19.5221
 21
80.0789
  0
LINE
  8
0
 10
19.5221
 20
80.0789
 11
18.9018
 21
80.323
  0
LINE
  8
0
 10
18.9018
 20
80.323
 11
18.3022
 21
80.4718
  0
LINE
  8
0
 10
18.3022
 20
80.4718
 11
17.7216
 21
80.5237
  0
LINE
  8
0
 10
17.7216
 20
80.5237
 11
17.1608
 21
80.4787
  0
LINE
  8
0
 10
17.1608
 20
80.4787
 11
16.6206
 21
80.3375
  0
LINE
  8
0
 10
16.6206
 20
80.3375
 11
16.0995
 21
80.1003
  0
LINE
  8
0
 10
16.0995
 20
80.1003
 11
15.5983
 21
79.7653
  0
LINE
  8
0
 10
15.5983
 20
79.7653
 11
15.1176
 21
79.335
  0
LINE
  8
0
 10
15.1176
 20
79.335
 11
14.6568
 21
78.8071
  0
LINE
  8
0
 10
14.6568
 20
78.8071
 11
14.2159
 21
78.1845
  0
LINE
  8
0
 10
14.2159
 20
78.1845
 11
13.8039
 21
77.4803
  0
LINE
  8
0
 10
13.8039
 20
77.4803
 11
13.8008
 21
78.244
  0
LINE
  8
0
 10
-36.1992
 20
78.244
 11
-36.274
 21
78.9062
  0
LINE
  8
0
 10
-36.274
 20
78.9062
 11
-36.4197
 21
79.4464
  0
LINE
  8
0
 10
-36.4197
 20
79.4464
 11
-36.5114
 21
79.6228
  0
LINE
  8
0
 10
-36.5114
 20
79.6228
 11
-34.6577
 21
85.3279
  0
LINE
  8
0
 10
-34.6577
 20
85.3279
 11
-34.3842
 21
85.6041
  0
LINE
  8
0
 10
-34.3842
 20
85.6041
 11
-34.0767
 21
86.0985
  0
LINE
  8
0
 10
-34.0767
 20
86.0985
 11
-33.8646
 21
86.6798
  0
LINE
  8
0
 10
-33.8646
 20
86.6798
 11
-33.7471
 21
87.3497
  0
LINE
  8
0
 10
-33.7471
 20
87.3497
 11
-33.7234
 21
88.1058
  0
LINE
  8
0
 10
-33.7234
 20
88.1058
 11
-33.7299
 21
88.1833
  0
LINE
  8
0
 10
-33.7299
 20
88.1833
 11
-33.5969
 21
88.5928
  0
LINE
  8
0
 10
-33.5969
 20
88.5928
 11
-33.4831
 21
88.3987
  0
LINE
  8
0
 10
-33.4831
 20
88.3987
 11
-33.1459
 21
87.9654
  0
LINE
  8
0
 10
-33.1459
 20
87.9654
 11
-32.7934
 21
87.6472
  0
LINE
  8
0
 10
-32.7934
 20
87.6472
 11
-32.4242
 21
87.4443
  0
LINE
  8
0
 10
-32.4242
 20
87.4443
 11
-32.0404
 21
87.3573
  0
LINE
  8
0
 10
-32.0404
 20
87.3573
 11
-31.6414
 21
87.3871
  0
LINE
  8
0
 10
-31.6414
 20
87.3871
 11
-31.2263
 21
87.5313
  0
LINE
  8
0
 10
-31.2263
 20
87.5313
 11
-30.7968
 21
87.7914
  0
LINE
  8
0
 10
-30.7968
 20
87.7914
 11
-30.3528
 21
88.166
  0
LINE
  8
0
 10
-30.3528
 20
88.166
 11
-29.8927
 21
88.6566
  0
LINE
  8
0
 10
-29.8927
 20
88.6566
 11
-29.4182
 21
89.2639
  0
LINE
  8
0
 10
-29.4182
 20
89.2639
 11
-28.9543
 21
89.9467
  0
LINE
  8
0
 10
-28.9543
 20
89.9467
 11
-29.2252
 21
89.2868
  0
LINE
  8
0
 10
-29.2252
 20
89.2868
 11
-29.4418
 21
88.6314
  0
LINE
  8
0
 10
-29.4418
 20
88.6314
 11
-29.586
 21
88.0219
  0
LINE
  8
0
 10
-29.586
 20
88.0219
 11
-29.6593
 21
87.4565
  0
LINE
  8
0
 10
-29.6593
 20
87.4565
 11
-29.6593
 21
86.9385
  0
LINE
  8
0
 10
-29.6593
 20
86.9385
 11
-29.5868
 21
86.4662
  0
LINE
  8
0
 10
-29.5868
 20
86.4662
 11
-29.4418
 21
86.0382
  0
LINE
  8
0
 10
-29.4418
 20
86.0382
 11
-29.2244
 21
85.6575
  0
LINE
  8
0
 10
-29.2244
 20
85.6575
 11
-28.936
 21
85.3226
  0
LINE
  8
0
 10
-28.936
 20
85.3226
 11
-28.5744
 21
85.0349
  0
LINE
  8
0
 10
-28.5744
 20
85.0349
 11
-28.1418
 21
84.7923
  0
LINE
  8
0
 10
-28.1418
 20
84.7923
 11
-27.6482
 21
84.6008
  0
LINE
  8
0
 10
-27.6482
 20
84.6008
 11
-28.2753
 21
84.343
  0
LINE
  8
0
 10
-28.2753
 20
84.343
 11
-28.8338
 21
84.0553
  0
LINE
  8
0
 10
-28.8338
 20
84.0553
 11
-29.3083
 21
83.7402
  0
LINE
  8
0
 10
-29.3083
 20
83.7402
 11
-29.6997
 21
83.4
  0
LINE
  8
0
 10
-29.6997
 20
83.4
 11
-30.0087
 21
83.033
  0
LINE
  8
0
 10
-30.0087
 20
83.033
 11
-30.2353
 21
82.6393
  0
LINE
  8
0
 10
-30.2353
 20
82.6393
 11
-30.3772
 21
82.2205
  0
LINE
  8
0
 10
-30.3772
 20
82.2205
 11
-30.4375
 21
81.7734
  0
LINE
  8
0
 10
-30.4375
 20
81.7734
 11
-30.4146
 21
81.3019
  0
LINE
  8
0
 10
-30.4146
 20
81.3019
 11
-30.307
 21
80.8052
  0
LINE
  8
0
 10
-30.307
 20
80.8052
 11
-30.1178
 21
80.2803
  0
LINE
  8
0
 10
-30.1178
 20
80.2803
 11
-29.8523
 21
79.7447
  0
LINE
  8
0
 10
-29.8523
 20
79.7447
 11
-30.4779
 21
80.0789
  0
LINE
  8
0
 10
-30.4779
 20
80.0789
 11
-31.0982
 21
80.323
  0
LINE
  8
0
 10
-31.0982
 20
80.323
 11
-31.6978
 21
80.4718
  0
LINE
  8
0
 10
-31.6978
 20
80.4718
 11
-32.2784
 21
80.5237
  0
LINE
  8
0
 10
-32.2784
 20
80.5237
 11
-32.8392
 21
80.4787
  0
LINE
  8
0
 10
-32.8392
 20
80.4787
 11
-33.3794
 21
80.3375
  0
LINE
  8
0
 10
-33.3794
 20
80.3375
 11
-33.9005
 21
80.1003
  0
LINE
  8
0
 10
-33.9005
 20
80.1003
 11
-34.4017
 21
79.7653
  0
LINE
  8
0
 10
-34.4017
 20
79.7653
 11
-34.8824
 21
79.335
  0
LINE
  8
0
 10
-34.8824
 20
79.335
 11
-35.3432
 21
78.8071
  0
LINE
  8
0
 10
-35.3432
 20
78.8071
 11
-35.7841
 21
78.1845
  0
LINE
  8
0
 10
-35.7841
 20
78.1845
 11
-36.1961
 21
77.4803
  0
LINE
  8
0
 10
-36.1961
 20
77.4803
 11
-36.1992
 21
78.244
  0
LINE
  8
0
 10
-7.4707
 20
84.9854
 11
-2.63138
 21
81.7589
  0
LINE
  8
0
 10
-2.63138
 20
81.7589
 11
-0.952148
 21
88.6047
  0
LINE
  8
0
 10
-0.952148
 20
88.6047
 11
-0.952148
 21
77.8862
  0
LINE
  8
0
 10
-0.952148
 20
77.8862
 11
-7.4707
 21
84.9854
  0
LINE
  8
0
 10
0.974274
 20
87.2032
 11
2.45819
 21
81.7818
  0
LINE
  8
0
 10
2.45819
 20
81.7818
 11
7.30286
 21
84.0431
  0
LINE
  8
0
 10
7.30286
 20
84.0431
 11
0.974274
 21
77.8427
  0
LINE
  8
0
 10
0.974274
 20
77.8427
 11
0.974274
 21
87.2032
  0
LINE
  8
0
 10
27.4651
 20
77.6382
 11
25.9811
 21
84.8656
  0
LINE
  8
0
 10
25.9811
 20
84.8656
 11
28.82
 21
78.9284
  0
LINE
  8
0
 10
28.82
 20
78.9284
 11
34.5627
 21
75.9605
  0
LINE
  8
0
 10
34.5627
 20
75.9605
 11
27.4651
 21
77.6382
  0
LINE
  8
0
 10
-22.5349
 20
77.6382
 11
-24.0189
 21
84.8656
  0
LINE
  8
0
 10
-24.0189
 20
84.8656
 11
-21.18
 21
78.9284
  0
LINE
  8
0
 10
-21.18
 20
78.9284
 11
-15.4373
 21
75.9605
  0
LINE
  8
0
 10
-15.4373
 20
75.9605
 11
-22.5349
 21
77.6382
  0
LINE
  8
0
 10
-28.9284
 20
78.82
 11
-25.9605
 21
84.5627
  0
LINE
  8
0
 10
-25.9605
 20
84.5627
 11
-27.6382
 21
77.4651
  0
LINE
  8
0
 10
-27.6382
 20
77.4651
 11
-34.8656
 21
75.9811
  0
LINE
  8
0
 10
-34.8656
 20
75.9811
 11
-28.9284
 21
78.82
  0
LINE
  8
0
 10
21.0716
 20
78.82
 11
24.0395
 21
84.5627
  0
LINE
  8
0
 10
24.0395
 20
84.5627
 11
22.3618
 21
77.4651
  0
LINE
  8
0
 10
22.3618
 20
77.4651
 11
15.1344
 21
75.9811
  0
LINE
  8
0
 10
15.1344
 20
75.9811
 11
21.0716
 21
78.82
  0
LINE
  8
0
 10
-13.6047
 20
75.9521
 11
-6.75888
 21
77.6314
  0
LINE
  8
0
 10
-6.75888
 20
77.6314
 11
-9.98535
 21
82.4707
  0
LINE
  8
0
 10
-9.98535
 20
82.4707
 11
-2.8862
 21
75.9521
  0
LINE
  8
0
 10
-2.8862
 20
75.9521
 11
-13.6047
 21
75.9521
  0
LINE
  8
0
 10
2.84271
 20
75.9743
 11
9.04312
 21
82.3029
  0
LINE
  8
0
 10
9.04312
 20
82.3029
 11
6.78177
 21
77.4582
  0
LINE
  8
0
 10
6.78177
 20
77.4582
 11
12.2032
 21
75.9743
  0
LINE
  8
0
 10
12.2032
 20
75.9743
 11
2.84271
 21
75.9743
  0
LINE
  8
0
 10
36.3953
 20
75.9521
 11
37.6075
 21
76.2495
  0
LINE
  8
0
 10
37.6075
 20
76.2495
 11
37.7041
 21
75.9521
  0
LINE
  8
0
 10
37.7041
 20
75.9521
 11
36.3953
 21
75.9521
  0
LINE
  8
0
 10
2.8862
 20
74.0479
 11
13.6047
 21
74.0479
  0
LINE
  8
0
 10
13.6047
 20
74.0479
 11
6.75888
 21
72.3686
  0
LINE
  8
0
 10
6.75888
 20
72.3686
 11
9.98535
 21
67.5293
  0
LINE
  8
0
 10
9.98535
 20
67.5293
 11
2.8862
 21
74.0479
  0
LINE
  8
0
 10
-38.3228
 20
74.0479
 11
-36.3953
 21
74.0479
  0
LINE
  8
0
 10
-36.3953
 20
74.0479
 11
-38.4898
 21
73.5341
  0
LINE
  8
0
 10
-38.4898
 20
73.5341
 11
-38.3228
 21
74.0479
  0
LINE
  8
0
 10
21.18
 20
71.0716
 11
15.4373
 21
74.0395
  0
LINE
  8
0
 10
15.4373
 20
74.0395
 11
22.5349
 21
72.3618
  0
LINE
  8
0
 10
22.5349
 20
72.3618
 11
24.0189
 21
65.1344
  0
LINE
  8
0
 10
24.0189
 20
65.1344
 11
21.18
 21
71.0716
  0
LINE
  8
0
 10
-28.82
 20
71.0716
 11
-34.5627
 21
74.0395
  0
LINE
  8
0
 10
-34.5627
 20
74.0395
 11
-27.4651
 21
72.3618
  0
LINE
  8
0
 10
-27.4651
 20
72.3618
 11
-25.9811
 21
65.1344
  0
LINE
  8
0
 10
-25.9811
 20
65.1344
 11
-28.82
 21
71.0716
  0
LINE
  8
0
 10
37.7968
 20
74.0257
 11
38.33
 21
74.0257
  0
LINE
  8
0
 10
38.33
 20
74.0257
 11
38.3821
 21
73.8655
  0
LINE
  8
0
 10
38.3821
 20
73.8655
 11
37.7968
 21
74.0257
  0
LINE
  8
0
 10
-6.78177
 20
72.5418
 11
-12.2032
 21
74.0257
  0
LINE
  8
0
 10
-12.2032
 20
74.0257
 11
-2.84271
 21
74.0257
  0
LINE
  8
0
 10
-2.84271
 20
74.0257
 11
-9.04312
 21
67.6971
  0
LINE
  8
0
 10
-9.04312
 20
67.6971
 11
-6.78177
 21
72.5418
  0
LINE
  8
0
 10
27.6382
 20
72.5349
 11
34.8656
 21
74.0189
  0
LINE
  8
0
 10
34.8656
 20
74.0189
 11
28.9284
 21
71.18
  0
LINE
  8
0
 10
28.9284
 20
71.18
 11
25.9605
 21
65.4373
  0
LINE
  8
0
 10
25.9605
 20
65.4373
 11
27.6382
 21
72.5349
  0
LINE
  8
0
 10
-22.3618
 20
72.5349
 11
-15.1344
 21
74.0189
  0
LINE
  8
0
 10
-15.1344
 20
74.0189
 11
-21.0716
 21
71.18
  0
LINE
  8
0
 10
-21.0716
 20
71.18
 11
-24.0395
 21
65.4373
  0
LINE
  8
0
 10
-24.0395
 20
65.4373
 11
-22.3618
 21
72.5349
  0
LINE
  8
0
 10
29.2252
 20
60.7132
 11
29.4418
 21
61.3686
  0
LINE
  8
0
 10
29.4418
 20
61.3686
 11
29.586
 21
61.9781
  0
LINE
  8
0
 10
29.586
 20
61.9781
 11
29.6593
 21
62.5435
  0
LINE
  8
0
 10
29.6593
 20
62.5435
 11
29.6593
 21
63.0615
  0
LINE
  8
0
 10
29.6593
 20
63.0615
 11
29.5868
 21
63.5338
  0
LINE
  8
0
 10
29.5868
 20
63.5338
 11
29.4418
 21
63.9618
  0
LINE
  8
0
 10
29.4418
 20
63.9618
 11
29.2244
 21
64.3425
  0
LINE
  8
0
 10
29.2244
 20
64.3425
 11
28.936
 21
64.6774
  0
LINE
  8
0
 10
28.936
 20
64.6774
 11
28.5744
 21
64.9651
  0
LINE
  8
0
 10
28.5744
 20
64.9651
 11
28.1418
 21
65.2077
  0
LINE
  8
0
 10
28.1418
 20
65.2077
 11
27.6482
 21
65.3992
  0
LINE
  8
0
 10
27.6482
 20
65.3992
 11
28.2753
 21
65.657
  0
LINE
  8
0
 10
28.2753
 20
65.657
 11
28.8338
 21
65.9447
  0
LINE
  8
0
 10
28.8338
 20
65.9447
 11
29.3083
 21
66.2598
  0
LINE
  8
0
 10
29.3083
 20
66.2598
 11
29.6997
 21
66.6
  0
LINE
  8
0
 10
29.6997
 20
66.6
 11
30.0087
 21
66.967
  0
LINE
  8
0
 10
30.0087
 20
66.967
 11
30.2353
 21
67.3607
  0
LINE
  8
0
 10
30.2353
 20
67.3607
 11
30.3772
 21
67.7795
  0
LINE
  8
0
 10
30.3772
 20
67.7795
 11
30.4375
 21
68.2266
  0
LINE
  8
0
 10
30.4375
 20
68.2266
 11
30.4146
 21
68.6981
  0
LINE
  8
0
 10
30.4146
 20
68.6981
 11
30.307
 21
69.1948
  0
LINE
  8
0
 10
30.307
 20
69.1948
 11
30.1178
 21
69.7197
  0
LINE
  8
0
 10
30.1178
 20
69.7197
 11
29.8523
 21
70.2553
  0
LINE
  8
0
 10
29.8523
 20
70.2553
 11
30.4779
 21
69.9211
  0
LINE
  8
0
 10
30.4779
 20
69.9211
 11
31.0982
 21
69.677
  0
LINE
  8
0
 10
31.0982
 20
69.677
 11
31.6978
 21
69.5282
  0
LINE
  8
0
 10
31.6978
 20
69.5282
 11
32.2784
 21
69.4763
  0
LINE
  8
0
 10
32.2784
 20
69.4763
 11
32.8392
 21
69.5213
  0
LINE
  8
0
 10
32.8392
 20
69.5213
 11
33.3794
 21
69.6625
  0
LINE
  8
0
 10
33.3794
 20
69.6625
 11
33.9005
 21
69.8997
  0
LINE
  8
0
 10
33.9005
 20
69.8997
 11
34.4017
 21
70.2347
  0
LINE
  8
0
 10
34.4017
 20
70.2347
 11
34.8824
 21
70.665
  0
LINE
  8
0
 10
34.8824
 20
70.665
 11
35.3432
 21
71.1929
  0
LINE
  8
0
 10
35.3432
 20
71.1929
 11
35.7841
 21
71.8155
  0
LINE
  8
0
 10
35.7841
 20
71.8155
 11
36.1961
 21
72.5197
  0
LINE
  8
0
 10
36.1961
 20
72.5197
 11
36.1992
 21
71.756
  0
LINE
  8
0
 10
36.1992
 20
71.756
 11
36.274
 21
71.0938
  0
LINE
  8
0
 10
36.274
 20
71.0938
 11
36.4197
 21
70.5536
  0
LINE
  8
0
 10
36.4197
 20
70.5536
 11
36.6379
 21
70.134
  0
LINE
  8
0
 10
36.6379
 20
70.134
 11
36.9263
 21
69.8372
  0
LINE
  8
0
 10
36.9263
 20
69.8372
 11
37.2871
 21
69.6625
  0
LINE
  8
0
 10
37.2871
 20
69.6625
 11
37.719
 21
69.6083
  0
LINE
  8
0
 10
37.719
 20
69.6083
 11
38.2217
 21
69.6785
  0
LINE
  8
0
 10
38.2217
 20
69.6785
 11
38.7955
 21
69.8692
  0
LINE
  8
0
 10
38.7955
 20
69.8692
 11
39.4402
 21
70.1813
  0
LINE
  8
0
 10
39.4402
 20
70.1813
 11
39.5563
 21
70.2518
  0
LINE
  8
0
 10
39.5563
 20
70.2518
 11
39.6384
 21
69.999
  0
LINE
  8
0
 10
39.6384
 20
69.999
 11
39.4814
 21
69.8471
  0
LINE
  8
0
 10
39.4814
 20
69.8471
 11
38.9275
 21
69.236
  0
LINE
  8
0
 10
38.9275
 20
69.236
 11
38.4911
 21
68.6623
  0
LINE
  8
0
 10
38.4911
 20
68.6623
 11
38.1699
 21
68.1244
  0
LINE
  8
0
 10
38.1699
 20
68.1244
 11
37.9654
 21
67.6239
  0
LINE
  8
0
 10
37.9654
 20
67.6239
 11
37.8769
 21
67.1593
  0
LINE
  8
0
 10
37.8769
 20
67.1593
 11
37.9059
 21
66.7328
  0
LINE
  8
0
 10
37.9059
 20
66.7328
 11
38.0508
 21
66.3422
  0
LINE
  8
0
 10
38.0508
 20
66.3422
 11
38.3125
 21
65.9889
  0
LINE
  8
0
 10
38.3125
 20
65.9889
 11
38.6902
 21
65.6738
  0
LINE
  8
0
 10
38.6902
 20
65.6738
 11
39.1609
 21
65.4076
  0
LINE
  8
0
 10
39.1609
 20
65.4076
 11
38.2187
 21
65.5235
  0
LINE
  8
0
 10
38.2187
 20
65.5235
 11
37.3428
 21
65.554
  0
LINE
  8
0
 10
37.3428
 20
65.554
 11
36.5623
 21
65.4984
  0
LINE
  8
0
 10
36.5623
 20
65.4984
 11
35.8765
 21
65.3534
  0
LINE
  8
0
 10
35.8765
 20
65.3534
 11
35.2837
 21
65.1222
  0
LINE
  8
0
 10
35.2837
 20
65.1222
 11
34.787
 21
64.8026
  0
LINE
  8
0
 10
34.787
 20
64.8026
 11
34.3842
 21
64.3959
  0
LINE
  8
0
 10
34.3842
 20
64.3959
 11
34.0767
 21
63.9015
  0
LINE
  8
0
 10
34.0767
 20
63.9015
 11
33.8646
 21
63.3202
  0
LINE
  8
0
 10
33.8646
 20
63.3202
 11
33.7471
 21
62.6503
  0
LINE
  8
0
 10
33.7471
 20
62.6503
 11
33.7234
 21
61.8942
  0
LINE
  8
0
 10
33.7234
 20
61.8942
 11
33.7921
 21
61.0741
  0
LINE
  8
0
 10
33.7921
 20
61.0741
 11
33.4831
 21
61.6013
  0
LINE
  8
0
 10
33.4831
 20
61.6013
 11
33.1459
 21
62.0346
  0
LINE
  8
0
 10
33.1459
 20
62.0346
 11
32.7934
 21
62.3528
  0
LINE
  8
0
 10
32.7934
 20
62.3528
 11
32.4242
 21
62.5557
  0
LINE
  8
0
 10
32.4242
 20
62.5557
 11
32.0404
 21
62.6427
  0
LINE
  8
0
 10
32.0404
 20
62.6427
 11
31.6414
 21
62.6129
  0
LINE
  8
0
 10
31.6414
 20
62.6129
 11
31.2263
 21
62.4687
  0
LINE
  8
0
 10
31.2263
 20
62.4687
 11
30.7968
 21
62.2086
  0
LINE
  8
0
 10
30.7968
 20
62.2086
 11
30.3528
 21
61.834
  0
LINE
  8
0
 10
30.3528
 20
61.834
 11
29.8927
 21
61.3434
  0
LINE
  8
0
 10
29.8927
 20
61.3434
 11
29.4182
 21
60.7361
  0
LINE
  8
0
 10
29.4182
 20
60.7361
 11
28.9543
 21
60.0533
  0
LINE
  8
0
 10
28.9543
 20
60.0533
 11
29.2252
 21
60.7132
  0
LINE
  8
0
 10
-20.7748
 20
60.7132
 11
-20.5582
 21
61.3686
  0
LINE
  8
0
 10
-20.5582
 20
61.3686
 11
-20.414
 21
61.9781
  0
LINE
  8
0
 10
-20.414
 20
61.9781
 11
-20.3407
 21
62.5435
  0
LINE
  8
0
 10
-20.3407
 20
62.5435
 11
-20.3407
 21
63.0615
  0
LINE
  8
0
 10
-20.3407
 20
63.0615
 11
-20.4132
 21
63.5338
  0
LINE
  8
0
 10
-20.4132
 20
63.5338
 11
-20.5582
 21
63.9618
  0
LINE
  8
0
 10
-20.5582
 20
63.9618
 11
-20.7756
 21
64.3425
  0
LINE
  8
0
 10
-20.7756
 20
64.3425
 11
-21.064
 21
64.6774
  0
LINE
  8
0
 10
-21.064
 20
64.6774
 11
-21.4256
 21
64.9651
  0
LINE
  8
0
 10
-21.4256
 20
64.9651
 11
-21.8582
 21
65.2077
  0
LINE
  8
0
 10
-21.8582
 20
65.2077
 11
-22.3518
 21
65.3992
  0
LINE
  8
0
 10
-22.3518
 20
65.3992
 11
-21.7247
 21
65.657
  0
LINE
  8
0
 10
-21.7247
 20
65.657
 11
-21.1662
 21
65.9447
  0
LINE
  8
0
 10
-21.1662
 20
65.9447
 11
-20.6917
 21
66.2598
  0
LINE
  8
0
 10
-20.6917
 20
66.2598
 11
-20.3003
 21
66.6
  0
LINE
  8
0
 10
-20.3003
 20
66.6
 11
-19.9913
 21
66.967
  0
LINE
  8
0
 10
-19.9913
 20
66.967
 11
-19.7647
 21
67.3607
  0
LINE
  8
0
 10
-19.7647
 20
67.3607
 11
-19.6228
 21
67.7795
  0
LINE
  8
0
 10
-19.6228
 20
67.7795
 11
-19.5625
 21
68.2266
  0
LINE
  8
0
 10
-19.5625
 20
68.2266
 11
-19.5854
 21
68.6981
  0
LINE
  8
0
 10
-19.5854
 20
68.6981
 11
-19.693
 21
69.1948
  0
LINE
  8
0
 10
-19.693
 20
69.1948
 11
-19.8822
 21
69.7197
  0
LINE
  8
0
 10
-19.8822
 20
69.7197
 11
-20.1477
 21
70.2553
  0
LINE
  8
0
 10
-20.1477
 20
70.2553
 11
-19.5221
 21
69.9211
  0
LINE
  8
0
 10
-19.5221
 20
69.9211
 11
-18.9018
 21
69.677
  0
LINE
  8
0
 10
-18.9018
 20
69.677
 11
-18.3022
 21
69.5282
  0
LINE
  8
0
 10
-18.3022
 20
69.5282
 11
-17.7216
 21
69.4763
  0
LINE
  8
0
 10
-17.7216
 20
69.4763
 11
-17.1608
 21
69.5213
  0
LINE
  8
0
 10
-17.1608
 20
69.5213
 11
-16.6206
 21
69.6625
  0
LINE
  8
0
 10
-16.6206
 20
69.6625
 11
-16.0995
 21
69.8997
  0
LINE
  8
0
 10
-16.0995
 20
69.8997
 11
-15.5983
 21
70.2347
  0
LINE
  8
0
 10
-15.5983
 20
70.2347
 11
-15.1176
 21
70.665
  0
LINE
  8
0
 10
-15.1176
 20
70.665
 11
-14.6568
 21
71.1929
  0
LINE
  8
0
 10
-14.6568
 20
71.1929
 11
-14.2159
 21
71.8155
  0
LINE
  8
0
 10
-14.2159
 20
71.8155
 11
-13.8039
 21
72.5197
  0
LINE
  8
0
 10
-13.8039
 20
72.5197
 11
-13.8008
 21
71.756
  0
LINE
  8
0
 10
-13.8008
 20
71.756
 11
-13.726
 21
71.0938
  0
LINE
  8
0
 10
-13.726
 20
71.0938
 11
-13.5803
 21
70.5536
  0
LINE
  8
0
 10
-13.5803
 20
70.5536
 11
-13.3621
 21
70.134
  0
LINE
  8
0
 10
-13.3621
 20
70.134
 11
-13.0737
 21
69.8372
  0
LINE
  8
0
 10
-13.0737
 20
69.8372
 11
-12.7129
 21
69.6625
  0
LINE
  8
0
 10
-12.7129
 20
69.6625
 11
-12.281
 21
69.6083
  0
LINE
  8
0
 10
-12.281
 20
69.6083
 11
-11.7783
 21
69.6785
  0
LINE
  8
0
 10
-11.7783
 20
69.6785
 11
-11.2045
 21
69.8692
  0
LINE
  8
0
 10
-11.2045
 20
69.8692
 11
-10.5598
 21
70.1813
  0
LINE
  8
0
 10
-10.5598
 20
70.1813
 11
-9.84497
 21
70.6154
  0
LINE
  8
0
 10
-9.84497
 20
70.6154
 11
-9.13696
 21
71.1159
  0
LINE
  8
0
 10
-9.13696
 20
71.1159
 11
-9.84879
 21
70.4948
  0
LINE
  8
0
 10
-9.84879
 20
70.4948
 11
-10.5186
 21
69.8471
  0
LINE
  8
0
 10
-10.5186
 20
69.8471
 11
-11.0725
 21
69.236
  0
LINE
  8
0
 10
-11.0725
 20
69.236
 11
-11.5089
 21
68.6623
  0
LINE
  8
0
 10
-11.5089
 20
68.6623
 11
-11.8301
 21
68.1244
  0
LINE
  8
0
 10
-11.8301
 20
68.1244
 11
-12.0346
 21
67.6239
  0
LINE
  8
0
 10
-12.0346
 20
67.6239
 11
-12.1231
 21
67.1593
  0
LINE
  8
0
 10
-12.1231
 20
67.1593
 11
-12.0941
 21
66.7328
  0
LINE
  8
0
 10
-12.0941
 20
66.7328
 11
-11.9492
 21
66.3422
  0
LINE
  8
0
 10
-11.9492
 20
66.3422
 11
-11.6875
 21
65.9889
  0
LINE
  8
0
 10
-11.6875
 20
65.9889
 11
-11.3098
 21
65.6738
  0
LINE
  8
0
 10
-11.3098
 20
65.6738
 11
-10.8391
 21
65.4076
  0
LINE
  8
0
 10
-10.8391
 20
65.4076
 11
-11.7813
 21
65.5235
  0
LINE
  8
0
 10
-11.7813
 20
65.5235
 11
-12.6572
 21
65.554
  0
LINE
  8
0
 10
-12.6572
 20
65.554
 11
-13.4377
 21
65.4984
  0
LINE
  8
0
 10
-13.4377
 20
65.4984
 11
-14.1235
 21
65.3534
  0
LINE
  8
0
 10
-14.1235
 20
65.3534
 11
-14.7163
 21
65.1222
  0
LINE
  8
0
 10
-14.7163
 20
65.1222
 11
-15.213
 21
64.8026
  0
LINE
  8
0
 10
-15.213
 20
64.8026
 11
-15.6158
 21
64.3959
  0
LINE
  8
0
 10
-15.6158
 20
64.3959
 11
-15.9233
 21
63.9015
  0
LINE
  8
0
 10
-15.9233
 20
63.9015
 11
-16.1354
 21
63.3202
  0
LINE
  8
0
 10
-16.1354
 20
63.3202
 11
-16.2529
 21
62.6503
  0
LINE
  8
0
 10
-16.2529
 20
62.6503
 11
-16.2766
 21
61.8942
  0
LINE
  8
0
 10
-16.2766
 20
61.8942
 11
-16.2079
 21
61.0741
  0
LINE
  8
0
 10
-16.2079
 20
61.0741
 11
-16.5169
 21
61.6013
  0
LINE
  8
0
 10
-16.5169
 20
61.6013
 11
-16.8541
 21
62.0346
  0
LINE
  8
0
 10
-16.8541
 20
62.0346
 11
-17.2066
 21
62.3528
  0
LINE
  8
0
 10
-17.2066
 20
62.3528
 11
-17.5758
 21
62.5557
  0
LINE
  8
0
 10
-17.5758
 20
62.5557
 11
-17.9596
 21
62.6427
  0
LINE
  8
0
 10
-17.9596
 20
62.6427
 11
-18.3586
 21
62.6129
  0
LINE
  8
0
 10
-18.3586
 20
62.6129
 11
-18.7737
 21
62.4687
  0
LINE
  8
0
 10
-18.7737
 20
62.4687
 11
-19.2032
 21
62.2086
  0
LINE
  8
0
 10
-19.2032
 20
62.2086
 11
-19.6472
 21
61.834
  0
LINE
  8
0
 10
-19.6472
 20
61.834
 11
-20.1073
 21
61.3434
  0
LINE
  8
0
 10
-20.1073
 20
61.3434
 11
-20.5818
 21
60.7361
  0
LINE
  8
0
 10
-20.5818
 20
60.7361
 11
-21.0457
 21
60.0533
  0
LINE
  8
0
 10
-21.0457
 20
60.0533
 11
-20.7748
 21
60.7132
  0
LINE
  8
0
 10
20.4948
 20
59.8488
 11
19.8471
 21
60.5186
  0
LINE
  8
0
 10
19.8471
 20
60.5186
 11
19.236
 21
61.0725
  0
LINE
  8
0
 10
19.236
 20
61.0725
 11
18.6623
 21
61.5089
  0
LINE
  8
0
 10
18.6623
 20
61.5089
 11
18.1244
 21
61.8301
  0
LINE
  8
0
 10
18.1244
 20
61.8301
 11
17.6239
 21
62.0346
  0
LINE
  8
0
 10
17.6239
 20
62.0346
 11
17.1593
 21
62.1231
  0
LINE
  8
0
 10
17.1593
 20
62.1231
 11
16.7328
 21
62.0941
  0
LINE
  8
0
 10
16.7328
 20
62.0941
 11
16.3422
 21
61.9492
  0
LINE
  8
0
 10
16.3422
 20
61.9492
 11
15.9889
 21
61.6875
  0
LINE
  8
0
 10
15.9889
 20
61.6875
 11
15.6738
 21
61.3098
  0
LINE
  8
0
 10
15.6738
 20
61.3098
 11
15.4076
 21
60.8391
  0
LINE
  8
0
 10
15.4076
 20
60.8391
 11
15.5235
 21
61.7813
  0
LINE
  8
0
 10
15.5235
 20
61.7813
 11
15.554
 21
62.6572
  0
LINE
  8
0
 10
15.554
 20
62.6572
 11
15.4984
 21
63.4377
  0
LINE
  8
0
 10
15.4984
 20
63.4377
 11
15.3534
 21
64.1235
  0
LINE
  8
0
 10
15.3534
 20
64.1235
 11
15.1222
 21
64.7163
  0
LINE
  8
0
 10
15.1222
 20
64.7163
 11
14.8026
 21
65.213
  0
LINE
  8
0
 10
14.8026
 20
65.213
 11
14.3959
 21
65.6158
  0
LINE
  8
0
 10
14.3959
 20
65.6158
 11
13.9015
 21
65.9233
  0
LINE
  8
0
 10
13.9015
 20
65.9233
 11
13.3202
 21
66.1354
  0
LINE
  8
0
 10
13.3202
 20
66.1354
 11
12.6503
 21
66.2529
  0
LINE
  8
0
 10
12.6503
 20
66.2529
 11
11.8942
 21
66.2766
  0
LINE
  8
0
 10
11.8942
 20
66.2766
 11
11.0741
 21
66.2079
  0
LINE
  8
0
 10
11.0741
 20
66.2079
 11
11.6013
 21
66.5169
  0
LINE
  8
0
 10
11.6013
 20
66.5169
 11
12.0346
 21
66.8541
  0
LINE
  8
0
 10
12.0346
 20
66.8541
 11
12.3528
 21
67.2066
  0
LINE
  8
0
 10
12.3528
 20
67.2066
 11
12.5557
 21
67.5758
  0
LINE
  8
0
 10
12.5557
 20
67.5758
 11
12.6427
 21
67.9596
  0
LINE
  8
0
 10
12.6427
 20
67.9596
 11
12.6129
 21
68.3586
  0
LINE
  8
0
 10
12.6129
 20
68.3586
 11
12.4687
 21
68.7737
  0
LINE
  8
0
 10
12.4687
 20
68.7737
 11
12.2086
 21
69.2032
  0
LINE
  8
0
 10
12.2086
 20
69.2032
 11
11.834
 21
69.6472
  0
LINE
  8
0
 10
11.834
 20
69.6472
 11
11.3434
 21
70.1073
  0
LINE
  8
0
 10
11.3434
 20
70.1073
 11
10.7361
 21
70.5818
  0
LINE
  8
0
 10
10.7361
 20
70.5818
 11
10.0533
 21
71.0457
  0
LINE
  8
0
 10
10.0533
 20
71.0457
 11
10.7132
 21
70.7748
  0
LINE
  8
0
 10
10.7132
 20
70.7748
 11
11.3686
 21
70.5582
  0
LINE
  8
0
 10
11.3686
 20
70.5582
 11
11.9781
 21
70.414
  0
LINE
  8
0
 10
11.9781
 20
70.414
 11
12.5435
 21
70.3407
  0
LINE
  8
0
 10
12.5435
 20
70.3407
 11
13.0615
 21
70.3407
  0
LINE
  8
0
 10
13.0615
 20
70.3407
 11
13.5338
 21
70.4132
  0
LINE
  8
0
 10
13.5338
 20
70.4132
 11
13.9618
 21
70.5582
  0
LINE
  8
0
 10
13.9618
 20
70.5582
 11
14.3425
 21
70.7756
  0
LINE
  8
0
 10
14.3425
 20
70.7756
 11
14.6774
 21
71.064
  0
LINE
  8
0
 10
14.6774
 20
71.064
 11
14.9651
 21
71.4256
  0
LINE
  8
0
 10
14.9651
 20
71.4256
 11
15.2077
 21
71.8582
  0
LINE
  8
0
 10
15.2077
 20
71.8582
 11
15.3992
 21
72.3518
  0
LINE
  8
0
 10
15.3992
 20
72.3518
 11
15.657
 21
71.7247
  0
LINE
  8
0
 10
15.657
 20
71.7247
 11
15.9447
 21
71.1662
  0
LINE
  8
0
 10
15.9447
 20
71.1662
 11
16.2598
 21
70.6917
  0
LINE
  8
0
 10
16.2598
 20
70.6917
 11
16.6
 21
70.3003
  0
LINE
  8
0
 10
16.6
 20
70.3003
 11
16.967
 21
69.9913
  0
LINE
  8
0
 10
16.967
 20
69.9913
 11
17.3607
 21
69.7647
  0
LINE
  8
0
 10
17.3607
 20
69.7647
 11
17.7795
 21
69.6228
  0
LINE
  8
0
 10
17.7795
 20
69.6228
 11
18.2266
 21
69.5625
  0
LINE
  8
0
 10
18.2266
 20
69.5625
 11
18.6981
 21
69.5854
  0
LINE
  8
0
 10
18.6981
 20
69.5854
 11
19.1948
 21
69.693
  0
LINE
  8
0
 10
19.1948
 20
69.693
 11
19.7197
 21
69.8822
  0
LINE
  8
0
 10
19.7197
 20
69.8822
 11
20.2553
 21
70.1477
  0
LINE
  8
0
 10
20.2553
 20
70.1477
 11
19.9211
 21
69.5221
  0
LINE
  8
0
 10
19.9211
 20
69.5221
 11
19.677
 21
68.9018
  0
LINE
  8
0
 10
19.677
 20
68.9018
 11
19.5282
 21
68.3022
  0
LINE
  8
0
 10
19.5282
 20
68.3022
 11
19.4763
 21
67.7216
  0
LINE
  8
0
 10
19.4763
 20
67.7216
 11
19.5213
 21
67.1608
  0
LINE
  8
0
 10
19.5213
 20
67.1608
 11
19.6625
 21
66.6206
  0
LINE
  8
0
 10
19.6625
 20
66.6206
 11
19.8997
 21
66.0995
  0
LINE
  8
0
 10
19.8997
 20
66.0995
 11
20.2347
 21
65.5983
  0
LINE
  8
0
 10
20.2347
 20
65.5983
 11
20.665
 21
65.1176
  0
LINE
  8
0
 10
20.665
 20
65.1176
 11
21.1929
 21
64.6568
  0
LINE
  8
0
 10
21.1929
 20
64.6568
 11
21.8155
 21
64.2159
  0
LINE
  8
0
 10
21.8155
 20
64.2159
 11
22.5197
 21
63.8039
  0
LINE
  8
0
 10
22.5197
 20
63.8039
 11
21.756
 21
63.8008
  0
LINE
  8
0
 10
21.756
 20
63.8008
 11
21.0938
 21
63.726
  0
LINE
  8
0
 10
21.0938
 20
63.726
 11
20.5536
 21
63.5803
  0
LINE
  8
0
 10
20.5536
 20
63.5803
 11
20.134
 21
63.3621
  0
LINE
  8
0
 10
20.134
 20
63.3621
 11
19.8372
 21
63.0737
  0
LINE
  8
0
 10
19.8372
 20
63.0737
 11
19.6625
 21
62.7129
  0
LINE
  8
0
 10
19.6625
 20
62.7129
 11
19.6083
 21
62.281
  0
LINE
  8
0
 10
19.6083
 20
62.281
 11
19.6785
 21
61.7783
  0
LINE
  8
0
 10
19.6785
 20
61.7783
 11
19.8692
 21
61.2045
  0
LINE
  8
0
 10
19.8692
 20
61.2045
 11
20.1813
 21
60.5598
  0
LINE
  8
0
 10
20.1813
 20
60.5598
 11
20.6154
 21
59.845
  0
LINE
  8
0
 10
20.6154
 20
59.845
 11
21.1159
 21
59.137
  0
LINE
  8
0
 10
21.1159
 20
59.137
 11
20.4948
 21
59.8488
  0
LINE
  8
0
 10
-29.5052
 20
59.8488
 11
-30.1529
 21
60.5186
  0
LINE
  8
0
 10
-30.1529
 20
60.5186
 11
-30.764
 21
61.0725
  0
LINE
  8
0
 10
-30.764
 20
61.0725
 11
-31.3377
 21
61.5089
  0
LINE
  8
0
 10
-31.3377
 20
61.5089
 11
-31.8756
 21
61.8301
  0
LINE
  8
0
 10
-31.8756
 20
61.8301
 11
-32.3761
 21
62.0346
  0
LINE
  8
0
 10
-32.3761
 20
62.0346
 11
-32.8407
 21
62.1231
  0
LINE
  8
0
 10
-32.8407
 20
62.1231
 11
-33.2672
 21
62.0941
  0
LINE
  8
0
 10
-33.2672
 20
62.0941
 11
-33.6578
 21
61.9492
  0
LINE
  8
0
 10
-33.6578
 20
61.9492
 11
-34.0111
 21
61.6875
  0
LINE
  8
0
 10
-34.0111
 20
61.6875
 11
-34.3262
 21
61.3098
  0
LINE
  8
0
 10
-34.3262
 20
61.3098
 11
-34.5924
 21
60.8391
  0
LINE
  8
0
 10
-34.5924
 20
60.8391
 11
-34.4765
 21
61.7813
  0
LINE
  8
0
 10
-34.4765
 20
61.7813
 11
-34.446
 21
62.6572
  0
LINE
  8
0
 10
-34.446
 20
62.6572
 11
-34.5016
 21
63.4377
  0
LINE
  8
0
 10
-34.5016
 20
63.4377
 11
-34.6466
 21
64.1235
  0
LINE
  8
0
 10
-34.6466
 20
64.1235
 11
-34.8778
 21
64.7163
  0
LINE
  8
0
 10
-34.8778
 20
64.7163
 11
-35.1974
 21
65.213
  0
LINE
  8
0
 10
-35.1974
 20
65.213
 11
-35.6041
 21
65.6158
  0
LINE
  8
0
 10
-35.6041
 20
65.6158
 11
-36.0985
 21
65.9233
  0
LINE
  8
0
 10
-36.0985
 20
65.9233
 11
-36.6798
 21
66.1354
  0
LINE
  8
0
 10
-36.6798
 20
66.1354
 11
-37.3497
 21
66.2529
  0
LINE
  8
0
 10
-37.3497
 20
66.2529
 11
-38.1058
 21
66.2766
  0
LINE
  8
0
 10
-38.1058
 20
66.2766
 11
-38.9259
 21
66.2079
  0
LINE
  8
0
 10
-38.9259
 20
66.2079
 11
-38.3987
 21
66.5169
  0
LINE
  8
0
 10
-38.3987
 20
66.5169
 11
-37.9654
 21
66.8541
  0
LINE
  8
0
 10
-37.9654
 20
66.8541
 11
-37.6472
 21
67.2066
  0
LINE
  8
0
 10
-37.6472
 20
67.2066
 11
-37.4443
 21
67.5758
  0
LINE
  8
0
 10
-37.4443
 20
67.5758
 11
-37.3573
 21
67.9596
  0
LINE
  8
0
 10
-37.3573
 20
67.9596
 11
-37.3871
 21
68.3586
  0
LINE
  8
0
 10
-37.3871
 20
68.3586
 11
-37.5313
 21
68.7737
  0
LINE
  8
0
 10
-37.5313
 20
68.7737
 11
-37.7914
 21
69.2032
  0
LINE
  8
0
 10
-37.7914
 20
69.2032
 11
-38.166
 21
69.6472
  0
LINE
  8
0
 10
-38.166
 20
69.6472
 11
-38.6566
 21
70.1073
  0
LINE
  8
0
 10
-38.6566
 20
70.1073
 11
-39.2639
 21
70.5818
  0
LINE
  8
0
 10
-39.2639
 20
70.5818
 11
-39.4156
 21
70.6848
  0
LINE
  8
0
 10
-39.4156
 20
70.6848
 11
-39.3746
 21
70.8109
  0
LINE
  8
0
 10
-39.3746
 20
70.8109
 11
-39.2868
 21
70.7748
  0
LINE
  8
0
 10
-39.2868
 20
70.7748
 11
-38.6314
 21
70.5582
  0
LINE
  8
0
 10
-38.6314
 20
70.5582
 11
-38.0219
 21
70.414
  0
LINE
  8
0
 10
-38.0219
 20
70.414
 11
-37.4565
 21
70.3407
  0
LINE
  8
0
 10
-37.4565
 20
70.3407
 11
-36.9385
 21
70.3407
  0
LINE
  8
0
 10
-36.9385
 20
70.3407
 11
-36.4662
 21
70.4132
  0
LINE
  8
0
 10
-36.4662
 20
70.4132
 11
-36.0382
 21
70.5582
  0
LINE
  8
0
 10
-36.0382
 20
70.5582
 11
-35.6575
 21
70.7756
  0
LINE
  8
0
 10
-35.6575
 20
70.7756
 11
-35.3226
 21
71.064
  0
LINE
  8
0
 10
-35.3226
 20
71.064
 11
-35.0349
 21
71.4256
  0
LINE
  8
0
 10
-35.0349
 20
71.4256
 11
-34.7923
 21
71.8582
  0
LINE
  8
0
 10
-34.7923
 20
71.8582
 11
-34.6008
 21
72.3518
  0
LINE
  8
0
 10
-34.6008
 20
72.3518
 11
-34.343
 21
71.7247
  0
LINE
  8
0
 10
-34.343
 20
71.7247
 11
-34.0553
 21
71.1662
  0
LINE
  8
0
 10
-34.0553
 20
71.1662
 11
-33.7402
 21
70.6917
  0
LINE
  8
0
 10
-33.7402
 20
70.6917
 11
-33.4
 21
70.3003
  0
LINE
  8
0
 10
-33.4
 20
70.3003
 11
-33.033
 21
69.9913
  0
LINE
  8
0
 10
-33.033
 20
69.9913
 11
-32.6393
 21
69.7647
  0
LINE
  8
0
 10
-32.6393
 20
69.7647
 11
-32.2205
 21
69.6228
  0
LINE
  8
0
 10
-32.2205
 20
69.6228
 11
-31.7734
 21
69.5625
  0
LINE
  8
0
 10
-31.7734
 20
69.5625
 11
-31.3019
 21
69.5854
  0
LINE
  8
0
 10
-31.3019
 20
69.5854
 11
-30.8052
 21
69.693
  0
LINE
  8
0
 10
-30.8052
 20
69.693
 11
-30.2803
 21
69.8822
  0
LINE
  8
0
 10
-30.2803
 20
69.8822
 11
-29.7447
 21
70.1477
  0
LINE
  8
0
 10
-29.7447
 20
70.1477
 11
-30.0789
 21
69.5221
  0
LINE
  8
0
 10
-30.0789
 20
69.5221
 11
-30.323
 21
68.9018
  0
LINE
  8
0
 10
-30.323
 20
68.9018
 11
-30.4718
 21
68.3022
  0
LINE
  8
0
 10
-30.4718
 20
68.3022
 11
-30.5237
 21
67.7216
  0
LINE
  8
0
 10
-30.5237
 20
67.7216
 11
-30.4787
 21
67.1608
  0
LINE
  8
0
 10
-30.4787
 20
67.1608
 11
-30.3375
 21
66.6206
  0
LINE
  8
0
 10
-30.3375
 20
66.6206
 11
-30.1003
 21
66.0995
  0
LINE
  8
0
 10
-30.1003
 20
66.0995
 11
-29.7653
 21
65.5983
  0
LINE
  8
0
 10
-29.7653
 20
65.5983
 11
-29.335
 21
65.1176
  0
LINE
  8
0
 10
-29.335
 20
65.1176
 11
-28.8071
 21
64.6568
  0
LINE
  8
0
 10
-28.8071
 20
64.6568
 11
-28.1845
 21
64.2159
  0
LINE
  8
0
 10
-28.1845
 20
64.2159
 11
-27.4803
 21
63.8039
  0
LINE
  8
0
 10
-27.4803
 20
63.8039
 11
-28.244
 21
63.8008
  0
LINE
  8
0
 10
-28.244
 20
63.8008
 11
-28.9062
 21
63.726
  0
LINE
  8
0
 10
-28.9062
 20
63.726
 11
-29.4464
 21
63.5803
  0
LINE
  8
0
 10
-29.4464
 20
63.5803
 11
-29.866
 21
63.3621
  0
LINE
  8
0
 10
-29.866
 20
63.3621
 11
-30.1628
 21
63.0737
  0
LINE
  8
0
 10
-30.1628
 20
63.0737
 11
-30.3375
 21
62.7129
  0
LINE
  8
0
 10
-30.3375
 20
62.7129
 11
-30.3917
 21
62.281
  0
LINE
  8
0
 10
-30.3917
 20
62.281
 11
-30.3215
 21
61.7783
  0
LINE
  8
0
 10
-30.3215
 20
61.7783
 11
-30.1308
 21
61.2045
  0
LINE
  8
0
 10
-30.1308
 20
61.2045
 11
-29.8187
 21
60.5598
  0
LINE
  8
0
 10
-29.8187
 20
60.5598
 11
-29.3846
 21
59.845
  0
LINE
  8
0
 10
-29.3846
 20
59.845
 11
-28.8841
 21
59.137
  0
LINE
  8
0
 10
-28.8841
 20
59.137
 11
-29.5052
 21
59.8488
  0
LINE
  8
0
 10
-2.45819
 20
68.2182
 11
-7.30286
 21
65.9569
  0
LINE
  8
0
 10
-7.30286
 20
65.9569
 11
-0.974274
 21
72.1573
  0
LINE
  8
0
 10
-0.974274
 20
72.1573
 11
-0.974274
 21
62.7968
  0
LINE
  8
0
 10
-0.974274
 20
62.7968
 11
-2.45819
 21
68.2182
  0
LINE
  8
0
 10
0.952148
 20
72.1138
 11
7.4707
 21
65.0146
  0
LINE
  8
0
 10
7.4707
 20
65.0146
 11
2.63138
 21
68.2411
  0
LINE
  8
0
 10
2.63138
 20
68.2411
 11
0.952148
 21
61.3953
  0
LINE
  8
0
 10
0.952148
 20
61.3953
 11
0.952148
 21
72.1138
  0
LINE
  8
0
 10
-40.3429
 20
67.8307
 11
-40.3012
 21
67.9591
  0
LINE
  8
0
 10
-40.3012
 20
67.9591
 11
-40.0146
 21
67.5293
  0
LINE
  8
0
 10
-40.0146
 20
67.5293
 11
-40.3429
 21
67.8307
  0
LINE
  8
0
 10
-9.79233
 20
53.141
 11
-10.0342
 21
53.5736
  0
LINE
  8
0
 10
-10.0342
 20
53.5736
 11
-10.3226
 21
53.936
  0
LINE
  8
0
 10
-10.3226
 20
53.936
 11
-10.6575
 21
54.2244
  0
LINE
  8
0
 10
-10.6575
 20
54.2244
 11
-11.0382
 21
54.4418
  0
LINE
  8
0
 10
-11.0382
 20
54.4418
 11
-11.4655
 21
54.586
  0
LINE
  8
0
 10
-11.4655
 20
54.586
 11
-11.9377
 21
54.6585
  0
LINE
  8
0
 10
-11.9377
 20
54.6585
 11
-12.4557
 21
54.6593
  0
LINE
  8
0
 10
-12.4557
 20
54.6593
 11
-13.0211
 21
54.5868
  0
LINE
  8
0
 10
-13.0211
 20
54.5868
 11
-13.6307
 21
54.4418
  0
LINE
  8
0
 10
-13.6307
 20
54.4418
 11
-14.2868
 21
54.2252
  0
LINE
  8
0
 10
-14.2868
 20
54.2252
 11
-14.9467
 21
53.9543
  0
LINE
  8
0
 10
-14.9467
 20
53.9543
 11
-14.2639
 21
54.4182
  0
LINE
  8
0
 10
-14.2639
 20
54.4182
 11
-13.6574
 21
54.8927
  0
LINE
  8
0
 10
-13.6574
 20
54.8927
 11
-13.1668
 21
55.352
  0
LINE
  8
0
 10
-13.1668
 20
55.352
 11
-12.7914
 21
55.7968
  0
LINE
  8
0
 10
-12.7914
 20
55.7968
 11
-12.5313
 21
56.2263
  0
LINE
  8
0
 10
-12.5313
 20
56.2263
 11
-12.3871
 21
56.6414
  0
LINE
  8
0
 10
-12.3871
 20
56.6414
 11
-12.3573
 21
57.0404
  0
LINE
  8
0
 10
-12.3573
 20
57.0404
 11
-12.4443
 21
57.4242
  0
LINE
  8
0
 10
-12.4443
 20
57.4242
 11
-12.6472
 21
57.7934
  0
LINE
  8
0
 10
-12.6472
 20
57.7934
 11
-12.9654
 21
58.1459
  0
LINE
  8
0
 10
-12.9654
 20
58.1459
 11
-13.398
 21
58.4824
  0
LINE
  8
0
 10
-13.398
 20
58.4824
 11
-13.9267
 21
58.7921
  0
LINE
  8
0
 10
-13.9267
 20
58.7921
 11
-13.1065
 21
58.7234
  0
LINE
  8
0
 10
-13.1065
 20
58.7234
 11
-12.3505
 21
58.7463
  0
LINE
  8
0
 10
-12.3505
 20
58.7463
 11
-11.6798
 21
58.8646
  0
LINE
  8
0
 10
-11.6798
 20
58.8646
 11
-11.0985
 21
59.0767
  0
LINE
  8
0
 10
-11.0985
 20
59.0767
 11
-10.6041
 21
59.3842
  0
LINE
  8
0
 10
-10.6041
 20
59.3842
 11
-10.1974
 21
59.787
  0
LINE
  8
0
 10
-10.1974
 20
59.787
 11
-9.87778
 21
60.2837
  0
LINE
  8
0
 10
-9.87778
 20
60.2837
 11
-9.64661
 21
60.8757
  0
LINE
  8
0
 10
-9.64661
 20
60.8757
 11
-9.50241
 21
61.5616
  0
LINE
  8
0
 10
-9.50241
 20
61.5616
 11
-9.44595
 21
62.3421
  0
LINE
  8
0
 10
-9.44595
 20
62.3421
 11
-9.47647
 21
63.2179
  0
LINE
  8
0
 10
-9.47647
 20
63.2179
 11
-9.59244
 21
64.1617
  0
LINE
  8
0
 10
-9.59244
 20
64.1617
 11
-9.32617
 21
63.6902
  0
LINE
  8
0
 10
-9.32617
 20
63.6902
 11
-9.01108
 21
63.3125
  0
LINE
  8
0
 10
-9.01108
 20
63.3125
 11
-8.65784
 21
63.0508
  0
LINE
  8
0
 10
-8.65784
 20
63.0508
 11
-8.26721
 21
62.9059
  0
LINE
  8
0
 10
-8.26721
 20
62.9059
 11
-7.84073
 21
62.8769
  0
LINE
  8
0
 10
-7.84073
 20
62.8769
 11
-7.3761
 21
62.9654
  0
LINE
  8
0
 10
-7.3761
 20
62.9654
 11
-6.87637
 21
63.1699
  0
LINE
  8
0
 10
-6.87637
 20
63.1699
 11
-6.3385
 21
63.4903
  0
LINE
  8
0
 10
-6.3385
 20
63.4903
 11
-5.76401
 21
63.9275
  0
LINE
  8
0
 10
-5.76401
 20
63.9275
 11
-5.15366
 21
64.4806
  0
LINE
  8
0
 10
-5.15366
 20
64.4806
 11
-4.50592
 21
65.1505
  0
LINE
  8
0
 10
-4.50592
 20
65.1505
 11
-3.8826
 21
65.8646
  0
LINE
  8
0
 10
-3.8826
 20
65.8646
 11
-4.38385
 21
65.1558
  0
LINE
  8
0
 10
-4.38385
 20
65.1558
 11
-4.81873
 21
64.4402
  0
LINE
  8
0
 10
-4.81873
 20
64.4402
 11
-5.13077
 21
63.7962
  0
LINE
  8
0
 10
-5.13077
 20
63.7962
 11
-5.3215
 21
63.2225
  0
LINE
  8
0
 10
-5.3215
 20
63.2225
 11
-5.39169
 21
62.719
  0
LINE
  8
0
 10
-5.39169
 20
62.719
 11
-5.33752
 21
62.2871
  0
LINE
  8
0
 10
-5.33752
 20
62.2871
 11
-5.16281
 21
61.9263
  0
LINE
  8
0
 10
-5.16281
 20
61.9263
 11
-4.86603
 21
61.6379
  0
LINE
  8
0
 10
-4.86603
 20
61.6379
 11
-4.44641
 21
61.4197
  0
LINE
  8
0
 10
-4.44641
 20
61.4197
 11
-3.90701
 21
61.2747
  0
LINE
  8
0
 10
-3.90701
 20
61.2747
 11
-3.24478
 21
61.1992
  0
LINE
  8
0
 10
-3.24478
 20
61.1992
 11
-2.48032
 21
61.1961
  0
LINE
  8
0
 10
-2.48032
 20
61.1961
 11
-3.18375
 21
60.7849
  0
LINE
  8
0
 10
-3.18375
 20
60.7849
 11
-3.80707
 21
60.3432
  0
LINE
  8
0
 10
-3.80707
 20
60.3432
 11
-4.33426
 21
59.8831
  0
LINE
  8
0
 10
-4.33426
 20
59.8831
 11
-4.76532
 21
59.4017
  0
LINE
  8
0
 10
-4.76532
 20
59.4017
 11
-5.10025
 21
58.9005
  0
LINE
  8
0
 10
-5.10025
 20
58.9005
 11
-5.33752
 21
58.3794
  0
LINE
  8
0
 10
-5.33752
 20
58.3794
 11
-5.47867
 21
57.8392
  0
LINE
  8
0
 10
-5.47867
 20
57.8392
 11
-5.52368
 21
57.2784
  0
LINE
  8
0
 10
-5.52368
 20
57.2784
 11
-5.4718
 21
56.6978
  0
LINE
  8
0
 10
-5.4718
 20
56.6978
 11
-5.32303
 21
56.0982
  0
LINE
  8
0
 10
-5.32303
 20
56.0982
 11
-5.07889
 21
55.4787
  0
LINE
  8
0
 10
-5.07889
 20
55.4787
 11
-4.74472
 21
54.8523
  0
LINE
  8
0
 10
-4.74472
 20
54.8523
 11
-5.27954
 21
55.1178
  0
LINE
  8
0
 10
-5.27954
 20
55.1178
 11
-5.80444
 21
55.307
  0
LINE
  8
0
 10
-5.80444
 20
55.307
 11
-6.30188
 21
55.4146
  0
LINE
  8
0
 10
-6.30188
 20
55.4146
 11
-6.77338
 21
55.4375
  0
LINE
  8
0
 10
-6.77338
 20
55.4375
 11
-7.22046
 21
55.3772
  0
LINE
  8
0
 10
-7.22046
 20
55.3772
 11
-7.63931
 21
55.2353
  0
LINE
  8
0
 10
-7.63931
 20
55.2353
 11
-8.03299
 21
55.0087
  0
LINE
  8
0
 10
-8.03299
 20
55.0087
 11
-8.39996
 21
54.7005
  0
LINE
  8
0
 10
-8.39996
 20
54.7005
 11
-8.74023
 21
54.3083
  0
LINE
  8
0
 10
-8.74023
 20
54.3083
 11
-9.05457
 21
53.8345
  0
LINE
  8
0
 10
-9.05457
 20
53.8345
 11
-9.34296
 21
53.2761
  0
LINE
  8
0
 10
-9.34296
 20
53.2761
 11
-9.60083
 21
52.6482
  0
LINE
  8
0
 10
-9.60083
 20
52.6482
 11
-9.79233
 21
53.141
  0
LINE
  8
0
 10
10.7849
 20
53.1837
 11
10.3432
 21
53.8071
  0
LINE
  8
0
 10
10.3432
 20
53.8071
 11
9.88312
 21
54.3343
  0
LINE
  8
0
 10
9.88312
 20
54.3343
 11
9.4017
 21
54.7653
  0
LINE
  8
0
 10
9.4017
 20
54.7653
 11
8.90045
 21
55.1003
  0
LINE
  8
0
 10
8.90045
 20
55.1003
 11
8.37936
 21
55.3375
  0
LINE
  8
0
 10
8.37936
 20
55.3375
 11
7.8392
 21
55.4787
  0
LINE
  8
0
 10
7.8392
 20
55.4787
 11
7.27844
 21
55.5237
  0
LINE
  8
0
 10
7.27844
 20
55.5237
 11
6.69785
 21
55.4718
  0
LINE
  8
0
 10
6.69785
 20
55.4718
 11
6.09818
 21
55.323
  0
LINE
  8
0
 10
6.09818
 20
55.323
 11
5.47867
 21
55.0789
  0
LINE
  8
0
 10
5.47867
 20
55.0789
 11
4.85229
 21
54.7447
  0
LINE
  8
0
 10
4.85229
 20
54.7447
 11
5.1178
 21
55.2795
  0
LINE
  8
0
 10
5.1178
 20
55.2795
 11
5.30701
 21
55.8044
  0
LINE
  8
0
 10
5.30701
 20
55.8044
 11
5.41458
 21
56.3019
  0
LINE
  8
0
 10
5.41458
 20
56.3019
 11
5.43747
 21
56.7734
  0
LINE
  8
0
 10
5.43747
 20
56.7734
 11
5.3772
 21
57.2205
  0
LINE
  8
0
 10
5.3772
 20
57.2205
 11
5.23529
 21
57.6393
  0
LINE
  8
0
 10
5.23529
 20
57.6393
 11
5.0087
 21
58.033
  0
LINE
  8
0
 10
5.0087
 20
58.033
 11
4.70047
 21
58.4
  0
LINE
  8
0
 10
4.70047
 20
58.4
 11
4.30832
 21
58.7402
  0
LINE
  8
0
 10
4.30832
 20
58.7402
 11
3.83453
 21
59.0546
  0
LINE
  8
0
 10
3.83453
 20
59.0546
 11
3.27606
 21
59.343
  0
LINE
  8
0
 10
3.27606
 20
59.343
 11
2.64816
 21
59.6008
  0
LINE
  8
0
 10
2.64816
 20
59.6008
 11
3.14102
 21
59.7923
  0
LINE
  8
0
 10
3.14102
 20
59.7923
 11
3.57361
 21
60.0342
  0
LINE
  8
0
 10
3.57361
 20
60.0342
 11
3.936
 21
60.3226
  0
LINE
  8
0
 10
3.936
 20
60.3226
 11
4.2244
 21
60.6575
  0
LINE
  8
0
 10
4.2244
 20
60.6575
 11
4.44183
 21
61.0382
  0
LINE
  8
0
 10
4.44183
 20
61.0382
 11
4.58603
 21
61.4655
  0
LINE
  8
0
 10
4.58603
 20
61.4655
 11
4.65851
 21
61.9377
  0
LINE
  8
0
 10
4.65851
 20
61.9377
 11
4.65927
 21
62.4557
  0
LINE
  8
0
 10
4.65927
 20
62.4557
 11
4.58679
 21
63.0211
  0
LINE
  8
0
 10
4.58679
 20
63.0211
 11
4.44183
 21
63.6307
  0
LINE
  8
0
 10
4.44183
 20
63.6307
 11
4.22516
 21
64.2868
  0
LINE
  8
0
 10
4.22516
 20
64.2868
 11
3.95432
 21
64.9467
  0
LINE
  8
0
 10
3.95432
 20
64.9467
 11
4.41818
 21
64.2639
  0
LINE
  8
0
 10
4.41818
 20
64.2639
 11
4.89273
 21
63.6574
  0
LINE
  8
0
 10
4.89273
 20
63.6574
 11
5.35202
 21
63.1668
  0
LINE
  8
0
 10
5.35202
 20
63.1668
 11
5.79681
 21
62.7914
  0
LINE
  8
0
 10
5.79681
 20
62.7914
 11
6.22635
 21
62.5313
  0
LINE
  8
0
 10
6.22635
 20
62.5313
 11
6.64139
 21
62.3871
  0
LINE
  8
0
 10
6.64139
 20
62.3871
 11
7.04041
 21
62.3573
  0
LINE
  8
0
 10
7.04041
 20
62.3573
 11
7.42416
 21
62.4443
  0
LINE
  8
0
 10
7.42416
 20
62.4443
 11
7.79343
 21
62.6472
  0
LINE
  8
0
 10
7.79343
 20
62.6472
 11
8.1459
 21
62.9654
  0
LINE
  8
0
 10
8.1459
 20
62.9654
 11
8.48236
 21
63.398
  0
LINE
  8
0
 10
8.48236
 20
63.398
 11
8.79211
 21
63.9267
  0
LINE
  8
0
 10
8.79211
 20
63.9267
 11
8.72345
 21
63.1065
  0
LINE
  8
0
 10
8.72345
 20
63.1065
 11
8.74634
 21
62.3505
  0
LINE
  8
0
 10
8.74634
 20
62.3505
 11
8.86459
 21
61.6798
  0
LINE
  8
0
 10
8.86459
 20
61.6798
 11
9.07669
 21
61.0985
  0
LINE
  8
0
 10
9.07669
 20
61.0985
 11
9.38416
 21
60.6041
  0
LINE
  8
0
 10
9.38416
 20
60.6041
 11
9.78699
 21
60.1974
  0
LINE
  8
0
 10
9.78699
 20
60.1974
 11
10.2837
 21
59.8778
  0
LINE
  8
0
 10
10.2837
 20
59.8778
 11
10.8757
 21
59.6466
  0
LINE
  8
0
 10
10.8757
 20
59.6466
 11
11.5616
 21
59.5024
  0
LINE
  8
0
 10
11.5616
 20
59.5024
 11
12.3421
 21
59.446
  0
LINE
  8
0
 10
12.3421
 20
59.446
 11
13.2179
 21
59.4765
  0
LINE
  8
0
 10
13.2179
 20
59.4765
 11
14.1617
 21
59.5924
  0
LINE
  8
0
 10
14.1617
 20
59.5924
 11
13.6902
 21
59.3262
  0
LINE
  8
0
 10
13.6902
 20
59.3262
 11
13.3125
 21
59.0111
  0
LINE
  8
0
 10
13.3125
 20
59.0111
 11
13.0508
 21
58.6578
  0
LINE
  8
0
 10
13.0508
 20
58.6578
 11
12.9059
 21
58.2672
  0
LINE
  8
0
 10
12.9059
 20
58.2672
 11
12.8769
 21
57.8407
  0
LINE
  8
0
 10
12.8769
 20
57.8407
 11
12.9654
 21
57.3761
  0
LINE
  8
0
 10
12.9654
 20
57.3761
 11
13.1699
 21
56.8764
  0
LINE
  8
0
 10
13.1699
 20
56.8764
 11
13.4903
 21
56.3385
  0
LINE
  8
0
 10
13.4903
 20
56.3385
 11
13.9275
 21
55.764
  0
LINE
  8
0
 10
13.9275
 20
55.764
 11
14.4806
 21
55.1537
  0
LINE
  8
0
 10
14.4806
 20
55.1537
 11
15.1505
 21
54.5059
  0
LINE
  8
0
 10
15.1505
 20
54.5059
 11
15.8646
 21
53.8826
  0
LINE
  8
0
 10
15.8646
 20
53.8826
 11
15.1558
 21
54.3839
  0
LINE
  8
0
 10
15.1558
 20
54.3839
 11
14.4402
 21
54.8187
  0
LINE
  8
0
 10
14.4402
 20
54.8187
 11
13.7962
 21
55.1308
  0
LINE
  8
0
 10
13.7962
 20
55.1308
 11
13.2225
 21
55.3215
  0
LINE
  8
0
 10
13.2225
 20
55.3215
 11
12.719
 21
55.3917
  0
LINE
  8
0
 10
12.719
 20
55.3917
 11
12.2871
 21
55.3375
  0
LINE
  8
0
 10
12.2871
 20
55.3375
 11
11.9263
 21
55.1628
  0
LINE
  8
0
 10
11.9263
 20
55.1628
 11
11.6379
 21
54.866
  0
LINE
  8
0
 10
11.6379
 20
54.866
 11
11.4197
 21
54.4464
  0
LINE
  8
0
 10
11.4197
 20
54.4464
 11
11.2747
 21
53.907
  0
LINE
  8
0
 10
11.2747
 20
53.907
 11
11.1992
 21
53.2448
  0
LINE
  8
0
 10
11.1992
 20
53.2448
 11
11.1961
 21
52.4803
  0
LINE
  8
0
 10
11.1961
 20
52.4803
 11
10.7849
 21
53.1837
  0
LINE
  8
0
 10
40.2077
 20
53.141
 11
39.9658
 21
53.5736
  0
LINE
  8
0
 10
39.9658
 20
53.5736
 11
39.6774
 21
53.936
  0
LINE
  8
0
 10
39.6774
 20
53.936
 11
39.3425
 21
54.2244
  0
LINE
  8
0
 10
39.3425
 20
54.2244
 11
38.9618
 21
54.4418
  0
LINE
  8
0
 10
38.9618
 20
54.4418
 11
38.5345
 21
54.586
  0
LINE
  8
0
 10
38.5345
 20
54.586
 11
38.0623
 21
54.6585
  0
LINE
  8
0
 10
38.0623
 20
54.6585
 11
37.5443
 21
54.6593
  0
LINE
  8
0
 10
37.5443
 20
54.6593
 11
36.9789
 21
54.5868
  0
LINE
  8
0
 10
36.9789
 20
54.5868
 11
36.3693
 21
54.4418
  0
LINE
  8
0
 10
36.3693
 20
54.4418
 11
35.7132
 21
54.2252
  0
LINE
  8
0
 10
35.7132
 20
54.2252
 11
35.0533
 21
53.9543
  0
LINE
  8
0
 10
35.0533
 20
53.9543
 11
35.7361
 21
54.4182
  0
LINE
  8
0
 10
35.7361
 20
54.4182
 11
36.3426
 21
54.8927
  0
LINE
  8
0
 10
36.3426
 20
54.8927
 11
36.8332
 21
55.352
  0
LINE
  8
0
 10
36.8332
 20
55.352
 11
37.2086
 21
55.7968
  0
LINE
  8
0
 10
37.2086
 20
55.7968
 11
37.4687
 21
56.2263
  0
LINE
  8
0
 10
37.4687
 20
56.2263
 11
37.6129
 21
56.6414
  0
LINE
  8
0
 10
37.6129
 20
56.6414
 11
37.6427
 21
57.0404
  0
LINE
  8
0
 10
37.6427
 20
57.0404
 11
37.5557
 21
57.4242
  0
LINE
  8
0
 10
37.5557
 20
57.4242
 11
37.3528
 21
57.7934
  0
LINE
  8
0
 10
37.3528
 20
57.7934
 11
37.0346
 21
58.1459
  0
LINE
  8
0
 10
37.0346
 20
58.1459
 11
36.602
 21
58.4824
  0
LINE
  8
0
 10
36.602
 20
58.4824
 11
36.0733
 21
58.7921
  0
LINE
  8
0
 10
36.0733
 20
58.7921
 11
36.8935
 21
58.7234
  0
LINE
  8
0
 10
36.8935
 20
58.7234
 11
37.6495
 21
58.7463
  0
LINE
  8
0
 10
37.6495
 20
58.7463
 11
38.3202
 21
58.8646
  0
LINE
  8
0
 10
38.3202
 20
58.8646
 11
38.9015
 21
59.0767
  0
LINE
  8
0
 10
38.9015
 20
59.0767
 11
39.3959
 21
59.3842
  0
LINE
  8
0
 10
39.3959
 20
59.3842
 11
39.8026
 21
59.787
  0
LINE
  8
0
 10
39.8026
 20
59.787
 11
40.1222
 21
60.2837
  0
LINE
  8
0
 10
40.1222
 20
60.2837
 11
40.3534
 21
60.8757
  0
LINE
  8
0
 10
40.3534
 20
60.8757
 11
40.4976
 21
61.5616
  0
LINE
  8
0
 10
40.4976
 20
61.5616
 11
40.554
 21
62.3421
  0
LINE
  8
0
 10
40.554
 20
62.3421
 11
40.5235
 21
63.2179
  0
LINE
  8
0
 10
40.5235
 20
63.2179
 11
40.4076
 21
64.1617
  0
LINE
  8
0
 10
40.4076
 20
64.1617
 11
40.6738
 21
63.6902
  0
LINE
  8
0
 10
40.6738
 20
63.6902
 11
40.9889
 21
63.3125
  0
LINE
  8
0
 10
40.9889
 20
63.3125
 11
41.3422
 21
63.0508
  0
LINE
  8
0
 10
41.3422
 20
63.0508
 11
41.7328
 21
62.9059
  0
LINE
  8
0
 10
41.7328
 20
62.9059
 11
41.9478
 21
62.8913
  0
LINE
  8
0
 10
41.9478
 20
62.8913
 11
44.4408
 21
55.2186
  0
LINE
  8
0
 10
44.4408
 20
55.2186
 11
44.1956
 21
55.307
  0
LINE
  8
0
 10
44.1956
 20
55.307
 11
43.6981
 21
55.4146
  0
LINE
  8
0
 10
43.6981
 20
55.4146
 11
43.2266
 21
55.4375
  0
LINE
  8
0
 10
43.2266
 20
55.4375
 11
42.7795
 21
55.3772
  0
LINE
  8
0
 10
42.7795
 20
55.3772
 11
42.3607
 21
55.2353
  0
LINE
  8
0
 10
42.3607
 20
55.2353
 11
41.967
 21
55.0087
  0
LINE
  8
0
 10
41.967
 20
55.0087
 11
41.6
 21
54.7005
  0
LINE
  8
0
 10
41.6
 20
54.7005
 11
41.2598
 21
54.3083
  0
LINE
  8
0
 10
41.2598
 20
54.3083
 11
40.9454
 21
53.8345
  0
LINE
  8
0
 10
40.9454
 20
53.8345
 11
40.657
 21
53.2761
  0
LINE
  8
0
 10
40.657
 20
53.2761
 11
40.3992
 21
52.6482
  0
LINE
  8
0
 10
40.3992
 20
52.6482
 11
40.2077
 21
53.141
  0
LINE
  8
0
 10
-39.2151
 20
53.1837
 11
-39.6568
 21
53.8071
  0
LINE
  8
0
 10
-39.6568
 20
53.8071
 11
-40.1169
 21
54.3343
  0
LINE
  8
0
 10
-40.1169
 20
54.3343
 11
-40.5983
 21
54.7653
  0
LINE
  8
0
 10
-40.5983
 20
54.7653
 11
-41.0995
 21
55.1003
  0
LINE
  8
0
 10
-41.0995
 20
55.1003
 11
-41.6206
 21
55.3375
  0
LINE
  8
0
 10
-41.6206
 20
55.3375
 11
-42.1608
 21
55.4787
  0
LINE
  8
0
 10
-42.1608
 20
55.4787
 11
-42.7216
 21
55.5237
  0
LINE
  8
0
 10
-42.7216
 20
55.5237
 11
-43.3022
 21
55.4718
  0
LINE
  8
0
 10
-43.3022
 20
55.4718
 11
-43.9018
 21
55.323
  0
LINE
  8
0
 10
-43.9018
 20
55.323
 11
-44.4811
 21
55.0948
  0
LINE
  8
0
 10
-44.4811
 20
55.0948
 11
-41.9527
 21
62.8764
  0
LINE
  8
0
 10
-41.9527
 20
62.8764
 11
-41.8541
 21
62.9654
  0
LINE
  8
0
 10
-41.8541
 20
62.9654
 11
-41.5176
 21
63.398
  0
LINE
  8
0
 10
-41.5176
 20
63.398
 11
-41.2079
 21
63.9267
  0
LINE
  8
0
 10
-41.2079
 20
63.9267
 11
-41.2766
 21
63.1065
  0
LINE
  8
0
 10
-41.2766
 20
63.1065
 11
-41.2537
 21
62.3505
  0
LINE
  8
0
 10
-41.2537
 20
62.3505
 11
-41.1354
 21
61.6798
  0
LINE
  8
0
 10
-41.1354
 20
61.6798
 11
-40.9233
 21
61.0985
  0
LINE
  8
0
 10
-40.9233
 20
61.0985
 11
-40.6158
 21
60.6041
  0
LINE
  8
0
 10
-40.6158
 20
60.6041
 11
-40.213
 21
60.1974
  0
LINE
  8
0
 10
-40.213
 20
60.1974
 11
-39.7163
 21
59.8778
  0
LINE
  8
0
 10
-39.7163
 20
59.8778
 11
-39.1243
 21
59.6466
  0
LINE
  8
0
 10
-39.1243
 20
59.6466
 11
-38.4384
 21
59.5024
  0
LINE
  8
0
 10
-38.4384
 20
59.5024
 11
-37.6579
 21
59.446
  0
LINE
  8
0
 10
-37.6579
 20
59.446
 11
-36.7821
 21
59.4765
  0
LINE
  8
0
 10
-36.7821
 20
59.4765
 11
-35.8383
 21
59.5924
  0
LINE
  8
0
 10
-35.8383
 20
59.5924
 11
-36.3098
 21
59.3262
  0
LINE
  8
0
 10
-36.3098
 20
59.3262
 11
-36.6875
 21
59.0111
  0
LINE
  8
0
 10
-36.6875
 20
59.0111
 11
-36.9492
 21
58.6578
  0
LINE
  8
0
 10
-36.9492
 20
58.6578
 11
-37.0941
 21
58.2672
  0
LINE
  8
0
 10
-37.0941
 20
58.2672
 11
-37.1231
 21
57.8407
  0
LINE
  8
0
 10
-37.1231
 20
57.8407
 11
-37.0346
 21
57.3761
  0
LINE
  8
0
 10
-37.0346
 20
57.3761
 11
-36.8301
 21
56.8764
  0
LINE
  8
0
 10
-36.8301
 20
56.8764
 11
-36.5097
 21
56.3385
  0
LINE
  8
0
 10
-36.5097
 20
56.3385
 11
-36.0725
 21
55.764
  0
LINE
  8
0
 10
-36.0725
 20
55.764
 11
-35.5194
 21
55.1537
  0
LINE
  8
0
 10
-35.5194
 20
55.1537
 11
-34.8495
 21
54.5059
  0
LINE
  8
0
 10
-34.8495
 20
54.5059
 11
-34.1354
 21
53.8826
  0
LINE
  8
0
 10
-34.1354
 20
53.8826
 11
-34.8442
 21
54.3839
  0
LINE
  8
0
 10
-34.8442
 20
54.3839
 11
-35.5598
 21
54.8187
  0
LINE
  8
0
 10
-35.5598
 20
54.8187
 11
-36.2038
 21
55.1308
  0
LINE
  8
0
 10
-36.2038
 20
55.1308
 11
-36.7775
 21
55.3215
  0
LINE
  8
0
 10
-36.7775
 20
55.3215
 11
-37.281
 21
55.3917
  0
LINE
  8
0
 10
-37.281
 20
55.3917
 11
-37.7129
 21
55.3375
  0
LINE
  8
0
 10
-37.7129
 20
55.3375
 11
-38.0737
 21
55.1628
  0
LINE
  8
0
 10
-38.0737
 20
55.1628
 11
-38.3621
 21
54.866
  0
LINE
  8
0
 10
-38.3621
 20
54.866
 11
-38.5803
 21
54.4464
  0
LINE
  8
0
 10
-38.5803
 20
54.4464
 11
-38.7253
 21
53.907
  0
LINE
  8
0
 10
-38.7253
 20
53.907
 11
-38.8008
 21
53.2448
  0
LINE
  8
0
 10
-38.8008
 20
53.2448
 11
-38.8039
 21
52.4803
  0
LINE
  8
0
 10
-38.8039
 20
52.4803
 11
-39.2151
 21
53.1837
  0
LINE
  8
0
 10
25.9521
 20
63.6047
 11
27.6314
 21
56.7589
  0
LINE
  8
0
 10
27.6314
 20
56.7589
 11
32.4707
 21
59.9854
  0
LINE
  8
0
 10
32.4707
 20
59.9854
 11
25.9521
 21
52.8862
  0
LINE
  8
0
 10
25.9521
 20
52.8862
 11
25.9521
 21
63.6047
  0
LINE
  8
0
 10
-24.0479
 20
63.6047
 11
-22.3686
 21
56.7589
  0
LINE
  8
0
 10
-22.3686
 20
56.7589
 11
-17.5293
 21
59.9854
  0
LINE
  8
0
 10
-17.5293
 20
59.9854
 11
-24.0479
 21
52.8862
  0
LINE
  8
0
 10
-24.0479
 20
52.8862
 11
-24.0479
 21
63.6047
  0
LINE
  8
0
 10
-32.3029
 20
59.0431
 11
-27.4582
 21
56.7818
  0
LINE
  8
0
 10
-27.4582
 20
56.7818
 11
-25.9743
 21
62.2032
  0
LINE
  8
0
 10
-25.9743
 20
62.2032
 11
-25.9743
 21
52.8427
  0
LINE
  8
0
 10
-25.9743
 20
52.8427
 11
-32.3029
 21
59.0431
  0
LINE
  8
0
 10
17.6971
 20
59.0431
 11
22.5418
 21
56.7818
  0
LINE
  8
0
 10
22.5418
 20
56.7818
 11
24.0257
 21
62.2032
  0
LINE
  8
0
 10
24.0257
 20
62.2032
 11
24.0257
 21
52.8427
  0
LINE
  8
0
 10
24.0257
 20
52.8427
 11
17.6971
 21
59.0431
  0
LINE
  8
0
 10
-3.82004
 20
53.9284
 11
-0.98114
 21
59.8656
  0
LINE
  8
0
 10
-0.98114
 20
59.8656
 11
-2.46506
 21
52.6382
  0
LINE
  8
0
 10
-2.46506
 20
52.6382
 11
-9.56268
 21
50.9605
  0
LINE
  8
0
 10
-9.56268
 20
50.9605
 11
-3.82004
 21
53.9284
  0
LINE
  8
0
 10
2.63824
 20
52.4651
 11
0.960541
 21
59.5627
  0
LINE
  8
0
 10
0.960541
 20
59.5627
 11
3.92838
 21
53.82
  0
LINE
  8
0
 10
3.92838
 20
53.82
 11
9.86557
 21
50.9811
  0
LINE
  8
0
 10
9.86557
 20
50.9811
 11
2.63824
 21
52.4651
  0
LINE
  8
0
 10
27.8862
 20
50.9521
 11
34.9854
 21
57.4707
  0
LINE
  8
0
 10
34.9854
 20
57.4707
 11
31.7589
 21
52.6314
  0
LINE
  8
0
 10
31.7589
 20
52.6314
 11
38.6047
 21
50.9521
  0
LINE
  8
0
 10
38.6047
 20
50.9521
 11
27.8862
 21
50.9521
  0
LINE
  8
0
 10
-22.1138
 20
50.9521
 11
-15.0146
 21
57.4707
  0
LINE
  8
0
 10
-15.0146
 20
57.4707
 11
-18.2411
 21
52.6314
  0
LINE
  8
0
 10
-18.2411
 20
52.6314
 11
-11.3953
 21
50.9521
  0
LINE
  8
0
 10
-11.3953
 20
50.9521
 11
-22.1138
 21
50.9521
  0
LINE
  8
0
 10
12.7968
 20
50.9743
 11
18.2182
 21
52.4582
  0
LINE
  8
0
 10
18.2182
 20
52.4582
 11
15.9569
 21
57.3029
  0
LINE
  8
0
 10
15.9569
 20
57.3029
 11
22.1573
 21
50.9743
  0
LINE
  8
0
 10
22.1573
 20
50.9743
 11
12.7968
 21
50.9743
  0
LINE
  8
0
 10
-37.2032
 20
50.9743
 11
-31.7818
 21
52.4582
  0
LINE
  8
0
 10
-31.7818
 20
52.4582
 11
-34.0431
 21
57.3029
  0
LINE
  8
0
 10
-34.0431
 20
57.3029
 11
-27.8427
 21
50.9743
  0
LINE
  8
0
 10
-27.8427
 20
50.9743
 11
-37.2032
 21
50.9743
  0
LINE
  8
0
 10
45.0498
 20
53.3443
 11
45.4401
 21
52.1431
  0
LINE
  8
0
 10
45.4401
 20
52.1431
 11
40.4373
 21
50.9605
  0
LINE
  8
0
 10
40.4373
 20
50.9605
 11
45.0498
 21
53.3443
  0
LINE
  8
0
 10
-45.4622
 20
52.075
 11
-45.0535
 21
53.3332
  0
LINE
  8
0
 10
-45.0535
 20
53.3332
 11
-40.1344
 21
50.9811
  0
LINE
  8
0
 10
-40.1344
 20
50.9811
 11
-45.4622
 21
52.075
  0
LINE
  8
0
 10
-31.7589
 20
47.3686
 11
-38.6047
 21
49.0479
  0
LINE
  8
0
 10
-38.6047
 20
49.0479
 11
-27.8862
 21
49.0479
  0
LINE
  8
0
 10
-27.8862
 20
49.0479
 11
-34.9854
 21
42.5293
  0
LINE
  8
0
 10
-34.9854
 20
42.5293
 11
-31.7589
 21
47.3686
  0
LINE
  8
0
 10
18.2411
 20
47.3686
 11
11.3953
 21
49.0479
  0
LINE
  8
0
 10
11.3953
 20
49.0479
 11
22.1138
 21
49.0479
  0
LINE
  8
0
 10
22.1138
 20
49.0479
 11
15.0146
 21
42.5293
  0
LINE
  8
0
 10
15.0146
 20
42.5293
 11
18.2411
 21
47.3686
  0
LINE
  8
0
 10
-48.4641
 20
42.8362
 11
-46.9487
 21
47.5003
  0
LINE
  8
0
 10
-46.9487
 20
47.5003
 11
-40.4373
 21
49.0395
  0
LINE
  8
0
 10
-40.4373
 20
49.0395
 11
-46.18
 21
46.0716
  0
LINE
  8
0
 10
-46.18
 20
46.0716
 11
-49.0189
 21
40.1344
  0
LINE
  8
0
 10
-49.0189
 20
40.1344
 11
-48.4641
 21
42.8362
  0
LINE
  8
0
 10
2.46506
 20
47.3618
 11
9.56268
 21
49.0395
  0
LINE
  8
0
 10
9.56268
 20
49.0395
 11
3.82004
 21
46.0716
  0
LINE
  8
0
 10
3.82004
 20
46.0716
 11
0.98114
 21
40.1344
  0
LINE
  8
0
 10
0.98114
 20
40.1344
 11
2.46506
 21
47.3618
  0
LINE
  8
0
 10
27.8427
 20
49.0257
 11
37.2032
 21
49.0257
  0
LINE
  8
0
 10
37.2032
 20
49.0257
 11
31.7818
 21
47.5418
  0
LINE
  8
0
 10
31.7818
 20
47.5418
 11
34.0431
 21
42.6971
  0
LINE
  8
0
 10
34.0431
 20
42.6971
 11
27.8427
 21
49.0257
  0
LINE
  8
0
 10
-22.1573
 20
49.0257
 11
-12.7968
 21
49.0257
  0
LINE
  8
0
 10
-12.7968
 20
49.0257
 11
-18.2182
 21
47.5418
  0
LINE
  8
0
 10
-18.2182
 20
47.5418
 11
-15.9569
 21
42.6971
  0
LINE
  8
0
 10
-15.9569
 20
42.6971
 11
-22.1573
 21
49.0257
  0
LINE
  8
0
 10
-3.92838
 20
46.18
 11
-9.86557
 21
49.0189
  0
LINE
  8
0
 10
-9.86557
 20
49.0189
 11
-2.63824
 21
47.5349
  0
LINE
  8
0
 10
-2.63824
 20
47.5349
 11
-0.960541
 21
40.4373
  0
LINE
  8
0
 10
-0.960541
 20
40.4373
 11
-3.92838
 21
46.18
  0
LINE
  8
0
 10
46.0716
 20
46.18
 11
40.1344
 21
49.0189
  0
LINE
  8
0
 10
40.1344
 20
49.0189
 11
46.9071
 21
47.6283
  0
LINE
  8
0
 10
46.9071
 20
47.6283
 11
48.4946
 21
42.7425
  0
LINE
  8
0
 10
48.4946
 20
42.7425
 11
49.0395
 21
40.4373
  0
LINE
  8
0
 10
49.0395
 20
40.4373
 11
46.0716
 21
46.18
  0
LINE
  8
0
 10
45.5818
 20
35.7361
 11
45.1073
 21
36.3426
  0
LINE
  8
0
 10
45.1073
 20
36.3426
 11
44.648
 21
36.8332
  0
LINE
  8
0
 10
44.648
 20
36.8332
 11
44.2032
 21
37.2086
  0
LINE
  8
0
 10
44.2032
 20
37.2086
 11
43.7737
 21
37.4687
  0
LINE
  8
0
 10
43.7737
 20
37.4687
 11
43.3586
 21
37.6129
  0
LINE
  8
0
 10
43.3586
 20
37.6129
 11
42.9596
 21
37.6427
  0
LINE
  8
0
 10
42.9596
 20
37.6427
 11
42.5758
 21
37.5557
  0
LINE
  8
0
 10
42.5758
 20
37.5557
 11
42.2066
 21
37.3528
  0
LINE
  8
0
 10
42.2066
 20
37.3528
 11
41.8541
 21
37.0346
  0
LINE
  8
0
 10
41.8541
 20
37.0346
 11
41.5176
 21
36.602
  0
LINE
  8
0
 10
41.5176
 20
36.602
 11
41.2079
 21
36.0733
  0
LINE
  8
0
 10
41.2079
 20
36.0733
 11
41.2766
 21
36.8935
  0
LINE
  8
0
 10
41.2766
 20
36.8935
 11
41.2537
 21
37.6495
  0
LINE
  8
0
 10
41.2537
 20
37.6495
 11
41.1354
 21
38.3202
  0
LINE
  8
0
 10
41.1354
 20
38.3202
 11
40.9233
 21
38.9015
  0
LINE
  8
0
 10
40.9233
 20
38.9015
 11
40.6158
 21
39.3959
  0
LINE
  8
0
 10
40.6158
 20
39.3959
 11
40.213
 21
39.8026
  0
LINE
  8
0
 10
40.213
 20
39.8026
 11
39.7163
 21
40.1222
  0
LINE
  8
0
 10
39.7163
 20
40.1222
 11
39.1243
 21
40.3534
  0
LINE
  8
0
 10
39.1243
 20
40.3534
 11
38.4384
 21
40.4976
  0
LINE
  8
0
 10
38.4384
 20
40.4976
 11
37.6579
 21
40.554
  0
LINE
  8
0
 10
37.6579
 20
40.554
 11
36.7821
 21
40.5235
  0
LINE
  8
0
 10
36.7821
 20
40.5235
 11
35.8383
 21
40.4076
  0
LINE
  8
0
 10
35.8383
 20
40.4076
 11
36.3098
 21
40.6738
  0
LINE
  8
0
 10
36.3098
 20
40.6738
 11
36.6875
 21
40.9889
  0
LINE
  8
0
 10
36.6875
 20
40.9889
 11
36.9492
 21
41.3422
  0
LINE
  8
0
 10
36.9492
 20
41.3422
 11
37.0941
 21
41.7328
  0
LINE
  8
0
 10
37.0941
 20
41.7328
 11
37.1231
 21
42.1593
  0
LINE
  8
0
 10
37.1231
 20
42.1593
 11
37.0346
 21
42.6239
  0
LINE
  8
0
 10
37.0346
 20
42.6239
 11
36.8301
 21
43.1236
  0
LINE
  8
0
 10
36.8301
 20
43.1236
 11
36.5097
 21
43.6615
  0
LINE
  8
0
 10
36.5097
 20
43.6615
 11
36.0725
 21
44.236
  0
LINE
  8
0
 10
36.0725
 20
44.236
 11
35.5194
 21
44.8463
  0
LINE
  8
0
 10
35.5194
 20
44.8463
 11
34.8495
 21
45.4941
  0
LINE
  8
0
 10
34.8495
 20
45.4941
 11
34.1354
 21
46.1174
  0
LINE
  8
0
 10
34.1354
 20
46.1174
 11
34.8442
 21
45.6161
  0
LINE
  8
0
 10
34.8442
 20
45.6161
 11
35.5598
 21
45.1813
  0
LINE
  8
0
 10
35.5598
 20
45.1813
 11
36.2038
 21
44.8692
  0
LINE
  8
0
 10
36.2038
 20
44.8692
 11
36.7775
 21
44.6785
  0
LINE
  8
0
 10
36.7775
 20
44.6785
 11
37.281
 21
44.6083
  0
LINE
  8
0
 10
37.281
 20
44.6083
 11
37.7129
 21
44.6625
  0
LINE
  8
0
 10
37.7129
 20
44.6625
 11
38.0737
 21
44.8372
  0
LINE
  8
0
 10
38.0737
 20
44.8372
 11
38.3621
 21
45.134
  0
LINE
  8
0
 10
38.3621
 20
45.134
 11
38.5803
 21
45.5536
  0
LINE
  8
0
 10
38.5803
 20
45.5536
 11
38.7253
 21
46.093
  0
LINE
  8
0
 10
38.7253
 20
46.093
 11
38.8008
 21
46.7552
  0
LINE
  8
0
 10
38.8008
 20
46.7552
 11
38.8039
 21
47.5197
  0
LINE
  8
0
 10
38.8039
 20
47.5197
 11
39.2151
 21
46.8163
  0
LINE
  8
0
 10
39.2151
 20
46.8163
 11
39.6568
 21
46.1929
  0
LINE
  8
0
 10
39.6568
 20
46.1929
 11
40.1169
 21
45.6657
  0
LINE
  8
0
 10
40.1169
 20
45.6657
 11
40.5983
 21
45.2347
  0
LINE
  8
0
 10
40.5983
 20
45.2347
 11
41.0995
 21
44.8997
  0
LINE
  8
0
 10
41.0995
 20
44.8997
 11
41.6206
 21
44.6625
  0
LINE
  8
0
 10
41.6206
 20
44.6625
 11
42.1608
 21
44.5213
  0
LINE
  8
0
 10
42.1608
 20
44.5213
 11
42.7216
 21
44.4763
  0
LINE
  8
0
 10
42.7216
 20
44.4763
 11
43.3022
 21
44.5282
  0
LINE
  8
0
 10
43.3022
 20
44.5282
 11
43.9018
 21
44.677
  0
LINE
  8
0
 10
43.9018
 20
44.677
 11
44.5213
 21
44.9211
  0
LINE
  8
0
 10
44.5213
 20
44.9211
 11
45.1477
 21
45.2553
  0
LINE
  8
0
 10
45.1477
 20
45.2553
 11
44.8822
 21
44.7205
  0
LINE
  8
0
 10
44.8822
 20
44.7205
 11
44.693
 21
44.1956
  0
LINE
  8
0
 10
44.693
 20
44.1956
 11
44.5854
 21
43.6981
  0
LINE
  8
0
 10
44.5854
 20
43.6981
 11
44.5625
 21
43.2266
  0
LINE
  8
0
 10
44.5625
 20
43.2266
 11
44.6228
 21
42.7795
  0
LINE
  8
0
 10
44.6228
 20
42.7795
 11
44.7647
 21
42.3607
  0
LINE
  8
0
 10
44.7647
 20
42.3607
 11
44.9913
 21
41.967
  0
LINE
  8
0
 10
44.9913
 20
41.967
 11
45.2995
 21
41.6
  0
LINE
  8
0
 10
45.2995
 20
41.6
 11
45.6917
 21
41.2598
  0
LINE
  8
0
 10
45.6917
 20
41.2598
 11
46.1655
 21
40.9454
  0
LINE
  8
0
 10
46.1655
 20
40.9454
 11
46.7239
 21
40.657
  0
LINE
  8
0
 10
46.7239
 20
40.657
 11
47.3518
 21
40.3992
  0
LINE
  8
0
 10
47.3518
 20
40.3992
 11
46.859
 21
40.2077
  0
LINE
  8
0
 10
46.859
 20
40.2077
 11
46.4264
 21
39.9658
  0
LINE
  8
0
 10
46.4264
 20
39.9658
 11
46.064
 21
39.6774
  0
LINE
  8
0
 10
46.064
 20
39.6774
 11
45.7756
 21
39.3425
  0
LINE
  8
0
 10
45.7756
 20
39.3425
 11
45.5582
 21
38.9618
  0
LINE
  8
0
 10
45.5582
 20
38.9618
 11
45.414
 21
38.5345
  0
LINE
  8
0
 10
45.414
 20
38.5345
 11
45.3415
 21
38.0623
  0
LINE
  8
0
 10
45.3415
 20
38.0623
 11
45.3407
 21
37.5443
  0
LINE
  8
0
 10
45.3407
 20
37.5443
 11
45.4132
 21
36.9789
  0
LINE
  8
0
 10
45.4132
 20
36.9789
 11
45.5582
 21
36.3693
  0
LINE
  8
0
 10
45.5582
 20
36.3693
 11
45.7748
 21
35.7132
  0
LINE
  8
0
 10
45.7748
 20
35.7132
 11
46.0457
 21
35.0533
  0
LINE
  8
0
 10
46.0457
 20
35.0533
 11
45.5818
 21
35.7361
  0
LINE
  8
0
 10
-4.41818
 20
35.7361
 11
-4.89273
 21
36.3426
  0
LINE
  8
0
 10
-4.89273
 20
36.3426
 11
-5.35202
 21
36.8332
  0
LINE
  8
0
 10
-5.35202
 20
36.8332
 11
-5.79681
 21
37.2086
  0
LINE
  8
0
 10
-5.79681
 20
37.2086
 11
-6.22635
 21
37.4687
  0
LINE
  8
0
 10
-6.22635
 20
37.4687
 11
-6.64139
 21
37.6129
  0
LINE
  8
0
 10
-6.64139
 20
37.6129
 11
-7.04041
 21
37.6427
  0
LINE
  8
0
 10
-7.04041
 20
37.6427
 11
-7.42416
 21
37.5557
  0
LINE
  8
0
 10
-7.42416
 20
37.5557
 11
-7.79343
 21
37.3528
  0
LINE
  8
0
 10
-7.79343
 20
37.3528
 11
-8.1459
 21
37.0346
  0
LINE
  8
0
 10
-8.1459
 20
37.0346
 11
-8.48236
 21
36.602
  0
LINE
  8
0
 10
-8.48236
 20
36.602
 11
-8.79211
 21
36.0733
  0
LINE
  8
0
 10
-8.79211
 20
36.0733
 11
-8.72345
 21
36.8935
  0
LINE
  8
0
 10
-8.72345
 20
36.8935
 11
-8.74634
 21
37.6495
  0
LINE
  8
0
 10
-8.74634
 20
37.6495
 11
-8.86459
 21
38.3202
  0
LINE
  8
0
 10
-8.86459
 20
38.3202
 11
-9.07669
 21
38.9015
  0
LINE
  8
0
 10
-9.07669
 20
38.9015
 11
-9.38416
 21
39.3959
  0
LINE
  8
0
 10
-9.38416
 20
39.3959
 11
-9.78699
 21
39.8026
  0
LINE
  8
0
 10
-9.78699
 20
39.8026
 11
-10.2837
 21
40.1222
  0
LINE
  8
0
 10
-10.2837
 20
40.1222
 11
-10.8757
 21
40.3534
  0
LINE
  8
0
 10
-10.8757
 20
40.3534
 11
-11.5616
 21
40.4976
  0
LINE
  8
0
 10
-11.5616
 20
40.4976
 11
-12.3421
 21
40.554
  0
LINE
  8
0
 10
-12.3421
 20
40.554
 11
-13.2179
 21
40.5235
  0
LINE
  8
0
 10
-13.2179
 20
40.5235
 11
-14.1617
 21
40.4076
  0
LINE
  8
0
 10
-14.1617
 20
40.4076
 11
-13.6902
 21
40.6738
  0
LINE
  8
0
 10
-13.6902
 20
40.6738
 11
-13.3125
 21
40.9889
  0
LINE
  8
0
 10
-13.3125
 20
40.9889
 11
-13.0508
 21
41.3422
  0
LINE
  8
0
 10
-13.0508
 20
41.3422
 11
-12.9059
 21
41.7328
  0
LINE
  8
0
 10
-12.9059
 20
41.7328
 11
-12.8769
 21
42.1593
  0
LINE
  8
0
 10
-12.8769
 20
42.1593
 11
-12.9654
 21
42.6239
  0
LINE
  8
0
 10
-12.9654
 20
42.6239
 11
-13.1699
 21
43.1236
  0
LINE
  8
0
 10
-13.1699
 20
43.1236
 11
-13.4903
 21
43.6615
  0
LINE
  8
0
 10
-13.4903
 20
43.6615
 11
-13.9275
 21
44.236
  0
LINE
  8
0
 10
-13.9275
 20
44.236
 11
-14.4806
 21
44.8463
  0
LINE
  8
0
 10
-14.4806
 20
44.8463
 11
-15.1505
 21
45.4941
  0
LINE
  8
0
 10
-15.1505
 20
45.4941
 11
-15.8646
 21
46.1174
  0
LINE
  8
0
 10
-15.8646
 20
46.1174
 11
-15.1558
 21
45.6161
  0
LINE
  8
0
 10
-15.1558
 20
45.6161
 11
-14.4402
 21
45.1813
  0
LINE
  8
0
 10
-14.4402
 20
45.1813
 11
-13.7962
 21
44.8692
  0
LINE
  8
0
 10
-13.7962
 20
44.8692
 11
-13.2225
 21
44.6785
  0
LINE
  8
0
 10
-13.2225
 20
44.6785
 11
-12.719
 21
44.6083
  0
LINE
  8
0
 10
-12.719
 20
44.6083
 11
-12.2871
 21
44.6625
  0
LINE
  8
0
 10
-12.2871
 20
44.6625
 11
-11.9263
 21
44.8372
  0
LINE
  8
0
 10
-11.9263
 20
44.8372
 11
-11.6379
 21
45.134
  0
LINE
  8
0
 10
-11.6379
 20
45.134
 11
-11.4197
 21
45.5536
  0
LINE
  8
0
 10
-11.4197
 20
45.5536
 11
-11.2747
 21
46.093
  0
LINE
  8
0
 10
-11.2747
 20
46.093
 11
-11.1992
 21
46.7552
  0
LINE
  8
0
 10
-11.1992
 20
46.7552
 11
-11.1961
 21
47.5197
  0
LINE
  8
0
 10
-11.1961
 20
47.5197
 11
-10.7849
 21
46.8163
  0
LINE
  8
0
 10
-10.7849
 20
46.8163
 11
-10.3432
 21
46.1929
  0
LINE
  8
0
 10
-10.3432
 20
46.1929
 11
-9.88312
 21
45.6657
  0
LINE
  8
0
 10
-9.88312
 20
45.6657
 11
-9.4017
 21
45.2347
  0
LINE
  8
0
 10
-9.4017
 20
45.2347
 11
-8.90045
 21
44.8997
  0
LINE
  8
0
 10
-8.90045
 20
44.8997
 11
-8.37936
 21
44.6625
  0
LINE
  8
0
 10
-8.37936
 20
44.6625
 11
-7.8392
 21
44.5213
  0
LINE
  8
0
 10
-7.8392
 20
44.5213
 11
-7.27844
 21
44.4763
  0
LINE
  8
0
 10
-7.27844
 20
44.4763
 11
-6.69785
 21
44.5282
  0
LINE
  8
0
 10
-6.69785
 20
44.5282
 11
-6.09818
 21
44.677
  0
LINE
  8
0
 10
-6.09818
 20
44.677
 11
-5.47867
 21
44.9211
  0
LINE
  8
0
 10
-5.47867
 20
44.9211
 11
-4.85229
 21
45.2553
  0
LINE
  8
0
 10
-4.85229
 20
45.2553
 11
-5.1178
 21
44.7205
  0
LINE
  8
0
 10
-5.1178
 20
44.7205
 11
-5.30701
 21
44.1956
  0
LINE
  8
0
 10
-5.30701
 20
44.1956
 11
-5.41458
 21
43.6981
  0
LINE
  8
0
 10
-5.41458
 20
43.6981
 11
-5.43747
 21
43.2266
  0
LINE
  8
0
 10
-5.43747
 20
43.2266
 11
-5.3772
 21
42.7795
  0
LINE
  8
0
 10
-5.3772
 20
42.7795
 11
-5.23529
 21
42.3607
  0
LINE
  8
0
 10
-5.23529
 20
42.3607
 11
-5.0087
 21
41.967
  0
LINE
  8
0
 10
-5.0087
 20
41.967
 11
-4.70047
 21
41.6
  0
LINE
  8
0
 10
-4.70047
 20
41.6
 11
-4.30832
 21
41.2598
  0
LINE
  8
0
 10
-4.30832
 20
41.2598
 11
-3.83453
 21
40.9454
  0
LINE
  8
0
 10
-3.83453
 20
40.9454
 11
-3.27606
 21
40.657
  0
LINE
  8
0
 10
-3.27606
 20
40.657
 11
-2.64816
 21
40.3992
  0
LINE
  8
0
 10
-2.64816
 20
40.3992
 11
-3.14102
 21
40.2077
  0
LINE
  8
0
 10
-3.14102
 20
40.2077
 11
-3.57361
 21
39.9658
  0
LINE
  8
0
 10
-3.57361
 20
39.9658
 11
-3.936
 21
39.6774
  0
LINE
  8
0
 10
-3.936
 20
39.6774
 11
-4.2244
 21
39.3425
  0
LINE
  8
0
 10
-4.2244
 20
39.3425
 11
-4.44183
 21
38.9618
  0
LINE
  8
0
 10
-4.44183
 20
38.9618
 11
-4.58603
 21
38.5345
  0
LINE
  8
0
 10
-4.58603
 20
38.5345
 11
-4.65851
 21
38.0623
  0
LINE
  8
0
 10
-4.65851
 20
38.0623
 11
-4.65927
 21
37.5443
  0
LINE
  8
0
 10
-4.65927
 20
37.5443
 11
-4.58679
 21
36.9789
  0
LINE
  8
0
 10
-4.58679
 20
36.9789
 11
-4.44183
 21
36.3693
  0
LINE
  8
0
 10
-4.44183
 20
36.3693
 11
-4.22516
 21
35.7132
  0
LINE
  8
0
 10
-4.22516
 20
35.7132
 11
-3.95432
 21
35.0533
  0
LINE
  8
0
 10
-3.95432
 20
35.0533
 11
-4.41818
 21
35.7361
  0
LINE
  8
0
 10
4.38385
 20
34.8442
 11
4.81873
 21
35.5598
  0
LINE
  8
0
 10
4.81873
 20
35.5598
 11
5.13077
 21
36.2038
  0
LINE
  8
0
 10
5.13077
 20
36.2038
 11
5.3215
 21
36.7775
  0
LINE
  8
0
 10
5.3215
 20
36.7775
 11
5.39169
 21
37.281
  0
LINE
  8
0
 10
5.39169
 20
37.281
 11
5.33752
 21
37.7129
  0
LINE
  8
0
 10
5.33752
 20
37.7129
 11
5.16281
 21
38.0737
  0
LINE
  8
0
 10
5.16281
 20
38.0737
 11
4.86603
 21
38.3621
  0
LINE
  8
0
 10
4.86603
 20
38.3621
 11
4.44641
 21
38.5803
  0
LINE
  8
0
 10
4.44641
 20
38.5803
 11
3.90701
 21
38.7253
  0
LINE
  8
0
 10
3.90701
 20
38.7253
 11
3.24478
 21
38.8008
  0
LINE
  8
0
 10
3.24478
 20
38.8008
 11
2.48032
 21
38.8039
  0
LINE
  8
0
 10
2.48032
 20
38.8039
 11
3.18375
 21
39.2151
  0
LINE
  8
0
 10
3.18375
 20
39.2151
 11
3.80707
 21
39.6568
  0
LINE
  8
0
 10
3.80707
 20
39.6568
 11
4.33426
 21
40.1169
  0
LINE
  8
0
 10
4.33426
 20
40.1169
 11
4.76532
 21
40.5983
  0
LINE
  8
0
 10
4.76532
 20
40.5983
 11
5.10025
 21
41.0995
  0
LINE
  8
0
 10
5.10025
 20
41.0995
 11
5.33752
 21
41.6206
  0
LINE
  8
0
 10
5.33752
 20
41.6206
 11
5.47867
 21
42.1608
  0
LINE
  8
0
 10
5.47867
 20
42.1608
 11
5.52368
 21
42.7216
  0
LINE
  8
0
 10
5.52368
 20
42.7216
 11
5.4718
 21
43.3022
  0
LINE
  8
0
 10
5.4718
 20
43.3022
 11
5.32303
 21
43.9018
  0
LINE
  8
0
 10
5.32303
 20
43.9018
 11
5.07889
 21
44.5213
  0
LINE
  8
0
 10
5.07889
 20
44.5213
 11
4.74472
 21
45.1477
  0
LINE
  8
0
 10
4.74472
 20
45.1477
 11
5.27954
 21
44.8822
  0
LINE
  8
0
 10
5.27954
 20
44.8822
 11
5.80444
 21
44.693
  0
LINE
  8
0
 10
5.80444
 20
44.693
 11
6.30188
 21
44.5854
  0
LINE
  8
0
 10
6.30188
 20
44.5854
 11
6.77338
 21
44.5625
  0
LINE
  8
0
 10
6.77338
 20
44.5625
 11
7.22046
 21
44.6228
  0
LINE
  8
0
 10
7.22046
 20
44.6228
 11
7.63931
 21
44.7647
  0
LINE
  8
0
 10
7.63931
 20
44.7647
 11
8.03299
 21
44.9913
  0
LINE
  8
0
 10
8.03299
 20
44.9913
 11
8.39996
 21
45.2995
  0
LINE
  8
0
 10
8.39996
 20
45.2995
 11
8.74023
 21
45.6917
  0
LINE
  8
0
 10
8.74023
 20
45.6917
 11
9.05457
 21
46.1655
  0
LINE
  8
0
 10
9.05457
 20
46.1655
 11
9.34296
 21
46.7239
  0
LINE
  8
0
 10
9.34296
 20
46.7239
 11
9.60083
 21
47.3518
  0
LINE
  8
0
 10
9.60083
 20
47.3518
 11
9.79233
 21
46.859
  0
LINE
  8
0
 10
9.79233
 20
46.859
 11
10.0342
 21
46.4264
  0
LINE
  8
0
 10
10.0342
 20
46.4264
 11
10.3226
 21
46.064
  0
LINE
  8
0
 10
10.3226
 20
46.064
 11
10.6575
 21
45.7756
  0
LINE
  8
0
 10
10.6575
 20
45.7756
 11
11.0382
 21
45.5582
  0
LINE
  8
0
 10
11.0382
 20
45.5582
 11
11.4655
 21
45.414
  0
LINE
  8
0
 10
11.4655
 20
45.414
 11
11.9377
 21
45.3415
  0
LINE
  8
0
 10
11.9377
 20
45.3415
 11
12.4557
 21
45.3407
  0
LINE
  8
0
 10
12.4557
 20
45.3407
 11
13.0211
 21
45.4132
  0
LINE
  8
0
 10
13.0211
 20
45.4132
 11
13.6307
 21
45.5582
  0
LINE
  8
0
 10
13.6307
 20
45.5582
 11
14.2868
 21
45.7748
  0
LINE
  8
0
 10
14.2868
 20
45.7748
 11
14.9467
 21
46.0457
  0
LINE
  8
0
 10
14.9467
 20
46.0457
 11
14.2639
 21
45.5818
  0
LINE
  8
0
 10
14.2639
 20
45.5818
 11
13.6574
 21
45.1073
  0
LINE
  8
0
 10
13.6574
 20
45.1073
 11
13.1668
 21
44.648
  0
LINE
  8
0
 10
13.1668
 20
44.648
 11
12.7914
 21
44.2032
  0
LINE
  8
0
 10
12.7914
 20
44.2032
 11
12.5313
 21
43.7737
  0
LINE
  8
0
 10
12.5313
 20
43.7737
 11
12.3871
 21
43.3586
  0
LINE
  8
0
 10
12.3871
 20
43.3586
 11
12.3573
 21
42.9596
  0
LINE
  8
0
 10
12.3573
 20
42.9596
 11
12.4443
 21
42.5758
  0
LINE
  8
0
 10
12.4443
 20
42.5758
 11
12.6472
 21
42.2066
  0
LINE
  8
0
 10
12.6472
 20
42.2066
 11
12.9654
 21
41.8541
  0
LINE
  8
0
 10
12.9654
 20
41.8541
 11
13.398
 21
41.5176
  0
LINE
  8
0
 10
13.398
 20
41.5176
 11
13.9267
 21
41.2079
  0
LINE
  8
0
 10
13.9267
 20
41.2079
 11
13.1065
 21
41.2766
  0
LINE
  8
0
 10
13.1065
 20
41.2766
 11
12.3505
 21
41.2537
  0
LINE
  8
0
 10
12.3505
 20
41.2537
 11
11.6798
 21
41.1354
  0
LINE
  8
0
 10
11.6798
 20
41.1354
 11
11.0985
 21
40.9233
  0
LINE
  8
0
 10
11.0985
 20
40.9233
 11
10.6041
 21
40.6158
  0
LINE
  8
0
 10
10.6041
 20
40.6158
 11
10.1974
 21
40.213
  0
LINE
  8
0
 10
10.1974
 20
40.213
 11
9.87778
 21
39.7163
  0
LINE
  8
0
 10
9.87778
 20
39.7163
 11
9.64661
 21
39.1243
  0
LINE
  8
0
 10
9.64661
 20
39.1243
 11
9.50241
 21
38.4384
  0
LINE
  8
0
 10
9.50241
 20
38.4384
 11
9.44595
 21
37.6579
  0
LINE
  8
0
 10
9.44595
 20
37.6579
 11
9.47647
 21
36.7821
  0
LINE
  8
0
 10
9.47647
 20
36.7821
 11
9.59244
 21
35.8383
  0
LINE
  8
0
 10
9.59244
 20
35.8383
 11
9.32617
 21
36.3098
  0
LINE
  8
0
 10
9.32617
 20
36.3098
 11
9.01108
 21
36.6875
  0
LINE
  8
0
 10
9.01108
 20
36.6875
 11
8.65784
 21
36.9492
  0
LINE
  8
0
 10
8.65784
 20
36.9492
 11
8.26721
 21
37.0941
  0
LINE
  8
0
 10
8.26721
 20
37.0941
 11
7.84073
 21
37.1231
  0
LINE
  8
0
 10
7.84073
 20
37.1231
 11
7.3761
 21
37.0346
  0
LINE
  8
0
 10
7.3761
 20
37.0346
 11
6.87637
 21
36.8301
  0
LINE
  8
0
 10
6.87637
 20
36.8301
 11
6.3385
 21
36.5097
  0
LINE
  8
0
 10
6.3385
 20
36.5097
 11
5.76401
 21
36.0725
  0
LINE
  8
0
 10
5.76401
 20
36.0725
 11
5.15366
 21
35.5194
  0
LINE
  8
0
 10
5.15366
 20
35.5194
 11
4.50592
 21
34.8495
  0
LINE
  8
0
 10
4.50592
 20
34.8495
 11
3.8826
 21
34.1354
  0
LINE
  8
0
 10
3.8826
 20
34.1354
 11
4.38385
 21
34.8442
  0
LINE
  8
0
 10
-45.6161
 20
34.8442
 11
-45.1813
 21
35.5598
  0
LINE
  8
0
 10
-45.1813
 20
35.5598
 11
-44.8692
 21
36.2038
  0
LINE
  8
0
 10
-44.8692
 20
36.2038
 11
-44.6785
 21
36.7775
  0
LINE
  8
0
 10
-44.6785
 20
36.7775
 11
-44.6083
 21
37.281
  0
LINE
  8
0
 10
-44.6083
 20
37.281
 11
-44.6625
 21
37.7129
  0
LINE
  8
0
 10
-44.6625
 20
37.7129
 11
-44.8372
 21
38.0737
  0
LINE
  8
0
 10
-44.8372
 20
38.0737
 11
-45.134
 21
38.3621
  0
LINE
  8
0
 10
-45.134
 20
38.3621
 11
-45.5536
 21
38.5803
  0
LINE
  8
0
 10
-45.5536
 20
38.5803
 11
-46.093
 21
38.7253
  0
LINE
  8
0
 10
-46.093
 20
38.7253
 11
-46.7552
 21
38.8008
  0
LINE
  8
0
 10
-46.7552
 20
38.8008
 11
-47.5197
 21
38.8039
  0
LINE
  8
0
 10
-47.5197
 20
38.8039
 11
-46.8163
 21
39.2151
  0
LINE
  8
0
 10
-46.8163
 20
39.2151
 11
-46.1929
 21
39.6568
  0
LINE
  8
0
 10
-46.1929
 20
39.6568
 11
-45.6657
 21
40.1169
  0
LINE
  8
0
 10
-45.6657
 20
40.1169
 11
-45.2347
 21
40.5983
  0
LINE
  8
0
 10
-45.2347
 20
40.5983
 11
-44.8997
 21
41.0995
  0
LINE
  8
0
 10
-44.8997
 20
41.0995
 11
-44.6625
 21
41.6206
  0
LINE
  8
0
 10
-44.6625
 20
41.6206
 11
-44.5213
 21
42.1608
  0
LINE
  8
0
 10
-44.5213
 20
42.1608
 11
-44.4763
 21
42.7216
  0
LINE
  8
0
 10
-44.4763
 20
42.7216
 11
-44.5282
 21
43.3022
  0
LINE
  8
0
 10
-44.5282
 20
43.3022
 11
-44.677
 21
43.9018
  0
LINE
  8
0
 10
-44.677
 20
43.9018
 11
-44.9211
 21
44.5213
  0
LINE
  8
0
 10
-44.9211
 20
44.5213
 11
-45.2553
 21
45.1477
  0
LINE
  8
0
 10
-45.2553
 20
45.1477
 11
-44.7205
 21
44.8822
  0
LINE
  8
0
 10
-44.7205
 20
44.8822
 11
-44.1956
 21
44.693
  0
LINE
  8
0
 10
-44.1956
 20
44.693
 11
-43.6981
 21
44.5854
  0
LINE
  8
0
 10
-43.6981
 20
44.5854
 11
-43.2266
 21
44.5625
  0
LINE
  8
0
 10
-43.2266
 20
44.5625
 11
-42.7795
 21
44.6228
  0
LINE
  8
0
 10
-42.7795
 20
44.6228
 11
-42.3607
 21
44.7647
  0
LINE
  8
0
 10
-42.3607
 20
44.7647
 11
-41.967
 21
44.9913
  0
LINE
  8
0
 10
-41.967
 20
44.9913
 11
-41.6
 21
45.2995
  0
LINE
  8
0
 10
-41.6
 20
45.2995
 11
-41.2598
 21
45.6917
  0
LINE
  8
0
 10
-41.2598
 20
45.6917
 11
-40.9454
 21
46.1655
  0
LINE
  8
0
 10
-40.9454
 20
46.1655
 11
-40.657
 21
46.7239
  0
LINE
  8
0
 10
-40.657
 20
46.7239
 11
-40.3992
 21
47.3518
  0
LINE
  8
0
 10
-40.3992
 20
47.3518
 11
-40.2077
 21
46.859
  0
LINE
  8
0
 10
-40.2077
 20
46.859
 11
-39.9658
 21
46.4264
  0
LINE
  8
0
 10
-39.9658
 20
46.4264
 11
-39.6774
 21
46.064
  0
LINE
  8
0
 10
-39.6774
 20
46.064
 11
-39.3425
 21
45.7756
  0
LINE
  8
0
 10
-39.3425
 20
45.7756
 11
-38.9618
 21
45.5582
  0
LINE
  8
0
 10
-38.9618
 20
45.5582
 11
-38.5345
 21
45.414
  0
LINE
  8
0
 10
-38.5345
 20
45.414
 11
-38.0623
 21
45.3415
  0
LINE
  8
0
 10
-38.0623
 20
45.3415
 11
-37.5443
 21
45.3407
  0
LINE
  8
0
 10
-37.5443
 20
45.3407
 11
-36.9789
 21
45.4132
  0
LINE
  8
0
 10
-36.9789
 20
45.4132
 11
-36.3693
 21
45.5582
  0
LINE
  8
0
 10
-36.3693
 20
45.5582
 11
-35.7132
 21
45.7748
  0
LINE
  8
0
 10
-35.7132
 20
45.7748
 11
-35.0533
 21
46.0457
  0
LINE
  8
0
 10
-35.0533
 20
46.0457
 11
-35.7361
 21
45.5818
  0
LINE
  8
0
 10
-35.7361
 20
45.5818
 11
-36.3426
 21
45.1073
  0
LINE
  8
0
 10
-36.3426
 20
45.1073
 11
-36.8332
 21
44.648
  0
LINE
  8
0
 10
-36.8332
 20
44.648
 11
-37.2086
 21
44.2032
  0
LINE
  8
0
 10
-37.2086
 20
44.2032
 11
-37.4687
 21
43.7737
  0
LINE
  8
0
 10
-37.4687
 20
43.7737
 11
-37.6129
 21
43.3586
  0
LINE
  8
0
 10
-37.6129
 20
43.3586
 11
-37.6427
 21
42.9596
  0
LINE
  8
0
 10
-37.6427
 20
42.9596
 11
-37.5557
 21
42.5758
  0
LINE
  8
0
 10
-37.5557
 20
42.5758
 11
-37.3528
 21
42.2066
  0
LINE
  8
0
 10
-37.3528
 20
42.2066
 11
-37.0346
 21
41.8541
  0
LINE
  8
0
 10
-37.0346
 20
41.8541
 11
-36.602
 21
41.5176
  0
LINE
  8
0
 10
-36.602
 20
41.5176
 11
-36.0733
 21
41.2079
  0
LINE
  8
0
 10
-36.0733
 20
41.2079
 11
-36.8935
 21
41.2766
  0
LINE
  8
0
 10
-36.8935
 20
41.2766
 11
-37.6495
 21
41.2537
  0
LINE
  8
0
 10
-37.6495
 20
41.2537
 11
-38.3202
 21
41.1354
  0
LINE
  8
0
 10
-38.3202
 20
41.1354
 11
-38.9015
 21
40.9233
  0
LINE
  8
0
 10
-38.9015
 20
40.9233
 11
-39.3959
 21
40.6158
  0
LINE
  8
0
 10
-39.3959
 20
40.6158
 11
-39.8026
 21
40.213
  0
LINE
  8
0
 10
-39.8026
 20
40.213
 11
-40.1222
 21
39.7163
  0
LINE
  8
0
 10
-40.1222
 20
39.7163
 11
-40.3534
 21
39.1243
  0
LINE
  8
0
 10
-40.3534
 20
39.1243
 11
-40.4976
 21
38.4384
  0
LINE
  8
0
 10
-40.4976
 20
38.4384
 11
-40.554
 21
37.6579
  0
LINE
  8
0
 10
-40.554
 20
37.6579
 11
-40.5235
 21
36.7821
  0
LINE
  8
0
 10
-40.5235
 20
36.7821
 11
-40.4076
 21
35.8383
  0
LINE
  8
0
 10
-40.4076
 20
35.8383
 11
-40.6738
 21
36.3098
  0
LINE
  8
0
 10
-40.6738
 20
36.3098
 11
-40.9889
 21
36.6875
  0
LINE
  8
0
 10
-40.9889
 20
36.6875
 11
-41.3422
 21
36.9492
  0
LINE
  8
0
 10
-41.3422
 20
36.9492
 11
-41.7328
 21
37.0941
  0
LINE
  8
0
 10
-41.7328
 20
37.0941
 11
-42.1593
 21
37.1231
  0
LINE
  8
0
 10
-42.1593
 20
37.1231
 11
-42.6239
 21
37.0346
  0
LINE
  8
0
 10
-42.6239
 20
37.0346
 11
-43.1236
 21
36.8301
  0
LINE
  8
0
 10
-43.1236
 20
36.8301
 11
-43.6615
 21
36.5097
  0
LINE
  8
0
 10
-43.6615
 20
36.5097
 11
-44.236
 21
36.0725
  0
LINE
  8
0
 10
-44.236
 20
36.0725
 11
-44.8463
 21
35.5194
  0
LINE
  8
0
 10
-44.8463
 20
35.5194
 11
-45.4941
 21
34.8495
  0
LINE
  8
0
 10
-45.4941
 20
34.8495
 11
-46.1174
 21
34.1354
  0
LINE
  8
0
 10
-46.1174
 20
34.1354
 11
-45.6161
 21
34.8442
  0
LINE
  8
0
 10
25.9743
 20
47.1573
 11
32.3029
 21
40.9569
  0
LINE
  8
0
 10
32.3029
 20
40.9569
 11
27.4582
 21
43.2182
  0
LINE
  8
0
 10
27.4582
 20
43.2182
 11
25.9743
 21
37.7968
  0
LINE
  8
0
 10
25.9743
 20
37.7968
 11
25.9743
 21
47.1573
  0
LINE
  8
0
 10
-24.0257
 20
47.1573
 11
-17.6971
 21
40.9569
  0
LINE
  8
0
 10
-17.6971
 20
40.9569
 11
-22.5418
 21
43.2182
  0
LINE
  8
0
 10
-22.5418
 20
43.2182
 11
-24.0257
 21
37.7968
  0
LINE
  8
0
 10
-24.0257
 20
37.7968
 11
-24.0257
 21
47.1573
  0
LINE
  8
0
 10
22.3686
 20
43.2411
 11
17.5293
 21
40.0146
  0
LINE
  8
0
 10
17.5293
 20
40.0146
 11
24.0479
 21
47.1138
  0
LINE
  8
0
 10
24.0479
 20
47.1138
 11
24.0479
 21
36.3953
  0
LINE
  8
0
 10
24.0479
 20
36.3953
 11
22.3686
 21
43.2411
  0
LINE
  8
0
 10
-27.6314
 20
43.2411
 11
-32.4707
 21
40.0146
  0
LINE
  8
0
 10
-32.4707
 20
40.0146
 11
-25.9521
 21
47.1138
  0
LINE
  8
0
 10
-25.9521
 20
47.1138
 11
-25.9521
 21
36.3953
  0
LINE
  8
0
 10
-25.9521
 20
36.3953
 11
-27.6314
 21
43.2411
  0
LINE
  8
0
 10
-15.657
 20
28.2753
 11
-15.9447
 21
28.8338
  0
LINE
  8
0
 10
-15.9447
 20
28.8338
 11
-16.2598
 21
29.3083
  0
LINE
  8
0
 10
-16.2598
 20
29.3083
 11
-16.6
 21
29.6997
  0
LINE
  8
0
 10
-16.6
 20
29.6997
 11
-16.967
 21
30.0087
  0
LINE
  8
0
 10
-16.967
 20
30.0087
 11
-17.3607
 21
30.2353
  0
LINE
  8
0
 10
-17.3607
 20
30.2353
 11
-17.7795
 21
30.3772
  0
LINE
  8
0
 10
-17.7795
 20
30.3772
 11
-18.2266
 21
30.4375
  0
LINE
  8
0
 10
-18.2266
 20
30.4375
 11
-18.6981
 21
30.4146
  0
LINE
  8
0
 10
-18.6981
 20
30.4146
 11
-19.1948
 21
30.307
  0
LINE
  8
0
 10
-19.1948
 20
30.307
 11
-19.7197
 21
30.1178
  0
LINE
  8
0
 10
-19.7197
 20
30.1178
 11
-20.2553
 21
29.8523
  0
LINE
  8
0
 10
-20.2553
 20
29.8523
 11
-19.9211
 21
30.4779
  0
LINE
  8
0
 10
-19.9211
 20
30.4779
 11
-19.677
 21
31.0982
  0
LINE
  8
0
 10
-19.677
 20
31.0982
 11
-19.5282
 21
31.6978
  0
LINE
  8
0
 10
-19.5282
 20
31.6978
 11
-19.4763
 21
32.2784
  0
LINE
  8
0
 10
-19.4763
 20
32.2784
 11
-19.5213
 21
32.8392
  0
LINE
  8
0
 10
-19.5213
 20
32.8392
 11
-19.6625
 21
33.3794
  0
LINE
  8
0
 10
-19.6625
 20
33.3794
 11
-19.8997
 21
33.9005
  0
LINE
  8
0
 10
-19.8997
 20
33.9005
 11
-20.2347
 21
34.4017
  0
LINE
  8
0
 10
-20.2347
 20
34.4017
 11
-20.665
 21
34.8824
  0
LINE
  8
0
 10
-20.665
 20
34.8824
 11
-21.1929
 21
35.3432
  0
LINE
  8
0
 10
-21.1929
 20
35.3432
 11
-21.8155
 21
35.7841
  0
LINE
  8
0
 10
-21.8155
 20
35.7841
 11
-22.5197
 21
36.1961
  0
LINE
  8
0
 10
-22.5197
 20
36.1961
 11
-21.756
 21
36.1992
  0
LINE
  8
0
 10
-21.756
 20
36.1992
 11
-21.0938
 21
36.274
  0
LINE
  8
0
 10
-21.0938
 20
36.274
 11
-20.5536
 21
36.4197
  0
LINE
  8
0
 10
-20.5536
 20
36.4197
 11
-20.134
 21
36.6379
  0
LINE
  8
0
 10
-20.134
 20
36.6379
 11
-19.8372
 21
36.9263
  0
LINE
  8
0
 10
-19.8372
 20
36.9263
 11
-19.6625
 21
37.2871
  0
LINE
  8
0
 10
-19.6625
 20
37.2871
 11
-19.6083
 21
37.719
  0
LINE
  8
0
 10
-19.6083
 20
37.719
 11
-19.6785
 21
38.2217
  0
LINE
  8
0
 10
-19.6785
 20
38.2217
 11
-19.8692
 21
38.7955
  0
LINE
  8
0
 10
-19.8692
 20
38.7955
 11
-20.1813
 21
39.4402
  0
LINE
  8
0
 10
-20.1813
 20
39.4402
 11
-20.6154
 21
40.155
  0
LINE
  8
0
 10
-20.6154
 20
40.155
 11
-21.1159
 21
40.863
  0
LINE
  8
0
 10
-21.1159
 20
40.863
 11
-20.4948
 21
40.1512
  0
LINE
  8
0
 10
-20.4948
 20
40.1512
 11
-19.8471
 21
39.4814
  0
LINE
  8
0
 10
-19.8471
 20
39.4814
 11
-19.236
 21
38.9275
  0
LINE
  8
0
 10
-19.236
 20
38.9275
 11
-18.6623
 21
38.4911
  0
LINE
  8
0
 10
-18.6623
 20
38.4911
 11
-18.1244
 21
38.1699
  0
LINE
  8
0
 10
-18.1244
 20
38.1699
 11
-17.6239
 21
37.9654
  0
LINE
  8
0
 10
-17.6239
 20
37.9654
 11
-17.1593
 21
37.8769
  0
LINE
  8
0
 10
-17.1593
 20
37.8769
 11
-16.7328
 21
37.9059
  0
LINE
  8
0
 10
-16.7328
 20
37.9059
 11
-16.3422
 21
38.0508
  0
LINE
  8
0
 10
-16.3422
 20
38.0508
 11
-15.9889
 21
38.3125
  0
LINE
  8
0
 10
-15.9889
 20
38.3125
 11
-15.6738
 21
38.6902
  0
LINE
  8
0
 10
-15.6738
 20
38.6902
 11
-15.4076
 21
39.1609
  0
LINE
  8
0
 10
-15.4076
 20
39.1609
 11
-15.5235
 21
38.2187
  0
LINE
  8
0
 10
-15.5235
 20
38.2187
 11
-15.554
 21
37.3428
  0
LINE
  8
0
 10
-15.554
 20
37.3428
 11
-15.4984
 21
36.5623
  0
LINE
  8
0
 10
-15.4984
 20
36.5623
 11
-15.3534
 21
35.8765
  0
LINE
  8
0
 10
-15.3534
 20
35.8765
 11
-15.1222
 21
35.2837
  0
LINE
  8
0
 10
-15.1222
 20
35.2837
 11
-14.8026
 21
34.787
  0
LINE
  8
0
 10
-14.8026
 20
34.787
 11
-14.3959
 21
34.3842
  0
LINE
  8
0
 10
-14.3959
 20
34.3842
 11
-13.9015
 21
34.0767
  0
LINE
  8
0
 10
-13.9015
 20
34.0767
 11
-13.3202
 21
33.8646
  0
LINE
  8
0
 10
-13.3202
 20
33.8646
 11
-12.6503
 21
33.7471
  0
LINE
  8
0
 10
-12.6503
 20
33.7471
 11
-11.8942
 21
33.7234
  0
LINE
  8
0
 10
-11.8942
 20
33.7234
 11
-11.0741
 21
33.7921
  0
LINE
  8
0
 10
-11.0741
 20
33.7921
 11
-11.6013
 21
33.4831
  0
LINE
  8
0
 10
-11.6013
 20
33.4831
 11
-12.0346
 21
33.1459
  0
LINE
  8
0
 10
-12.0346
 20
33.1459
 11
-12.3528
 21
32.7934
  0
LINE
  8
0
 10
-12.3528
 20
32.7934
 11
-12.5557
 21
32.4242
  0
LINE
  8
0
 10
-12.5557
 20
32.4242
 11
-12.6427
 21
32.0404
  0
LINE
  8
0
 10
-12.6427
 20
32.0404
 11
-12.6129
 21
31.6414
  0
LINE
  8
0
 10
-12.6129
 20
31.6414
 11
-12.4687
 21
31.2263
  0
LINE
  8
0
 10
-12.4687
 20
31.2263
 11
-12.2086
 21
30.7968
  0
LINE
  8
0
 10
-12.2086
 20
30.7968
 11
-11.834
 21
30.3528
  0
LINE
  8
0
 10
-11.834
 20
30.3528
 11
-11.3434
 21
29.8927
  0
LINE
  8
0
 10
-11.3434
 20
29.8927
 11
-10.7361
 21
29.4182
  0
LINE
  8
0
 10
-10.7361
 20
29.4182
 11
-10.0533
 21
28.9543
  0
LINE
  8
0
 10
-10.0533
 20
28.9543
 11
-10.7132
 21
29.2252
  0
LINE
  8
0
 10
-10.7132
 20
29.2252
 11
-11.3686
 21
29.4418
  0
LINE
  8
0
 10
-11.3686
 20
29.4418
 11
-11.9781
 21
29.586
  0
LINE
  8
0
 10
-11.9781
 20
29.586
 11
-12.5435
 21
29.6593
  0
LINE
  8
0
 10
-12.5435
 20
29.6593
 11
-13.0615
 21
29.6593
  0
LINE
  8
0
 10
-13.0615
 20
29.6593
 11
-13.5338
 21
29.5868
  0
LINE
  8
0
 10
-13.5338
 20
29.5868
 11
-13.9618
 21
29.4418
  0
LINE
  8
0
 10
-13.9618
 20
29.4418
 11
-14.3425
 21
29.2244
  0
LINE
  8
0
 10
-14.3425
 20
29.2244
 11
-14.6774
 21
28.936
  0
LINE
  8
0
 10
-14.6774
 20
28.936
 11
-14.9651
 21
28.5744
  0
LINE
  8
0
 10
-14.9651
 20
28.5744
 11
-15.2077
 21
28.1418
  0
LINE
  8
0
 10
-15.2077
 20
28.1418
 11
-15.3992
 21
27.6482
  0
LINE
  8
0
 10
-15.3992
 20
27.6482
 11
-15.657
 21
28.2753
  0
LINE
  8
0
 10
34.343
 20
28.2753
 11
34.0553
 21
28.8338
  0
LINE
  8
0
 10
34.0553
 20
28.8338
 11
33.7402
 21
29.3083
  0
LINE
  8
0
 10
33.7402
 20
29.3083
 11
33.4
 21
29.6997
  0
LINE
  8
0
 10
33.4
 20
29.6997
 11
33.033
 21
30.0087
  0
LINE
  8
0
 10
33.033
 20
30.0087
 11
32.6393
 21
30.2353
  0
LINE
  8
0
 10
32.6393
 20
30.2353
 11
32.2205
 21
30.3772
  0
LINE
  8
0
 10
32.2205
 20
30.3772
 11
31.7734
 21
30.4375
  0
LINE
  8
0
 10
31.7734
 20
30.4375
 11
31.3019
 21
30.4146
  0
LINE
  8
0
 10
31.3019
 20
30.4146
 11
30.8052
 21
30.307
  0
LINE
  8
0
 10
30.8052
 20
30.307
 11
30.2803
 21
30.1178
  0
LINE
  8
0
 10
30.2803
 20
30.1178
 11
29.7447
 21
29.8523
  0
LINE
  8
0
 10
29.7447
 20
29.8523
 11
30.0789
 21
30.4779
  0
LINE
  8
0
 10
30.0789
 20
30.4779
 11
30.323
 21
31.0982
  0
LINE
  8
0
 10
30.323
 20
31.0982
 11
30.4718
 21
31.6978
  0
LINE
  8
0
 10
30.4718
 20
31.6978
 11
30.5237
 21
32.2784
  0
LINE
  8
0
 10
30.5237
 20
32.2784
 11
30.4787
 21
32.8392
  0
LINE
  8
0
 10
30.4787
 20
32.8392
 11
30.3375
 21
33.3794
  0
LINE
  8
0
 10
30.3375
 20
33.3794
 11
30.1003
 21
33.9005
  0
LINE
  8
0
 10
30.1003
 20
33.9005
 11
29.7653
 21
34.4017
  0
LINE
  8
0
 10
29.7653
 20
34.4017
 11
29.335
 21
34.8824
  0
LINE
  8
0
 10
29.335
 20
34.8824
 11
28.8071
 21
35.3432
  0
LINE
  8
0
 10
28.8071
 20
35.3432
 11
28.1845
 21
35.7841
  0
LINE
  8
0
 10
28.1845
 20
35.7841
 11
27.4803
 21
36.1961
  0
LINE
  8
0
 10
27.4803
 20
36.1961
 11
28.244
 21
36.1992
  0
LINE
  8
0
 10
28.244
 20
36.1992
 11
28.9062
 21
36.274
  0
LINE
  8
0
 10
28.9062
 20
36.274
 11
29.4464
 21
36.4197
  0
LINE
  8
0
 10
29.4464
 20
36.4197
 11
29.866
 21
36.6379
  0
LINE
  8
0
 10
29.866
 20
36.6379
 11
30.1628
 21
36.9263
  0
LINE
  8
0
 10
30.1628
 20
36.9263
 11
30.3375
 21
37.2871
  0
LINE
  8
0
 10
30.3375
 20
37.2871
 11
30.3917
 21
37.719
  0
LINE
  8
0
 10
30.3917
 20
37.719
 11
30.3215
 21
38.2217
  0
LINE
  8
0
 10
30.3215
 20
38.2217
 11
30.1308
 21
38.7955
  0
LINE
  8
0
 10
30.1308
 20
38.7955
 11
29.8187
 21
39.4402
  0
LINE
  8
0
 10
29.8187
 20
39.4402
 11
29.3846
 21
40.155
  0
LINE
  8
0
 10
29.3846
 20
40.155
 11
28.8841
 21
40.863
  0
LINE
  8
0
 10
28.8841
 20
40.863
 11
29.5052
 21
40.1512
  0
LINE
  8
0
 10
29.5052
 20
40.1512
 11
30.1529
 21
39.4814
  0
LINE
  8
0
 10
30.1529
 20
39.4814
 11
30.764
 21
38.9275
  0
LINE
  8
0
 10
30.764
 20
38.9275
 11
31.3377
 21
38.4911
  0
LINE
  8
0
 10
31.3377
 20
38.4911
 11
31.8756
 21
38.1699
  0
LINE
  8
0
 10
31.8756
 20
38.1699
 11
32.3761
 21
37.9654
  0
LINE
  8
0
 10
32.3761
 20
37.9654
 11
32.8407
 21
37.8769
  0
LINE
  8
0
 10
32.8407
 20
37.8769
 11
33.2672
 21
37.9059
  0
LINE
  8
0
 10
33.2672
 20
37.9059
 11
33.6578
 21
38.0508
  0
LINE
  8
0
 10
33.6578
 20
38.0508
 11
34.0111
 21
38.3125
  0
LINE
  8
0
 10
34.0111
 20
38.3125
 11
34.3262
 21
38.6902
  0
LINE
  8
0
 10
34.3262
 20
38.6902
 11
34.5924
 21
39.1609
  0
LINE
  8
0
 10
34.5924
 20
39.1609
 11
34.4765
 21
38.2187
  0
LINE
  8
0
 10
34.4765
 20
38.2187
 11
34.446
 21
37.3428
  0
LINE
  8
0
 10
34.446
 20
37.3428
 11
34.5016
 21
36.5623
  0
LINE
  8
0
 10
34.5016
 20
36.5623
 11
34.6466
 21
35.8765
  0
LINE
  8
0
 10
34.6466
 20
35.8765
 11
34.8778
 21
35.2837
  0
LINE
  8
0
 10
34.8778
 20
35.2837
 11
35.1974
 21
34.787
  0
LINE
  8
0
 10
35.1974
 20
34.787
 11
35.6041
 21
34.3842
  0
LINE
  8
0
 10
35.6041
 20
34.3842
 11
36.0985
 21
34.0767
  0
LINE
  8
0
 10
36.0985
 20
34.0767
 11
36.6798
 21
33.8646
  0
LINE
  8
0
 10
36.6798
 20
33.8646
 11
37.3497
 21
33.7471
  0
LINE
  8
0
 10
37.3497
 20
33.7471
 11
38.1058
 21
33.7234
  0
LINE
  8
0
 10
38.1058
 20
33.7234
 11
38.9259
 21
33.7921
  0
LINE
  8
0
 10
38.9259
 20
33.7921
 11
38.3987
 21
33.4831
  0
LINE
  8
0
 10
38.3987
 20
33.4831
 11
37.9654
 21
33.1459
  0
LINE
  8
0
 10
37.9654
 20
33.1459
 11
37.6472
 21
32.7934
  0
LINE
  8
0
 10
37.6472
 20
32.7934
 11
37.4443
 21
32.4242
  0
LINE
  8
0
 10
37.4443
 20
32.4242
 11
37.3573
 21
32.0404
  0
LINE
  8
0
 10
37.3573
 20
32.0404
 11
37.3871
 21
31.6414
  0
LINE
  8
0
 10
37.3871
 20
31.6414
 11
37.5313
 21
31.2263
  0
LINE
  8
0
 10
37.5313
 20
31.2263
 11
37.7914
 21
30.7968
  0
LINE
  8
0
 10
37.7914
 20
30.7968
 11
38.166
 21
30.3528
  0
LINE
  8
0
 10
38.166
 20
30.3528
 11
38.6566
 21
29.8927
  0
LINE
  8
0
 10
38.6566
 20
29.8927
 11
39.2639
 21
29.4182
  0
LINE
  8
0
 10
39.2639
 20
29.4182
 11
39.9467
 21
28.9543
  0
LINE
  8
0
 10
39.9467
 20
28.9543
 11
39.2868
 21
29.2252
  0
LINE
  8
0
 10
39.2868
 20
29.2252
 11
38.6314
 21
29.4418
  0
LINE
  8
0
 10
38.6314
 20
29.4418
 11
38.0219
 21
29.586
  0
LINE
  8
0
 10
38.0219
 20
29.586
 11
37.4565
 21
29.6593
  0
LINE
  8
0
 10
37.4565
 20
29.6593
 11
36.9385
 21
29.6593
  0
LINE
  8
0
 10
36.9385
 20
29.6593
 11
36.4662
 21
29.5868
  0
LINE
  8
0
 10
36.4662
 20
29.5868
 11
36.0382
 21
29.4418
  0
LINE
  8
0
 10
36.0382
 20
29.4418
 11
35.6575
 21
29.2244
  0
LINE
  8
0
 10
35.6575
 20
29.2244
 11
35.3226
 21
28.936
  0
LINE
  8
0
 10
35.3226
 20
28.936
 11
35.0349
 21
28.5744
  0
LINE
  8
0
 10
35.0349
 20
28.5744
 11
34.7923
 21
28.1418
  0
LINE
  8
0
 10
34.7923
 20
28.1418
 11
34.6008
 21
27.6482
  0
LINE
  8
0
 10
34.6008
 20
27.6482
 11
34.343
 21
28.2753
  0
LINE
  8
0
 10
-36.1992
 20
28.244
 11
-36.274
 21
28.9062
  0
LINE
  8
0
 10
-36.274
 20
28.9062
 11
-36.4197
 21
29.4464
  0
LINE
  8
0
 10
-36.4197
 20
29.4464
 11
-36.6379
 21
29.866
  0
LINE
  8
0
 10
-36.6379
 20
29.866
 11
-36.9263
 21
30.1628
  0
LINE
  8
0
 10
-36.9263
 20
30.1628
 11
-37.2871
 21
30.3375
  0
LINE
  8
0
 10
-37.2871
 20
30.3375
 11
-37.719
 21
30.3917
  0
LINE
  8
0
 10
-37.719
 20
30.3917
 11
-38.2217
 21
30.3215
  0
LINE
  8
0
 10
-38.2217
 20
30.3215
 11
-38.7955
 21
30.1308
  0
LINE
  8
0
 10
-38.7955
 20
30.1308
 11
-39.4402
 21
29.8187
  0
LINE
  8
0
 10
-39.4402
 20
29.8187
 11
-40.155
 21
29.3846
  0
LINE
  8
0
 10
-40.155
 20
29.3846
 11
-40.863
 21
28.8841
  0
LINE
  8
0
 10
-40.863
 20
28.8841
 11
-40.1512
 21
29.5052
  0
LINE
  8
0
 10
-40.1512
 20
29.5052
 11
-39.4814
 21
30.1529
  0
LINE
  8
0
 10
-39.4814
 20
30.1529
 11
-38.9275
 21
30.764
  0
LINE
  8
0
 10
-38.9275
 20
30.764
 11
-38.4911
 21
31.3377
  0
LINE
  8
0
 10
-38.4911
 20
31.3377
 11
-38.1699
 21
31.8756
  0
LINE
  8
0
 10
-38.1699
 20
31.8756
 11
-37.9654
 21
32.3761
  0
LINE
  8
0
 10
-37.9654
 20
32.3761
 11
-37.8769
 21
32.8407
  0
LINE
  8
0
 10
-37.8769
 20
32.8407
 11
-37.9059
 21
33.2672
  0
LINE
  8
0
 10
-37.9059
 20
33.2672
 11
-38.0508
 21
33.6578
  0
LINE
  8
0
 10
-38.0508
 20
33.6578
 11
-38.3125
 21
34.0111
  0
LINE
  8
0
 10
-38.3125
 20
34.0111
 11
-38.6902
 21
34.3262
  0
LINE
  8
0
 10
-38.6902
 20
34.3262
 11
-39.1609
 21
34.5924
  0
LINE
  8
0
 10
-39.1609
 20
34.5924
 11
-38.2187
 21
34.4765
  0
LINE
  8
0
 10
-38.2187
 20
34.4765
 11
-37.3428
 21
34.446
  0
LINE
  8
0
 10
-37.3428
 20
34.446
 11
-36.5623
 21
34.5016
  0
LINE
  8
0
 10
-36.5623
 20
34.5016
 11
-35.8765
 21
34.6466
  0
LINE
  8
0
 10
-35.8765
 20
34.6466
 11
-35.2837
 21
34.8778
  0
LINE
  8
0
 10
-35.2837
 20
34.8778
 11
-34.787
 21
35.1974
  0
LINE
  8
0
 10
-34.787
 20
35.1974
 11
-34.3842
 21
35.6041
  0
LINE
  8
0
 10
-34.3842
 20
35.6041
 11
-34.0767
 21
36.0985
  0
LINE
  8
0
 10
-34.0767
 20
36.0985
 11
-33.8646
 21
36.6798
  0
LINE
  8
0
 10
-33.8646
 20
36.6798
 11
-33.7471
 21
37.3497
  0
LINE
  8
0
 10
-33.7471
 20
37.3497
 11
-33.7234
 21
38.1058
  0
LINE
  8
0
 10
-33.7234
 20
38.1058
 11
-33.7921
 21
38.9259
  0
LINE
  8
0
 10
-33.7921
 20
38.9259
 11
-33.4831
 21
38.3987
  0
LINE
  8
0
 10
-33.4831
 20
38.3987
 11
-33.1459
 21
37.9654
  0
LINE
  8
0
 10
-33.1459
 20
37.9654
 11
-32.7934
 21
37.6472
  0
LINE
  8
0
 10
-32.7934
 20
37.6472
 11
-32.4242
 21
37.4443
  0
LINE
  8
0
 10
-32.4242
 20
37.4443
 11
-32.0404
 21
37.3573
  0
LINE
  8
0
 10
-32.0404
 20
37.3573
 11
-31.6414
 21
37.3871
  0
LINE
  8
0
 10
-31.6414
 20
37.3871
 11
-31.2263
 21
37.5313
  0
LINE
  8
0
 10
-31.2263
 20
37.5313
 11
-30.7968
 21
37.7914
  0
LINE
  8
0
 10
-30.7968
 20
37.7914
 11
-30.3528
 21
38.166
  0
LINE
  8
0
 10
-30.3528
 20
38.166
 11
-29.8927
 21
38.6566
  0
LINE
  8
0
 10
-29.8927
 20
38.6566
 11
-29.4182
 21
39.2639
  0
LINE
  8
0
 10
-29.4182
 20
39.2639
 11
-28.9543
 21
39.9467
  0
LINE
  8
0
 10
-28.9543
 20
39.9467
 11
-29.2252
 21
39.2868
  0
LINE
  8
0
 10
-29.2252
 20
39.2868
 11
-29.4418
 21
38.6314
  0
LINE
  8
0
 10
-29.4418
 20
38.6314
 11
-29.586
 21
38.0219
  0
LINE
  8
0
 10
-29.586
 20
38.0219
 11
-29.6593
 21
37.4565
  0
LINE
  8
0
 10
-29.6593
 20
37.4565
 11
-29.6593
 21
36.9385
  0
LINE
  8
0
 10
-29.6593
 20
36.9385
 11
-29.5868
 21
36.4662
  0
LINE
  8
0
 10
-29.5868
 20
36.4662
 11
-29.4418
 21
36.0382
  0
LINE
  8
0
 10
-29.4418
 20
36.0382
 11
-29.2244
 21
35.6575
  0
LINE
  8
0
 10
-29.2244
 20
35.6575
 11
-28.936
 21
35.3226
  0
LINE
  8
0
 10
-28.936
 20
35.3226
 11
-28.5744
 21
35.0349
  0
LINE
  8
0
 10
-28.5744
 20
35.0349
 11
-28.1418
 21
34.7923
  0
LINE
  8
0
 10
-28.1418
 20
34.7923
 11
-27.6482
 21
34.6008
  0
LINE
  8
0
 10
-27.6482
 20
34.6008
 11
-28.2753
 21
34.343
  0
LINE
  8
0
 10
-28.2753
 20
34.343
 11
-28.8338
 21
34.0553
  0
LINE
  8
0
 10
-28.8338
 20
34.0553
 11
-29.3083
 21
33.7402
  0
LINE
  8
0
 10
-29.3083
 20
33.7402
 11
-29.6997
 21
33.4
  0
LINE
  8
0
 10
-29.6997
 20
33.4
 11
-30.0087
 21
33.033
  0
LINE
  8
0
 10
-30.0087
 20
33.033
 11
-30.2353
 21
32.6393
  0
LINE
  8
0
 10
-30.2353
 20
32.6393
 11
-30.3772
 21
32.2205
  0
LINE
  8
0
 10
-30.3772
 20
32.2205
 11
-30.4375
 21
31.7734
  0
LINE
  8
0
 10
-30.4375
 20
31.7734
 11
-30.4146
 21
31.3019
  0
LINE
  8
0
 10
-30.4146
 20
31.3019
 11
-30.307
 21
30.8052
  0
LINE
  8
0
 10
-30.307
 20
30.8052
 11
-30.1178
 21
30.2803
  0
LINE
  8
0
 10
-30.1178
 20
30.2803
 11
-29.8523
 21
29.7447
  0
LINE
  8
0
 10
-29.8523
 20
29.7447
 11
-30.4779
 21
30.0789
  0
LINE
  8
0
 10
-30.4779
 20
30.0789
 11
-31.0982
 21
30.323
  0
LINE
  8
0
 10
-31.0982
 20
30.323
 11
-31.6978
 21
30.4718
  0
LINE
  8
0
 10
-31.6978
 20
30.4718
 11
-32.2784
 21
30.5237
  0
LINE
  8
0
 10
-32.2784
 20
30.5237
 11
-32.8392
 21
30.4787
  0
LINE
  8
0
 10
-32.8392
 20
30.4787
 11
-33.3794
 21
30.3375
  0
LINE
  8
0
 10
-33.3794
 20
30.3375
 11
-33.9005
 21
30.1003
  0
LINE
  8
0
 10
-33.9005
 20
30.1003
 11
-34.4017
 21
29.7653
  0
LINE
  8
0
 10
-34.4017
 20
29.7653
 11
-34.8824
 21
29.335
  0
LINE
  8
0
 10
-34.8824
 20
29.335
 11
-35.3432
 21
28.8071
  0
LINE
  8
0
 10
-35.3432
 20
28.8071
 11
-35.7841
 21
28.1845
  0
LINE
  8
0
 10
-35.7841
 20
28.1845
 11
-36.1961
 21
27.4803
  0
LINE
  8
0
 10
-36.1961
 20
27.4803
 11
-36.1992
 21
28.244
  0
LINE
  8
0
 10
13.8008
 20
28.244
 11
13.726
 21
28.9062
  0
LINE
  8
0
 10
13.726
 20
28.9062
 11
13.5803
 21
29.4464
  0
LINE
  8
0
 10
13.5803
 20
29.4464
 11
13.3621
 21
29.866
  0
LINE
  8
0
 10
13.3621
 20
29.866
 11
13.0737
 21
30.1628
  0
LINE
  8
0
 10
13.0737
 20
30.1628
 11
12.7129
 21
30.3375
  0
LINE
  8
0
 10
12.7129
 20
30.3375
 11
12.281
 21
30.3917
  0
LINE
  8
0
 10
12.281
 20
30.3917
 11
11.7783
 21
30.3215
  0
LINE
  8
0
 10
11.7783
 20
30.3215
 11
11.2045
 21
30.1308
  0
LINE
  8
0
 10
11.2045
 20
30.1308
 11
10.5598
 21
29.8187
  0
LINE
  8
0
 10
10.5598
 20
29.8187
 11
9.84497
 21
29.3846
  0
LINE
  8
0
 10
9.84497
 20
29.3846
 11
9.13696
 21
28.8841
  0
LINE
  8
0
 10
9.13696
 20
28.8841
 11
9.84879
 21
29.5052
  0
LINE
  8
0
 10
9.84879
 20
29.5052
 11
10.5186
 21
30.1529
  0
LINE
  8
0
 10
10.5186
 20
30.1529
 11
11.0725
 21
30.764
  0
LINE
  8
0
 10
11.0725
 20
30.764
 11
11.5089
 21
31.3377
  0
LINE
  8
0
 10
11.5089
 20
31.3377
 11
11.8301
 21
31.8756
  0
LINE
  8
0
 10
11.8301
 20
31.8756
 11
12.0346
 21
32.3761
  0
LINE
  8
0
 10
12.0346
 20
32.3761
 11
12.1231
 21
32.8407
  0
LINE
  8
0
 10
12.1231
 20
32.8407
 11
12.0941
 21
33.2672
  0
LINE
  8
0
 10
12.0941
 20
33.2672
 11
11.9492
 21
33.6578
  0
LINE
  8
0
 10
11.9492
 20
33.6578
 11
11.6875
 21
34.0111
  0
LINE
  8
0
 10
11.6875
 20
34.0111
 11
11.3098
 21
34.3262
  0
LINE
  8
0
 10
11.3098
 20
34.3262
 11
10.8391
 21
34.5924
  0
LINE
  8
0
 10
10.8391
 20
34.5924
 11
11.7813
 21
34.4765
  0
LINE
  8
0
 10
11.7813
 20
34.4765
 11
12.6572
 21
34.446
  0
LINE
  8
0
 10
12.6572
 20
34.446
 11
13.4377
 21
34.5016
  0
LINE
  8
0
 10
13.4377
 20
34.5016
 11
14.1235
 21
34.6466
  0
LINE
  8
0
 10
14.1235
 20
34.6466
 11
14.7163
 21
34.8778
  0
LINE
  8
0
 10
14.7163
 20
34.8778
 11
15.213
 21
35.1974
  0
LINE
  8
0
 10
15.213
 20
35.1974
 11
15.6158
 21
35.6041
  0
LINE
  8
0
 10
15.6158
 20
35.6041
 11
15.9233
 21
36.0985
  0
LINE
  8
0
 10
15.9233
 20
36.0985
 11
16.1354
 21
36.6798
  0
LINE
  8
0
 10
16.1354
 20
36.6798
 11
16.2529
 21
37.3497
  0
LINE
  8
0
 10
16.2529
 20
37.3497
 11
16.2766
 21
38.1058
  0
LINE
  8
0
 10
16.2766
 20
38.1058
 11
16.2079
 21
38.9259
  0
LINE
  8
0
 10
16.2079
 20
38.9259
 11
16.5169
 21
38.3987
  0
LINE
  8
0
 10
16.5169
 20
38.3987
 11
16.8541
 21
37.9654
  0
LINE
  8
0
 10
16.8541
 20
37.9654
 11
17.2066
 21
37.6472
  0
LINE
  8
0
 10
17.2066
 20
37.6472
 11
17.5758
 21
37.4443
  0
LINE
  8
0
 10
17.5758
 20
37.4443
 11
17.9596
 21
37.3573
  0
LINE
  8
0
 10
17.9596
 20
37.3573
 11
18.3586
 21
37.3871
  0
LINE
  8
0
 10
18.3586
 20
37.3871
 11
18.7737
 21
37.5313
  0
LINE
  8
0
 10
18.7737
 20
37.5313
 11
19.2032
 21
37.7914
  0
LINE
  8
0
 10
19.2032
 20
37.7914
 11
19.6472
 21
38.166
  0
LINE
  8
0
 10
19.6472
 20
38.166
 11
20.1073
 21
38.6566
  0
LINE
  8
0
 10
20.1073
 20
38.6566
 11
20.5818
 21
39.2639
  0
LINE
  8
0
 10
20.5818
 20
39.2639
 11
21.0457
 21
39.9467
  0
LINE
  8
0
 10
21.0457
 20
39.9467
 11
20.7748
 21
39.2868
  0
LINE
  8
0
 10
20.7748
 20
39.2868
 11
20.5582
 21
38.6314
  0
LINE
  8
0
 10
20.5582
 20
38.6314
 11
20.414
 21
38.0219
  0
LINE
  8
0
 10
20.414
 20
38.0219
 11
20.3407
 21
37.4565
  0
LINE
  8
0
 10
20.3407
 20
37.4565
 11
20.3407
 21
36.9385
  0
LINE
  8
0
 10
20.3407
 20
36.9385
 11
20.4132
 21
36.4662
  0
LINE
  8
0
 10
20.4132
 20
36.4662
 11
20.5582
 21
36.0382
  0
LINE
  8
0
 10
20.5582
 20
36.0382
 11
20.7756
 21
35.6575
  0
LINE
  8
0
 10
20.7756
 20
35.6575
 11
21.064
 21
35.3226
  0
LINE
  8
0
 10
21.064
 20
35.3226
 11
21.4256
 21
35.0349
  0
LINE
  8
0
 10
21.4256
 20
35.0349
 11
21.8582
 21
34.7923
  0
LINE
  8
0
 10
21.8582
 20
34.7923
 11
22.3518
 21
34.6008
  0
LINE
  8
0
 10
22.3518
 20
34.6008
 11
21.7247
 21
34.343
  0
LINE
  8
0
 10
21.7247
 20
34.343
 11
21.1662
 21
34.0553
  0
LINE
  8
0
 10
21.1662
 20
34.0553
 11
20.6917
 21
33.7402
  0
LINE
  8
0
 10
20.6917
 20
33.7402
 11
20.3003
 21
33.4
  0
LINE
  8
0
 10
20.3003
 20
33.4
 11
19.9913
 21
33.033
  0
LINE
  8
0
 10
19.9913
 20
33.033
 11
19.7647
 21
32.6393
  0
LINE
  8
0
 10
19.7647
 20
32.6393
 11
19.6228
 21
32.2205
  0
LINE
  8
0
 10
19.6228
 20
32.2205
 11
19.5625
 21
31.7734
  0
LINE
  8
0
 10
19.5625
 20
31.7734
 11
19.5854
 21
31.3019
  0
LINE
  8
0
 10
19.5854
 20
31.3019
 11
19.693
 21
30.8052
  0
LINE
  8
0
 10
19.693
 20
30.8052
 11
19.8822
 21
30.2803
  0
LINE
  8
0
 10
19.8822
 20
30.2803
 11
20.1477
 21
29.7447
  0
LINE
  8
0
 10
20.1477
 20
29.7447
 11
19.5221
 21
30.0789
  0
LINE
  8
0
 10
19.5221
 20
30.0789
 11
18.9018
 21
30.323
  0
LINE
  8
0
 10
18.9018
 20
30.323
 11
18.3022
 21
30.4718
  0
LINE
  8
0
 10
18.3022
 20
30.4718
 11
17.7216
 21
30.5237
  0
LINE
  8
0
 10
17.7216
 20
30.5237
 11
17.1608
 21
30.4787
  0
LINE
  8
0
 10
17.1608
 20
30.4787
 11
16.6206
 21
30.3375
  0
LINE
  8
0
 10
16.6206
 20
30.3375
 11
16.0995
 21
30.1003
  0
LINE
  8
0
 10
16.0995
 20
30.1003
 11
15.5983
 21
29.7653
  0
LINE
  8
0
 10
15.5983
 20
29.7653
 11
15.1176
 21
29.335
  0
LINE
  8
0
 10
15.1176
 20
29.335
 11
14.6568
 21
28.8071
  0
LINE
  8
0
 10
14.6568
 20
28.8071
 11
14.2159
 21
28.1845
  0
LINE
  8
0
 10
14.2159
 20
28.1845
 11
13.8039
 21
27.4803
  0
LINE
  8
0
 10
13.8039
 20
27.4803
 11
13.8008
 21
28.244
  0
LINE
  8
0
 10
42.5293
 20
34.9854
 11
47.3686
 21
31.7589
  0
LINE
  8
0
 10
47.3686
 20
31.7589
 11
49.0479
 21
38.6047
  0
LINE
  8
0
 10
49.0479
 20
38.6047
 11
49.0479
 21
27.8862
  0
LINE
  8
0
 10
49.0479
 20
27.8862
 11
42.5293
 21
34.9854
  0
LINE
  8
0
 10
-7.4707
 20
34.9854
 11
-2.63138
 21
31.7589
  0
LINE
  8
0
 10
-2.63138
 20
31.7589
 11
-0.952148
 21
38.6047
  0
LINE
  8
0
 10
-0.952148
 20
38.6047
 11
-0.952148
 21
27.8862
  0
LINE
  8
0
 10
-0.952148
 20
27.8862
 11
-7.4707
 21
34.9854
  0
LINE
  8
0
 10
-49.0257
 20
37.2032
 11
-47.5418
 21
31.7818
  0
LINE
  8
0
 10
-47.5418
 20
31.7818
 11
-42.6971
 21
34.0431
  0
LINE
  8
0
 10
-42.6971
 20
34.0431
 11
-49.0257
 21
27.8427
  0
LINE
  8
0
 10
-49.0257
 20
27.8427
 11
-49.0257
 21
37.2032
  0
LINE
  8
0
 10
0.974274
 20
37.2032
 11
2.45819
 21
31.7818
  0
LINE
  8
0
 10
2.45819
 20
31.7818
 11
7.30286
 21
34.0431
  0
LINE
  8
0
 10
7.30286
 20
34.0431
 11
0.974274
 21
27.8427
  0
LINE
  8
0
 10
0.974274
 20
27.8427
 11
0.974274
 21
37.2032
  0
LINE
  8
0
 10
-52.7023
 20
29.7923
 11
-50.9521
 21
35.1788
  0
LINE
  8
0
 10
-50.9521
 20
35.1788
 11
-50.9521
 21
27.8862
  0
LINE
  8
0
 10
-50.9521
 20
27.8862
 11
-52.7023
 21
29.7923
  0
LINE
  8
0
 10
50.9743
 20
35.1108
 11
52.7656
 21
29.5977
  0
LINE
  8
0
 10
52.7656
 20
29.5977
 11
50.9743
 21
27.8427
  0
LINE
  8
0
 10
50.9743
 20
27.8427
 11
50.9743
 21
35.1108
  0
LINE
  8
0
 10
27.4651
 20
27.6382
 11
25.9811
 21
34.8656
  0
LINE
  8
0
 10
25.9811
 20
34.8656
 11
28.82
 21
28.9284
  0
LINE
  8
0
 10
28.82
 20
28.9284
 11
34.5627
 21
25.9605
  0
LINE
  8
0
 10
34.5627
 20
25.9605
 11
27.4651
 21
27.6382
  0
LINE
  8
0
 10
-22.5349
 20
27.6382
 11
-24.0189
 21
34.8656
  0
LINE
  8
0
 10
-24.0189
 20
34.8656
 11
-21.18
 21
28.9284
  0
LINE
  8
0
 10
-21.18
 20
28.9284
 11
-15.4373
 21
25.9605
  0
LINE
  8
0
 10
-15.4373
 20
25.9605
 11
-22.5349
 21
27.6382
  0
LINE
  8
0
 10
-28.9284
 20
28.82
 11
-25.9605
 21
34.5627
  0
LINE
  8
0
 10
-25.9605
 20
34.5627
 11
-27.6382
 21
27.4651
  0
LINE
  8
0
 10
-27.6382
 20
27.4651
 11
-34.8656
 21
25.9811
  0
LINE
  8
0
 10
-34.8656
 20
25.9811
 11
-28.9284
 21
28.82
  0
LINE
  8
0
 10
21.0716
 20
28.82
 11
24.0395
 21
34.5627
  0
LINE
  8
0
 10
24.0395
 20
34.5627
 11
22.3618
 21
27.4651
  0
LINE
  8
0
 10
22.3618
 20
27.4651
 11
15.1344
 21
25.9811
  0
LINE
  8
0
 10
15.1344
 20
25.9811
 11
21.0716
 21
28.82
  0
LINE
  8
0
 10
-13.6047
 20
25.9521
 11
-6.75888
 21
27.6314
  0
LINE
  8
0
 10
-6.75888
 20
27.6314
 11
-9.98535
 21
32.4707
  0
LINE
  8
0
 10
-9.98535
 20
32.4707
 11
-2.8862
 21
25.9521
  0
LINE
  8
0
 10
-2.8862
 20
25.9521
 11
-13.6047
 21
25.9521
  0
LINE
  8
0
 10
36.3953
 20
25.9521
 11
43.2411
 21
27.6314
  0
LINE
  8
0
 10
43.2411
 20
27.6314
 11
40.0146
 21
32.4707
  0
LINE
  8
0
 10
40.0146
 20
32.4707
 11
47.1138
 21
25.9521
  0
LINE
  8
0
 10
47.1138
 20
25.9521
 11
36.3953
 21
25.9521
  0
LINE
  8
0
 10
2.84271
 20
25.9743
 11
9.04312
 21
32.3029
  0
LINE
  8
0
 10
9.04312
 20
32.3029
 11
6.78177
 21
27.4582
  0
LINE
  8
0
 10
6.78177
 20
27.4582
 11
12.2032
 21
25.9743
  0
LINE
  8
0
 10
12.2032
 20
25.9743
 11
2.84271
 21
25.9743
  0
LINE
  8
0
 10
-47.1573
 20
25.9743
 11
-40.9569
 21
32.3029
  0
LINE
  8
0
 10
-40.9569
 20
32.3029
 11
-43.2182
 21
27.4582
  0
LINE
  8
0
 10
-43.2182
 20
27.4582
 11
-37.7968
 21
25.9743
  0
LINE
  8
0
 10
-37.7968
 20
25.9743
 11
-47.1573
 21
25.9743
  0
LINE
  8
0
 10
52.8427
 20
25.9743
 11
53.6689
 21
26.8175
  0
LINE
  8
0
 10
53.6689
 20
26.8175
 11
53.9429
 21
25.9743
  0
LINE
  8
0
 10
53.9429
 20
25.9743
 11
52.8427
 21
25.9743
  0
LINE
  8
0
 10
-53.9501
 20
25.9521
 11
-53.7056
 21
26.7045
  0
LINE
  8
0
 10
-53.7056
 20
26.7045
 11
-52.8862
 21
25.9521
  0
LINE
  8
0
 10
-52.8862
 20
25.9521
 11
-53.9501
 21
25.9521
  0
LINE
  8
0
 10
52.8862
 20
24.0479
 11
54.5688
 21
24.0479
  0
LINE
  8
0
 10
54.5688
 20
24.0479
 11
55.2843
 21
21.8459
  0
LINE
  8
0
 10
55.2843
 20
21.8459
 11
52.8862
 21
24.0479
  0
LINE
  8
0
 10
2.8862
 20
24.0479
 11
13.6047
 21
24.0479
  0
LINE
  8
0
 10
13.6047
 20
24.0479
 11
6.75888
 21
22.3686
  0
LINE
  8
0
 10
6.75888
 20
22.3686
 11
9.98535
 21
17.5293
  0
LINE
  8
0
 10
9.98535
 20
17.5293
 11
2.8862
 21
24.0479
  0
LINE
  8
0
 10
-47.1138
 20
24.0479
 11
-36.3953
 21
24.0479
  0
LINE
  8
0
 10
-36.3953
 20
24.0479
 11
-43.2411
 21
22.3686
  0
LINE
  8
0
 10
-43.2411
 20
22.3686
 11
-40.0146
 21
17.5293
  0
LINE
  8
0
 10
-40.0146
 20
17.5293
 11
-47.1138
 21
24.0479
  0
LINE
  8
0
 10
-28.82
 20
21.0716
 11
-34.5627
 21
24.0395
  0
LINE
  8
0
 10
-34.5627
 20
24.0395
 11
-27.4651
 21
22.3618
  0
LINE
  8
0
 10
-27.4651
 20
22.3618
 11
-25.9811
 21
15.1344
  0
LINE
  8
0
 10
-25.9811
 20
15.1344
 11
-28.82
 21
21.0716
  0
LINE
  8
0
 10
21.18
 20
21.0716
 11
15.4373
 21
24.0395
  0
LINE
  8
0
 10
15.4373
 20
24.0395
 11
22.5349
 21
22.3618
  0
LINE
  8
0
 10
22.5349
 20
22.3618
 11
24.0189
 21
15.1344
  0
LINE
  8
0
 10
24.0189
 20
15.1344
 11
21.18
 21
21.0716
  0
LINE
  8
0
 10
-54.576
 20
24.0257
 11
-52.8427
 21
24.0257
  0
LINE
  8
0
 10
-52.8427
 20
24.0257
 11
-55.4361
 21
21.3788
  0
LINE
  8
0
 10
-55.4361
 20
21.3788
 11
-54.576
 21
24.0257
  0
LINE
  8
0
 10
-6.78177
 20
22.5418
 11
-12.2032
 21
24.0257
  0
LINE
  8
0
 10
-12.2032
 20
24.0257
 11
-2.84271
 21
24.0257
  0
LINE
  8
0
 10
-2.84271
 20
24.0257
 11
-9.04312
 21
17.6971
  0
LINE
  8
0
 10
-9.04312
 20
17.6971
 11
-6.78177
 21
22.5418
  0
LINE
  8
0
 10
43.2182
 20
22.5418
 11
37.7968
 21
24.0257
  0
LINE
  8
0
 10
37.7968
 20
24.0257
 11
47.1573
 21
24.0257
  0
LINE
  8
0
 10
47.1573
 20
24.0257
 11
40.9569
 21
17.6971
  0
LINE
  8
0
 10
40.9569
 20
17.6971
 11
43.2182
 21
22.5418
  0
LINE
  8
0
 10
27.6382
 20
22.5349
 11
34.8656
 21
24.0189
  0
LINE
  8
0
 10
34.8656
 20
24.0189
 11
28.9284
 21
21.18
  0
LINE
  8
0
 10
28.9284
 20
21.18
 11
25.9605
 21
15.4373
  0
LINE
  8
0
 10
25.9605
 20
15.4373
 11
27.6382
 21
22.5349
  0
LINE
  8
0
 10
-22.3618
 20
22.5349
 11
-15.1344
 21
24.0189
  0
LINE
  8
0
 10
-15.1344
 20
24.0189
 11
-21.0716
 21
21.18
  0
LINE
  8
0
 10
-21.0716
 20
21.18
 11
-24.0395
 21
15.4373
  0
LINE
  8
0
 10
-24.0395
 20
15.4373
 11
-22.3618
 21
22.5349
  0
LINE
  8
0
 10
29.5889
 20
12
 11
29.6593
 21
12.5435
  0
LINE
  8
0
 10
29.6593
 20
12.5435
 11
29.6593
 21
13.0615
  0
LINE
  8
0
 10
29.6593
 20
13.0615
 11
29.5868
 21
13.5338
  0
LINE
  8
0
 10
29.5868
 20
13.5338
 11
29.4418
 21
13.9618
  0
LINE
  8
0
 10
29.4418
 20
13.9618
 11
29.2244
 21
14.3425
  0
LINE
  8
0
 10
29.2244
 20
14.3425
 11
28.936
 21
14.6774
  0
LINE
  8
0
 10
28.936
 20
14.6774
 11
28.5744
 21
14.9651
  0
LINE
  8
0
 10
28.5744
 20
14.9651
 11
28.1418
 21
15.2077
  0
LINE
  8
0
 10
28.1418
 20
15.2077
 11
27.6482
 21
15.3992
  0
LINE
  8
0
 10
27.6482
 20
15.3992
 11
28.2753
 21
15.657
  0
LINE
  8
0
 10
28.2753
 20
15.657
 11
28.8338
 21
15.9447
  0
LINE
  8
0
 10
28.8338
 20
15.9447
 11
29.3083
 21
16.2598
  0
LINE
  8
0
 10
29.3083
 20
16.2598
 11
29.6997
 21
16.6
  0
LINE
  8
0
 10
29.6997
 20
16.6
 11
30.0087
 21
16.967
  0
LINE
  8
0
 10
30.0087
 20
16.967
 11
30.2353
 21
17.3607
  0
LINE
  8
0
 10
30.2353
 20
17.3607
 11
30.3772
 21
17.7795
  0
LINE
  8
0
 10
30.3772
 20
17.7795
 11
30.4375
 21
18.2266
  0
LINE
  8
0
 10
30.4375
 20
18.2266
 11
30.4146
 21
18.6981
  0
LINE
  8
0
 10
30.4146
 20
18.6981
 11
30.307
 21
19.1948
  0
LINE
  8
0
 10
30.307
 20
19.1948
 11
30.1178
 21
19.7197
  0
LINE
  8
0
 10
30.1178
 20
19.7197
 11
29.8523
 21
20.2553
  0
LINE
  8
0
 10
29.8523
 20
20.2553
 11
30.4779
 21
19.9211
  0
LINE
  8
0
 10
30.4779
 20
19.9211
 11
31.0982
 21
19.677
  0
LINE
  8
0
 10
31.0982
 20
19.677
 11
31.6978
 21
19.5282
  0
LINE
  8
0
 10
31.6978
 20
19.5282
 11
32.2784
 21
19.4763
  0
LINE
  8
0
 10
32.2784
 20
19.4763
 11
32.8392
 21
19.5213
  0
LINE
  8
0
 10
32.8392
 20
19.5213
 11
33.3794
 21
19.6625
  0
LINE
  8
0
 10
33.3794
 20
19.6625
 11
33.9005
 21
19.8997
  0
LINE
  8
0
 10
33.9005
 20
19.8997
 11
34.4017
 21
20.2347
  0
LINE
  8
0
 10
34.4017
 20
20.2347
 11
34.8824
 21
20.665
  0
LINE
  8
0
 10
34.8824
 20
20.665
 11
35.3432
 21
21.1929
  0
LINE
  8
0
 10
35.3432
 20
21.1929
 11
35.7841
 21
21.8155
  0
LINE
  8
0
 10
35.7841
 20
21.8155
 11
36.1961
 21
22.5197
  0
LINE
  8
0
 10
36.1961
 20
22.5197
 11
36.1992
 21
21.756
  0
LINE
  8
0
 10
36.1992
 20
21.756
 11
36.274
 21
21.0938
  0
LINE
  8
0
 10
36.274
 20
21.0938
 11
36.4197
 21
20.5536
  0
LINE
  8
0
 10
36.4197
 20
20.5536
 11
36.6379
 21
20.134
  0
LINE
  8
0
 10
36.6379
 20
20.134
 11
36.9263
 21
19.8372
  0
LINE
  8
0
 10
36.9263
 20
19.8372
 11
37.2871
 21
19.6625
  0
LINE
  8
0
 10
37.2871
 20
19.6625
 11
37.719
 21
19.6083
  0
LINE
  8
0
 10
37.719
 20
19.6083
 11
38.2217
 21
19.6785
  0
LINE
  8
0
 10
38.2217
 20
19.6785
 11
38.7955
 21
19.8692
  0
LINE
  8
0
 10
38.7955
 20
19.8692
 11
39.4402
 21
20.1813
  0
LINE
  8
0
 10
39.4402
 20
20.1813
 11
40.155
 21
20.6154
  0
LINE
  8
0
 10
40.155
 20
20.6154
 11
40.863
 21
21.1159
  0
LINE
  8
0
 10
40.863
 20
21.1159
 11
40.1512
 21
20.4948
  0
LINE
  8
0
 10
40.1512
 20
20.4948
 11
39.4814
 21
19.8471
  0
LINE
  8
0
 10
39.4814
 20
19.8471
 11
38.9275
 21
19.236
  0
LINE
  8
0
 10
38.9275
 20
19.236
 11
38.4911
 21
18.6623
  0
LINE
  8
0
 10
38.4911
 20
18.6623
 11
38.1699
 21
18.1244
  0
LINE
  8
0
 10
38.1699
 20
18.1244
 11
37.9654
 21
17.6239
  0
LINE
  8
0
 10
37.9654
 20
17.6239
 11
37.8769
 21
17.1593
  0
LINE
  8
0
 10
37.8769
 20
17.1593
 11
37.9059
 21
16.7328
  0
LINE
  8
0
 10
37.9059
 20
16.7328
 11
38.0508
 21
16.3422
  0
LINE
  8
0
 10
38.0508
 20
16.3422
 11
38.3125
 21
15.9889
  0
LINE
  8
0
 10
38.3125
 20
15.9889
 11
38.6902
 21
15.6738
  0
LINE
  8
0
 10
38.6902
 20
15.6738
 11
39.1609
 21
15.4076
  0
LINE
  8
0
 10
39.1609
 20
15.4076
 11
38.2187
 21
15.5235
  0
LINE
  8
0
 10
38.2187
 20
15.5235
 11
37.3428
 21
15.554
  0
LINE
  8
0
 10
37.3428
 20
15.554
 11
36.5623
 21
15.4984
  0
LINE
  8
0
 10
36.5623
 20
15.4984
 11
35.8765
 21
15.3534
  0
LINE
  8
0
 10
35.8765
 20
15.3534
 11
35.2837
 21
15.1222
  0
LINE
  8
0
 10
35.2837
 20
15.1222
 11
34.787
 21
14.8026
  0
LINE
  8
0
 10
34.787
 20
14.8026
 11
34.3842
 21
14.3959
  0
LINE
  8
0
 10
34.3842
 20
14.3959
 11
34.0767
 21
13.9015
  0
LINE
  8
0
 10
34.0767
 20
13.9015
 11
33.8646
 21
13.3202
  0
LINE
  8
0
 10
33.8646
 20
13.3202
 11
33.7471
 21
12.6503
  0
LINE
  8
0
 10
33.7471
 20
12.6503
 11
33.7268
 21
12
  0
LINE
  8
0
 10
33.7268
 20
12
 11
33.1728
 21
12
  0
LINE
  8
0
 10
33.1728
 20
12
 11
33.1459
 21
12.0346
  0
LINE
  8
0
 10
33.1459
 20
12.0346
 11
32.7934
 21
12.3528
  0
LINE
  8
0
 10
32.7934
 20
12.3528
 11
32.4242
 21
12.5557
  0
LINE
  8
0
 10
32.4242
 20
12.5557
 11
32.0404
 21
12.6427
  0
LINE
  8
0
 10
32.0404
 20
12.6427
 11
31.6414
 21
12.6129
  0
LINE
  8
0
 10
31.6414
 20
12.6129
 11
31.2263
 21
12.4687
  0
LINE
  8
0
 10
31.2263
 20
12.4687
 11
30.7968
 21
12.2086
  0
LINE
  8
0
 10
30.7968
 20
12.2086
 11
30.5496
 21
12
  0
LINE
  8
0
 10
30.5496
 20
12
 11
29.5889
 21
12
  0
LINE
  8
0
 10
-20.4111
 20
12
 11
-20.3407
 21
12.5435
  0
LINE
  8
0
 10
-20.3407
 20
12.5435
 11
-20.3407
 21
13.0615
  0
LINE
  8
0
 10
-20.3407
 20
13.0615
 11
-20.4132
 21
13.5338
  0
LINE
  8
0
 10
-20.4132
 20
13.5338
 11
-20.5582
 21
13.9618
  0
LINE
  8
0
 10
-20.5582
 20
13.9618
 11
-20.7756
 21
14.3425
  0
LINE
  8
0
 10
-20.7756
 20
14.3425
 11
-21.064
 21
14.6774
  0
LINE
  8
0
 10
-21.064
 20
14.6774
 11
-21.4256
 21
14.9651
  0
LINE
  8
0
 10
-21.4256
 20
14.9651
 11
-21.8582
 21
15.2077
  0
LINE
  8
0
 10
-21.8582
 20
15.2077
 11
-22.3518
 21
15.3992
  0
LINE
  8
0
 10
-22.3518
 20
15.3992
 11
-21.7247
 21
15.657
  0
LINE
  8
0
 10
-21.7247
 20
15.657
 11
-21.1662
 21
15.9447
  0
LINE
  8
0
 10
-21.1662
 20
15.9447
 11
-20.6917
 21
16.2598
  0
LINE
  8
0
 10
-20.6917
 20
16.2598
 11
-20.3003
 21
16.6
  0
LINE
  8
0
 10
-20.3003
 20
16.6
 11
-19.9913
 21
16.967
  0
LINE
  8
0
 10
-19.9913
 20
16.967
 11
-19.7647
 21
17.3607
  0
LINE
  8
0
 10
-19.7647
 20
17.3607
 11
-19.6228
 21
17.7795
  0
LINE
  8
0
 10
-19.6228
 20
17.7795
 11
-19.5625
 21
18.2266
  0
LINE
  8
0
 10
-19.5625
 20
18.2266
 11
-19.5854
 21
18.6981
  0
LINE
  8
0
 10
-19.5854
 20
18.6981
 11
-19.693
 21
19.1948
  0
LINE
  8
0
 10
-19.693
 20
19.1948
 11
-19.8822
 21
19.7197
  0
LINE
  8
0
 10
-19.8822
 20
19.7197
 11
-20.1477
 21
20.2553
  0
LINE
  8
0
 10
-20.1477
 20
20.2553
 11
-19.5221
 21
19.9211
  0
LINE
  8
0
 10
-19.5221
 20
19.9211
 11
-18.9018
 21
19.677
  0
LINE
  8
0
 10
-18.9018
 20
19.677
 11
-18.3022
 21
19.5282
  0
LINE
  8
0
 10
-18.3022
 20
19.5282
 11
-17.7216
 21
19.4763
  0
LINE
  8
0
 10
-17.7216
 20
19.4763
 11
-17.1608
 21
19.5213
  0
LINE
  8
0
 10
-17.1608
 20
19.5213
 11
-16.6206
 21
19.6625
  0
LINE
  8
0
 10
-16.6206
 20
19.6625
 11
-16.0995
 21
19.8997
  0
LINE
  8
0
 10
-16.0995
 20
19.8997
 11
-15.5983
 21
20.2347
  0
LINE
  8
0
 10
-15.5983
 20
20.2347
 11
-15.1176
 21
20.665
  0
LINE
  8
0
 10
-15.1176
 20
20.665
 11
-14.6568
 21
21.1929
  0
LINE
  8
0
 10
-14.6568
 20
21.1929
 11
-14.2159
 21
21.8155
  0
LINE
  8
0
 10
-14.2159
 20
21.8155
 11
-13.8039
 21
22.5197
  0
LINE
  8
0
 10
-13.8039
 20
22.5197
 11
-13.8008
 21
21.756
  0
LINE
  8
0
 10
-13.8008
 20
21.756
 11
-13.726
 21
21.0938
  0
LINE
  8
0
 10
-13.726
 20
21.0938
 11
-13.5803
 21
20.5536
  0
LINE
  8
0
 10
-13.5803
 20
20.5536
 11
-13.3621
 21
20.134
  0
LINE
  8
0
 10
-13.3621
 20
20.134
 11
-13.0737
 21
19.8372
  0
LINE
  8
0
 10
-13.0737
 20
19.8372
 11
-12.7129
 21
19.6625
  0
LINE
  8
0
 10
-12.7129
 20
19.6625
 11
-12.281
 21
19.6083
  0
LINE
  8
0
 10
-12.281
 20
19.6083
 11
-11.7783
 21
19.6785
  0
LINE
  8
0
 10
-11.7783
 20
19.6785
 11
-11.2045
 21
19.8692
  0
LINE
  8
0
 10
-11.2045
 20
19.8692
 11
-10.5598
 21
20.1813
  0
LINE
  8
0
 10
-10.5598
 20
20.1813
 11
-9.84497
 21
20.6154
  0
LINE
  8
0
 10
-9.84497
 20
20.6154
 11
-9.13696
 21
21.1159
  0
LINE
  8
0
 10
-9.13696
 20
21.1159
 11
-9.84879
 21
20.4948
  0
LINE
  8
0
 10
-9.84879
 20
20.4948
 11
-10.5186
 21
19.8471
  0
LINE
  8
0
 10
-10.5186
 20
19.8471
 11
-11.0725
 21
19.236
  0
LINE
  8
0
 10
-11.0725
 20
19.236
 11
-11.5089
 21
18.6623
  0
LINE
  8
0
 10
-11.5089
 20
18.6623
 11
-11.8301
 21
18.1244
  0
LINE
  8
0
 10
-11.8301
 20
18.1244
 11
-12.0346
 21
17.6239
  0
LINE
  8
0
 10
-12.0346
 20
17.6239
 11
-12.1231
 21
17.1593
  0
LINE
  8
0
 10
-12.1231
 20
17.1593
 11
-12.0941
 21
16.7328
  0
LINE
  8
0
 10
-12.0941
 20
16.7328
 11
-11.9492
 21
16.3422
  0
LINE
  8
0
 10
-11.9492
 20
16.3422
 11
-11.6875
 21
15.9889
  0
LINE
  8
0
 10
-11.6875
 20
15.9889
 11
-11.3098
 21
15.6738
  0
LINE
  8
0
 10
-11.3098
 20
15.6738
 11
-10.8391
 21
15.4076
  0
LINE
  8
0
 10
-10.8391
 20
15.4076
 11
-11.7813
 21
15.5235
  0
LINE
  8
0
 10
-11.7813
 20
15.5235
 11
-12.6572
 21
15.554
  0
LINE
  8
0
 10
-12.6572
 20
15.554
 11
-13.4377
 21
15.4984
  0
LINE
  8
0
 10
-13.4377
 20
15.4984
 11
-14.1235
 21
15.3534
  0
LINE
  8
0
 10
-14.1235
 20
15.3534
 11
-14.7163
 21
15.1222
  0
LINE
  8
0
 10
-14.7163
 20
15.1222
 11
-15.213
 21
14.8026
  0
LINE
  8
0
 10
-15.213
 20
14.8026
 11
-15.6158
 21
14.3959
  0
LINE
  8
0
 10
-15.6158
 20
14.3959
 11
-15.9233
 21
13.9015
  0
LINE
  8
0
 10
-15.9233
 20
13.9015
 11
-16.1354
 21
13.3202
  0
LINE
  8
0
 10
-16.1354
 20
13.3202
 11
-16.2529
 21
12.6503
  0
LINE
  8
0
 10
-16.2529
 20
12.6503
 11
-16.2732
 21
12
  0
LINE
  8
0
 10
-16.2732
 20
12
 11
-16.8272
 21
12
  0
LINE
  8
0
 10
-16.8272
 20
12
 11
-16.8541
 21
12.0346
  0
LINE
  8
0
 10
-16.8541
 20
12.0346
 11
-17.2066
 21
12.3528
  0
LINE
  8
0
 10
-17.2066
 20
12.3528
 11
-17.5758
 21
12.5557
  0
LINE
  8
0
 10
-17.5758
 20
12.5557
 11
-17.9596
 21
12.6427
  0
LINE
  8
0
 10
-17.9596
 20
12.6427
 11
-18.3586
 21
12.6129
  0
LINE
  8
0
 10
-18.3586
 20
12.6129
 11
-18.7737
 21
12.4687
  0
LINE
  8
0
 10
-18.7737
 20
12.4687
 11
-19.2032
 21
12.2086
  0
LINE
  8
0
 10
-19.2032
 20
12.2086
 11
-19.4504
 21
12
  0
LINE
  8
0
 10
-19.4504
 20
12
 11
-20.4111
 21
12
  0
LINE
  8
0
 10
15.5311
 20
12
 11
15.554
 21
12.6572
  0
LINE
  8
0
 10
15.554
 20
12.6572
 11
15.4984
 21
13.4377
  0
LINE
  8
0
 10
15.4984
 20
13.4377
 11
15.3534
 21
14.1235
  0
LINE
  8
0
 10
15.3534
 20
14.1235
 11
15.1222
 21
14.7163
  0
LINE
  8
0
 10
15.1222
 20
14.7163
 11
14.8026
 21
15.213
  0
LINE
  8
0
 10
14.8026
 20
15.213
 11
14.3959
 21
15.6158
  0
LINE
  8
0
 10
14.3959
 20
15.6158
 11
13.9015
 21
15.9233
  0
LINE
  8
0
 10
13.9015
 20
15.9233
 11
13.3202
 21
16.1354
  0
LINE
  8
0
 10
13.3202
 20
16.1354
 11
12.6503
 21
16.2529
  0
LINE
  8
0
 10
12.6503
 20
16.2529
 11
11.8942
 21
16.2766
  0
LINE
  8
0
 10
11.8942
 20
16.2766
 11
11.0741
 21
16.2079
  0
LINE
  8
0
 10
11.0741
 20
16.2079
 11
11.6013
 21
16.5169
  0
LINE
  8
0
 10
11.6013
 20
16.5169
 11
12.0346
 21
16.8541
  0
LINE
  8
0
 10
12.0346
 20
16.8541
 11
12.3528
 21
17.2066
  0
LINE
  8
0
 10
12.3528
 20
17.2066
 11
12.5557
 21
17.5758
  0
LINE
  8
0
 10
12.5557
 20
17.5758
 11
12.6427
 21
17.9596
  0
LINE
  8
0
 10
12.6427
 20
17.9596
 11
12.6129
 21
18.3586
  0
LINE
  8
0
 10
12.6129
 20
18.3586
 11
12.4687
 21
18.7737
  0
LINE
  8
0
 10
12.4687
 20
18.7737
 11
12.2086
 21
19.2032
  0
LINE
  8
0
 10
12.2086
 20
19.2032
 11
11.834
 21
19.6472
  0
LINE
  8
0
 10
11.834
 20
19.6472
 11
11.3434
 21
20.1073
  0
LINE
  8
0
 10
11.3434
 20
20.1073
 11
10.7361
 21
20.5818
  0
LINE
  8
0
 10
10.7361
 20
20.5818
 11
10.0533
 21
21.0457
  0
LINE
  8
0
 10
10.0533
 20
21.0457
 11
10.7132
 21
20.7748
  0
LINE
  8
0
 10
10.7132
 20
20.7748
 11
11.3686
 21
20.5582
  0
LINE
  8
0
 10
11.3686
 20
20.5582
 11
11.9781
 21
20.414
  0
LINE
  8
0
 10
11.9781
 20
20.414
 11
12.5435
 21
20.3407
  0
LINE
  8
0
 10
12.5435
 20
20.3407
 11
13.0615
 21
20.3407
  0
LINE
  8
0
 10
13.0615
 20
20.3407
 11
13.5338
 21
20.4132
  0
LINE
  8
0
 10
13.5338
 20
20.4132
 11
13.9618
 21
20.5582
  0
LINE
  8
0
 10
13.9618
 20
20.5582
 11
14.3425
 21
20.7756
  0
LINE
  8
0
 10
14.3425
 20
20.7756
 11
14.6774
 21
21.064
  0
LINE
  8
0
 10
14.6774
 20
21.064
 11
14.9651
 21
21.4256
  0
LINE
  8
0
 10
14.9651
 20
21.4256
 11
15.2077
 21
21.8582
  0
LINE
  8
0
 10
15.2077
 20
21.8582
 11
15.3992
 21
22.3518
  0
LINE
  8
0
 10
15.3992
 20
22.3518
 11
15.657
 21
21.7247
  0
LINE
  8
0
 10
15.657
 20
21.7247
 11
15.9447
 21
21.1662
  0
LINE
  8
0
 10
15.9447
 20
21.1662
 11
16.2598
 21
20.6917
  0
LINE
  8
0
 10
16.2598
 20
20.6917
 11
16.6
 21
20.3003
  0
LINE
  8
0
 10
16.6
 20
20.3003
 11
16.967
 21
19.9913
  0
LINE
  8
0
 10
16.967
 20
19.9913
 11
17.3607
 21
19.7647
  0
LINE
  8
0
 10
17.3607
 20
19.7647
 11
17.7795
 21
19.6228
  0
LINE
  8
0
 10
17.7795
 20
19.6228
 11
18.2266
 21
19.5625
  0
LINE
  8
0
 10
18.2266
 20
19.5625
 11
18.6981
 21
19.5854
  0
LINE
  8
0
 10
18.6981
 20
19.5854
 11
19.1948
 21
19.693
  0
LINE
  8
0
 10
19.1948
 20
19.693
 11
19.7197
 21
19.8822
  0
LINE
  8
0
 10
19.7197
 20
19.8822
 11
20.2553
 21
20.1477
  0
LINE
  8
0
 10
20.2553
 20
20.1477
 11
19.9211
 21
19.5221
  0
LINE
  8
0
 10
19.9211
 20
19.5221
 11
19.677
 21
18.9018
  0
LINE
  8
0
 10
19.677
 20
18.9018
 11
19.5282
 21
18.3022
  0
LINE
  8
0
 10
19.5282
 20
18.3022
 11
19.4763
 21
17.7216
  0
LINE
  8
0
 10
19.4763
 20
17.7216
 11
19.5213
 21
17.1608
  0
LINE
  8
0
 10
19.5213
 20
17.1608
 11
19.6625
 21
16.6206
  0
LINE
  8
0
 10
19.6625
 20
16.6206
 11
19.8997
 21
16.0995
  0
LINE
  8
0
 10
19.8997
 20
16.0995
 11
20.2347
 21
15.5983
  0
LINE
  8
0
 10
20.2347
 20
15.5983
 11
20.665
 21
15.1176
  0
LINE
  8
0
 10
20.665
 20
15.1176
 11
21.1929
 21
14.6568
  0
LINE
  8
0
 10
21.1929
 20
14.6568
 11
21.8155
 21
14.2159
  0
LINE
  8
0
 10
21.8155
 20
14.2159
 11
22.5197
 21
13.8039
  0
LINE
  8
0
 10
22.5197
 20
13.8039
 11
21.756
 21
13.8008
  0
LINE
  8
0
 10
21.756
 20
13.8008
 11
21.0938
 21
13.726
  0
LINE
  8
0
 10
21.0938
 20
13.726
 11
20.5536
 21
13.5803
  0
LINE
  8
0
 10
20.5536
 20
13.5803
 11
20.134
 21
13.3621
  0
LINE
  8
0
 10
20.134
 20
13.3621
 11
19.8372
 21
13.0737
  0
LINE
  8
0
 10
19.8372
 20
13.0737
 11
19.6625
 21
12.7129
  0
LINE
  8
0
 10
19.6625
 20
12.7129
 11
19.6083
 21
12.281
  0
LINE
  8
0
 10
19.6083
 20
12.281
 11
19.6475
 21
12
  0
LINE
  8
0
 10
19.6475
 20
12
 11
17.7086
 21
12
  0
LINE
  8
0
 10
17.7086
 20
12
 11
17.6239
 21
12.0346
  0
LINE
  8
0
 10
17.6239
 20
12.0346
 11
17.1593
 21
12.1231
  0
LINE
  8
0
 10
17.1593
 20
12.1231
 11
16.7328
 21
12.0941
  0
LINE
  8
0
 10
16.7328
 20
12.0941
 11
16.4792
 21
12
  0
LINE
  8
0
 10
16.4792
 20
12
 11
15.5311
 21
12
  0
LINE
  8
0
 10
-34.4689
 20
12
 11
-34.446
 21
12.6572
  0
LINE
  8
0
 10
-34.446
 20
12.6572
 11
-34.5016
 21
13.4377
  0
LINE
  8
0
 10
-34.5016
 20
13.4377
 11
-34.6466
 21
14.1235
  0
LINE
  8
0
 10
-34.6466
 20
14.1235
 11
-34.8778
 21
14.7163
  0
LINE
  8
0
 10
-34.8778
 20
14.7163
 11
-35.1974
 21
15.213
  0
LINE
  8
0
 10
-35.1974
 20
15.213
 11
-35.6041
 21
15.6158
  0
LINE
  8
0
 10
-35.6041
 20
15.6158
 11
-36.0985
 21
15.9233
  0
LINE
  8
0
 10
-36.0985
 20
15.9233
 11
-36.6798
 21
16.1354
  0
LINE
  8
0
 10
-36.6798
 20
16.1354
 11
-37.3497
 21
16.2529
  0
LINE
  8
0
 10
-37.3497
 20
16.2529
 11
-38.1058
 21
16.2766
  0
LINE
  8
0
 10
-38.1058
 20
16.2766
 11
-38.9259
 21
16.2079
  0
LINE
  8
0
 10
-38.9259
 20
16.2079
 11
-38.3987
 21
16.5169
  0
LINE
  8
0
 10
-38.3987
 20
16.5169
 11
-37.9654
 21
16.8541
  0
LINE
  8
0
 10
-37.9654
 20
16.8541
 11
-37.6472
 21
17.2066
  0
LINE
  8
0
 10
-37.6472
 20
17.2066
 11
-37.4443
 21
17.5758
  0
LINE
  8
0
 10
-37.4443
 20
17.5758
 11
-37.3573
 21
17.9596
  0
LINE
  8
0
 10
-37.3573
 20
17.9596
 11
-37.3871
 21
18.3586
  0
LINE
  8
0
 10
-37.3871
 20
18.3586
 11
-37.5313
 21
18.7737
  0
LINE
  8
0
 10
-37.5313
 20
18.7737
 11
-37.7914
 21
19.2032
  0
LINE
  8
0
 10
-37.7914
 20
19.2032
 11
-38.166
 21
19.6472
  0
LINE
  8
0
 10
-38.166
 20
19.6472
 11
-38.6566
 21
20.1073
  0
LINE
  8
0
 10
-38.6566
 20
20.1073
 11
-39.2639
 21
20.5818
  0
LINE
  8
0
 10
-39.2639
 20
20.5818
 11
-39.9467
 21
21.0457
  0
LINE
  8
0
 10
-39.9467
 20
21.0457
 11
-39.2868
 21
20.7748
  0
LINE
  8
0
 10
-39.2868
 20
20.7748
 11
-38.6314
 21
20.5582
  0
LINE
  8
0
 10
-38.6314
 20
20.5582
 11
-38.0219
 21
20.414
  0
LINE
  8
0
 10
-38.0219
 20
20.414
 11
-37.4565
 21
20.3407
  0
LINE
  8
0
 10
-37.4565
 20
20.3407
 11
-36.9385
 21
20.3407
  0
LINE
  8
0
 10
-36.9385
 20
20.3407
 11
-36.4662
 21
20.4132
  0
LINE
  8
0
 10
-36.4662
 20
20.4132
 11
-36.0382
 21
20.5582
  0
LINE
  8
0
 10
-36.0382
 20
20.5582
 11
-35.6575
 21
20.7756
  0
LINE
  8
0
 10
-35.6575
 20
20.7756
 11
-35.3226
 21
21.064
  0
LINE
  8
0
 10
-35.3226
 20
21.064
 11
-35.0349
 21
21.4256
  0
LINE
  8
0
 10
-35.0349
 20
21.4256
 11
-34.7923
 21
21.8582
  0
LINE
  8
0
 10
-34.7923
 20
21.8582
 11
-34.6008
 21
22.3518
  0
LINE
  8
0
 10
-34.6008
 20
22.3518
 11
-34.343
 21
21.7247
  0
LINE
  8
0
 10
-34.343
 20
21.7247
 11
-34.0553
 21
21.1662
  0
LINE
  8
0
 10
-34.0553
 20
21.1662
 11
-33.7402
 21
20.6917
  0
LINE
  8
0
 10
-33.7402
 20
20.6917
 11
-33.4
 21
20.3003
  0
LINE
  8
0
 10
-33.4
 20
20.3003
 11
-33.033
 21
19.9913
  0
LINE
  8
0
 10
-33.033
 20
19.9913
 11
-32.6393
 21
19.7647
  0
LINE
  8
0
 10
-32.6393
 20
19.7647
 11
-32.2205
 21
19.6228
  0
LINE
  8
0
 10
-32.2205
 20
19.6228
 11
-31.7734
 21
19.5625
  0
LINE
  8
0
 10
-31.7734
 20
19.5625
 11
-31.3019
 21
19.5854
  0
LINE
  8
0
 10
-31.3019
 20
19.5854
 11
-30.8052
 21
19.693
  0
LINE
  8
0
 10
-30.8052
 20
19.693
 11
-30.2803
 21
19.8822
  0
LINE
  8
0
 10
-30.2803
 20
19.8822
 11
-29.7447
 21
20.1477
  0
LINE
  8
0
 10
-29.7447
 20
20.1477
 11
-30.0789
 21
19.5221
  0
LINE
  8
0
 10
-30.0789
 20
19.5221
 11
-30.323
 21
18.9018
  0
LINE
  8
0
 10
-30.323
 20
18.9018
 11
-30.4718
 21
18.3022
  0
LINE
  8
0
 10
-30.4718
 20
18.3022
 11
-30.5237
 21
17.7216
  0
LINE
  8
0
 10
-30.5237
 20
17.7216
 11
-30.4787
 21
17.1608
  0
LINE
  8
0
 10
-30.4787
 20
17.1608
 11
-30.3375
 21
16.6206
  0
LINE
  8
0
 10
-30.3375
 20
16.6206
 11
-30.1003
 21
16.0995
  0
LINE
  8
0
 10
-30.1003
 20
16.0995
 11
-29.7653
 21
15.5983
  0
LINE
  8
0
 10
-29.7653
 20
15.5983
 11
-29.335
 21
15.1176
  0
LINE
  8
0
 10
-29.335
 20
15.1176
 11
-28.8071
 21
14.6568
  0
LINE
  8
0
 10
-28.8071
 20
14.6568
 11
-28.1845
 21
14.2159
  0
LINE
  8
0
 10
-28.1845
 20
14.2159
 11
-27.4803
 21
13.8039
  0
LINE
  8
0
 10
-27.4803
 20
13.8039
 11
-28.244
 21
13.8008
  0
LINE
  8
0
 10
-28.244
 20
13.8008
 11
-28.9062
 21
13.726
  0
LINE
  8
0
 10
-28.9062
 20
13.726
 11
-29.4464
 21
13.5803
  0
LINE
  8
0
 10
-29.4464
 20
13.5803
 11
-29.866
 21
13.3621
  0
LINE
  8
0
 10
-29.866
 20
13.3621
 11
-30.1628
 21
13.0737
  0
LINE
  8
0
 10
-30.1628
 20
13.0737
 11
-30.3375
 21
12.7129
  0
LINE
  8
0
 10
-30.3375
 20
12.7129
 11
-30.3917
 21
12.281
  0
LINE
  8
0
 10
-30.3917
 20
12.281
 11
-30.3525
 21
12
  0
LINE
  8
0
 10
-30.3525
 20
12
 11
-32.2914
 21
12
  0
LINE
  8
0
 10
-32.2914
 20
12
 11
-32.3761
 21
12.0346
  0
LINE
  8
0
 10
-32.3761
 20
12.0346
 11
-32.8407
 21
12.1231
  0
LINE
  8
0
 10
-32.8407
 20
12.1231
 11
-33.2672
 21
12.0941
  0
LINE
  8
0
 10
-33.2672
 20
12.0941
 11
-33.5208
 21
12
  0
LINE
  8
0
 10
-33.5208
 20
12
 11
-34.4689
 21
12
  0
LINE
  8
0
 10
47.5418
 20
18.2182
 11
42.6971
 21
15.9569
  0
LINE
  8
0
 10
42.6971
 20
15.9569
 11
49.0257
 21
22.1573
  0
LINE
  8
0
 10
49.0257
 20
22.1573
 11
49.0257
 21
12.7968
  0
LINE
  8
0
 10
49.0257
 20
12.7968
 11
47.5418
 21
18.2182
  0
LINE
  8
0
 10
-2.45819
 20
18.2182
 11
-7.30286
 21
15.9569
  0
LINE
  8
0
 10
-7.30286
 20
15.9569
 11
-0.974274
 21
22.1573
  0
LINE
  8
0
 10
-0.974274
 20
22.1573
 11
-0.974274
 21
12.7968
  0
LINE
  8
0
 10
-0.974274
 20
12.7968
 11
-2.45819
 21
18.2182
  0
LINE
  8
0
 10
-52.4582
 20
18.2182
 11
-57.179
 21
16.0147
  0
LINE
  8
0
 10
-57.179
 20
16.0147
 11
-57.1487
 21
16.108
  0
LINE
  8
0
 10
-57.1487
 20
16.108
 11
-50.9743
 21
22.1573
  0
LINE
  8
0
 10
-50.9743
 20
22.1573
 11
-50.9743
 21
12.7968
  0
LINE
  8
0
 10
-50.9743
 20
12.7968
 11
-52.4582
 21
18.2182
  0
LINE
  8
0
 10
50.9521
 20
12
 11
50.9521
 21
22.1138
  0
LINE
  8
0
 10
50.9521
 20
22.1138
 11
57.4707
 21
15.0146
  0
LINE
  8
0
 10
57.4707
 20
15.0146
 11
52.6314
 21
18.2411
  0
LINE
  8
0
 10
52.6314
 20
18.2411
 11
51.1005
 21
12
  0
LINE
  8
0
 10
51.1005
 20
12
 11
50.9521
 21
12
  0
LINE
  8
0
 10
0.952148
 20
12
 11
0.952148
 21
22.1138
  0
LINE
  8
0
 10
0.952148
 20
22.1138
 11
7.4707
 21
15.0146
  0
LINE
  8
0
 10
7.4707
 20
15.0146
 11
2.63138
 21
18.2411
  0
LINE
  8
0
 10
2.63138
 20
18.2411
 11
1.10048
 21
12
  0
LINE
  8
0
 10
1.10048
 20
12
 11
0.952148
 21
12
  0
LINE
  8
0
 10
-49.0479
 20
12
 11
-49.0479
 21
22.1138
  0
LINE
  8
0
 10
-49.0479
 20
22.1138
 11
-42.5293
 21
15.0146
  0
LINE
  8
0
 10
-42.5293
 20
15.0146
 11
-47.3686
 21
18.2411
  0
LINE
  8
0
 10
-47.3686
 20
18.2411
 11
-48.8995
 21
12
  0
LINE
  8
0
 10
-48.8995
 20
12
 11
-49.0479
 21
12
  0
LINE
  8
0
 10
40.5293
 20
12
 11
40.554
 21
12.3421
  0
LINE
  8
0
 10
40.554
 20
12.3421
 11
40.5235
 21
13.2179
  0
LINE
  8
0
 10
40.5235
 20
13.2179
 11
40.4076
 21
14.1617
  0
LINE
  8
0
 10
40.4076
 20
14.1617
 11
40.6738
 21
13.6902
  0
LINE
  8
0
 10
40.6738
 20
13.6902
 11
40.9889
 21
13.3125
  0
LINE
  8
0
 10
40.9889
 20
13.3125
 11
41.3422
 21
13.0508
  0
LINE
  8
0
 10
41.3422
 20
13.0508
 11
41.7328
 21
12.9059
  0
LINE
  8
0
 10
41.7328
 20
12.9059
 11
42.1593
 21
12.8769
  0
LINE
  8
0
 10
42.1593
 20
12.8769
 11
42.6239
 21
12.9654
  0
LINE
  8
0
 10
42.6239
 20
12.9654
 11
43.1236
 21
13.1699
  0
LINE
  8
0
 10
43.1236
 20
13.1699
 11
43.6615
 21
13.4903
  0
LINE
  8
0
 10
43.6615
 20
13.4903
 11
44.236
 21
13.9275
  0
LINE
  8
0
 10
44.236
 20
13.9275
 11
44.8463
 21
14.4806
  0
LINE
  8
0
 10
44.8463
 20
14.4806
 11
45.4941
 21
15.1505
  0
LINE
  8
0
 10
45.4941
 20
15.1505
 11
46.1174
 21
15.8646
  0
LINE
  8
0
 10
46.1174
 20
15.8646
 11
45.6161
 21
15.1558
  0
LINE
  8
0
 10
45.6161
 20
15.1558
 11
45.1813
 21
14.4402
  0
LINE
  8
0
 10
45.1813
 20
14.4402
 11
44.8692
 21
13.7962
  0
LINE
  8
0
 10
44.8692
 20
13.7962
 11
44.6785
 21
13.2225
  0
LINE
  8
0
 10
44.6785
 20
13.2225
 11
44.6083
 21
12.719
  0
LINE
  8
0
 10
44.6083
 20
12.719
 11
44.6625
 21
12.2871
  0
LINE
  8
0
 10
44.6625
 20
12.2871
 11
44.8015
 21
12
  0
LINE
  8
0
 10
44.8015
 20
12
 11
40.5293
 21
12
  0
LINE
  8
0
 10
-9.4707
 20
12
 11
-9.44595
 21
12.3421
  0
LINE
  8
0
 10
-9.44595
 20
12.3421
 11
-9.47647
 21
13.2179
  0
LINE
  8
0
 10
-9.47647
 20
13.2179
 11
-9.59244
 21
14.1617
  0
LINE
  8
0
 10
-9.59244
 20
14.1617
 11
-9.32617
 21
13.6902
  0
LINE
  8
0
 10
-9.32617
 20
13.6902
 11
-9.01108
 21
13.3125
  0
LINE
  8
0
 10
-9.01108
 20
13.3125
 11
-8.65784
 21
13.0508
  0
LINE
  8
0
 10
-8.65784
 20
13.0508
 11
-8.26721
 21
12.9059
  0
LINE
  8
0
 10
-8.26721
 20
12.9059
 11
-7.84073
 21
12.8769
  0
LINE
  8
0
 10
-7.84073
 20
12.8769
 11
-7.3761
 21
12.9654
  0
LINE
  8
0
 10
-7.3761
 20
12.9654
 11
-6.87637
 21
13.1699
  0
LINE
  8
0
 10
-6.87637
 20
13.1699
 11
-6.3385
 21
13.4903
  0
LINE
  8
0
 10
-6.3385
 20
13.4903
 11
-5.76401
 21
13.9275
  0
LINE
  8
0
 10
-5.76401
 20
13.9275
 11
-5.15366
 21
14.4806
  0
LINE
  8
0
 10
-5.15366
 20
14.4806
 11
-4.50592
 21
15.1505
  0
LINE
  8
0
 10
-4.50592
 20
15.1505
 11
-3.8826
 21
15.8646
  0
LINE
  8
0
 10
-3.8826
 20
15.8646
 11
-4.38385
 21
15.1558
  0
LINE
  8
0
 10
-4.38385
 20
15.1558
 11
-4.81873
 21
14.4402
  0
LINE
  8
0
 10
-4.81873
 20
14.4402
 11
-5.13077
 21
13.7962
  0
LINE
  8
0
 10
-5.13077
 20
13.7962
 11
-5.3215
 21
13.2225
  0
LINE
  8
0
 10
-5.3215
 20
13.2225
 11
-5.39169
 21
12.719
  0
LINE
  8
0
 10
-5.39169
 20
12.719
 11
-5.33752
 21
12.2871
  0
LINE
  8
0
 10
-5.33752
 20
12.2871
 11
-5.1985
 21
12
  0
LINE
  8
0
 10
-5.1985
 20
12
 11
-9.4707
 21
12
  0
LINE
  8
0
 10
-58.4834
 20
12
 11
-58.1908
 21
12.9007
  0
LINE
  8
0
 10
-58.1908
 20
12.9007
 11
-57.8407
 21
12.8769
  0
LINE
  8
0
 10
-57.8407
 20
12.8769
 11
-57.3761
 21
12.9654
  0
LINE
  8
0
 10
-57.3761
 20
12.9654
 11
-56.8764
 21
13.1699
  0
LINE
  8
0
 10
-56.8764
 20
13.1699
 11
-56.3385
 21
13.4903
  0
LINE
  8
0
 10
-56.3385
 20
13.4903
 11
-55.764
 21
13.9275
  0
LINE
  8
0
 10
-55.764
 20
13.9275
 11
-55.1537
 21
14.4806
  0
LINE
  8
0
 10
-55.1537
 20
14.4806
 11
-54.5059
 21
15.1505
  0
LINE
  8
0
 10
-54.5059
 20
15.1505
 11
-53.8826
 21
15.8646
  0
LINE
  8
0
 10
-53.8826
 20
15.8646
 11
-54.3839
 21
15.1558
  0
LINE
  8
0
 10
-54.3839
 20
15.1558
 11
-54.8187
 21
14.4402
  0
LINE
  8
0
 10
-54.8187
 20
14.4402
 11
-55.1308
 21
13.7962
  0
LINE
  8
0
 10
-55.1308
 20
13.7962
 11
-55.3215
 21
13.2225
  0
LINE
  8
0
 10
-55.3215
 20
13.2225
 11
-55.3917
 21
12.719
  0
LINE
  8
0
 10
-55.3917
 20
12.719
 11
-55.3375
 21
12.2871
  0
LINE
  8
0
 10
-55.3375
 20
12.2871
 11
-55.1985
 21
12
  0
LINE
  8
0
 10
-55.1985
 20
12
 11
-58.4834
 21
12
  0
LINE
  8
0
 10
54.6586
 20
12
 11
54.6593
 21
12.4557
  0
LINE
  8
0
 10
54.6593
 20
12.4557
 11
54.5868
 21
13.0211
  0
LINE
  8
0
 10
54.5868
 20
13.0211
 11
54.4418
 21
13.6307
  0
LINE
  8
0
 10
54.4418
 20
13.6307
 11
54.2252
 21
14.2868
  0
LINE
  8
0
 10
54.2252
 20
14.2868
 11
53.9543
 21
14.9467
  0
LINE
  8
0
 10
53.9543
 20
14.9467
 11
54.4182
 21
14.2639
  0
LINE
  8
0
 10
54.4182
 20
14.2639
 11
54.8927
 21
13.6574
  0
LINE
  8
0
 10
54.8927
 20
13.6574
 11
55.352
 21
13.1668
  0
LINE
  8
0
 10
55.352
 20
13.1668
 11
55.7968
 21
12.7914
  0
LINE
  8
0
 10
55.7968
 20
12.7914
 11
56.2263
 21
12.5313
  0
LINE
  8
0
 10
56.2263
 20
12.5313
 11
56.6414
 21
12.3871
  0
LINE
  8
0
 10
56.6414
 20
12.3871
 11
57.0404
 21
12.3573
  0
LINE
  8
0
 10
57.0404
 20
12.3573
 11
57.4242
 21
12.4443
  0
LINE
  8
0
 10
57.4242
 20
12.4443
 11
57.7934
 21
12.6472
  0
LINE
  8
0
 10
57.7934
 20
12.6472
 11
58.1459
 21
12.9654
  0
LINE
  8
0
 10
58.1459
 20
12.9654
 11
58.1627
 21
12.987
  0
LINE
  8
0
 10
58.1627
 20
12.987
 11
58.4834
 21
12
  0
LINE
  8
0
 10
58.4834
 20
12
 11
54.6586
 21
12
  0
LINE
  8
0
 10
-45.3414
 20
12
 11
-45.3407
 21
12.4557
  0
LINE
  8
0
 10
-45.3407
 20
12.4557
 11
-45.4132
 21
13.0211
  0
LINE
  8
0
 10
-45.4132
 20
13.0211
 11
-45.5582
 21
13.6307
  0
LINE
  8
0
 10
-45.5582
 20
13.6307
 11
-45.7748
 21
14.2868
  0
LINE
  8
0
 10
-45.7748
 20
14.2868
 11
-46.0457
 21
14.9467
  0
LINE
  8
0
 10
-46.0457
 20
14.9467
 11
-45.5818
 21
14.2639
  0
LINE
  8
0
 10
-45.5818
 20
14.2639
 11
-45.1073
 21
13.6574
  0
LINE
  8
0
 10
-45.1073
 20
13.6574
 11
-44.648
 21
13.1668
  0
LINE
  8
0
 10
-44.648
 20
13.1668
 11
-44.2032
 21
12.7914
  0
LINE
  8
0
 10
-44.2032
 20
12.7914
 11
-43.7737
 21
12.5313
  0
LINE
  8
0
 10
-43.7737
 20
12.5313
 11
-43.3586
 21
12.3871
  0
LINE
  8
0
 10
-43.3586
 20
12.3871
 11
-42.9596
 21
12.3573
  0
LINE
  8
0
 10
-42.9596
 20
12.3573
 11
-42.5758
 21
12.4443
  0
LINE
  8
0
 10
-42.5758
 20
12.4443
 11
-42.2066
 21
12.6472
  0
LINE
  8
0
 10
-42.2066
 20
12.6472
 11
-41.8541
 21
12.9654
  0
LINE
  8
0
 10
-41.8541
 20
12.9654
 11
-41.5176
 21
13.398
  0
LINE
  8
0
 10
-41.5176
 20
13.398
 11
-41.2079
 21
13.9267
  0
LINE
  8
0
 10
-41.2079
 20
13.9267
 11
-41.2766
 21
13.1065
  0
LINE
  8
0
 10
-41.2766
 20
13.1065
 11
-41.2537
 21
12.3505
  0
LINE
  8
0
 10
-41.2537
 20
12.3505
 11
-41.1919
 21
12
  0
LINE
  8
0
 10
-41.1919
 20
12
 11
-45.3414
 21
12
  0
LINE
  8
0
 10
4.6586
 20
12
 11
4.65927
 21
12.4557
  0
LINE
  8
0
 10
4.65927
 20
12.4557
 11
4.58679
 21
13.0211
  0
LINE
  8
0
 10
4.58679
 20
13.0211
 11
4.44183
 21
13.6307
  0
LINE
  8
0
 10
4.44183
 20
13.6307
 11
4.22516
 21
14.2868
  0
LINE
  8
0
 10
4.22516
 20
14.2868
 11
3.95432
 21
14.9467
  0
LINE
  8
0
 10
3.95432
 20
14.9467
 11
4.41818
 21
14.2639
  0
LINE
  8
0
 10
4.41818
 20
14.2639
 11
4.89273
 21
13.6574
  0
LINE
  8
0
 10
4.89273
 20
13.6574
 11
5.35202
 21
13.1668
  0
LINE
  8
0
 10
5.35202
 20
13.1668
 11
5.79681
 21
12.7914
  0
LINE
  8
0
 10
5.79681
 20
12.7914
 11
6.22635
 21
12.5313
  0
LINE
  8
0
 10
6.22635
 20
12.5313
 11
6.64139
 21
12.3871
  0
LINE
  8
0
 10
6.64139
 20
12.3871
 11
7.04041
 21
12.3573
  0
LINE
  8
0
 10
7.04041
 20
12.3573
 11
7.42416
 21
12.4443
  0
LINE
  8
0
 10
7.42416
 20
12.4443
 11
7.79343
 21
12.6472
  0
LINE
  8
0
 10
7.79343
 20
12.6472
 11
8.1459
 21
12.9654
  0
LINE
  8
0
 10
8.1459
 20
12.9654
 11
8.48236
 21
13.398
  0
LINE
  8
0
 10
8.48236
 20
13.398
 11
8.79211
 21
13.9267
  0
LINE
  8
0
 10
8.79211
 20
13.9267
 11
8.72345
 21
13.1065
  0
LINE
  8
0
 10
8.72345
 20
13.1065
 11
8.74634
 21
12.3505
  0
LINE
  8
0
 10
8.74634
 20
12.3505
 11
8.80814
 21
12
  0
LINE
  8
0
 10
8.80814
 20
12
 11
4.6586
 21
12
  0
LINE
  8
0
 10
-24.0479
 20
12
 11
-24.0479
 21
13.6047
  0
LINE
  8
0
 10
-24.0479
 20
13.6047
 11
-23.6542
 21
12
  0
LINE
  8
0
 10
-23.6542
 20
12
 11
-24.0479
 21
12
  0
LINE
  8
0
 10
25.9521
 20
12
 11
25.9521
 21
13.6047
  0
LINE
  8
0
 10
25.9521
 20
13.6047
 11
26.3458
 21
12
  0
LINE
  8
0
 10
26.3458
 20
12
 11
25.9521
 21
12
  0
LINE
  8
0
 10
23.9701
 20
12
 11
24.0257
 21
12.2032
  0
LINE
  8
0
 10
24.0257
 20
12.2032
 11
24.0257
 21
12
  0
LINE
  8
0
 10
24.0257
 20
12
 11
23.9701
 21
12
  0
LINE
  8
0
 10
-26.0299
 20
12
 11
-25.9743
 21
12.2032
  0
LINE
  8
0
 10
-25.9743
 20
12.2032
 11
-25.9743
 21
12
  0
LINE
  8
0
 10
-25.9743
 20
12
 11
-26.0299
 21
12
  0
LINE
  8
0
 10
-10
 20
7
 11
-10
 21
11
  0
LINE
  8
0
 10
-10
 20
11
 11
10
 21
11
  0
LINE
  8
0
 10
10
 20
11
 11
10
 21
7
  0
LINE
  8
0
 10
10
 20
7
 11
-10
 21
7
  0
LINE
  8
0
 10
-68.6534
 20
2.70622
 11
-68.7785
 21
2.71805
  0
LINE
  8
0
 10
-68.7785
 20
2.71805
 11
-68.9026
 21
2.7377
  0
LINE
  8
0
 10
-68.9026
 20
2.7377
 11
-69.0252
 21
2.76511
  0
LINE
  8
0
 10
-69.0252
 20
2.76511
 11
-69.1459
 21
2.80016
  0
LINE
  8
0
 10
-69.1459
 20
2.80016
 11
-69.2641
 21
2.84273
  0
LINE
  8
0
 10
-69.2641
 20
2.84273
 11
-69.3794
 21
2.89262
  0
LINE
  8
0
 10
-69.3794
 20
2.89262
 11
-69.4914
 21
2.94966
  0
LINE
  8
0
 10
-69.4914
 20
2.94966
 11
-69.5995
 21
3.01363
  0
LINE
  8
0
 10
-69.5995
 20
3.01363
 11
-69.7034
 21
3.08424
  0
LINE
  8
0
 10
-69.7034
 20
3.08424
 11
-69.8027
 21
3.16125
  0
LINE
  8
0
 10
-69.8027
 20
3.16125
 11
-69.897
 21
3.24434
  0
LINE
  8
0
 10
-69.897
 20
3.24434
 11
-69.9858
 21
3.33318
  0
LINE
  8
0
 10
-69.9858
 20
3.33318
 11
-70.0689
 21
3.42743
  0
LINE
  8
0
 10
-70.0689
 20
3.42743
 11
-70.1459
 21
3.5267
  0
LINE
  8
0
 10
-70.1459
 20
3.5267
 11
-70.2165
 21
3.63062
  0
LINE
  8
0
 10
-70.2165
 20
3.63062
 11
-70.2805
 21
3.73877
  0
LINE
  8
0
 10
-70.2805
 20
3.73877
 11
-70.3375
 21
3.85072
  0
LINE
  8
0
 10
-70.3375
 20
3.85072
 11
-70.3874
 21
3.96602
  0
LINE
  8
0
 10
-70.3874
 20
3.96602
 11
-70.43
 21
4.08424
  0
LINE
  8
0
 10
-70.43
 20
4.08424
 11
-70.465
 21
4.2049
  0
LINE
  8
0
 10
-70.465
 20
4.2049
 11
-70.4924
 21
4.32751
  0
LINE
  8
0
 10
-70.4924
 20
4.32751
 11
-70.5121
 21
4.45161
  0
LINE
  8
0
 10
-70.5121
 20
4.45161
 11
-70.5239
 21
4.57669
  0
LINE
  8
0
 10
-70.5239
 20
4.57669
 11
-70.5279
 21
4.70227
  0
LINE
  8
0
 10
-70.5279
 20
4.70227
 11
-70.5239
 21
4.82785
  0
LINE
  8
0
 10
-70.5239
 20
4.82785
 11
-70.5121
 21
4.95294
  0
LINE
  8
0
 10
-70.5121
 20
4.95294
 11
-70.4924
 21
5.07704
  0
LINE
  8
0
 10
-70.4924
 20
5.07704
 11
-70.465
 21
5.19966
  0
LINE
  8
0
 10
-70.465
 20
5.19966
 11
-70.43
 21
5.32031
  0
LINE
  8
0
 10
-70.43
 20
5.32031
 11
-70.3874
 21
5.43852
  0
LINE
  8
0
 10
-70.3874
 20
5.43852
 11
-70.3375
 21
5.55383
  0
LINE
  8
0
 10
-70.3375
 20
5.55383
 11
-70.2805
 21
5.66579
  0
LINE
  8
0
 10
-70.2805
 20
5.66579
 11
-70.2165
 21
5.77393
  0
LINE
  8
0
 10
-70.2165
 20
5.77393
 11
-70.1459
 21
5.87784
  0
LINE
  8
0
 10
-70.1459
 20
5.87784
 11
-70.0689
 21
5.97713
  0
LINE
  8
0
 10
-70.0689
 20
5.97713
 11
-69.9858
 21
6.07137
  0
LINE
  8
0
 10
-69.9858
 20
6.07137
 11
-69.897
 21
6.16022
  0
LINE
  8
0
 10
-69.897
 20
6.16022
 11
-69.8027
 21
6.2433
  0
LINE
  8
0
 10
-69.8027
 20
6.2433
 11
-69.7034
 21
6.32031
  0
LINE
  8
0
 10
-69.7034
 20
6.32031
 11
-69.5995
 21
6.39093
  0
LINE
  8
0
 10
-69.5995
 20
6.39093
 11
-69.4914
 21
6.4549
  0
LINE
  8
0
 10
-69.4914
 20
6.4549
 11
-69.3794
 21
6.51193
  0
LINE
  8
0
 10
-69.3794
 20
6.51193
 11
-69.2641
 21
6.56183
  0
LINE
  8
0
 10
-69.2641
 20
6.56183
 11
-69.1459
 21
6.60439
  0
LINE
  8
0
 10
-69.1459
 20
6.60439
 11
-69.0252
 21
6.63943
  0
LINE
  8
0
 10
-69.0252
 20
6.63943
 11
-68.9026
 21
6.66685
  0
LINE
  8
0
 10
-68.9026
 20
6.66685
 11
-68.7785
 21
6.68651
  0
LINE
  8
0
 10
-68.7785
 20
6.68651
 11
-68.6534
 21
6.69833
  0
LINE
  8
0
 10
-68.6534
 20
6.69833
 11
-68.5279
 21
6.70227
  0
LINE
  8
0
 10
-68.5279
 20
6.70227
 11
-68.4023
 21
6.69833
  0
LINE
  8
0
 10
-68.4023
 20
6.69833
 11
-68.2772
 21
6.68651
  0
LINE
  8
0
 10
-68.2772
 20
6.68651
 11
-68.1531
 21
6.66685
  0
LINE
  8
0
 10
-68.1531
 20
6.66685
 11
-68.0305
 21
6.63943
  0
LINE
  8
0
 10
-68.0305
 20
6.63943
 11
-67.9098
 21
6.60439
  0
LINE
  8
0
 10
-67.9098
 20
6.60439
 11
-67.7916
 21
6.56183
  0
LINE
  8
0
 10
-67.7916
 20
6.56183
 11
-67.6763
 21
6.51193
  0
LINE
  8
0
 10
-67.6763
 20
6.51193
 11
-67.5643
 21
6.4549
  0
LINE
  8
0
 10
-67.5643
 20
6.4549
 11
-67.4562
 21
6.39093
  0
LINE
  8
0
 10
-67.4562
 20
6.39093
 11
-67.3523
 21
6.32031
  0
LINE
  8
0
 10
-67.3523
 20
6.32031
 11
-67.253
 21
6.2433
  0
LINE
  8
0
 10
-67.253
 20
6.2433
 11
-67.1588
 21
6.16022
  0
LINE
  8
0
 10
-67.1588
 20
6.16022
 11
-67.0699
 21
6.07137
  0
LINE
  8
0
 10
-67.0699
 20
6.07137
 11
-66.9868
 21
5.97713
  0
LINE
  8
0
 10
-66.9868
 20
5.97713
 11
-66.9098
 21
5.87784
  0
LINE
  8
0
 10
-66.9098
 20
5.87784
 11
-66.8392
 21
5.77393
  0
LINE
  8
0
 10
-66.8392
 20
5.77393
 11
-66.7752
 21
5.66579
  0
LINE
  8
0
 10
-66.7752
 20
5.66579
 11
-66.7182
 21
5.55383
  0
LINE
  8
0
 10
-66.7182
 20
5.55383
 11
-66.6683
 21
5.43852
  0
LINE
  8
0
 10
-66.6683
 20
5.43852
 11
-66.6257
 21
5.32031
  0
LINE
  8
0
 10
-66.6257
 20
5.32031
 11
-66.5907
 21
5.19966
  0
LINE
  8
0
 10
-66.5907
 20
5.19966
 11
-66.5633
 21
5.07704
  0
LINE
  8
0
 10
-66.5633
 20
5.07704
 11
-66.5436
 21
4.95294
  0
LINE
  8
0
 10
-66.5436
 20
4.95294
 11
-66.5318
 21
4.82785
  0
LINE
  8
0
 10
-66.5318
 20
4.82785
 11
-66.5279
 21
4.70227
  0
LINE
  8
0
 10
-66.5279
 20
4.70227
 11
-66.5318
 21
4.57669
  0
LINE
  8
0
 10
-66.5318
 20
4.57669
 11
-66.5436
 21
4.45161
  0
LINE
  8
0
 10
-66.5436
 20
4.45161
 11
-66.5633
 21
4.32751
  0
LINE
  8
0
 10
-66.5633
 20
4.32751
 11
-66.5907
 21
4.2049
  0
LINE
  8
0
 10
-66.5907
 20
4.2049
 11
-66.6257
 21
4.08424
  0
LINE
  8
0
 10
-66.6257
 20
4.08424
 11
-66.6683
 21
3.96602
  0
LINE
  8
0
 10
-66.6683
 20
3.96602
 11
-66.7182
 21
3.85072
  0
LINE
  8
0
 10
-66.7182
 20
3.85072
 11
-66.7752
 21
3.73877
  0
LINE
  8
0
 10
-66.7752
 20
3.73877
 11
-66.8392
 21
3.63062
  0
LINE
  8
0
 10
-66.8392
 20
3.63062
 11
-66.9098
 21
3.5267
  0
LINE
  8
0
 10
-66.9098
 20
3.5267
 11
-66.9868
 21
3.42743
  0
LINE
  8
0
 10
-66.9868
 20
3.42743
 11
-67.0699
 21
3.33318
  0
LINE
  8
0
 10
-67.0699
 20
3.33318
 11
-67.1588
 21
3.24434
  0
LINE
  8
0
 10
-67.1588
 20
3.24434
 11
-67.253
 21
3.16125
  0
LINE
  8
0
 10
-67.253
 20
3.16125
 11
-67.3523
 21
3.08424
  0
LINE
  8
0
 10
-67.3523
 20
3.08424
 11
-67.4562
 21
3.01363
  0
LINE
  8
0
 10
-67.4562
 20
3.01363
 11
-67.5643
 21
2.94966
  0
LINE
  8
0
 10
-67.5643
 20
2.94966
 11
-67.6763
 21
2.89262
  0
LINE
  8
0
 10
-67.6763
 20
2.89262
 11
-67.7916
 21
2.84273
  0
LINE
  8
0
 10
-67.7916
 20
2.84273
 11
-67.9098
 21
2.80016
  0
LINE
  8
0
 10
-67.9098
 20
2.80016
 11
-68.0305
 21
2.76511
  0
LINE
  8
0
 10
-68.0305
 20
2.76511
 11
-68.1531
 21
2.7377
  0
LINE
  8
0
 10
-68.1531
 20
2.7377
 11
-68.2772
 21
2.71805
  0
LINE
  8
0
 10
-68.2772
 20
2.71805
 11
-68.4023
 21
2.70622
  0
LINE
  8
0
 10
-68.4023
 20
2.70622
 11
-68.5279
 21
2.70227
  0
LINE
  8
0
 10
-68.5279
 20
2.70227
 11
-68.6534
 21
2.70622
  0
LINE
  8
0
 10
68.4023
 20
2.70622
 11
68.2772
 21
2.71805
  0
LINE
  8
0
 10
68.2772
 20
2.71805
 11
68.1531
 21
2.7377
  0
LINE
  8
0
 10
68.1531
 20
2.7377
 11
68.0305
 21
2.76511
  0
LINE
  8
0
 10
68.0305
 20
2.76511
 11
67.9098
 21
2.80016
  0
LINE
  8
0
 10
67.9098
 20
2.80016
 11
67.7916
 21
2.84273
  0
LINE
  8
0
 10
67.7916
 20
2.84273
 11
67.6763
 21
2.89262
  0
LINE
  8
0
 10
67.6763
 20
2.89262
 11
67.5643
 21
2.94966
  0
LINE
  8
0
 10
67.5643
 20
2.94966
 11
67.4562
 21
3.01363
  0
LINE
  8
0
 10
67.4562
 20
3.01363
 11
67.3523
 21
3.08424
  0
LINE
  8
0
 10
67.3523
 20
3.08424
 11
67.253
 21
3.16125
  0
LINE
  8
0
 10
67.253
 20
3.16125
 11
67.1588
 21
3.24434
  0
LINE
  8
0
 10
67.1588
 20
3.24434
 11
67.0699
 21
3.33318
  0
LINE
  8
0
 10
67.0699
 20
3.33318
 11
66.9868
 21
3.42743
  0
LINE
  8
0
 10
66.9868
 20
3.42743
 11
66.9098
 21
3.5267
  0
LINE
  8
0
 10
66.9098
 20
3.5267
 11
66.8392
 21
3.63062
  0
LINE
  8
0
 10
66.8392
 20
3.63062
 11
66.7752
 21
3.73877
  0
LINE
  8
0
 10
66.7752
 20
3.73877
 11
66.7182
 21
3.85072
  0
LINE
  8
0
 10
66.7182
 20
3.85072
 11
66.6683
 21
3.96602
  0
LINE
  8
0
 10
66.6683
 20
3.96602
 11
66.6257
 21
4.08424
  0
LINE
  8
0
 10
66.6257
 20
4.08424
 11
66.5907
 21
4.2049
  0
LINE
  8
0
 10
66.5907
 20
4.2049
 11
66.5633
 21
4.32751
  0
LINE
  8
0
 10
66.5633
 20
4.32751
 11
66.5436
 21
4.45161
  0
LINE
  8
0
 10
66.5436
 20
4.45161
 11
66.5318
 21
4.57669
  0
LINE
  8
0
 10
66.5318
 20
4.57669
 11
66.5279
 21
4.70227
  0
LINE
  8
0
 10
66.5279
 20
4.70227
 11
66.5318
 21
4.82785
  0
LINE
  8
0
 10
66.5318
 20
4.82785
 11
66.5436
 21
4.95294
  0
LINE
  8
0
 10
66.5436
 20
4.95294
 11
66.5633
 21
5.07704
  0
LINE
  8
0
 10
66.5633
 20
5.07704
 11
66.5907
 21
5.19966
  0
LINE
  8
0
 10
66.5907
 20
5.19966
 11
66.6257
 21
5.32031
  0
LINE
  8
0
 10
66.6257
 20
5.32031
 11
66.6683
 21
5.43852
  0
LINE
  8
0
 10
66.6683
 20
5.43852
 11
66.7182
 21
5.55383
  0
LINE
  8
0
 10
66.7182
 20
5.55383
 11
66.7752
 21
5.66579
  0
LINE
  8
0
 10
66.7752
 20
5.66579
 11
66.8392
 21
5.77393
  0
LINE
  8
0
 10
66.8392
 20
5.77393
 11
66.9098
 21
5.87784
  0
LINE
  8
0
 10
66.9098
 20
5.87784
 11
66.9868
 21
5.97713
  0
LINE
  8
0
 10
66.9868
 20
5.97713
 11
67.0699
 21
6.07137
  0
LINE
  8
0
 10
67.0699
 20
6.07137
 11
67.1588
 21
6.16022
  0
LINE
  8
0
 10
67.1588
 20
6.16022
 11
67.253
 21
6.2433
  0
LINE
  8
0
 10
67.253
 20
6.2433
 11
67.3523
 21
6.32031
  0
LINE
  8
0
 10
67.3523
 20
6.32031
 11
67.4562
 21
6.39093
  0
LINE
  8
0
 10
67.4562
 20
6.39093
 11
67.5643
 21
6.4549
  0
LINE
  8
0
 10
67.5643
 20
6.4549
 11
67.6763
 21
6.51193
  0
LINE
  8
0
 10
67.6763
 20
6.51193
 11
67.7916
 21
6.56183
  0
LINE
  8
0
 10
67.7916
 20
6.56183
 11
67.9098
 21
6.60439
  0
LINE
  8
0
 10
67.9098
 20
6.60439
 11
68.0305
 21
6.63943
  0
LINE
  8
0
 10
68.0305
 20
6.63943
 11
68.1531
 21
6.66685
  0
LINE
  8
0
 10
68.1531
 20
6.66685
 11
68.2772
 21
6.68651
  0
LINE
  8
0
 10
68.2772
 20
6.68651
 11
68.4023
 21
6.69833
  0
LINE
  8
0
 10
68.4023
 20
6.69833
 11
68.5279
 21
6.70227
  0
LINE
  8
0
 10
68.5279
 20
6.70227
 11
68.6534
 21
6.69833
  0
LINE
  8
0
 10
68.6534
 20
6.69833
 11
68.7785
 21
6.68651
  0
LINE
  8
0
 10
68.7785
 20
6.68651
 11
68.9026
 21
6.66685
  0
LINE
  8
0
 10
68.9026
 20
6.66685
 11
69.0252
 21
6.63943
  0
LINE
  8
0
 10
69.0252
 20
6.63943
 11
69.1459
 21
6.60439
  0
LINE
  8
0
 10
69.1459
 20
6.60439
 11
69.2641
 21
6.56183
  0
LINE
  8
0
 10
69.2641
 20
6.56183
 11
69.3794
 21
6.51193
  0
LINE
  8
0
 10
69.3794
 20
6.51193
 11
69.4914
 21
6.4549
  0
LINE
  8
0
 10
69.4914
 20
6.4549
 11
69.5995
 21
6.39093
  0
LINE
  8
0
 10
69.5995
 20
6.39093
 11
69.7034
 21
6.32031
  0
LINE
  8
0
 10
69.7034
 20
6.32031
 11
69.8027
 21
6.2433
  0
LINE
  8
0
 10
69.8027
 20
6.2433
 11
69.897
 21
6.16022
  0
LINE
  8
0
 10
69.897
 20
6.16022
 11
69.9858
 21
6.07137
  0
LINE
  8
0
 10
69.9858
 20
6.07137
 11
70.0689
 21
5.97713
  0
LINE
  8
0
 10
70.0689
 20
5.97713
 11
70.1459
 21
5.87784
  0
LINE
  8
0
 10
70.1459
 20
5.87784
 11
70.2165
 21
5.77393
  0
LINE
  8
0
 10
70.2165
 20
5.77393
 11
70.2805
 21
5.66579
  0
LINE
  8
0
 10
70.2805
 20
5.66579
 11
70.3375
 21
5.55383
  0
LINE
  8
0
 10
70.3375
 20
5.55383
 11
70.3874
 21
5.43852
  0
LINE
  8
0
 10
70.3874
 20
5.43852
 11
70.43
 21
5.32031
  0
LINE
  8
0
 10
70.43
 20
5.32031
 11
70.465
 21
5.19966
  0
LINE
  8
0
 10
70.465
 20
5.19966
 11
70.4924
 21
5.07704
  0
LINE
  8
0
 10
70.4924
 20
5.07704
 11
70.5121
 21
4.95294
  0
LINE
  8
0
 10
70.5121
 20
4.95294
 11
70.5239
 21
4.82785
  0
LINE
  8
0
 10
70.5239
 20
4.82785
 11
70.5279
 21
4.70227
  0
LINE
  8
0
 10
70.5279
 20
4.70227
 11
70.5239
 21
4.57669
  0
LINE
  8
0
 10
70.5239
 20
4.57669
 11
70.5121
 21
4.45161
  0
LINE
  8
0
 10
70.5121
 20
4.45161
 11
70.4924
 21
4.32751
  0
LINE
  8
0
 10
70.4924
 20
4.32751
 11
70.465
 21
4.2049
  0
LINE
  8
0
 10
70.465
 20
4.2049
 11
70.43
 21
4.08424
  0
LINE
  8
0
 10
70.43
 20
4.08424
 11
70.3874
 21
3.96602
  0
LINE
  8
0
 10
70.3874
 20
3.96602
 11
70.3375
 21
3.85072
  0
LINE
  8
0
 10
70.3375
 20
3.85072
 11
70.2805
 21
3.73877
  0
LINE
  8
0
 10
70.2805
 20
3.73877
 11
70.2165
 21
3.63062
  0
LINE
  8
0
 10
70.2165
 20
3.63062
 11
70.1459
 21
3.5267
  0
LINE
  8
0
 10
70.1459
 20
3.5267
 11
70.0689
 21
3.42743
  0
LINE
  8
0
 10
70.0689
 20
3.42743
 11
69.9858
 21
3.33318
  0
LINE
  8
0
 10
69.9858
 20
3.33318
 11
69.897
 21
3.24434
  0
LINE
  8
0
 10
69.897
 20
3.24434
 11
69.8027
 21
3.16125
  0
LINE
  8
0
 10
69.8027
 20
3.16125
 11
69.7034
 21
3.08424
  0
LINE
  8
0
 10
69.7034
 20
3.08424
 11
69.5995
 21
3.01363
  0
LINE
  8
0
 10
69.5995
 20
3.01363
 11
69.4914
 21
2.94966
  0
LINE
  8
0
 10
69.4914
 20
2.94966
 11
69.3794
 21
2.89262
  0
LINE
  8
0
 10
69.3794
 20
2.89262
 11
69.2641
 21
2.84273
  0
LINE
  8
0
 10
69.2641
 20
2.84273
 11
69.1459
 21
2.80016
  0
LINE
  8
0
 10
69.1459
 20
2.80016
 11
69.0252
 21
2.76511
  0
LINE
  8
0
 10
69.0252
 20
2.76511
 11
68.9026
 21
2.7377
  0
LINE
  8
0
 10
68.9026
 20
2.7377
 11
68.7785
 21
2.71805
  0
LINE
  8
0
 10
68.7785
 20
2.71805
 11
68.6534
 21
2.70622
  0
LINE
  8
0
 10
68.6534
 20
2.70622
 11
68.5279
 21
2.70227
  0
LINE
  8
0
 10
68.5279
 20
2.70227
 11
68.4023
 21
2.70622
  0
ENDSEC
  0
SECTION
  2
OBJECTS
  0
DICTIONARY
  0
ENDSEC
  0
EOF
