  0
SECTION
  2
BLOCKS
  0
ENDSEC
  0
SECTION
  2
ENTITIES
  0
LINE
  8
0
 10
0
 20
230.826
 11
-75
 21
0
  0
LINE
  8
0
 10
-75
 20
0
 11
75
 21
0
  0
LINE
  8
0
 10
75
 20
0
 11
0
 21
230.826
  0
LINE
  8
0
 10
-0.12558
 20
212.83
 11
-0.250656
 21
212.842
  0
LINE
  8
0
 10
-0.250656
 20
212.842
 11
-0.374756
 21
212.862
  0
LINE
  8
0
 10
-0.374756
 20
212.862
 11
-0.497375
 21
212.889
  0
LINE
  8
0
 10
-0.497375
 20
212.889
 11
-0.618027
 21
212.924
  0
LINE
  8
0
 10
-0.618027
 20
212.924
 11
-0.736237
 21
212.967
  0
LINE
  8
0
 10
-0.736237
 20
212.967
 11
-0.851547
 21
213.017
  0
LINE
  8
0
 10
-0.851547
 20
213.017
 11
-0.963501
 21
213.074
  0
LINE
  8
0
 10
-0.963501
 20
213.074
 11
-1.07164
 21
213.138
  0
LINE
  8
0
 10
-1.07164
 20
213.138
 11
-1.17557
 21
213.208
  0
LINE
  8
0
 10
-1.17557
 20
213.208
 11
-1.27484
 21
213.285
  0
LINE
  8
0
 10
-1.27484
 20
213.285
 11
-1.36908
 21
213.368
  0
LINE
  8
0
 10
-1.36908
 20
213.368
 11
-1.45793
 21
213.457
  0
LINE
  8
0
 10
-1.45793
 20
213.457
 11
-1.54102
 21
213.551
  0
LINE
  8
0
 10
-1.54102
 20
213.551
 11
-1.61803
 21
213.651
  0
LINE
  8
0
 10
-1.61803
 20
213.651
 11
-1.68864
 21
213.755
  0
LINE
  8
0
 10
-1.68864
 20
213.755
 11
-1.75261
 21
213.863
  0
LINE
  8
0
 10
-1.75261
 20
213.863
 11
-1.80965
 21
213.975
  0
LINE
  8
0
 10
-1.80965
 20
213.975
 11
-1.85954
 21
214.09
  0
LINE
  8
0
 10
-1.85954
 20
214.09
 11
-1.9021
 21
214.208
  0
LINE
  8
0
 10
-1.9021
 20
214.208
 11
-1.93716
 21
214.329
  0
LINE
  8
0
 10
-1.93716
 20
214.329
 11
-1.96457
 21
214.451
  0
LINE
  8
0
 10
-1.96457
 20
214.451
 11
-1.98422
 21
214.576
  0
LINE
  8
0
 10
-1.98422
 20
214.576
 11
-1.99605
 21
214.701
  0
LINE
  8
0
 10
-1.99605
 20
214.701
 11
-2
 21
214.826
  0
LINE
  8
0
 10
-2
 20
214.826
 11
-1.99605
 21
214.952
  0
LINE
  8
0
 10
-1.99605
 20
214.952
 11
-1.98422
 21
215.077
  0
LINE
  8
0
 10
-1.98422
 20
215.077
 11
-1.96457
 21
215.201
  0
LINE
  8
0
 10
-1.96457
 20
215.201
 11
-1.93716
 21
215.324
  0
LINE
  8
0
 10
-1.93716
 20
215.324
 11
-1.9021
 21
215.444
  0
LINE
  8
0
 10
-1.9021
 20
215.444
 11
-1.85954
 21
215.562
  0
LINE
  8
0
 10
-1.85954
 20
215.562
 11
-1.80965
 21
215.678
  0
LINE
  8
0
 10
-1.80965
 20
215.678
 11
-1.75261
 21
215.79
  0
LINE
  8
0
 10
-1.75261
 20
215.79
 11
-1.68864
 21
215.898
  0
LINE
  8
0
 10
-1.68864
 20
215.898
 11
-1.61803
 21
216.002
  0
LINE
  8
0
 10
-1.61803
 20
216.002
 11
-1.54102
 21
216.101
  0
LINE
  8
0
 10
-1.54102
 20
216.101
 11
-1.45793
 21
216.195
  0
LINE
  8
0
 10
-1.45793
 20
216.195
 11
-1.36908
 21
216.284
  0
LINE
  8
0
 10
-1.36908
 20
216.284
 11
-1.27484
 21
216.367
  0
LINE
  8
0
 10
-1.27484
 20
216.367
 11
-1.17557
 21
216.444
  0
LINE
  8
0
 10
-1.17557
 20
216.444
 11
-1.07164
 21
216.515
  0
LINE
  8
0
 10
-1.07164
 20
216.515
 11
-0.963501
 21
216.579
  0
LINE
  8
0
 10
-0.963501
 20
216.579
 11
-0.851547
 21
216.636
  0
LINE
  8
0
 10
-0.851547
 20
216.636
 11
-0.736237
 21
216.686
  0
LINE
  8
0
 10
-0.736237
 20
216.686
 11
-0.618027
 21
216.728
  0
LINE
  8
0
 10
-0.618027
 20
216.728
 11
-0.497375
 21
216.763
  0
LINE
  8
0
 10
-0.497375
 20
216.763
 11
-0.374756
 21
216.791
  0
LINE
  8
0
 10
-0.374756
 20
216.791
 11
-0.250656
 21
216.81
  0
LINE
  8
0
 10
-0.250656
 20
216.81
 11
-0.12558
 21
216.822
  0
LINE
  8
0
 10
-0.12558
 20
216.822
 11
0
 21
216.826
  0
LINE
  8
0
 10
0
 20
216.826
 11
0.12558
 21
216.822
  0
LINE
  8
0
 10
0.12558
 20
216.822
 11
0.250656
 21
216.81
  0
LINE
  8
0
 10
0.250656
 20
216.81
 11
0.374756
 21
216.791
  0
LINE
  8
0
 10
0.374756
 20
216.791
 11
0.497375
 21
216.763
  0
LINE
  8
0
 10
0.497375
 20
216.763
 11
0.618027
 21
216.728
  0
LINE
  8
0
 10
0.618027
 20
216.728
 11
0.736237
 21
216.686
  0
LINE
  8
0
 10
0.736237
 20
216.686
 11
0.851547
 21
216.636
  0
LINE
  8
0
 10
0.851547
 20
216.636
 11
0.963501
 21
216.579
  0
LINE
  8
0
 10
0.963501
 20
216.579
 11
1.07164
 21
216.515
  0
LINE
  8
0
 10
1.07164
 20
216.515
 11
1.17557
 21
216.444
  0
LINE
  8
0
 10
1.17557
 20
216.444
 11
1.27484
 21
216.367
  0
LINE
  8
0
 10
1.27484
 20
216.367
 11
1.36908
 21
216.284
  0
LINE
  8
0
 10
1.36908
 20
216.284
 11
1.45793
 21
216.195
  0
LINE
  8
0
 10
1.45793
 20
216.195
 11
1.54102
 21
216.101
  0
LINE
  8
0
 10
1.54102
 20
216.101
 11
1.61803
 21
216.002
  0
LINE
  8
0
 10
1.61803
 20
216.002
 11
1.68864
 21
215.898
  0
LINE
  8
0
 10
1.68864
 20
215.898
 11
1.75261
 21
215.79
  0
LINE
  8
0
 10
1.75261
 20
215.79
 11
1.80965
 21
215.678
  0
LINE
  8
0
 10
1.80965
 20
215.678
 11
1.85954
 21
215.562
  0
LINE
  8
0
 10
1.85954
 20
215.562
 11
1.9021
 21
215.444
  0
LINE
  8
0
 10
1.9021
 20
215.444
 11
1.93716
 21
215.324
  0
LINE
  8
0
 10
1.93716
 20
215.324
 11
1.96457
 21
215.201
  0
LINE
  8
0
 10
1.96457
 20
215.201
 11
1.98422
 21
215.077
  0
LINE
  8
0
 10
1.98422
 20
215.077
 11
1.99605
 21
214.952
  0
LINE
  8
0
 10
1.99605
 20
214.952
 11
2
 21
214.826
  0
LINE
  8
0
 10
2
 20
214.826
 11
1.99605
 21
214.701
  0
LINE
  8
0
 10
1.99605
 20
214.701
 11
1.98422
 21
214.576
  0
LINE
  8
0
 10
1.98422
 20
214.576
 11
1.96457
 21
214.451
  0
LINE
  8
0
 10
1.96457
 20
214.451
 11
1.93716
 21
214.329
  0
LINE
  8
0
 10
1.93716
 20
214.329
 11
1.9021
 21
214.208
  0
LINE
  8
0
 10
1.9021
 20
214.208
 11
1.85954
 21
214.09
  0
LINE
  8
0
 10
1.85954
 20
214.09
 11
1.80965
 21
213.975
  0
LINE
  8
0
 10
1.80965
 20
213.975
 11
1.75261
 21
213.863
  0
LINE
  8
0
 10
1.75261
 20
213.863
 11
1.68864
 21
213.755
  0
LINE
  8
0
 10
1.68864
 20
213.755
 11
1.61803
 21
213.651
  0
LINE
  8
0
 10
1.61803
 20
213.651
 11
1.54102
 21
213.551
  0
LINE
  8
0
 10
1.54102
 20
213.551
 11
1.45793
 21
213.457
  0
LINE
  8
0
 10
1.45793
 20
213.457
 11
1.36908
 21
213.368
  0
LINE
  8
0
 10
1.36908
 20
213.368
 11
1.27484
 21
213.285
  0
LINE
  8
0
 10
1.27484
 20
213.285
 11
1.17557
 21
213.208
  0
LINE
  8
0
 10
1.17557
 20
213.208
 11
1.07164
 21
213.138
  0
LINE
  8
0
 10
1.07164
 20
213.138
 11
0.963501
 21
213.074
  0
LINE
  8
0
 10
0.963501
 20
213.074
 11
0.851547
 21
213.017
  0
LINE
  8
0
 10
0.851547
 20
213.017
 11
0.736237
 21
212.967
  0
LINE
  8
0
 10
0.736237
 20
212.967
 11
0.618027
 21
212.924
  0
LINE
  8
0
 10
0.618027
 20
212.924
 11
0.497375
 21
212.889
  0
LINE
  8
0
 10
0.497375
 20
212.889
 11
0.374756
 21
212.862
  0
LINE
  8
0
 10
0.374756
 20
212.862
 11
0.250656
 21
212.842
  0
LINE
  8
0
 10
0.250656
 20
212.842
 11
0.12558
 21
212.83
  0
LINE
  8
0
 10
0.12558
 20
212.83
 11
0
 21
212.826
  0
LINE
  8
0
 10
0
 20
212.826
 11
-0.12558
 21
212.83
  0
LINE
  8
0
 10
-2.07458
 20
185.031
 11
-2.25752
 21
185.046
  0
LINE
  8
0
 10
-2.25752
 20
185.046
 11
-0.700897
 21
189.836
  0
LINE
  8
0
 10
-0.700897
 20
189.836
 11
-0.667877
 21
189.653
  0
LINE
  8
0
 10
-0.667877
 20
189.653
 11
-0.647278
 21
189.492
  0
LINE
  8
0
 10
-0.647278
 20
189.492
 11
-0.634918
 21
189.36
  0
LINE
  8
0
 10
-0.634918
 20
189.36
 11
-0.627136
 21
189.227
  0
LINE
  8
0
 10
-0.627136
 20
189.227
 11
-0.623474
 21
189.126
  0
LINE
  8
0
 10
-0.623474
 20
189.126
 11
-0.623474
 21
188.917
  0
LINE
  8
0
 10
-0.623474
 20
188.917
 11
-0.631714
 21
188.739
  0
LINE
  8
0
 10
-0.631714
 20
188.739
 11
-0.649109
 21
188.52
  0
LINE
  8
0
 10
-0.649109
 20
188.52
 11
-0.676117
 21
188.297
  0
LINE
  8
0
 10
-0.676117
 20
188.297
 11
-0.704956
 21
188.107
  0
LINE
  8
0
 10
-0.704956
 20
188.107
 11
-0.733795
 21
187.952
  0
LINE
  8
0
 10
-0.733795
 20
187.952
 11
-0.784149
 21
187.716
  0
LINE
  8
0
 10
-0.784149
 20
187.716
 11
-0.833588
 21
187.514
  0
LINE
  8
0
 10
-0.833588
 20
187.514
 11
-0.900879
 21
187.268
  0
LINE
  8
0
 10
-0.900879
 20
187.268
 11
-0.963593
 21
187.057
  0
LINE
  8
0
 10
-0.963593
 20
187.057
 11
-1.01944
 21
186.888
  0
LINE
  8
0
 10
-1.01944
 20
186.888
 11
-1.10962
 21
186.627
  0
LINE
  8
0
 10
-1.10962
 20
186.627
 11
-1.19293
 21
186.406
  0
LINE
  8
0
 10
-1.19293
 20
186.406
 11
-1.32019
 21
186.091
  0
LINE
  8
0
 10
-1.32019
 20
186.091
 11
-1.43875
 21
185.813
  0
LINE
  8
0
 10
-1.43875
 20
185.813
 11
-1.56784
 21
185.532
  0
LINE
  8
0
 10
-1.56784
 20
185.532
 11
-1.70471
 21
185.245
  0
LINE
  8
0
 10
-1.70471
 20
185.245
 11
-1.81961
 21
185.016
  0
LINE
  8
0
 10
-1.81961
 20
185.016
 11
-2.07458
 21
185.031
  0
LINE
  8
0
 10
1.70471
 20
185.245
 11
1.56784
 21
185.532
  0
LINE
  8
0
 10
1.56784
 20
185.532
 11
1.43875
 21
185.814
  0
LINE
  8
0
 10
1.43875
 20
185.814
 11
1.32019
 21
186.091
  0
LINE
  8
0
 10
1.32019
 20
186.091
 11
1.19247
 21
186.406
  0
LINE
  8
0
 10
1.19247
 20
186.406
 11
1.11008
 21
186.627
  0
LINE
  8
0
 10
1.11008
 20
186.627
 11
1.01898
 21
186.888
  0
LINE
  8
0
 10
1.01898
 20
186.888
 11
0.96405
 21
187.057
  0
LINE
  8
0
 10
0.96405
 20
187.057
 11
0.900421
 21
187.268
  0
LINE
  8
0
 10
0.900421
 20
187.268
 11
0.833588
 21
187.514
  0
LINE
  8
0
 10
0.833588
 20
187.514
 11
0.784149
 21
187.716
  0
LINE
  8
0
 10
0.784149
 20
187.716
 11
0.733795
 21
187.953
  0
LINE
  8
0
 10
0.733795
 20
187.953
 11
0.705414
 21
188.107
  0
LINE
  8
0
 10
0.705414
 20
188.107
 11
0.676117
 21
188.298
  0
LINE
  8
0
 10
0.676117
 20
188.298
 11
0.649109
 21
188.522
  0
LINE
  8
0
 10
0.649109
 20
188.522
 11
0.631714
 21
188.74
  0
LINE
  8
0
 10
0.631714
 20
188.74
 11
0.623932
 21
188.916
  0
LINE
  8
0
 10
0.623932
 20
188.916
 11
0.623016
 21
189.126
  0
LINE
  8
0
 10
0.623016
 20
189.126
 11
0.627136
 21
189.227
  0
LINE
  8
0
 10
0.627136
 20
189.227
 11
0.634918
 21
189.36
  0
LINE
  8
0
 10
0.634918
 20
189.36
 11
0.647278
 21
189.492
  0
LINE
  8
0
 10
0.647278
 20
189.492
 11
0.667877
 21
189.653
  0
LINE
  8
0
 10
0.667877
 20
189.653
 11
0.701187
 21
189.835
  0
LINE
  8
0
 10
0.701187
 20
189.835
 11
2.25752
 21
185.046
  0
LINE
  8
0
 10
2.25752
 20
185.046
 11
2.07458
 21
185.031
  0
LINE
  8
0
 10
2.07458
 20
185.031
 11
1.81961
 21
185.016
  0
LINE
  8
0
 10
1.81961
 20
185.016
 11
1.70471
 21
185.245
  0
LINE
  8
0
 10
5.96283
 20
170.759
 11
5.60028
 21
170.792
  0
LINE
  8
0
 10
5.60028
 20
170.792
 11
5.20203
 21
170.839
  0
LINE
  8
0
 10
5.20203
 20
170.839
 11
4.81979
 21
170.896
  0
LINE
  8
0
 10
4.81979
 20
170.896
 11
4.49844
 21
170.953
  0
LINE
  8
0
 10
4.49844
 20
170.953
 11
4.19174
 21
171.018
  0
LINE
  8
0
 10
4.19174
 20
171.018
 11
3.93677
 21
171.08
  0
LINE
  8
0
 10
3.93677
 20
171.08
 11
3.73306
 21
171.134
  0
LINE
  8
0
 10
3.73306
 20
171.134
 11
3.57376
 21
171.181
  0
LINE
  8
0
 10
3.57376
 20
171.181
 11
3.34442
 21
171.256
  0
LINE
  8
0
 10
3.34442
 20
171.256
 11
3.15994
 21
171.323
  0
LINE
  8
0
 10
3.15994
 20
171.323
 11
2.87659
 21
171.437
  0
LINE
  8
0
 10
2.87659
 20
171.437
 11
2.70905
 21
171.514
  0
LINE
  8
0
 10
2.70905
 20
171.514
 11
2.54745
 21
171.594
  0
LINE
  8
0
 10
2.54745
 20
171.594
 11
2.45407
 21
171.643
  0
LINE
  8
0
 10
2.45407
 20
171.643
 11
2.36206
 21
171.694
  0
LINE
  8
0
 10
2.36206
 20
171.694
 11
2.18674
 21
171.801
  0
LINE
  8
0
 10
2.18674
 20
171.801
 11
2.07458
 21
171.875
  0
LINE
  8
0
 10
2.07458
 20
171.875
 11
1.94138
 21
171.97
  0
LINE
  8
0
 10
1.94138
 20
171.97
 11
1.83792
 21
172.05
  0
LINE
  8
0
 10
1.83792
 20
172.05
 11
1.74042
 21
172.131
  0
LINE
  8
0
 10
1.74042
 20
172.131
 11
1.62231
 21
172.237
  0
LINE
  8
0
 10
1.62231
 20
172.237
 11
1.51154
 21
172.347
  0
LINE
  8
0
 10
1.51154
 20
172.347
 11
1.40762
 21
172.459
  0
LINE
  8
0
 10
1.40762
 20
172.459
 11
1.36734
 21
172.506
  0
LINE
  8
0
 10
1.36734
 20
172.506
 11
1.27213
 21
172.624
  0
LINE
  8
0
 10
1.27213
 20
172.624
 11
1.18469
 21
172.745
  0
LINE
  8
0
 10
1.18469
 20
172.745
 11
1.11786
 21
172.847
  0
LINE
  8
0
 10
1.11786
 20
172.847
 11
1.07025
 21
172.923
  0
LINE
  8
0
 10
1.07025
 20
172.923
 11
0.998383
 21
173.053
  0
LINE
  8
0
 10
0.998383
 20
173.053
 11
0.944366
 21
173.162
  0
LINE
  8
0
 10
0.944366
 20
173.162
 11
0.882568
 21
173.3
  0
LINE
  8
0
 10
0.882568
 20
173.3
 11
0.827179
 21
173.442
  0
LINE
  8
0
 10
0.827179
 20
173.442
 11
0.779114
 21
173.587
  0
LINE
  8
0
 10
0.779114
 20
173.587
 11
0.737915
 21
173.736
  0
LINE
  8
0
 10
0.737915
 20
173.736
 11
0.701752
 21
173.889
  0
LINE
  8
0
 10
0.701752
 20
173.889
 11
0.667877
 21
174.077
  0
LINE
  8
0
 10
0.667877
 20
174.077
 11
0.647278
 21
174.238
  0
LINE
  8
0
 10
0.647278
 20
174.238
 11
0.634918
 21
174.37
  0
LINE
  8
0
 10
0.634918
 20
174.37
 11
0.627136
 21
174.503
  0
LINE
  8
0
 10
0.627136
 20
174.503
 11
0.623474
 21
174.604
  0
LINE
  8
0
 10
0.623474
 20
174.604
 11
0.623474
 21
174.813
  0
LINE
  8
0
 10
0.623474
 20
174.813
 11
0.631714
 21
174.99
  0
LINE
  8
0
 10
0.631714
 20
174.99
 11
0.649109
 21
175.208
  0
LINE
  8
0
 10
0.649109
 20
175.208
 11
0.676117
 21
175.432
  0
LINE
  8
0
 10
0.676117
 20
175.432
 11
0.704956
 21
175.622
  0
LINE
  8
0
 10
0.704956
 20
175.622
 11
0.733795
 21
175.777
  0
LINE
  8
0
 10
0.733795
 20
175.777
 11
0.784149
 21
176.014
  0
LINE
  8
0
 10
0.784149
 20
176.014
 11
0.833588
 21
176.216
  0
LINE
  8
0
 10
0.833588
 20
176.216
 11
0.900879
 21
176.461
  0
LINE
  8
0
 10
0.900879
 20
176.461
 11
0.963593
 21
176.673
  0
LINE
  8
0
 10
0.963593
 20
176.673
 11
1.01944
 21
176.842
  0
LINE
  8
0
 10
1.01944
 20
176.842
 11
1.10962
 21
177.103
  0
LINE
  8
0
 10
1.10962
 20
177.103
 11
1.19293
 21
177.323
  0
LINE
  8
0
 10
1.19293
 20
177.323
 11
1.32019
 21
177.639
  0
LINE
  8
0
 10
1.32019
 20
177.639
 11
1.43875
 21
177.916
  0
LINE
  8
0
 10
1.43875
 20
177.916
 11
1.56784
 21
178.198
  0
LINE
  8
0
 10
1.56784
 20
178.198
 11
1.70471
 21
178.485
  0
LINE
  8
0
 10
1.70471
 20
178.485
 11
1.81961
 21
178.714
  0
LINE
  8
0
 10
1.81961
 20
178.714
 11
2.07458
 21
178.699
  0
LINE
  8
0
 10
2.07458
 20
178.699
 11
2.39182
 21
178.674
  0
LINE
  8
0
 10
2.39182
 20
178.674
 11
2.69989
 21
178.645
  0
LINE
  8
0
 10
2.69989
 20
178.645
 11
2.99881
 21
178.609
  0
LINE
  8
0
 10
2.99881
 20
178.609
 11
3.33572
 21
178.561
  0
LINE
  8
0
 10
3.33572
 20
178.561
 11
3.56964
 21
178.523
  0
LINE
  8
0
 10
3.56964
 20
178.523
 11
3.83926
 21
178.471
  0
LINE
  8
0
 10
3.83926
 20
178.471
 11
4.01459
 21
178.434
  0
LINE
  8
0
 10
4.01459
 20
178.434
 11
4.22882
 21
178.383
  0
LINE
  8
0
 10
4.22882
 20
178.383
 11
4.44035
 21
178.327
  0
LINE
  8
0
 10
4.44035
 20
178.327
 11
6.71684
 21
171.321
  0
LINE
  8
0
 10
6.71684
 20
171.321
 11
6.63666
 21
171.148
  0
LINE
  8
0
 10
6.63666
 20
171.148
 11
6.47186
 21
170.811
  0
LINE
  8
0
 10
6.47186
 20
170.811
 11
6.25214
 21
171.036
  0
LINE
  8
0
 10
6.25214
 20
171.036
 11
6.33728
 21
170.733
  0
LINE
  8
0
 10
6.33728
 20
170.733
 11
5.96283
 21
170.759
  0
LINE
  8
0
 10
-6.25214
 20
171.036
 11
-6.47186
 21
170.811
  0
LINE
  8
0
 10
-6.47186
 20
170.811
 11
-6.63712
 21
171.149
  0
LINE
  8
0
 10
-6.63712
 20
171.149
 11
-6.71681
 21
171.321
  0
LINE
  8
0
 10
-6.71681
 20
171.321
 11
-4.44035
 21
178.327
  0
LINE
  8
0
 10
-4.44035
 20
178.327
 11
-4.22882
 21
178.383
  0
LINE
  8
0
 10
-4.22882
 20
178.383
 11
-4.01459
 21
178.434
  0
LINE
  8
0
 10
-4.01459
 20
178.434
 11
-3.83926
 21
178.471
  0
LINE
  8
0
 10
-3.83926
 20
178.471
 11
-3.56964
 21
178.522
  0
LINE
  8
0
 10
-3.56964
 20
178.522
 11
-3.33572
 21
178.561
  0
LINE
  8
0
 10
-3.33572
 20
178.561
 11
-2.99881
 21
178.609
  0
LINE
  8
0
 10
-2.99881
 20
178.609
 11
-2.69989
 21
178.645
  0
LINE
  8
0
 10
-2.69989
 20
178.645
 11
-2.39182
 21
178.674
  0
LINE
  8
0
 10
-2.39182
 20
178.674
 11
-2.07458
 21
178.699
  0
LINE
  8
0
 10
-2.07458
 20
178.699
 11
-1.81961
 21
178.714
  0
LINE
  8
0
 10
-1.81961
 20
178.714
 11
-1.70471
 21
178.485
  0
LINE
  8
0
 10
-1.70471
 20
178.485
 11
-1.56784
 21
178.198
  0
LINE
  8
0
 10
-1.56784
 20
178.198
 11
-1.43875
 21
177.916
  0
LINE
  8
0
 10
-1.43875
 20
177.916
 11
-1.32019
 21
177.639
  0
LINE
  8
0
 10
-1.32019
 20
177.639
 11
-1.19247
 21
177.323
  0
LINE
  8
0
 10
-1.19247
 20
177.323
 11
-1.11008
 21
177.103
  0
LINE
  8
0
 10
-1.11008
 20
177.103
 11
-1.01898
 21
176.842
  0
LINE
  8
0
 10
-1.01898
 20
176.842
 11
-0.96405
 21
176.673
  0
LINE
  8
0
 10
-0.96405
 20
176.673
 11
-0.900421
 21
176.461
  0
LINE
  8
0
 10
-0.900421
 20
176.461
 11
-0.833588
 21
176.216
  0
LINE
  8
0
 10
-0.833588
 20
176.216
 11
-0.784149
 21
176.014
  0
LINE
  8
0
 10
-0.784149
 20
176.014
 11
-0.733795
 21
175.777
  0
LINE
  8
0
 10
-0.733795
 20
175.777
 11
-0.705414
 21
175.622
  0
LINE
  8
0
 10
-0.705414
 20
175.622
 11
-0.676117
 21
175.432
  0
LINE
  8
0
 10
-0.676117
 20
175.432
 11
-0.649109
 21
175.208
  0
LINE
  8
0
 10
-0.649109
 20
175.208
 11
-0.631714
 21
174.99
  0
LINE
  8
0
 10
-0.631714
 20
174.99
 11
-0.623932
 21
174.814
  0
LINE
  8
0
 10
-0.623932
 20
174.814
 11
-0.623016
 21
174.604
  0
LINE
  8
0
 10
-0.623016
 20
174.604
 11
-0.627136
 21
174.502
  0
LINE
  8
0
 10
-0.627136
 20
174.502
 11
-0.634918
 21
174.369
  0
LINE
  8
0
 10
-0.634918
 20
174.369
 11
-0.647278
 21
174.237
  0
LINE
  8
0
 10
-0.647278
 20
174.237
 11
-0.668335
 21
174.075
  0
LINE
  8
0
 10
-0.668335
 20
174.075
 11
-0.702209
 21
173.889
  0
LINE
  8
0
 10
-0.702209
 20
173.889
 11
-0.737915
 21
173.735
  0
LINE
  8
0
 10
-0.737915
 20
173.735
 11
-0.779572
 21
173.585
  0
LINE
  8
0
 10
-0.779572
 20
173.585
 11
-0.827637
 21
173.44
  0
LINE
  8
0
 10
-0.827637
 20
173.44
 11
-0.883026
 21
173.299
  0
LINE
  8
0
 10
-0.883026
 20
173.299
 11
-0.944824
 21
173.161
  0
LINE
  8
0
 10
-0.944824
 20
173.161
 11
-0.998383
 21
173.053
  0
LINE
  8
0
 10
-0.998383
 20
173.053
 11
-1.07071
 21
172.923
  0
LINE
  8
0
 10
-1.07071
 20
172.923
 11
-1.11832
 21
172.846
  0
LINE
  8
0
 10
-1.11832
 20
172.846
 11
-1.18469
 21
172.745
  0
LINE
  8
0
 10
-1.18469
 20
172.745
 11
-1.27304
 21
172.623
  0
LINE
  8
0
 10
-1.27304
 20
172.623
 11
-1.36826
 21
172.505
  0
LINE
  8
0
 10
-1.36826
 20
172.505
 11
-1.40808
 21
172.459
  0
LINE
  8
0
 10
-1.40808
 20
172.459
 11
-1.51154
 21
172.347
  0
LINE
  8
0
 10
-1.51154
 20
172.347
 11
-1.62323
 21
172.236
  0
LINE
  8
0
 10
-1.62323
 20
172.236
 11
-1.74042
 21
172.131
  0
LINE
  8
0
 10
-1.74042
 20
172.131
 11
-1.83792
 21
172.05
  0
LINE
  8
0
 10
-1.83792
 20
172.05
 11
-1.94138
 21
171.97
  0
LINE
  8
0
 10
-1.94138
 20
171.97
 11
-2.07458
 21
171.875
  0
LINE
  8
0
 10
-2.07458
 20
171.875
 11
-2.18765
 21
171.801
  0
LINE
  8
0
 10
-2.18765
 20
171.801
 11
-2.36298
 21
171.694
  0
LINE
  8
0
 10
-2.36298
 20
171.694
 11
-2.45407
 21
171.643
  0
LINE
  8
0
 10
-2.45407
 20
171.643
 11
-2.54837
 21
171.593
  0
LINE
  8
0
 10
-2.54837
 20
171.593
 11
-2.70996
 21
171.513
  0
LINE
  8
0
 10
-2.70996
 20
171.513
 11
-2.8775
 21
171.437
  0
LINE
  8
0
 10
-2.8775
 20
171.437
 11
-3.15994
 21
171.323
  0
LINE
  8
0
 10
-3.15994
 20
171.323
 11
-3.34442
 21
171.255
  0
LINE
  8
0
 10
-3.34442
 20
171.255
 11
-3.57376
 21
171.181
  0
LINE
  8
0
 10
-3.57376
 20
171.181
 11
-3.73306
 21
171.134
  0
LINE
  8
0
 10
-3.73306
 20
171.134
 11
-3.93677
 21
171.08
  0
LINE
  8
0
 10
-3.93677
 20
171.08
 11
-4.19174
 21
171.018
  0
LINE
  8
0
 10
-4.19174
 20
171.018
 11
-4.49844
 21
170.953
  0
LINE
  8
0
 10
-4.49844
 20
170.953
 11
-4.81979
 21
170.896
  0
LINE
  8
0
 10
-4.81979
 20
170.896
 11
-5.20203
 21
170.839
  0
LINE
  8
0
 10
-5.20203
 20
170.839
 11
-5.60028
 21
170.792
  0
LINE
  8
0
 10
-5.60028
 20
170.792
 11
-5.96283
 21
170.759
  0
LINE
  8
0
 10
-5.96283
 20
170.759
 11
-6.33728
 21
170.733
  0
LINE
  8
0
 10
-6.33728
 20
170.733
 11
-6.25214
 21
171.036
  0
LINE
  8
0
 10
1.67175
 20
165.51
 11
1.43143
 21
167.331
  0
LINE
  8
0
 10
1.43143
 20
167.331
 11
2.54974
 21
168.788
  0
LINE
  8
0
 10
2.54974
 20
168.788
 11
4.37073
 21
169.028
  0
LINE
  8
0
 10
4.37073
 20
169.028
 11
5.82825
 21
167.91
  0
LINE
  8
0
 10
5.82825
 20
167.91
 11
6.06857
 21
166.088
  0
LINE
  8
0
 10
6.06857
 20
166.088
 11
4.95026
 21
164.632
  0
LINE
  8
0
 10
4.95026
 20
164.632
 11
3.12927
 21
164.391
  0
LINE
  8
0
 10
3.12927
 20
164.391
 11
1.67175
 21
165.51
  0
LINE
  8
0
 10
-4.95026
 20
164.632
 11
-6.06857
 21
166.088
  0
LINE
  8
0
 10
-6.06857
 20
166.088
 11
-5.82825
 21
167.91
  0
LINE
  8
0
 10
-5.82825
 20
167.91
 11
-4.37073
 21
169.028
  0
LINE
  8
0
 10
-4.37073
 20
169.028
 11
-2.54974
 21
168.788
  0
LINE
  8
0
 10
-2.54974
 20
168.788
 11
-1.43143
 21
167.331
  0
LINE
  8
0
 10
-1.43143
 20
167.331
 11
-1.67175
 21
165.51
  0
LINE
  8
0
 10
-1.67175
 20
165.51
 11
-3.12927
 21
164.391
  0
LINE
  8
0
 10
-3.12927
 20
164.391
 11
-4.95026
 21
164.632
  0
LINE
  8
0
 10
-8.29695
 20
166.458
 11
-8.21045
 21
166.271
  0
LINE
  8
0
 10
-8.21045
 20
166.271
 11
-8.05161
 21
165.902
  0
LINE
  8
0
 10
-8.05161
 20
165.902
 11
-7.91016
 21
165.542
  0
LINE
  8
0
 10
-7.91016
 20
165.542
 11
-7.79892
 21
165.237
  0
LINE
  8
0
 10
-7.79892
 20
165.237
 11
-7.70187
 21
164.938
  0
LINE
  8
0
 10
-7.70187
 20
164.938
 11
-7.62772
 21
164.687
  0
LINE
  8
0
 10
-7.62772
 20
164.687
 11
-7.5737
 21
164.483
  0
LINE
  8
0
 10
-7.5737
 20
164.483
 11
-7.53479
 21
164.322
  0
LINE
  8
0
 10
-7.53479
 20
164.322
 11
-7.48489
 21
164.086
  0
LINE
  8
0
 10
-7.48489
 20
164.086
 11
-7.44965
 21
163.891
  0
LINE
  8
0
 10
-7.44965
 20
163.891
 11
-7.40753
 21
163.59
  0
LINE
  8
0
 10
-7.40753
 20
163.59
 11
-7.39014
 21
163.407
  0
LINE
  8
0
 10
-7.39014
 20
163.407
 11
-7.37869
 21
163.227
  0
LINE
  8
0
 10
-7.37869
 20
163.227
 11
-7.37457
 21
163.121
  0
LINE
  8
0
 10
-7.37457
 20
163.121
 11
-7.3732
 21
163.016
  0
LINE
  8
0
 10
-7.3732
 20
163.016
 11
-7.37778
 21
162.81
  0
LINE
  8
0
 10
-7.37778
 20
162.81
 11
-7.38556
 21
162.677
  0
LINE
  8
0
 10
-7.38556
 20
162.677
 11
-7.40158
 21
162.512
  0
LINE
  8
0
 10
-7.40158
 20
162.512
 11
-7.41898
 21
162.384
  0
LINE
  8
0
 10
-7.41898
 20
162.384
 11
-7.44095
 21
162.258
  0
LINE
  8
0
 10
-7.44095
 20
162.258
 11
-7.47345
 21
162.104
  0
LINE
  8
0
 10
-7.47345
 20
162.104
 11
-7.51282
 21
161.954
  0
LINE
  8
0
 10
-7.51282
 20
161.954
 11
-7.55905
 21
161.806
  0
LINE
  8
0
 10
-7.55905
 20
161.806
 11
-7.57828
 21
161.749
  0
LINE
  8
0
 10
-7.57828
 20
161.749
 11
-7.63367
 21
161.607
  0
LINE
  8
0
 10
-7.63367
 20
161.607
 11
-7.69547
 21
161.469
  0
LINE
  8
0
 10
-7.69547
 20
161.469
 11
-7.74902
 21
161.362
  0
LINE
  8
0
 10
-7.74902
 20
161.362
 11
-7.79205
 21
161.283
  0
LINE
  8
0
 10
-7.79205
 20
161.283
 11
-7.86896
 21
161.154
  0
LINE
  8
0
 10
-7.86896
 20
161.154
 11
-7.93533
 21
161.054
  0
LINE
  8
0
 10
-7.93533
 20
161.054
 11
-8.02368
 21
160.931
  0
LINE
  8
0
 10
-8.02368
 20
160.931
 11
-8.11798
 21
160.815
  0
LINE
  8
0
 10
-8.11798
 20
160.815
 11
-8.22052
 21
160.699
  0
LINE
  8
0
 10
-8.22052
 20
160.699
 11
-8.32901
 21
160.588
  0
LINE
  8
0
 10
-8.32901
 20
160.588
 11
-8.44345
 21
160.481
  0
LINE
  8
0
 10
-8.44345
 20
160.481
 11
-8.58856
 21
160.358
  0
LINE
  8
0
 10
-8.58856
 20
160.358
 11
-8.71857
 21
160.258
  0
LINE
  8
0
 10
-8.71857
 20
160.258
 11
-8.82523
 21
160.183
  0
LINE
  8
0
 10
-8.82523
 20
160.183
 11
-8.93784
 21
160.109
  0
LINE
  8
0
 10
-8.93784
 20
160.109
 11
-9.02481
 21
160.055
  0
LINE
  8
0
 10
-9.02481
 20
160.055
 11
-9.20517
 21
159.951
  0
LINE
  8
0
 10
-9.20517
 20
159.951
 11
-9.36264
 21
159.868
  0
LINE
  8
0
 10
-9.36264
 20
159.868
 11
-9.56039
 21
159.775
  0
LINE
  8
0
 10
-9.56039
 20
159.775
 11
-9.76639
 21
159.687
  0
LINE
  8
0
 10
-9.76639
 20
159.687
 11
-9.94583
 21
159.618
  0
LINE
  8
0
 10
-9.94583
 20
159.618
 11
-10.0951
 21
159.564
  0
LINE
  8
0
 10
-10.0951
 20
159.564
 11
-10.3244
 21
159.489
  0
LINE
  8
0
 10
-10.3244
 20
159.489
 11
-10.5244
 21
159.431
  0
LINE
  8
0
 10
-10.5244
 20
159.431
 11
-10.5853
 21
159.415
  0
LINE
  8
0
 10
-10.5853
 20
159.415
 11
-8.29695
 21
166.458
  0
LINE
  8
0
 10
10.5244
 20
159.431
 11
10.3244
 21
159.489
  0
LINE
  8
0
 10
10.3244
 20
159.489
 11
10.0951
 21
159.564
  0
LINE
  8
0
 10
10.0951
 20
159.564
 11
9.94583
 21
159.618
  0
LINE
  8
0
 10
9.94583
 20
159.618
 11
9.76639
 21
159.687
  0
LINE
  8
0
 10
9.76639
 20
159.687
 11
9.55948
 21
159.775
  0
LINE
  8
0
 10
9.55948
 20
159.775
 11
9.36172
 21
159.869
  0
LINE
  8
0
 10
9.36172
 20
159.869
 11
9.20517
 21
159.951
  0
LINE
  8
0
 10
9.20517
 20
159.951
 11
9.0239
 21
160.055
  0
LINE
  8
0
 10
9.0239
 20
160.055
 11
8.93784
 21
160.109
  0
LINE
  8
0
 10
8.93784
 20
160.109
 11
8.82523
 21
160.183
  0
LINE
  8
0
 10
8.82523
 20
160.183
 11
8.71857
 21
160.258
  0
LINE
  8
0
 10
8.71857
 20
160.258
 11
8.58856
 21
160.358
  0
LINE
  8
0
 10
8.58856
 20
160.358
 11
8.44345
 21
160.481
  0
LINE
  8
0
 10
8.44345
 20
160.481
 11
8.32809
 21
160.589
  0
LINE
  8
0
 10
8.32809
 20
160.589
 11
8.2196
 21
160.7
  0
LINE
  8
0
 10
8.2196
 20
160.7
 11
8.11798
 21
160.815
  0
LINE
  8
0
 10
8.11798
 20
160.815
 11
8.02277
 21
160.932
  0
LINE
  8
0
 10
8.02277
 20
160.932
 11
7.93533
 21
161.054
  0
LINE
  8
0
 10
7.93533
 20
161.054
 11
7.8685
 21
161.155
  0
LINE
  8
0
 10
7.8685
 20
161.155
 11
7.79114
 21
161.284
  0
LINE
  8
0
 10
7.79114
 20
161.284
 11
7.74857
 21
161.363
  0
LINE
  8
0
 10
7.74857
 20
161.363
 11
7.69501
 21
161.47
  0
LINE
  8
0
 10
7.69501
 20
161.47
 11
7.63321
 21
161.608
  0
LINE
  8
0
 10
7.63321
 20
161.608
 11
7.57782
 21
161.75
  0
LINE
  8
0
 10
7.57782
 20
161.75
 11
7.55859
 21
161.807
  0
LINE
  8
0
 10
7.55859
 20
161.807
 11
7.51282
 21
161.954
  0
LINE
  8
0
 10
7.51282
 20
161.954
 11
7.47299
 21
162.105
  0
LINE
  8
0
 10
7.47299
 20
162.105
 11
7.44049
 21
162.259
  0
LINE
  8
0
 10
7.44049
 20
162.259
 11
7.41898
 21
162.385
  0
LINE
  8
0
 10
7.41898
 20
162.385
 11
7.40158
 21
162.513
  0
LINE
  8
0
 10
7.40158
 20
162.513
 11
7.38556
 21
162.678
  0
LINE
  8
0
 10
7.38556
 20
162.678
 11
7.37823
 21
162.81
  0
LINE
  8
0
 10
7.37823
 20
162.81
 11
7.3732
 21
163.017
  0
LINE
  8
0
 10
7.3732
 20
163.017
 11
7.37411
 21
163.121
  0
LINE
  8
0
 10
7.37411
 20
163.121
 11
7.37869
 21
163.227
  0
LINE
  8
0
 10
7.37869
 20
163.227
 11
7.39014
 21
163.407
  0
LINE
  8
0
 10
7.39014
 20
163.407
 11
7.40753
 21
163.59
  0
LINE
  8
0
 10
7.40753
 20
163.59
 11
7.44965
 21
163.891
  0
LINE
  8
0
 10
7.44965
 20
163.891
 11
7.48444
 21
164.086
  0
LINE
  8
0
 10
7.48444
 20
164.086
 11
7.53479
 21
164.322
  0
LINE
  8
0
 10
7.53479
 20
164.322
 11
7.5737
 21
164.483
  0
LINE
  8
0
 10
7.5737
 20
164.483
 11
7.62772
 21
164.687
  0
LINE
  8
0
 10
7.62772
 20
164.687
 11
7.70142
 21
164.938
  0
LINE
  8
0
 10
7.70142
 20
164.938
 11
7.79938
 21
165.237
  0
LINE
  8
0
 10
7.79938
 20
165.237
 11
7.91016
 21
165.542
  0
LINE
  8
0
 10
7.91016
 20
165.542
 11
8.05161
 21
165.902
  0
LINE
  8
0
 10
8.05161
 20
165.902
 11
8.21045
 21
166.271
  0
LINE
  8
0
 10
8.21045
 20
166.271
 11
8.29695
 21
166.458
  0
LINE
  8
0
 10
8.29695
 20
166.458
 11
10.5853
 21
159.415
  0
LINE
  8
0
 10
10.5853
 20
159.415
 11
10.5244
 21
159.431
  0
LINE
  8
0
 10
-1.69739
 20
158.518
 11
-2.40005
 21
160.215
  0
LINE
  8
0
 10
-2.40005
 20
160.215
 11
-1.69739
 21
161.911
  0
LINE
  8
0
 10
-1.69739
 20
161.911
 11
0
 21
162.615
  0
LINE
  8
0
 10
0
 20
162.615
 11
1.69739
 21
161.911
  0
LINE
  8
0
 10
1.69739
 20
161.911
 11
2.40005
 21
160.215
  0
LINE
  8
0
 10
2.40005
 20
160.215
 11
1.69739
 21
158.518
  0
LINE
  8
0
 10
1.69739
 20
158.518
 11
0
 21
157.814
  0
LINE
  8
0
 10
0
 20
157.814
 11
-1.69739
 21
158.518
  0
LINE
  8
0
 10
-6.87057
 20
152.343
 11
-6.98914
 21
152.351
  0
LINE
  8
0
 10
-6.98914
 20
152.351
 11
-7.13928
 21
152.366
  0
LINE
  8
0
 10
-7.13928
 20
152.366
 11
-7.29126
 21
152.39
  0
LINE
  8
0
 10
-7.29126
 20
152.39
 11
-7.44095
 21
152.42
  0
LINE
  8
0
 10
-7.44095
 20
152.42
 11
-7.58972
 21
152.459
  0
LINE
  8
0
 10
-7.58972
 20
152.459
 11
-7.74124
 21
152.505
  0
LINE
  8
0
 10
-7.74124
 20
152.505
 11
-7.91977
 21
152.569
  0
LINE
  8
0
 10
-7.91977
 20
152.569
 11
-8.07083
 21
152.631
  0
LINE
  8
0
 10
-8.07083
 20
152.631
 11
-8.18985
 21
152.687
  0
LINE
  8
0
 10
-8.18985
 20
152.687
 11
-8.3107
 21
152.747
  0
LINE
  8
0
 10
-8.3107
 20
152.747
 11
-8.40088
 21
152.795
  0
LINE
  8
0
 10
-8.40088
 20
152.795
 11
-8.58078
 21
152.899
  0
LINE
  8
0
 10
-8.58078
 20
152.899
 11
-8.72955
 21
152.994
  0
LINE
  8
0
 10
-8.72955
 20
152.994
 11
-8.91083
 21
153.119
  0
LINE
  8
0
 10
-8.91083
 20
153.119
 11
-9.08981
 21
153.253
  0
LINE
  8
0
 10
-9.08981
 20
153.253
 11
-9.24088
 21
153.374
  0
LINE
  8
0
 10
-9.24088
 20
153.374
 11
-9.35989
 21
153.476
  0
LINE
  8
0
 10
-9.35989
 20
153.476
 11
-9.54117
 21
153.638
  0
LINE
  8
0
 10
-9.54117
 20
153.638
 11
-9.68994
 21
153.781
  0
LINE
  8
0
 10
-9.68994
 20
153.781
 11
-9.8703
 21
153.964
  0
LINE
  8
0
 10
-9.8703
 20
153.964
 11
-10.0204
 21
154.124
  0
LINE
  8
0
 10
-10.0204
 20
154.124
 11
-10.1404
 21
154.257
  0
LINE
  8
0
 10
-10.1404
 20
154.257
 11
-10.3203
 21
154.465
  0
LINE
  8
0
 10
-10.3203
 20
154.465
 11
-10.4704
 21
154.648
  0
LINE
  8
0
 10
-10.4704
 20
154.648
 11
-10.6801
 21
154.915
  0
LINE
  8
0
 10
-10.6801
 20
154.915
 11
-10.8609
 21
155.156
  0
LINE
  8
0
 10
-10.8609
 20
155.156
 11
-11.0408
 21
155.408
  0
LINE
  8
0
 10
-11.0408
 20
155.408
 11
-11.2202
 21
155.671
  0
LINE
  8
0
 10
-11.2202
 20
155.671
 11
-11.3617
 21
155.884
  0
LINE
  8
0
 10
-11.3617
 20
155.884
 11
-11.2202
 21
156.098
  0
LINE
  8
0
 10
-11.2202
 20
156.098
 11
-11.0399
 21
156.361
  0
LINE
  8
0
 10
-11.0399
 20
156.361
 11
-10.8609
 21
156.613
  0
LINE
  8
0
 10
-10.8609
 20
156.613
 11
-10.6801
 21
156.854
  0
LINE
  8
0
 10
-10.6801
 20
156.854
 11
-10.4704
 21
157.121
  0
LINE
  8
0
 10
-10.4704
 20
157.121
 11
-10.3203
 21
157.304
  0
LINE
  8
0
 10
-10.3203
 20
157.304
 11
-10.1404
 21
157.512
  0
LINE
  8
0
 10
-10.1404
 20
157.512
 11
-10.0204
 21
157.646
  0
LINE
  8
0
 10
-10.0204
 20
157.646
 11
-9.8703
 21
157.805
  0
LINE
  8
0
 10
-9.8703
 20
157.805
 11
-9.68994
 21
157.988
  0
LINE
  8
0
 10
-9.68994
 20
157.988
 11
-9.54071
 21
158.13
  0
LINE
  8
0
 10
-9.54071
 20
158.13
 11
-9.35989
 21
158.293
  0
LINE
  8
0
 10
-9.35989
 20
158.293
 11
-9.24088
 21
158.395
  0
LINE
  8
0
 10
-9.24088
 20
158.395
 11
-9.08981
 21
158.516
  0
LINE
  8
0
 10
-9.08981
 20
158.516
 11
-8.91083
 21
158.65
  0
LINE
  8
0
 10
-8.91083
 20
158.65
 11
-8.72955
 21
158.775
  0
LINE
  8
0
 10
-8.72955
 20
158.775
 11
-8.58078
 21
158.87
  0
LINE
  8
0
 10
-8.58078
 20
158.87
 11
-8.40088
 21
158.974
  0
LINE
  8
0
 10
-8.40088
 20
158.974
 11
-8.3107
 21
159.022
  0
LINE
  8
0
 10
-8.3107
 20
159.022
 11
-8.18985
 21
159.083
  0
LINE
  8
0
 10
-8.18985
 20
159.083
 11
-8.07083
 21
159.137
  0
LINE
  8
0
 10
-8.07083
 20
159.137
 11
-7.91977
 21
159.2
  0
LINE
  8
0
 10
-7.91977
 20
159.2
 11
-7.74124
 21
159.264
  0
LINE
  8
0
 10
-7.74124
 20
159.264
 11
-7.58972
 21
159.311
  0
LINE
  8
0
 10
-7.58972
 20
159.311
 11
-7.44095
 21
159.349
  0
LINE
  8
0
 10
-7.44095
 20
159.349
 11
-7.29126
 21
159.38
  0
LINE
  8
0
 10
-7.29126
 20
159.38
 11
-7.13928
 21
159.403
  0
LINE
  8
0
 10
-7.13928
 20
159.403
 11
-6.98914
 21
159.418
  0
LINE
  8
0
 10
-6.98914
 20
159.418
 11
-6.87057
 21
159.426
  0
LINE
  8
0
 10
-6.87057
 20
159.426
 11
-6.72089
 21
159.428
  0
LINE
  8
0
 10
-6.72089
 20
159.428
 11
-6.62979
 21
159.426
  0
LINE
  8
0
 10
-6.62979
 20
159.426
 11
-6.51123
 21
159.418
  0
LINE
  8
0
 10
-6.51123
 20
159.418
 11
-6.36108
 21
159.403
  0
LINE
  8
0
 10
-6.36108
 20
159.403
 11
-6.20956
 21
159.38
  0
LINE
  8
0
 10
-6.20956
 20
159.38
 11
-6.15005
 21
159.368
  0
LINE
  8
0
 10
-6.15005
 20
159.368
 11
-5.99945
 21
159.334
  0
LINE
  8
0
 10
-5.99945
 20
159.334
 11
-5.8493
 21
159.293
  0
LINE
  8
0
 10
-5.8493
 20
159.293
 11
-5.69916
 21
159.245
  0
LINE
  8
0
 10
-5.69916
 20
159.245
 11
-5.5806
 21
159.2
  0
LINE
  8
0
 10
-5.5806
 20
159.2
 11
-5.45975
 21
159.15
  0
LINE
  8
0
 10
-5.45975
 20
159.15
 11
-5.3096
 21
159.082
  0
LINE
  8
0
 10
-5.3096
 20
159.082
 11
-5.18967
 21
159.022
  0
LINE
  8
0
 10
-5.18967
 20
159.022
 11
-5.00977
 21
158.924
  0
LINE
  8
0
 10
-5.00977
 20
158.924
 11
-4.9205
 21
158.87
  0
LINE
  8
0
 10
-4.9205
 20
158.87
 11
-4.82986
 21
158.813
  0
LINE
  8
0
 10
-4.82986
 20
158.813
 11
-4.67972
 21
158.714
  0
LINE
  8
0
 10
-4.67972
 20
158.714
 11
-4.53049
 21
158.607
  0
LINE
  8
0
 10
-4.53049
 20
158.607
 11
-4.2897
 21
158.419
  0
LINE
  8
0
 10
-4.2897
 20
158.419
 11
-4.14047
 21
158.293
  0
LINE
  8
0
 10
-4.14047
 20
158.293
 11
-3.96011
 21
158.13
  0
LINE
  8
0
 10
-3.96011
 20
158.13
 11
-3.83972
 21
158.017
  0
LINE
  8
0
 10
-3.83972
 20
158.017
 11
-3.68958
 21
157.868
  0
LINE
  8
0
 10
-3.68958
 20
157.868
 11
-3.51059
 21
157.679
  0
LINE
  8
0
 10
-3.51059
 20
157.679
 11
-3.30002
 21
157.444
  0
LINE
  8
0
 10
-3.30002
 20
157.444
 11
-3.0899
 21
157.196
  0
LINE
  8
0
 10
-3.0899
 20
157.196
 11
-2.85049
 21
156.893
  0
LINE
  8
0
 10
-2.85049
 20
156.893
 11
-2.61017
 21
156.572
  0
LINE
  8
0
 10
-2.61017
 20
156.572
 11
-2.40005
 21
156.274
  0
LINE
  8
0
 10
-2.40005
 20
156.274
 11
-2.1904
 21
155.963
  0
LINE
  8
0
 10
-2.1904
 20
155.963
 11
-2.49664
 21
155.885
  0
LINE
  8
0
 10
-2.49664
 20
155.885
 11
-2.1904
 21
155.806
  0
LINE
  8
0
 10
-2.1904
 20
155.806
 11
-2.40005
 21
155.495
  0
LINE
  8
0
 10
-2.40005
 20
155.495
 11
-2.61063
 21
155.197
  0
LINE
  8
0
 10
-2.61063
 20
155.197
 11
-2.85049
 21
154.876
  0
LINE
  8
0
 10
-2.85049
 20
154.876
 11
-3.09036
 21
154.573
  0
LINE
  8
0
 10
-3.09036
 20
154.573
 11
-3.30002
 21
154.325
  0
LINE
  8
0
 10
-3.30002
 20
154.325
 11
-3.51013
 21
154.09
  0
LINE
  8
0
 10
-3.51013
 20
154.09
 11
-3.69003
 21
153.901
  0
LINE
  8
0
 10
-3.69003
 20
153.901
 11
-3.83972
 21
153.753
  0
LINE
  8
0
 10
-3.83972
 20
153.753
 11
-3.96011
 21
153.638
  0
LINE
  8
0
 10
-3.96011
 20
153.638
 11
-4.14047
 21
153.476
  0
LINE
  8
0
 10
-4.14047
 20
153.476
 11
-4.2897
 21
153.35
  0
LINE
  8
0
 10
-4.2897
 20
153.35
 11
-4.53049
 21
153.162
  0
LINE
  8
0
 10
-4.53049
 20
153.162
 11
-4.67972
 21
153.056
  0
LINE
  8
0
 10
-4.67972
 20
153.056
 11
-4.82986
 21
152.956
  0
LINE
  8
0
 10
-4.82986
 20
152.956
 11
-4.92004
 21
152.899
  0
LINE
  8
0
 10
-4.92004
 20
152.899
 11
-5.01022
 21
152.845
  0
LINE
  8
0
 10
-5.01022
 20
152.845
 11
-5.18967
 21
152.747
  0
LINE
  8
0
 10
-5.18967
 20
152.747
 11
-5.31052
 21
152.687
  0
LINE
  8
0
 10
-5.31052
 20
152.687
 11
-5.46066
 21
152.618
  0
LINE
  8
0
 10
-5.46066
 20
152.618
 11
-5.5806
 21
152.569
  0
LINE
  8
0
 10
-5.5806
 20
152.569
 11
-5.70099
 21
152.524
  0
LINE
  8
0
 10
-5.70099
 20
152.524
 11
-5.8493
 21
152.476
  0
LINE
  8
0
 10
-5.8493
 20
152.476
 11
-5.99945
 21
152.435
  0
LINE
  8
0
 10
-5.99945
 20
152.435
 11
-6.15051
 21
152.401
  0
LINE
  8
0
 10
-6.15051
 20
152.401
 11
-6.20956
 21
152.39
  0
LINE
  8
0
 10
-6.20956
 20
152.39
 11
-6.36108
 21
152.366
  0
LINE
  8
0
 10
-6.36108
 20
152.366
 11
-6.51123
 21
152.351
  0
LINE
  8
0
 10
-6.51123
 20
152.351
 11
-6.62979
 21
152.344
  0
LINE
  8
0
 10
-6.62979
 20
152.344
 11
-6.72089
 21
152.341
  0
LINE
  8
0
 10
-6.72089
 20
152.341
 11
-6.87057
 21
152.343
  0
LINE
  8
0
 10
6.62979
 20
152.343
 11
6.51123
 21
152.351
  0
LINE
  8
0
 10
6.51123
 20
152.351
 11
6.36108
 21
152.366
  0
LINE
  8
0
 10
6.36108
 20
152.366
 11
6.20956
 21
152.389
  0
LINE
  8
0
 10
6.20956
 20
152.389
 11
6.15005
 21
152.401
  0
LINE
  8
0
 10
6.15005
 20
152.401
 11
5.99945
 21
152.435
  0
LINE
  8
0
 10
5.99945
 20
152.435
 11
5.8493
 21
152.476
  0
LINE
  8
0
 10
5.8493
 20
152.476
 11
5.69916
 21
152.525
  0
LINE
  8
0
 10
5.69916
 20
152.525
 11
5.5806
 21
152.569
  0
LINE
  8
0
 10
5.5806
 20
152.569
 11
5.45975
 21
152.619
  0
LINE
  8
0
 10
5.45975
 20
152.619
 11
5.3096
 21
152.687
  0
LINE
  8
0
 10
5.3096
 20
152.687
 11
5.18967
 21
152.747
  0
LINE
  8
0
 10
5.18967
 20
152.747
 11
5.00977
 21
152.845
  0
LINE
  8
0
 10
5.00977
 20
152.845
 11
4.9205
 21
152.899
  0
LINE
  8
0
 10
4.9205
 20
152.899
 11
4.82986
 21
152.956
  0
LINE
  8
0
 10
4.82986
 20
152.956
 11
4.67972
 21
153.056
  0
LINE
  8
0
 10
4.67972
 20
153.056
 11
4.53049
 21
153.162
  0
LINE
  8
0
 10
4.53049
 20
153.162
 11
4.2897
 21
153.35
  0
LINE
  8
0
 10
4.2897
 20
153.35
 11
4.14047
 21
153.476
  0
LINE
  8
0
 10
4.14047
 20
153.476
 11
3.96011
 21
153.639
  0
LINE
  8
0
 10
3.96011
 20
153.639
 11
3.83972
 21
153.752
  0
LINE
  8
0
 10
3.83972
 20
153.752
 11
3.68958
 21
153.902
  0
LINE
  8
0
 10
3.68958
 20
153.902
 11
3.51059
 21
154.091
  0
LINE
  8
0
 10
3.51059
 20
154.091
 11
3.30002
 21
154.325
  0
LINE
  8
0
 10
3.30002
 20
154.325
 11
3.0899
 21
154.574
  0
LINE
  8
0
 10
3.0899
 20
154.574
 11
2.85049
 21
154.876
  0
LINE
  8
0
 10
2.85049
 20
154.876
 11
2.61017
 21
155.197
  0
LINE
  8
0
 10
2.61017
 20
155.197
 11
2.40005
 21
155.495
  0
LINE
  8
0
 10
2.40005
 20
155.495
 11
2.1904
 21
155.806
  0
LINE
  8
0
 10
2.1904
 20
155.806
 11
2.49664
 21
155.885
  0
LINE
  8
0
 10
2.49664
 20
155.885
 11
2.1904
 21
155.963
  0
LINE
  8
0
 10
2.1904
 20
155.963
 11
2.40005
 21
156.274
  0
LINE
  8
0
 10
2.40005
 20
156.274
 11
2.61017
 21
156.572
  0
LINE
  8
0
 10
2.61017
 20
156.572
 11
2.85049
 21
156.893
  0
LINE
  8
0
 10
2.85049
 20
156.893
 11
3.0899
 21
157.196
  0
LINE
  8
0
 10
3.0899
 20
157.196
 11
3.30002
 21
157.444
  0
LINE
  8
0
 10
3.30002
 20
157.444
 11
3.51013
 21
157.679
  0
LINE
  8
0
 10
3.51013
 20
157.679
 11
3.68958
 21
157.868
  0
LINE
  8
0
 10
3.68958
 20
157.868
 11
3.83972
 21
158.016
  0
LINE
  8
0
 10
3.83972
 20
158.016
 11
3.95966
 21
158.13
  0
LINE
  8
0
 10
3.95966
 20
158.13
 11
4.14047
 21
158.293
  0
LINE
  8
0
 10
4.14047
 20
158.293
 11
4.2897
 21
158.419
  0
LINE
  8
0
 10
4.2897
 20
158.419
 11
4.53049
 21
158.607
  0
LINE
  8
0
 10
4.53049
 20
158.607
 11
4.67972
 21
158.714
  0
LINE
  8
0
 10
4.67972
 20
158.714
 11
4.82986
 21
158.813
  0
LINE
  8
0
 10
4.82986
 20
158.813
 11
4.92004
 21
158.871
  0
LINE
  8
0
 10
4.92004
 20
158.871
 11
5.01022
 21
158.924
  0
LINE
  8
0
 10
5.01022
 20
158.924
 11
5.18967
 21
159.022
  0
LINE
  8
0
 10
5.18967
 20
159.022
 11
5.3096
 21
159.082
  0
LINE
  8
0
 10
5.3096
 20
159.082
 11
5.45975
 21
159.15
  0
LINE
  8
0
 10
5.45975
 20
159.15
 11
5.5806
 21
159.201
  0
LINE
  8
0
 10
5.5806
 20
159.201
 11
5.69962
 21
159.245
  0
LINE
  8
0
 10
5.69962
 20
159.245
 11
5.8493
 21
159.293
  0
LINE
  8
0
 10
5.8493
 20
159.293
 11
5.99945
 21
159.334
  0
LINE
  8
0
 10
5.99945
 20
159.334
 11
6.15051
 21
159.368
  0
LINE
  8
0
 10
6.15051
 20
159.368
 11
6.20956
 21
159.38
  0
LINE
  8
0
 10
6.20956
 20
159.38
 11
6.36108
 21
159.403
  0
LINE
  8
0
 10
6.36108
 20
159.403
 11
6.51123
 21
159.418
  0
LINE
  8
0
 10
6.51123
 20
159.418
 11
6.62979
 21
159.425
  0
LINE
  8
0
 10
6.62979
 20
159.425
 11
6.72089
 21
159.428
  0
LINE
  8
0
 10
6.72089
 20
159.428
 11
6.87057
 21
159.426
  0
LINE
  8
0
 10
6.87057
 20
159.426
 11
6.98914
 21
159.418
  0
LINE
  8
0
 10
6.98914
 20
159.418
 11
7.13928
 21
159.403
  0
LINE
  8
0
 10
7.13928
 20
159.403
 11
7.29126
 21
159.38
  0
LINE
  8
0
 10
7.29126
 20
159.38
 11
7.44095
 21
159.349
  0
LINE
  8
0
 10
7.44095
 20
159.349
 11
7.58972
 21
159.31
  0
LINE
  8
0
 10
7.58972
 20
159.31
 11
7.74124
 21
159.264
  0
LINE
  8
0
 10
7.74124
 20
159.264
 11
7.91977
 21
159.2
  0
LINE
  8
0
 10
7.91977
 20
159.2
 11
8.07083
 21
159.138
  0
LINE
  8
0
 10
8.07083
 20
159.138
 11
8.18985
 21
159.082
  0
LINE
  8
0
 10
8.18985
 20
159.082
 11
8.3107
 21
159.022
  0
LINE
  8
0
 10
8.3107
 20
159.022
 11
8.40088
 21
158.974
  0
LINE
  8
0
 10
8.40088
 20
158.974
 11
8.58078
 21
158.87
  0
LINE
  8
0
 10
8.58078
 20
158.87
 11
8.72955
 21
158.775
  0
LINE
  8
0
 10
8.72955
 20
158.775
 11
8.91083
 21
158.65
  0
LINE
  8
0
 10
8.91083
 20
158.65
 11
9.08981
 21
158.516
  0
LINE
  8
0
 10
9.08981
 20
158.516
 11
9.24088
 21
158.395
  0
LINE
  8
0
 10
9.24088
 20
158.395
 11
9.35989
 21
158.293
  0
LINE
  8
0
 10
9.35989
 20
158.293
 11
9.54117
 21
158.131
  0
LINE
  8
0
 10
9.54117
 20
158.131
 11
9.68994
 21
157.988
  0
LINE
  8
0
 10
9.68994
 20
157.988
 11
9.8703
 21
157.805
  0
LINE
  8
0
 10
9.8703
 20
157.805
 11
10.0204
 21
157.646
  0
LINE
  8
0
 10
10.0204
 20
157.646
 11
10.1404
 21
157.512
  0
LINE
  8
0
 10
10.1404
 20
157.512
 11
10.3203
 21
157.304
  0
LINE
  8
0
 10
10.3203
 20
157.304
 11
10.4704
 21
157.121
  0
LINE
  8
0
 10
10.4704
 20
157.121
 11
10.6801
 21
156.854
  0
LINE
  8
0
 10
10.6801
 20
156.854
 11
10.8609
 21
156.613
  0
LINE
  8
0
 10
10.8609
 20
156.613
 11
11.0408
 21
156.361
  0
LINE
  8
0
 10
11.0408
 20
156.361
 11
11.2202
 21
156.098
  0
LINE
  8
0
 10
11.2202
 20
156.098
 11
11.3617
 21
155.885
  0
LINE
  8
0
 10
11.3617
 20
155.885
 11
11.2202
 21
155.671
  0
LINE
  8
0
 10
11.2202
 20
155.671
 11
11.0399
 21
155.408
  0
LINE
  8
0
 10
11.0399
 20
155.408
 11
10.8604
 21
155.156
  0
LINE
  8
0
 10
10.8604
 20
155.156
 11
10.6801
 21
154.915
  0
LINE
  8
0
 10
10.6801
 20
154.915
 11
10.4704
 21
154.648
  0
LINE
  8
0
 10
10.4704
 20
154.648
 11
10.3198
 21
154.465
  0
LINE
  8
0
 10
10.3198
 20
154.465
 11
10.1399
 21
154.256
  0
LINE
  8
0
 10
10.1399
 20
154.256
 11
10.02
 21
154.123
  0
LINE
  8
0
 10
10.02
 20
154.123
 11
9.86984
 21
153.963
  0
LINE
  8
0
 10
9.86984
 20
153.963
 11
9.68994
 21
153.781
  0
LINE
  8
0
 10
9.68994
 20
153.781
 11
9.54071
 21
153.639
  0
LINE
  8
0
 10
9.54071
 20
153.639
 11
9.35989
 21
153.476
  0
LINE
  8
0
 10
9.35989
 20
153.476
 11
9.24042
 21
153.374
  0
LINE
  8
0
 10
9.24042
 20
153.374
 11
9.08981
 21
153.253
  0
LINE
  8
0
 10
9.08981
 20
153.253
 11
8.91083
 21
153.119
  0
LINE
  8
0
 10
8.91083
 20
153.119
 11
8.72955
 21
152.994
  0
LINE
  8
0
 10
8.72955
 20
152.994
 11
8.58078
 21
152.899
  0
LINE
  8
0
 10
8.58078
 20
152.899
 11
8.39996
 21
152.795
  0
LINE
  8
0
 10
8.39996
 20
152.795
 11
8.30978
 21
152.747
  0
LINE
  8
0
 10
8.30978
 20
152.747
 11
8.18985
 21
152.686
  0
LINE
  8
0
 10
8.18985
 20
152.686
 11
8.07083
 21
152.632
  0
LINE
  8
0
 10
8.07083
 20
152.632
 11
7.91977
 21
152.569
  0
LINE
  8
0
 10
7.91977
 20
152.569
 11
7.73987
 21
152.504
  0
LINE
  8
0
 10
7.73987
 20
152.504
 11
7.58972
 21
152.458
  0
LINE
  8
0
 10
7.58972
 20
152.458
 11
7.44095
 21
152.42
  0
LINE
  8
0
 10
7.44095
 20
152.42
 11
7.29126
 21
152.39
  0
LINE
  8
0
 10
7.29126
 20
152.39
 11
7.13928
 21
152.366
  0
LINE
  8
0
 10
7.13928
 20
152.366
 11
6.98914
 21
152.351
  0
LINE
  8
0
 10
6.98914
 20
152.351
 11
6.87057
 21
152.343
  0
LINE
  8
0
 10
6.87057
 20
152.343
 11
6.72089
 21
152.341
  0
LINE
  8
0
 10
6.72089
 20
152.341
 11
6.62979
 21
152.343
  0
LINE
  8
0
 10
-1.69739
 20
149.858
 11
-2.40005
 21
151.555
  0
LINE
  8
0
 10
-2.40005
 20
151.555
 11
-1.69739
 21
153.251
  0
LINE
  8
0
 10
-1.69739
 20
153.251
 11
0
 21
153.955
  0
LINE
  8
0
 10
0
 20
153.955
 11
1.69739
 21
153.251
  0
LINE
  8
0
 10
1.69739
 20
153.251
 11
2.40005
 21
151.555
  0
LINE
  8
0
 10
2.40005
 20
151.555
 11
1.69739
 21
149.858
  0
LINE
  8
0
 10
1.69739
 20
149.858
 11
0
 21
149.155
  0
LINE
  8
0
 10
0
 20
149.155
 11
-1.69739
 21
149.858
  0
LINE
  8
0
 10
8.74786
 20
145.056
 11
8.52814
 21
144.831
  0
LINE
  8
0
 10
8.52814
 20
144.831
 11
8.36288
 21
145.168
  0
LINE
  8
0
 10
8.36288
 20
145.168
 11
8.21045
 21
145.498
  0
LINE
  8
0
 10
8.21045
 20
145.498
 11
8.05161
 21
145.867
  0
LINE
  8
0
 10
8.05161
 20
145.867
 11
7.91016
 21
146.227
  0
LINE
  8
0
 10
7.91016
 20
146.227
 11
7.79892
 21
146.532
  0
LINE
  8
0
 10
7.79892
 20
146.532
 11
7.70187
 21
146.831
  0
LINE
  8
0
 10
7.70187
 20
146.831
 11
7.62772
 21
147.082
  0
LINE
  8
0
 10
7.62772
 20
147.082
 11
7.5737
 21
147.286
  0
LINE
  8
0
 10
7.5737
 20
147.286
 11
7.53479
 21
147.447
  0
LINE
  8
0
 10
7.53479
 20
147.447
 11
7.48489
 21
147.683
  0
LINE
  8
0
 10
7.48489
 20
147.683
 11
7.44965
 21
147.878
  0
LINE
  8
0
 10
7.44965
 20
147.878
 11
7.40753
 21
148.179
  0
LINE
  8
0
 10
7.40753
 20
148.179
 11
7.39014
 21
148.363
  0
LINE
  8
0
 10
7.39014
 20
148.363
 11
7.37869
 21
148.542
  0
LINE
  8
0
 10
7.37869
 20
148.542
 11
7.37457
 21
148.648
  0
LINE
  8
0
 10
7.37457
 20
148.648
 11
7.3732
 21
148.754
  0
LINE
  8
0
 10
7.3732
 20
148.754
 11
7.37778
 21
148.959
  0
LINE
  8
0
 10
7.37778
 20
148.959
 11
7.38556
 21
149.091
  0
LINE
  8
0
 10
7.38556
 20
149.091
 11
7.40158
 21
149.256
  0
LINE
  8
0
 10
7.40158
 20
149.256
 11
7.41898
 21
149.384
  0
LINE
  8
0
 10
7.41898
 20
149.384
 11
7.44049
 21
149.51
  0
LINE
  8
0
 10
7.44049
 20
149.51
 11
7.47299
 21
149.664
  0
LINE
  8
0
 10
7.47299
 20
149.664
 11
7.51282
 21
149.815
  0
LINE
  8
0
 10
7.51282
 20
149.815
 11
7.55859
 21
149.962
  0
LINE
  8
0
 10
7.55859
 20
149.962
 11
7.57782
 21
150.019
  0
LINE
  8
0
 10
7.57782
 20
150.019
 11
7.63321
 21
150.161
  0
LINE
  8
0
 10
7.63321
 20
150.161
 11
7.69501
 21
150.299
  0
LINE
  8
0
 10
7.69501
 20
150.299
 11
7.74857
 21
150.406
  0
LINE
  8
0
 10
7.74857
 20
150.406
 11
7.79114
 21
150.485
  0
LINE
  8
0
 10
7.79114
 20
150.485
 11
7.8685
 21
150.614
  0
LINE
  8
0
 10
7.8685
 20
150.614
 11
7.93533
 21
150.715
  0
LINE
  8
0
 10
7.93533
 20
150.715
 11
8.02277
 21
150.837
  0
LINE
  8
0
 10
8.02277
 20
150.837
 11
8.11798
 21
150.954
  0
LINE
  8
0
 10
8.11798
 20
150.954
 11
8.2196
 21
151.069
  0
LINE
  8
0
 10
8.2196
 20
151.069
 11
8.32809
 21
151.18
  0
LINE
  8
0
 10
8.32809
 20
151.18
 11
8.44345
 21
151.288
  0
LINE
  8
0
 10
8.44345
 20
151.288
 11
8.58856
 21
151.411
  0
LINE
  8
0
 10
8.58856
 20
151.411
 11
8.71857
 21
151.511
  0
LINE
  8
0
 10
8.71857
 20
151.511
 11
8.82523
 21
151.586
  0
LINE
  8
0
 10
8.82523
 20
151.586
 11
8.93784
 21
151.66
  0
LINE
  8
0
 10
8.93784
 20
151.66
 11
9.0239
 21
151.714
  0
LINE
  8
0
 10
9.0239
 20
151.714
 11
9.20517
 21
151.818
  0
LINE
  8
0
 10
9.20517
 20
151.818
 11
9.36172
 21
151.9
  0
LINE
  8
0
 10
9.36172
 20
151.9
 11
9.55948
 21
151.994
  0
LINE
  8
0
 10
9.55948
 20
151.994
 11
9.76639
 21
152.082
  0
LINE
  8
0
 10
9.76639
 20
152.082
 11
9.94583
 21
152.151
  0
LINE
  8
0
 10
9.94583
 20
152.151
 11
10.0951
 21
152.206
  0
LINE
  8
0
 10
10.0951
 20
152.206
 11
10.3244
 21
152.28
  0
LINE
  8
0
 10
10.3244
 20
152.28
 11
10.5244
 21
152.338
  0
LINE
  8
0
 10
10.5244
 20
152.338
 11
10.7712
 21
152.403
  0
LINE
  8
0
 10
10.7712
 20
152.403
 11
10.9854
 21
152.453
  0
LINE
  8
0
 10
10.9854
 20
152.453
 11
11.1607
 21
152.49
  0
LINE
  8
0
 10
11.1607
 20
152.49
 11
11.4304
 21
152.542
  0
LINE
  8
0
 10
11.4304
 20
152.542
 11
11.6643
 21
152.581
  0
LINE
  8
0
 10
11.6643
 20
152.581
 11
12.0012
 21
152.628
  0
LINE
  8
0
 10
12.0012
 20
152.628
 11
12.3001
 21
152.664
  0
LINE
  8
0
 10
12.3001
 20
152.664
 11
12.6082
 21
152.693
  0
LINE
  8
0
 10
12.6082
 20
152.693
 11
12.7654
 21
152.706
  0
LINE
  8
0
 10
12.7654
 20
152.706
 11
14.3072
 21
147.96
  0
LINE
  8
0
 10
14.3072
 20
147.96
 11
14.2978
 21
147.908
  0
LINE
  8
0
 10
14.2978
 20
147.908
 11
14.2621
 21
147.754
  0
LINE
  8
0
 10
14.2621
 20
147.754
 11
14.2204
 21
147.605
  0
LINE
  8
0
 10
14.2204
 20
147.605
 11
14.1724
 21
147.46
  0
LINE
  8
0
 10
14.1724
 20
147.46
 11
14.117
 21
147.318
  0
LINE
  8
0
 10
14.117
 20
147.318
 11
14.0552
 21
147.181
  0
LINE
  8
0
 10
14.0552
 20
147.181
 11
14.0016
 21
147.073
  0
LINE
  8
0
 10
14.0016
 20
147.073
 11
13.9293
 21
146.942
  0
LINE
  8
0
 10
13.9293
 20
146.942
 11
13.8817
 21
146.865
  0
LINE
  8
0
 10
13.8817
 20
146.865
 11
13.8153
 21
146.765
  0
LINE
  8
0
 10
13.8153
 20
146.765
 11
13.727
 21
146.642
  0
LINE
  8
0
 10
13.727
 20
146.642
 11
13.6317
 21
146.525
  0
LINE
  8
0
 10
13.6317
 20
146.525
 11
13.5919
 21
146.478
  0
LINE
  8
0
 10
13.5919
 20
146.478
 11
13.4885
 21
146.366
  0
LINE
  8
0
 10
13.4885
 20
146.366
 11
13.3768
 21
146.256
  0
LINE
  8
0
 10
13.3768
 20
146.256
 11
13.2596
 21
146.15
  0
LINE
  8
0
 10
13.2596
 20
146.15
 11
13.1621
 21
146.07
  0
LINE
  8
0
 10
13.1621
 20
146.07
 11
13.0586
 21
145.99
  0
LINE
  8
0
 10
13.0586
 20
145.99
 11
12.9254
 21
145.894
  0
LINE
  8
0
 10
12.9254
 20
145.894
 11
12.8123
 21
145.82
  0
LINE
  8
0
 10
12.8123
 20
145.82
 11
12.637
 21
145.714
  0
LINE
  8
0
 10
12.637
 20
145.714
 11
12.5459
 21
145.663
  0
LINE
  8
0
 10
12.5459
 20
145.663
 11
12.4516
 21
145.613
  0
LINE
  8
0
 10
12.4516
 20
145.613
 11
12.29
 21
145.533
  0
LINE
  8
0
 10
12.29
 20
145.533
 11
12.1225
 21
145.456
  0
LINE
  8
0
 10
12.1225
 20
145.456
 11
11.8401
 21
145.342
  0
LINE
  8
0
 10
11.8401
 20
145.342
 11
11.6556
 21
145.275
  0
LINE
  8
0
 10
11.6556
 20
145.275
 11
11.4262
 21
145.201
  0
LINE
  8
0
 10
11.4262
 20
145.201
 11
11.2669
 21
145.154
  0
LINE
  8
0
 10
11.2669
 20
145.154
 11
11.0632
 21
145.099
  0
LINE
  8
0
 10
11.0632
 20
145.099
 11
10.8083
 21
145.037
  0
LINE
  8
0
 10
10.8083
 20
145.037
 11
10.5016
 21
144.973
  0
LINE
  8
0
 10
10.5016
 20
144.973
 11
10.1802
 21
144.915
  0
LINE
  8
0
 10
10.1802
 20
144.915
 11
9.79797
 21
144.858
  0
LINE
  8
0
 10
9.79797
 20
144.858
 11
9.39972
 21
144.811
  0
LINE
  8
0
 10
9.39972
 20
144.811
 11
9.03717
 21
144.778
  0
LINE
  8
0
 10
9.03717
 20
144.778
 11
8.66272
 21
144.752
  0
LINE
  8
0
 10
8.66272
 20
144.752
 11
8.74786
 21
145.056
  0
LINE
  8
0
 10
-9.03717
 20
144.778
 11
-9.39972
 21
144.811
  0
LINE
  8
0
 10
-9.39972
 20
144.811
 11
-9.79797
 21
144.858
  0
LINE
  8
0
 10
-9.79797
 20
144.858
 11
-10.1802
 21
144.915
  0
LINE
  8
0
 10
-10.1802
 20
144.915
 11
-10.5016
 21
144.972
  0
LINE
  8
0
 10
-10.5016
 20
144.972
 11
-10.8083
 21
145.037
  0
LINE
  8
0
 10
-10.8083
 20
145.037
 11
-11.0632
 21
145.099
  0
LINE
  8
0
 10
-11.0632
 20
145.099
 11
-11.2669
 21
145.154
  0
LINE
  8
0
 10
-11.2669
 20
145.154
 11
-11.4262
 21
145.201
  0
LINE
  8
0
 10
-11.4262
 20
145.201
 11
-11.6556
 21
145.275
  0
LINE
  8
0
 10
-11.6556
 20
145.275
 11
-11.8401
 21
145.342
  0
LINE
  8
0
 10
-11.8401
 20
145.342
 11
-12.1234
 21
145.457
  0
LINE
  8
0
 10
-12.1234
 20
145.457
 11
-12.291
 21
145.533
  0
LINE
  8
0
 10
-12.291
 20
145.533
 11
-12.4525
 21
145.613
  0
LINE
  8
0
 10
-12.4525
 20
145.613
 11
-12.5459
 21
145.663
  0
LINE
  8
0
 10
-12.5459
 20
145.663
 11
-12.6379
 21
145.714
  0
LINE
  8
0
 10
-12.6379
 20
145.714
 11
-12.8133
 21
145.821
  0
LINE
  8
0
 10
-12.8133
 20
145.821
 11
-12.9254
 21
145.894
  0
LINE
  8
0
 10
-12.9254
 20
145.894
 11
-13.0586
 21
145.99
  0
LINE
  8
0
 10
-13.0586
 20
145.99
 11
-13.1621
 21
146.07
  0
LINE
  8
0
 10
-13.1621
 20
146.07
 11
-13.2596
 21
146.15
  0
LINE
  8
0
 10
-13.2596
 20
146.15
 11
-13.3777
 21
146.257
  0
LINE
  8
0
 10
-13.3777
 20
146.257
 11
-13.4885
 21
146.366
  0
LINE
  8
0
 10
-13.4885
 20
146.366
 11
-13.5924
 21
146.479
  0
LINE
  8
0
 10
-13.5924
 20
146.479
 11
-13.6327
 21
146.526
  0
LINE
  8
0
 10
-13.6327
 20
146.526
 11
-13.7279
 21
146.644
  0
LINE
  8
0
 10
-13.7279
 20
146.644
 11
-13.8153
 21
146.765
  0
LINE
  8
0
 10
-13.8153
 20
146.765
 11
-13.8821
 21
146.866
  0
LINE
  8
0
 10
-13.8821
 20
146.866
 11
-13.9297
 21
146.943
  0
LINE
  8
0
 10
-13.9297
 20
146.943
 11
-14.0016
 21
147.073
  0
LINE
  8
0
 10
-14.0016
 20
147.073
 11
-14.0556
 21
147.182
  0
LINE
  8
0
 10
-14.0556
 20
147.182
 11
-14.1174
 21
147.32
  0
LINE
  8
0
 10
-14.1174
 20
147.32
 11
-14.1728
 21
147.461
  0
LINE
  8
0
 10
-14.1728
 20
147.461
 11
-14.2209
 21
147.606
  0
LINE
  8
0
 10
-14.2209
 20
147.606
 11
-14.2621
 21
147.756
  0
LINE
  8
0
 10
-14.2621
 20
147.756
 11
-14.2982
 21
147.908
  0
LINE
  8
0
 10
-14.2982
 20
147.908
 11
-14.3075
 21
147.96
  0
LINE
  8
0
 10
-14.3075
 20
147.96
 11
-12.7654
 21
152.706
  0
LINE
  8
0
 10
-12.7654
 20
152.706
 11
-12.6082
 21
152.693
  0
LINE
  8
0
 10
-12.6082
 20
152.693
 11
-12.3001
 21
152.664
  0
LINE
  8
0
 10
-12.3001
 20
152.664
 11
-12.0012
 21
152.628
  0
LINE
  8
0
 10
-12.0012
 20
152.628
 11
-11.6643
 21
152.581
  0
LINE
  8
0
 10
-11.6643
 20
152.581
 11
-11.4304
 21
152.542
  0
LINE
  8
0
 10
-11.4304
 20
152.542
 11
-11.1607
 21
152.49
  0
LINE
  8
0
 10
-11.1607
 20
152.49
 11
-10.9854
 21
152.453
  0
LINE
  8
0
 10
-10.9854
 20
152.453
 11
-10.7712
 21
152.403
  0
LINE
  8
0
 10
-10.7712
 20
152.403
 11
-10.5244
 21
152.338
  0
LINE
  8
0
 10
-10.5244
 20
152.338
 11
-10.3244
 21
152.28
  0
LINE
  8
0
 10
-10.3244
 20
152.28
 11
-10.0951
 21
152.205
  0
LINE
  8
0
 10
-10.0951
 20
152.205
 11
-9.94583
 21
152.151
  0
LINE
  8
0
 10
-9.94583
 20
152.151
 11
-9.76639
 21
152.082
  0
LINE
  8
0
 10
-9.76639
 20
152.082
 11
-9.55948
 21
151.994
  0
LINE
  8
0
 10
-9.55948
 20
151.994
 11
-9.36172
 21
151.9
  0
LINE
  8
0
 10
-9.36172
 20
151.9
 11
-9.20517
 21
151.818
  0
LINE
  8
0
 10
-9.20517
 20
151.818
 11
-9.0239
 21
151.714
  0
LINE
  8
0
 10
-9.0239
 20
151.714
 11
-8.93784
 21
151.66
  0
LINE
  8
0
 10
-8.93784
 20
151.66
 11
-8.82523
 21
151.586
  0
LINE
  8
0
 10
-8.82523
 20
151.586
 11
-8.71857
 21
151.511
  0
LINE
  8
0
 10
-8.71857
 20
151.511
 11
-8.58856
 21
151.411
  0
LINE
  8
0
 10
-8.58856
 20
151.411
 11
-8.44345
 21
151.288
  0
LINE
  8
0
 10
-8.44345
 20
151.288
 11
-8.32809
 21
151.18
  0
LINE
  8
0
 10
-8.32809
 20
151.18
 11
-8.2196
 21
151.069
  0
LINE
  8
0
 10
-8.2196
 20
151.069
 11
-8.11798
 21
150.954
  0
LINE
  8
0
 10
-8.11798
 20
150.954
 11
-8.02277
 21
150.837
  0
LINE
  8
0
 10
-8.02277
 20
150.837
 11
-7.93533
 21
150.715
  0
LINE
  8
0
 10
-7.93533
 20
150.715
 11
-7.8685
 21
150.614
  0
LINE
  8
0
 10
-7.8685
 20
150.614
 11
-7.79114
 21
150.485
  0
LINE
  8
0
 10
-7.79114
 20
150.485
 11
-7.74857
 21
150.406
  0
LINE
  8
0
 10
-7.74857
 20
150.406
 11
-7.69501
 21
150.299
  0
LINE
  8
0
 10
-7.69501
 20
150.299
 11
-7.63321
 21
150.161
  0
LINE
  8
0
 10
-7.63321
 20
150.161
 11
-7.57782
 21
150.019
  0
LINE
  8
0
 10
-7.57782
 20
150.019
 11
-7.55859
 21
149.962
  0
LINE
  8
0
 10
-7.55859
 20
149.962
 11
-7.51282
 21
149.815
  0
LINE
  8
0
 10
-7.51282
 20
149.815
 11
-7.47299
 21
149.664
  0
LINE
  8
0
 10
-7.47299
 20
149.664
 11
-7.44049
 21
149.51
  0
LINE
  8
0
 10
-7.44049
 20
149.51
 11
-7.41898
 21
149.384
  0
LINE
  8
0
 10
-7.41898
 20
149.384
 11
-7.40158
 21
149.256
  0
LINE
  8
0
 10
-7.40158
 20
149.256
 11
-7.38556
 21
149.091
  0
LINE
  8
0
 10
-7.38556
 20
149.091
 11
-7.37823
 21
148.959
  0
LINE
  8
0
 10
-7.37823
 20
148.959
 11
-7.3732
 21
148.753
  0
LINE
  8
0
 10
-7.3732
 20
148.753
 11
-7.37411
 21
148.648
  0
LINE
  8
0
 10
-7.37411
 20
148.648
 11
-7.37869
 21
148.542
  0
LINE
  8
0
 10
-7.37869
 20
148.542
 11
-7.39014
 21
148.362
  0
LINE
  8
0
 10
-7.39014
 20
148.362
 11
-7.40753
 21
148.178
  0
LINE
  8
0
 10
-7.40753
 20
148.178
 11
-7.44965
 21
147.878
  0
LINE
  8
0
 10
-7.44965
 20
147.878
 11
-7.48444
 21
147.683
  0
LINE
  8
0
 10
-7.48444
 20
147.683
 11
-7.53479
 21
147.447
  0
LINE
  8
0
 10
-7.53479
 20
147.447
 11
-7.5737
 21
147.286
  0
LINE
  8
0
 10
-7.5737
 20
147.286
 11
-7.62772
 21
147.082
  0
LINE
  8
0
 10
-7.62772
 20
147.082
 11
-7.70142
 21
146.831
  0
LINE
  8
0
 10
-7.70142
 20
146.831
 11
-7.79938
 21
146.532
  0
LINE
  8
0
 10
-7.79938
 20
146.532
 11
-7.91061
 21
146.226
  0
LINE
  8
0
 10
-7.91061
 20
146.226
 11
-8.05206
 21
145.866
  0
LINE
  8
0
 10
-8.05206
 20
145.866
 11
-8.21045
 21
145.498
  0
LINE
  8
0
 10
-8.21045
 20
145.498
 11
-8.36334
 21
145.167
  0
LINE
  8
0
 10
-8.36334
 20
145.167
 11
-8.52814
 21
144.831
  0
LINE
  8
0
 10
-8.52814
 20
144.831
 11
-8.74786
 21
145.056
  0
LINE
  8
0
 10
-8.74786
 20
145.056
 11
-8.66272
 21
144.752
  0
LINE
  8
0
 10
-8.66272
 20
144.752
 11
-9.03717
 21
144.778
  0
LINE
  8
0
 10
-5.82825
 20
143.859
 11
-6.06857
 21
145.681
  0
LINE
  8
0
 10
-6.06857
 20
145.681
 11
-4.95026
 21
147.138
  0
LINE
  8
0
 10
-4.95026
 20
147.138
 11
-3.12927
 21
147.378
  0
LINE
  8
0
 10
-3.12927
 20
147.378
 11
-1.67175
 21
146.259
  0
LINE
  8
0
 10
-1.67175
 20
146.259
 11
-1.43143
 21
144.437
  0
LINE
  8
0
 10
-1.43143
 20
144.437
 11
-2.54974
 21
142.981
  0
LINE
  8
0
 10
-2.54974
 20
142.981
 11
-4.37073
 21
142.74
  0
LINE
  8
0
 10
-4.37073
 20
142.74
 11
-5.82825
 21
143.859
  0
LINE
  8
0
 10
2.54974
 20
142.981
 11
1.43143
 21
144.437
  0
LINE
  8
0
 10
1.43143
 20
144.437
 11
1.67175
 21
146.259
  0
LINE
  8
0
 10
1.67175
 20
146.259
 11
3.12927
 21
147.378
  0
LINE
  8
0
 10
3.12927
 20
147.378
 11
4.95026
 21
147.138
  0
LINE
  8
0
 10
4.95026
 20
147.138
 11
6.06857
 21
145.681
  0
LINE
  8
0
 10
6.06857
 20
145.681
 11
5.82825
 21
143.859
  0
LINE
  8
0
 10
5.82825
 20
143.859
 11
4.37073
 21
142.74
  0
LINE
  8
0
 10
4.37073
 20
142.74
 11
2.54974
 21
142.981
  0
LINE
  8
0
 10
-13.3282
 20
139.529
 11
-13.5686
 21
141.351
  0
LINE
  8
0
 10
-13.5686
 20
141.351
 11
-12.4503
 21
142.808
  0
LINE
  8
0
 10
-12.4503
 20
142.808
 11
-10.6293
 21
143.048
  0
LINE
  8
0
 10
-10.6293
 20
143.048
 11
-9.17175
 21
141.929
  0
LINE
  8
0
 10
-9.17175
 20
141.929
 11
-8.93143
 21
140.107
  0
LINE
  8
0
 10
-8.93143
 20
140.107
 11
-10.0497
 21
138.651
  0
LINE
  8
0
 10
-10.0497
 20
138.651
 11
-11.8707
 21
138.41
  0
LINE
  8
0
 10
-11.8707
 20
138.41
 11
-13.3282
 21
139.529
  0
LINE
  8
0
 10
10.0497
 20
138.651
 11
8.93143
 21
140.107
  0
LINE
  8
0
 10
8.93143
 20
140.107
 11
9.17175
 21
141.929
  0
LINE
  8
0
 10
9.17175
 20
141.929
 11
10.6293
 21
143.048
  0
LINE
  8
0
 10
10.6293
 20
143.048
 11
12.4503
 21
142.808
  0
LINE
  8
0
 10
12.4503
 20
142.808
 11
13.5686
 21
141.351
  0
LINE
  8
0
 10
13.5686
 20
141.351
 11
13.3282
 21
139.529
  0
LINE
  8
0
 10
13.3282
 20
139.529
 11
11.8707
 21
138.41
  0
LINE
  8
0
 10
11.8707
 20
138.41
 11
10.0497
 21
138.651
  0
LINE
  8
0
 10
-16.4478
 20
141.372
 11
-16.4314
 21
141.351
  0
LINE
  8
0
 10
-16.4314
 20
141.351
 11
-16.6718
 21
139.529
  0
LINE
  8
0
 10
-16.6718
 20
139.529
 11
-17.1713
 21
139.146
  0
LINE
  8
0
 10
-17.1713
 20
139.146
 11
-16.4478
 21
141.372
  0
LINE
  8
0
 10
16.6718
 20
139.529
 11
16.4314
 21
141.351
  0
LINE
  8
0
 10
16.4314
 20
141.351
 11
16.4478
 21
141.372
  0
LINE
  8
0
 10
16.4478
 20
141.372
 11
17.1713
 21
139.146
  0
LINE
  8
0
 10
17.1713
 20
139.146
 11
16.6718
 21
139.529
  0
LINE
  8
0
 10
1.70471
 20
133.283
 11
1.56784
 21
133.57
  0
LINE
  8
0
 10
1.56784
 20
133.57
 11
1.43875
 21
133.852
  0
LINE
  8
0
 10
1.43875
 20
133.852
 11
1.32019
 21
134.129
  0
LINE
  8
0
 10
1.32019
 20
134.129
 11
1.19247
 21
134.445
  0
LINE
  8
0
 10
1.19247
 20
134.445
 11
1.11008
 21
134.666
  0
LINE
  8
0
 10
1.11008
 20
134.666
 11
1.01898
 21
134.927
  0
LINE
  8
0
 10
1.01898
 20
134.927
 11
0.96405
 21
135.096
  0
LINE
  8
0
 10
0.96405
 20
135.096
 11
0.900421
 21
135.307
  0
LINE
  8
0
 10
0.900421
 20
135.307
 11
0.833588
 21
135.553
  0
LINE
  8
0
 10
0.833588
 20
135.553
 11
0.784149
 21
135.755
  0
LINE
  8
0
 10
0.784149
 20
135.755
 11
0.733795
 21
135.992
  0
LINE
  8
0
 10
0.733795
 20
135.992
 11
0.705414
 21
136.146
  0
LINE
  8
0
 10
0.705414
 20
136.146
 11
0.676117
 21
136.337
  0
LINE
  8
0
 10
0.676117
 20
136.337
 11
0.649109
 21
136.561
  0
LINE
  8
0
 10
0.649109
 20
136.561
 11
0.631714
 21
136.779
  0
LINE
  8
0
 10
0.631714
 20
136.779
 11
0.623932
 21
136.955
  0
LINE
  8
0
 10
0.623932
 20
136.955
 11
0.623016
 21
137.164
  0
LINE
  8
0
 10
0.623016
 20
137.164
 11
0.627136
 21
137.265
  0
LINE
  8
0
 10
0.627136
 20
137.265
 11
0.634918
 21
137.399
  0
LINE
  8
0
 10
0.634918
 20
137.399
 11
0.647278
 21
137.531
  0
LINE
  8
0
 10
0.647278
 20
137.531
 11
0.667877
 21
137.692
  0
LINE
  8
0
 10
0.667877
 20
137.692
 11
0.702209
 21
137.88
  0
LINE
  8
0
 10
0.702209
 20
137.88
 11
0.737457
 21
138.033
  0
LINE
  8
0
 10
0.737457
 20
138.033
 11
0.779114
 21
138.182
  0
LINE
  8
0
 10
0.779114
 20
138.182
 11
0.827179
 21
138.327
  0
LINE
  8
0
 10
0.827179
 20
138.327
 11
0.882568
 21
138.468
  0
LINE
  8
0
 10
0.882568
 20
138.468
 11
0.944366
 21
138.607
  0
LINE
  8
0
 10
0.944366
 20
138.607
 11
0.998383
 21
138.716
  0
LINE
  8
0
 10
0.998383
 20
138.716
 11
1.07025
 21
138.845
  0
LINE
  8
0
 10
1.07025
 20
138.845
 11
1.11786
 21
138.922
  0
LINE
  8
0
 10
1.11786
 20
138.922
 11
1.18469
 21
139.023
  0
LINE
  8
0
 10
1.18469
 20
139.023
 11
1.27213
 21
139.145
  0
LINE
  8
0
 10
1.27213
 20
139.145
 11
1.36734
 21
139.263
  0
LINE
  8
0
 10
1.36734
 20
139.263
 11
1.40762
 21
139.309
  0
LINE
  8
0
 10
1.40762
 20
139.309
 11
1.51154
 21
139.422
  0
LINE
  8
0
 10
1.51154
 20
139.422
 11
1.62231
 21
139.531
  0
LINE
  8
0
 10
1.62231
 20
139.531
 11
1.74042
 21
139.638
  0
LINE
  8
0
 10
1.74042
 20
139.638
 11
1.83792
 21
139.719
  0
LINE
  8
0
 10
1.83792
 20
139.719
 11
1.94138
 21
139.799
  0
LINE
  8
0
 10
1.94138
 20
139.799
 11
2.07458
 21
139.894
  0
LINE
  8
0
 10
2.07458
 20
139.894
 11
2.18674
 21
139.968
  0
LINE
  8
0
 10
2.18674
 20
139.968
 11
2.36206
 21
140.074
  0
LINE
  8
0
 10
2.36206
 20
140.074
 11
2.45407
 21
140.126
  0
LINE
  8
0
 10
2.45407
 20
140.126
 11
2.54745
 21
140.175
  0
LINE
  8
0
 10
2.54745
 20
140.175
 11
2.70905
 21
140.255
  0
LINE
  8
0
 10
2.70905
 20
140.255
 11
2.87659
 21
140.332
  0
LINE
  8
0
 10
2.87659
 20
140.332
 11
3.15994
 21
140.446
  0
LINE
  8
0
 10
3.15994
 20
140.446
 11
3.34442
 21
140.513
  0
LINE
  8
0
 10
3.34442
 20
140.513
 11
3.57376
 21
140.587
  0
LINE
  8
0
 10
3.57376
 20
140.587
 11
3.73306
 21
140.634
  0
LINE
  8
0
 10
3.73306
 20
140.634
 11
3.93677
 21
140.689
  0
LINE
  8
0
 10
3.93677
 20
140.689
 11
4.19174
 21
140.751
  0
LINE
  8
0
 10
4.19174
 20
140.751
 11
4.49844
 21
140.815
  0
LINE
  8
0
 10
4.49844
 20
140.815
 11
4.81979
 21
140.873
  0
LINE
  8
0
 10
4.81979
 20
140.873
 11
5.20203
 21
140.93
  0
LINE
  8
0
 10
5.20203
 20
140.93
 11
5.60028
 21
140.977
  0
LINE
  8
0
 10
5.60028
 20
140.977
 11
5.96283
 21
141.01
  0
LINE
  8
0
 10
5.96283
 20
141.01
 11
6.33728
 21
141.036
  0
LINE
  8
0
 10
6.33728
 20
141.036
 11
6.25214
 21
140.733
  0
LINE
  8
0
 10
6.25214
 20
140.733
 11
6.47186
 21
140.957
  0
LINE
  8
0
 10
6.47186
 20
140.957
 11
6.63712
 21
140.62
  0
LINE
  8
0
 10
6.63712
 20
140.62
 11
6.78955
 21
140.29
  0
LINE
  8
0
 10
6.78955
 20
140.29
 11
6.94839
 21
139.921
  0
LINE
  8
0
 10
6.94839
 20
139.921
 11
7.08984
 21
139.562
  0
LINE
  8
0
 10
7.08984
 20
139.562
 11
7.20108
 21
139.256
  0
LINE
  8
0
 10
7.20108
 20
139.256
 11
7.29813
 21
138.957
  0
LINE
  8
0
 10
7.29813
 20
138.957
 11
7.37228
 21
138.706
  0
LINE
  8
0
 10
7.37228
 20
138.706
 11
7.4263
 21
138.502
  0
LINE
  8
0
 10
7.4263
 20
138.502
 11
7.46521
 21
138.341
  0
LINE
  8
0
 10
7.46521
 20
138.341
 11
7.51511
 21
138.105
  0
LINE
  8
0
 10
7.51511
 20
138.105
 11
7.55035
 21
137.91
  0
LINE
  8
0
 10
7.55035
 20
137.91
 11
7.59247
 21
137.609
  0
LINE
  8
0
 10
7.59247
 20
137.609
 11
7.60986
 21
137.426
  0
LINE
  8
0
 10
7.60986
 20
137.426
 11
7.62131
 21
137.246
  0
LINE
  8
0
 10
7.62131
 20
137.246
 11
7.62543
 21
137.141
  0
LINE
  8
0
 10
7.62543
 20
137.141
 11
7.6268
 21
137.035
  0
LINE
  8
0
 10
7.6268
 20
137.035
 11
7.62222
 21
136.829
  0
LINE
  8
0
 10
7.62222
 20
136.829
 11
7.61444
 21
136.696
  0
LINE
  8
0
 10
7.61444
 20
136.696
 11
7.59842
 21
136.531
  0
LINE
  8
0
 10
7.59842
 20
136.531
 11
7.58102
 21
136.403
  0
LINE
  8
0
 10
7.58102
 20
136.403
 11
7.55905
 21
136.277
  0
LINE
  8
0
 10
7.55905
 20
136.277
 11
7.52655
 21
136.123
  0
LINE
  8
0
 10
7.52655
 20
136.123
 11
7.48718
 21
135.973
  0
LINE
  8
0
 10
7.48718
 20
135.973
 11
7.44095
 21
135.825
  0
LINE
  8
0
 10
7.44095
 20
135.825
 11
7.42172
 21
135.768
  0
LINE
  8
0
 10
7.42172
 20
135.768
 11
7.36633
 21
135.626
  0
LINE
  8
0
 10
7.36633
 20
135.626
 11
7.30453
 21
135.488
  0
LINE
  8
0
 10
7.30453
 20
135.488
 11
7.25098
 21
135.381
  0
LINE
  8
0
 10
7.25098
 20
135.381
 11
7.20795
 21
135.302
  0
LINE
  8
0
 10
7.20795
 20
135.302
 11
7.13104
 21
135.173
  0
LINE
  8
0
 10
7.13104
 20
135.173
 11
7.06467
 21
135.073
  0
LINE
  8
0
 10
7.06467
 20
135.073
 11
6.97632
 21
134.95
  0
LINE
  8
0
 10
6.97632
 20
134.95
 11
6.88202
 21
134.834
  0
LINE
  8
0
 10
6.88202
 20
134.834
 11
6.77948
 21
134.718
  0
LINE
  8
0
 10
6.77948
 20
134.718
 11
6.67099
 21
134.607
  0
LINE
  8
0
 10
6.67099
 20
134.607
 11
6.55655
 21
134.5
  0
LINE
  8
0
 10
6.55655
 20
134.5
 11
6.41144
 21
134.377
  0
LINE
  8
0
 10
6.41144
 20
134.377
 11
6.28143
 21
134.278
  0
LINE
  8
0
 10
6.28143
 20
134.278
 11
6.17477
 21
134.202
  0
LINE
  8
0
 10
6.17477
 20
134.202
 11
6.06216
 21
134.128
  0
LINE
  8
0
 10
6.06216
 20
134.128
 11
5.97519
 21
134.074
  0
LINE
  8
0
 10
5.97519
 20
134.074
 11
5.79483
 21
133.97
  0
LINE
  8
0
 10
5.79483
 20
133.97
 11
5.63736
 21
133.888
  0
LINE
  8
0
 10
5.63736
 20
133.888
 11
5.43961
 21
133.794
  0
LINE
  8
0
 10
5.43961
 20
133.794
 11
5.23361
 21
133.706
  0
LINE
  8
0
 10
5.23361
 20
133.706
 11
5.05417
 21
133.637
  0
LINE
  8
0
 10
5.05417
 20
133.637
 11
4.90494
 21
133.583
  0
LINE
  8
0
 10
4.90494
 20
133.583
 11
4.6756
 21
133.509
  0
LINE
  8
0
 10
4.6756
 20
133.509
 11
4.47556
 21
133.45
  0
LINE
  8
0
 10
4.47556
 20
133.45
 11
4.22882
 21
133.385
  0
LINE
  8
0
 10
4.22882
 20
133.385
 11
4.01459
 21
133.335
  0
LINE
  8
0
 10
4.01459
 20
133.335
 11
3.83926
 21
133.298
  0
LINE
  8
0
 10
3.83926
 20
133.298
 11
3.56964
 21
133.246
  0
LINE
  8
0
 10
3.56964
 20
133.246
 11
3.33572
 21
133.207
  0
LINE
  8
0
 10
3.33572
 20
133.207
 11
2.99881
 21
133.16
  0
LINE
  8
0
 10
2.99881
 20
133.16
 11
2.69989
 21
133.124
  0
LINE
  8
0
 10
2.69989
 20
133.124
 11
2.39182
 21
133.095
  0
LINE
  8
0
 10
2.39182
 20
133.095
 11
2.07458
 21
133.07
  0
LINE
  8
0
 10
2.07458
 20
133.07
 11
1.81961
 21
133.055
  0
LINE
  8
0
 10
1.81961
 20
133.055
 11
1.70471
 21
133.283
  0
LINE
  8
0
 10
-2.07458
 20
133.07
 11
-2.39182
 21
133.095
  0
LINE
  8
0
 10
-2.39182
 20
133.095
 11
-2.69989
 21
133.124
  0
LINE
  8
0
 10
-2.69989
 20
133.124
 11
-2.99881
 21
133.16
  0
LINE
  8
0
 10
-2.99881
 20
133.16
 11
-3.33572
 21
133.207
  0
LINE
  8
0
 10
-3.33572
 20
133.207
 11
-3.56964
 21
133.246
  0
LINE
  8
0
 10
-3.56964
 20
133.246
 11
-3.83926
 21
133.298
  0
LINE
  8
0
 10
-3.83926
 20
133.298
 11
-4.01459
 21
133.335
  0
LINE
  8
0
 10
-4.01459
 20
133.335
 11
-4.22882
 21
133.385
  0
LINE
  8
0
 10
-4.22882
 20
133.385
 11
-4.47556
 21
133.45
  0
LINE
  8
0
 10
-4.47556
 20
133.45
 11
-4.6756
 21
133.509
  0
LINE
  8
0
 10
-4.6756
 20
133.509
 11
-4.90494
 21
133.583
  0
LINE
  8
0
 10
-4.90494
 20
133.583
 11
-5.05417
 21
133.637
  0
LINE
  8
0
 10
-5.05417
 20
133.637
 11
-5.23361
 21
133.706
  0
LINE
  8
0
 10
-5.23361
 20
133.706
 11
-5.44052
 21
133.794
  0
LINE
  8
0
 10
-5.44052
 20
133.794
 11
-5.63828
 21
133.888
  0
LINE
  8
0
 10
-5.63828
 20
133.888
 11
-5.79483
 21
133.97
  0
LINE
  8
0
 10
-5.79483
 20
133.97
 11
-5.9761
 21
134.074
  0
LINE
  8
0
 10
-5.9761
 20
134.074
 11
-6.06216
 21
134.128
  0
LINE
  8
0
 10
-6.06216
 20
134.128
 11
-6.17477
 21
134.202
  0
LINE
  8
0
 10
-6.17477
 20
134.202
 11
-6.28143
 21
134.278
  0
LINE
  8
0
 10
-6.28143
 20
134.278
 11
-6.41144
 21
134.377
  0
LINE
  8
0
 10
-6.41144
 20
134.377
 11
-6.55655
 21
134.5
  0
LINE
  8
0
 10
-6.55655
 20
134.5
 11
-6.67191
 21
134.608
  0
LINE
  8
0
 10
-6.67191
 20
134.608
 11
-6.7804
 21
134.719
  0
LINE
  8
0
 10
-6.7804
 20
134.719
 11
-6.88202
 21
134.834
  0
LINE
  8
0
 10
-6.88202
 20
134.834
 11
-6.97723
 21
134.951
  0
LINE
  8
0
 10
-6.97723
 20
134.951
 11
-7.06467
 21
135.073
  0
LINE
  8
0
 10
-7.06467
 20
135.073
 11
-7.1315
 21
135.174
  0
LINE
  8
0
 10
-7.1315
 20
135.174
 11
-7.20886
 21
135.303
  0
LINE
  8
0
 10
-7.20886
 20
135.303
 11
-7.25143
 21
135.382
  0
LINE
  8
0
 10
-7.25143
 20
135.382
 11
-7.30499
 21
135.489
  0
LINE
  8
0
 10
-7.30499
 20
135.489
 11
-7.36679
 21
135.628
  0
LINE
  8
0
 10
-7.36679
 20
135.628
 11
-7.42218
 21
135.769
  0
LINE
  8
0
 10
-7.42218
 20
135.769
 11
-7.44141
 21
135.826
  0
LINE
  8
0
 10
-7.44141
 20
135.826
 11
-7.48718
 21
135.973
  0
LINE
  8
0
 10
-7.48718
 20
135.973
 11
-7.52701
 21
136.124
  0
LINE
  8
0
 10
-7.52701
 20
136.124
 11
-7.55951
 21
136.279
  0
LINE
  8
0
 10
-7.55951
 20
136.279
 11
-7.58102
 21
136.404
  0
LINE
  8
0
 10
-7.58102
 20
136.404
 11
-7.59842
 21
136.533
  0
LINE
  8
0
 10
-7.59842
 20
136.533
 11
-7.61444
 21
136.697
  0
LINE
  8
0
 10
-7.61444
 20
136.697
 11
-7.62177
 21
136.829
  0
LINE
  8
0
 10
-7.62177
 20
136.829
 11
-7.6268
 21
137.036
  0
LINE
  8
0
 10
-7.6268
 20
137.036
 11
-7.62589
 21
137.141
  0
LINE
  8
0
 10
-7.62589
 20
137.141
 11
-7.62131
 21
137.246
  0
LINE
  8
0
 10
-7.62131
 20
137.246
 11
-7.60986
 21
137.426
  0
LINE
  8
0
 10
-7.60986
 20
137.426
 11
-7.59247
 21
137.609
  0
LINE
  8
0
 10
-7.59247
 20
137.609
 11
-7.55035
 21
137.91
  0
LINE
  8
0
 10
-7.55035
 20
137.91
 11
-7.51556
 21
138.105
  0
LINE
  8
0
 10
-7.51556
 20
138.105
 11
-7.46521
 21
138.341
  0
LINE
  8
0
 10
-7.46521
 20
138.341
 11
-7.4263
 21
138.502
  0
LINE
  8
0
 10
-7.4263
 20
138.502
 11
-7.37228
 21
138.706
  0
LINE
  8
0
 10
-7.37228
 20
138.706
 11
-7.29858
 21
138.957
  0
LINE
  8
0
 10
-7.29858
 20
138.957
 11
-7.20062
 21
139.256
  0
LINE
  8
0
 10
-7.20062
 20
139.256
 11
-7.08984
 21
139.562
  0
LINE
  8
0
 10
-7.08984
 20
139.562
 11
-6.94839
 21
139.921
  0
LINE
  8
0
 10
-6.94839
 20
139.921
 11
-6.78955
 21
140.29
  0
LINE
  8
0
 10
-6.78955
 20
140.29
 11
-6.63712
 21
140.62
  0
LINE
  8
0
 10
-6.63712
 20
140.62
 11
-6.47186
 21
140.957
  0
LINE
  8
0
 10
-6.47186
 20
140.957
 11
-6.25214
 21
140.733
  0
LINE
  8
0
 10
-6.25214
 20
140.733
 11
-6.33728
 21
141.036
  0
LINE
  8
0
 10
-6.33728
 20
141.036
 11
-5.96283
 21
141.01
  0
LINE
  8
0
 10
-5.96283
 20
141.01
 11
-5.60028
 21
140.977
  0
LINE
  8
0
 10
-5.60028
 20
140.977
 11
-5.20203
 21
140.93
  0
LINE
  8
0
 10
-5.20203
 20
140.93
 11
-4.81979
 21
140.873
  0
LINE
  8
0
 10
-4.81979
 20
140.873
 11
-4.49844
 21
140.816
  0
LINE
  8
0
 10
-4.49844
 20
140.816
 11
-4.19174
 21
140.751
  0
LINE
  8
0
 10
-4.19174
 20
140.751
 11
-3.93677
 21
140.689
  0
LINE
  8
0
 10
-3.93677
 20
140.689
 11
-3.73306
 21
140.634
  0
LINE
  8
0
 10
-3.73306
 20
140.634
 11
-3.57376
 21
140.587
  0
LINE
  8
0
 10
-3.57376
 20
140.587
 11
-3.34442
 21
140.513
  0
LINE
  8
0
 10
-3.34442
 20
140.513
 11
-3.15994
 21
140.446
  0
LINE
  8
0
 10
-3.15994
 20
140.446
 11
-2.87659
 21
140.332
  0
LINE
  8
0
 10
-2.87659
 20
140.332
 11
-2.70905
 21
140.255
  0
LINE
  8
0
 10
-2.70905
 20
140.255
 11
-2.54745
 21
140.175
  0
LINE
  8
0
 10
-2.54745
 20
140.175
 11
-2.45407
 21
140.126
  0
LINE
  8
0
 10
-2.45407
 20
140.126
 11
-2.36206
 21
140.074
  0
LINE
  8
0
 10
-2.36206
 20
140.074
 11
-2.18674
 21
139.968
  0
LINE
  8
0
 10
-2.18674
 20
139.968
 11
-2.07458
 21
139.894
  0
LINE
  8
0
 10
-2.07458
 20
139.894
 11
-1.94138
 21
139.799
  0
LINE
  8
0
 10
-1.94138
 20
139.799
 11
-1.83792
 21
139.719
  0
LINE
  8
0
 10
-1.83792
 20
139.719
 11
-1.74042
 21
139.638
  0
LINE
  8
0
 10
-1.74042
 20
139.638
 11
-1.62231
 21
139.531
  0
LINE
  8
0
 10
-1.62231
 20
139.531
 11
-1.51154
 21
139.422
  0
LINE
  8
0
 10
-1.51154
 20
139.422
 11
-1.40762
 21
139.309
  0
LINE
  8
0
 10
-1.40762
 20
139.309
 11
-1.36734
 21
139.263
  0
LINE
  8
0
 10
-1.36734
 20
139.263
 11
-1.27213
 21
139.145
  0
LINE
  8
0
 10
-1.27213
 20
139.145
 11
-1.18469
 21
139.023
  0
LINE
  8
0
 10
-1.18469
 20
139.023
 11
-1.11786
 21
138.922
  0
LINE
  8
0
 10
-1.11786
 20
138.922
 11
-1.07025
 21
138.845
  0
LINE
  8
0
 10
-1.07025
 20
138.845
 11
-0.998383
 21
138.716
  0
LINE
  8
0
 10
-0.998383
 20
138.716
 11
-0.944366
 21
138.607
  0
LINE
  8
0
 10
-0.944366
 20
138.607
 11
-0.882568
 21
138.468
  0
LINE
  8
0
 10
-0.882568
 20
138.468
 11
-0.827179
 21
138.327
  0
LINE
  8
0
 10
-0.827179
 20
138.327
 11
-0.779114
 21
138.182
  0
LINE
  8
0
 10
-0.779114
 20
138.182
 11
-0.737915
 21
138.033
  0
LINE
  8
0
 10
-0.737915
 20
138.033
 11
-0.701752
 21
137.88
  0
LINE
  8
0
 10
-0.701752
 20
137.88
 11
-0.667877
 21
137.692
  0
LINE
  8
0
 10
-0.667877
 20
137.692
 11
-0.647278
 21
137.531
  0
LINE
  8
0
 10
-0.647278
 20
137.531
 11
-0.634918
 21
137.399
  0
LINE
  8
0
 10
-0.634918
 20
137.399
 11
-0.627136
 21
137.265
  0
LINE
  8
0
 10
-0.627136
 20
137.265
 11
-0.623474
 21
137.164
  0
LINE
  8
0
 10
-0.623474
 20
137.164
 11
-0.623474
 21
136.956
  0
LINE
  8
0
 10
-0.623474
 20
136.956
 11
-0.631714
 21
136.778
  0
LINE
  8
0
 10
-0.631714
 20
136.778
 11
-0.649109
 21
136.559
  0
LINE
  8
0
 10
-0.649109
 20
136.559
 11
-0.676117
 21
136.336
  0
LINE
  8
0
 10
-0.676117
 20
136.336
 11
-0.704956
 21
136.146
  0
LINE
  8
0
 10
-0.704956
 20
136.146
 11
-0.733795
 21
135.991
  0
LINE
  8
0
 10
-0.733795
 20
135.991
 11
-0.784149
 21
135.754
  0
LINE
  8
0
 10
-0.784149
 20
135.754
 11
-0.833588
 21
135.553
  0
LINE
  8
0
 10
-0.833588
 20
135.553
 11
-0.900879
 21
135.307
  0
LINE
  8
0
 10
-0.900879
 20
135.307
 11
-0.963593
 21
135.096
  0
LINE
  8
0
 10
-0.963593
 20
135.096
 11
-1.01944
 21
134.927
  0
LINE
  8
0
 10
-1.01944
 20
134.927
 11
-1.10962
 21
134.666
  0
LINE
  8
0
 10
-1.10962
 20
134.666
 11
-1.19293
 21
134.445
  0
LINE
  8
0
 10
-1.19293
 20
134.445
 11
-1.32019
 21
134.129
  0
LINE
  8
0
 10
-1.32019
 20
134.129
 11
-1.43875
 21
133.852
  0
LINE
  8
0
 10
-1.43875
 20
133.852
 11
-1.56784
 21
133.57
  0
LINE
  8
0
 10
-1.56784
 20
133.57
 11
-1.70471
 21
133.283
  0
LINE
  8
0
 10
-1.70471
 20
133.283
 11
-1.81961
 21
133.055
  0
LINE
  8
0
 10
-1.81961
 20
133.055
 11
-2.07458
 21
133.07
  0
LINE
  8
0
 10
13.3026
 20
132.537
 11
12.5999
 21
134.234
  0
LINE
  8
0
 10
12.5999
 20
134.234
 11
13.3026
 21
135.931
  0
LINE
  8
0
 10
13.3026
 20
135.931
 11
15
 21
136.634
  0
LINE
  8
0
 10
15
 20
136.634
 11
16.6974
 21
135.931
  0
LINE
  8
0
 10
16.6974
 20
135.931
 11
17.4001
 21
134.234
  0
LINE
  8
0
 10
17.4001
 20
134.234
 11
16.6974
 21
132.537
  0
LINE
  8
0
 10
16.6974
 20
132.537
 11
15
 21
131.834
  0
LINE
  8
0
 10
15
 20
131.834
 11
13.3026
 21
132.537
  0
LINE
  8
0
 10
-16.6974
 20
132.537
 11
-17.4001
 21
134.234
  0
LINE
  8
0
 10
-17.4001
 20
134.234
 11
-16.6974
 21
135.931
  0
LINE
  8
0
 10
-16.6974
 20
135.931
 11
-15
 21
136.634
  0
LINE
  8
0
 10
-15
 20
136.634
 11
-13.3026
 21
135.931
  0
LINE
  8
0
 10
-13.3026
 20
135.931
 11
-12.5999
 21
134.234
  0
LINE
  8
0
 10
-12.5999
 20
134.234
 11
-13.3026
 21
132.537
  0
LINE
  8
0
 10
-13.3026
 20
132.537
 11
-15
 21
131.834
  0
LINE
  8
0
 10
-15
 20
131.834
 11
-16.6974
 21
132.537
  0
LINE
  8
0
 10
8.12943
 20
126.362
 11
8.01086
 21
126.37
  0
LINE
  8
0
 10
8.01086
 20
126.37
 11
7.86072
 21
126.385
  0
LINE
  8
0
 10
7.86072
 20
126.385
 11
7.70874
 21
126.409
  0
LINE
  8
0
 10
7.70874
 20
126.409
 11
7.55905
 21
126.439
  0
LINE
  8
0
 10
7.55905
 20
126.439
 11
7.41028
 21
126.478
  0
LINE
  8
0
 10
7.41028
 20
126.478
 11
7.25876
 21
126.524
  0
LINE
  8
0
 10
7.25876
 20
126.524
 11
7.08023
 21
126.588
  0
LINE
  8
0
 10
7.08023
 20
126.588
 11
6.92917
 21
126.65
  0
LINE
  8
0
 10
6.92917
 20
126.65
 11
6.81015
 21
126.706
  0
LINE
  8
0
 10
6.81015
 20
126.706
 11
6.6893
 21
126.766
  0
LINE
  8
0
 10
6.6893
 20
126.766
 11
6.59912
 21
126.814
  0
LINE
  8
0
 10
6.59912
 20
126.814
 11
6.41922
 21
126.918
  0
LINE
  8
0
 10
6.41922
 20
126.918
 11
6.27045
 21
127.013
  0
LINE
  8
0
 10
6.27045
 20
127.013
 11
6.08917
 21
127.138
  0
LINE
  8
0
 10
6.08917
 20
127.138
 11
5.91019
 21
127.272
  0
LINE
  8
0
 10
5.91019
 20
127.272
 11
5.75912
 21
127.393
  0
LINE
  8
0
 10
5.75912
 20
127.393
 11
5.64011
 21
127.495
  0
LINE
  8
0
 10
5.64011
 20
127.495
 11
5.45883
 21
127.657
  0
LINE
  8
0
 10
5.45883
 20
127.657
 11
5.31006
 21
127.8
  0
LINE
  8
0
 10
5.31006
 20
127.8
 11
5.1297
 21
127.983
  0
LINE
  8
0
 10
5.1297
 20
127.983
 11
4.97955
 21
128.143
  0
LINE
  8
0
 10
4.97955
 20
128.143
 11
4.85962
 21
128.276
  0
LINE
  8
0
 10
4.85962
 20
128.276
 11
4.67972
 21
128.485
  0
LINE
  8
0
 10
4.67972
 20
128.485
 11
4.52957
 21
128.667
  0
LINE
  8
0
 10
4.52957
 20
128.667
 11
4.31992
 21
128.934
  0
LINE
  8
0
 10
4.31992
 20
128.934
 11
4.1391
 21
129.175
  0
LINE
  8
0
 10
4.1391
 20
129.175
 11
3.9592
 21
129.428
  0
LINE
  8
0
 10
3.9592
 20
129.428
 11
3.77975
 21
129.69
  0
LINE
  8
0
 10
3.77975
 20
129.69
 11
3.63831
 21
129.903
  0
LINE
  8
0
 10
3.63831
 20
129.903
 11
3.77975
 21
130.117
  0
LINE
  8
0
 10
3.77975
 20
130.117
 11
3.96011
 21
130.38
  0
LINE
  8
0
 10
3.96011
 20
130.38
 11
4.1391
 21
130.632
  0
LINE
  8
0
 10
4.1391
 20
130.632
 11
4.31992
 21
130.873
  0
LINE
  8
0
 10
4.31992
 20
130.873
 11
4.52957
 21
131.141
  0
LINE
  8
0
 10
4.52957
 20
131.141
 11
4.67972
 21
131.323
  0
LINE
  8
0
 10
4.67972
 20
131.323
 11
4.85962
 21
131.532
  0
LINE
  8
0
 10
4.85962
 20
131.532
 11
4.97955
 21
131.665
  0
LINE
  8
0
 10
4.97955
 20
131.665
 11
5.1297
 21
131.824
  0
LINE
  8
0
 10
5.1297
 20
131.824
 11
5.31006
 21
132.007
  0
LINE
  8
0
 10
5.31006
 20
132.007
 11
5.45929
 21
132.15
  0
LINE
  8
0
 10
5.45929
 20
132.15
 11
5.64011
 21
132.312
  0
LINE
  8
0
 10
5.64011
 20
132.312
 11
5.75912
 21
132.414
  0
LINE
  8
0
 10
5.75912
 20
132.414
 11
5.91019
 21
132.535
  0
LINE
  8
0
 10
5.91019
 20
132.535
 11
6.08917
 21
132.669
  0
LINE
  8
0
 10
6.08917
 20
132.669
 11
6.27045
 21
132.794
  0
LINE
  8
0
 10
6.27045
 20
132.794
 11
6.41922
 21
132.889
  0
LINE
  8
0
 10
6.41922
 20
132.889
 11
6.59912
 21
132.993
  0
LINE
  8
0
 10
6.59912
 20
132.993
 11
6.6893
 21
133.041
  0
LINE
  8
0
 10
6.6893
 20
133.041
 11
6.81015
 21
133.102
  0
LINE
  8
0
 10
6.81015
 20
133.102
 11
6.92917
 21
133.157
  0
LINE
  8
0
 10
6.92917
 20
133.157
 11
7.08023
 21
133.219
  0
LINE
  8
0
 10
7.08023
 20
133.219
 11
7.25876
 21
133.283
  0
LINE
  8
0
 10
7.25876
 20
133.283
 11
7.41028
 21
133.33
  0
LINE
  8
0
 10
7.41028
 20
133.33
 11
7.55905
 21
133.368
  0
LINE
  8
0
 10
7.55905
 20
133.368
 11
7.70874
 21
133.399
  0
LINE
  8
0
 10
7.70874
 20
133.399
 11
7.86072
 21
133.422
  0
LINE
  8
0
 10
7.86072
 20
133.422
 11
8.01086
 21
133.438
  0
LINE
  8
0
 10
8.01086
 20
133.438
 11
8.12943
 21
133.445
  0
LINE
  8
0
 10
8.12943
 20
133.445
 11
8.27911
 21
133.447
  0
LINE
  8
0
 10
8.27911
 20
133.447
 11
8.37021
 21
133.445
  0
LINE
  8
0
 10
8.37021
 20
133.445
 11
8.48877
 21
133.438
  0
LINE
  8
0
 10
8.48877
 20
133.438
 11
8.63892
 21
133.422
  0
LINE
  8
0
 10
8.63892
 20
133.422
 11
8.79044
 21
133.399
  0
LINE
  8
0
 10
8.79044
 20
133.399
 11
8.84995
 21
133.387
  0
LINE
  8
0
 10
8.84995
 20
133.387
 11
9.00055
 21
133.353
  0
LINE
  8
0
 10
9.00055
 20
133.353
 11
9.1507
 21
133.312
  0
LINE
  8
0
 10
9.1507
 20
133.312
 11
9.30084
 21
133.264
  0
LINE
  8
0
 10
9.30084
 20
133.264
 11
9.4194
 21
133.219
  0
LINE
  8
0
 10
9.4194
 20
133.219
 11
9.54025
 21
133.169
  0
LINE
  8
0
 10
9.54025
 20
133.169
 11
9.6904
 21
133.101
  0
LINE
  8
0
 10
9.6904
 20
133.101
 11
9.81033
 21
133.041
  0
LINE
  8
0
 10
9.81033
 20
133.041
 11
9.99023
 21
132.943
  0
LINE
  8
0
 10
9.99023
 20
132.943
 11
10.0795
 21
132.889
  0
LINE
  8
0
 10
10.0795
 20
132.889
 11
10.1701
 21
132.832
  0
LINE
  8
0
 10
10.1701
 20
132.832
 11
10.3203
 21
132.733
  0
LINE
  8
0
 10
10.3203
 20
132.733
 11
10.4695
 21
132.626
  0
LINE
  8
0
 10
10.4695
 20
132.626
 11
10.7103
 21
132.438
  0
LINE
  8
0
 10
10.7103
 20
132.438
 11
10.8595
 21
132.312
  0
LINE
  8
0
 10
10.8595
 20
132.312
 11
11.0399
 21
132.15
  0
LINE
  8
0
 10
11.0399
 20
132.15
 11
11.1603
 21
132.036
  0
LINE
  8
0
 10
11.1603
 20
132.036
 11
11.3104
 21
131.887
  0
LINE
  8
0
 10
11.3104
 20
131.887
 11
11.4894
 21
131.698
  0
LINE
  8
0
 10
11.4894
 20
131.698
 11
11.7
 21
131.463
  0
LINE
  8
0
 10
11.7
 20
131.463
 11
11.9101
 21
131.215
  0
LINE
  8
0
 10
11.9101
 20
131.215
 11
12.1495
 21
130.913
  0
LINE
  8
0
 10
12.1495
 20
130.913
 11
12.3898
 21
130.591
  0
LINE
  8
0
 10
12.3898
 20
130.591
 11
12.5999
 21
130.293
  0
LINE
  8
0
 10
12.5999
 20
130.293
 11
12.8096
 21
129.982
  0
LINE
  8
0
 10
12.8096
 20
129.982
 11
12.5034
 21
129.904
  0
LINE
  8
0
 10
12.5034
 20
129.904
 11
12.8096
 21
129.825
  0
LINE
  8
0
 10
12.8096
 20
129.825
 11
12.5999
 21
129.515
  0
LINE
  8
0
 10
12.5999
 20
129.515
 11
12.3894
 21
129.216
  0
LINE
  8
0
 10
12.3894
 20
129.216
 11
12.1495
 21
128.895
  0
LINE
  8
0
 10
12.1495
 20
128.895
 11
11.9096
 21
128.592
  0
LINE
  8
0
 10
11.9096
 20
128.592
 11
11.7
 21
128.345
  0
LINE
  8
0
 10
11.7
 20
128.345
 11
11.4899
 21
128.109
  0
LINE
  8
0
 10
11.4899
 20
128.109
 11
11.31
 21
127.92
  0
LINE
  8
0
 10
11.31
 20
127.92
 11
11.1603
 21
127.772
  0
LINE
  8
0
 10
11.1603
 20
127.772
 11
11.0399
 21
127.657
  0
LINE
  8
0
 10
11.0399
 20
127.657
 11
10.8595
 21
127.495
  0
LINE
  8
0
 10
10.8595
 20
127.495
 11
10.7103
 21
127.369
  0
LINE
  8
0
 10
10.7103
 20
127.369
 11
10.4695
 21
127.181
  0
LINE
  8
0
 10
10.4695
 20
127.181
 11
10.3203
 21
127.075
  0
LINE
  8
0
 10
10.3203
 20
127.075
 11
10.1701
 21
126.975
  0
LINE
  8
0
 10
10.1701
 20
126.975
 11
10.08
 21
126.918
  0
LINE
  8
0
 10
10.08
 20
126.918
 11
9.98978
 21
126.865
  0
LINE
  8
0
 10
9.98978
 20
126.865
 11
9.81033
 21
126.766
  0
LINE
  8
0
 10
9.81033
 20
126.766
 11
9.68948
 21
126.706
  0
LINE
  8
0
 10
9.68948
 20
126.706
 11
9.53934
 21
126.638
  0
LINE
  8
0
 10
9.53934
 20
126.638
 11
9.4194
 21
126.588
  0
LINE
  8
0
 10
9.4194
 20
126.588
 11
9.29901
 21
126.543
  0
LINE
  8
0
 10
9.29901
 20
126.543
 11
9.1507
 21
126.495
  0
LINE
  8
0
 10
9.1507
 20
126.495
 11
9.00055
 21
126.454
  0
LINE
  8
0
 10
9.00055
 20
126.454
 11
8.84949
 21
126.42
  0
LINE
  8
0
 10
8.84949
 20
126.42
 11
8.79044
 21
126.409
  0
LINE
  8
0
 10
8.79044
 20
126.409
 11
8.63892
 21
126.385
  0
LINE
  8
0
 10
8.63892
 20
126.385
 11
8.48877
 21
126.37
  0
LINE
  8
0
 10
8.48877
 20
126.37
 11
8.37021
 21
126.363
  0
LINE
  8
0
 10
8.37021
 20
126.363
 11
8.27911
 21
126.36
  0
LINE
  8
0
 10
8.27911
 20
126.36
 11
8.12943
 21
126.362
  0
LINE
  8
0
 10
-8.37021
 20
126.362
 11
-8.48877
 21
126.37
  0
LINE
  8
0
 10
-8.48877
 20
126.37
 11
-8.63892
 21
126.385
  0
LINE
  8
0
 10
-8.63892
 20
126.385
 11
-8.79044
 21
126.408
  0
LINE
  8
0
 10
-8.79044
 20
126.408
 11
-8.84995
 21
126.42
  0
LINE
  8
0
 10
-8.84995
 20
126.42
 11
-9.00055
 21
126.454
  0
LINE
  8
0
 10
-9.00055
 20
126.454
 11
-9.1507
 21
126.495
  0
LINE
  8
0
 10
-9.1507
 20
126.495
 11
-9.30084
 21
126.544
  0
LINE
  8
0
 10
-9.30084
 20
126.544
 11
-9.4194
 21
126.588
  0
LINE
  8
0
 10
-9.4194
 20
126.588
 11
-9.54025
 21
126.638
  0
LINE
  8
0
 10
-9.54025
 20
126.638
 11
-9.6904
 21
126.706
  0
LINE
  8
0
 10
-9.6904
 20
126.706
 11
-9.81033
 21
126.766
  0
LINE
  8
0
 10
-9.81033
 20
126.766
 11
-9.99023
 21
126.865
  0
LINE
  8
0
 10
-9.99023
 20
126.865
 11
-10.0795
 21
126.918
  0
LINE
  8
0
 10
-10.0795
 20
126.918
 11
-10.1701
 21
126.975
  0
LINE
  8
0
 10
-10.1701
 20
126.975
 11
-10.3203
 21
127.075
  0
LINE
  8
0
 10
-10.3203
 20
127.075
 11
-10.4695
 21
127.181
  0
LINE
  8
0
 10
-10.4695
 20
127.181
 11
-10.7103
 21
127.369
  0
LINE
  8
0
 10
-10.7103
 20
127.369
 11
-10.8595
 21
127.495
  0
LINE
  8
0
 10
-10.8595
 20
127.495
 11
-11.0399
 21
127.658
  0
LINE
  8
0
 10
-11.0399
 20
127.658
 11
-11.1603
 21
127.771
  0
LINE
  8
0
 10
-11.1603
 20
127.771
 11
-11.3104
 21
127.921
  0
LINE
  8
0
 10
-11.3104
 20
127.921
 11
-11.4894
 21
128.11
  0
LINE
  8
0
 10
-11.4894
 20
128.11
 11
-11.7
 21
128.345
  0
LINE
  8
0
 10
-11.7
 20
128.345
 11
-11.9101
 21
128.593
  0
LINE
  8
0
 10
-11.9101
 20
128.593
 11
-12.1495
 21
128.895
  0
LINE
  8
0
 10
-12.1495
 20
128.895
 11
-12.3898
 21
129.217
  0
LINE
  8
0
 10
-12.3898
 20
129.217
 11
-12.5999
 21
129.515
  0
LINE
  8
0
 10
-12.5999
 20
129.515
 11
-12.8096
 21
129.825
  0
LINE
  8
0
 10
-12.8096
 20
129.825
 11
-12.5034
 21
129.904
  0
LINE
  8
0
 10
-12.5034
 20
129.904
 11
-12.8096
 21
129.982
  0
LINE
  8
0
 10
-12.8096
 20
129.982
 11
-12.5999
 21
130.293
  0
LINE
  8
0
 10
-12.5999
 20
130.293
 11
-12.3898
 21
130.591
  0
LINE
  8
0
 10
-12.3898
 20
130.591
 11
-12.1495
 21
130.913
  0
LINE
  8
0
 10
-12.1495
 20
130.913
 11
-11.9101
 21
131.215
  0
LINE
  8
0
 10
-11.9101
 20
131.215
 11
-11.7
 21
131.463
  0
LINE
  8
0
 10
-11.7
 20
131.463
 11
-11.4899
 21
131.698
  0
LINE
  8
0
 10
-11.4899
 20
131.698
 11
-11.3104
 21
131.887
  0
LINE
  8
0
 10
-11.3104
 20
131.887
 11
-11.1603
 21
132.036
  0
LINE
  8
0
 10
-11.1603
 20
132.036
 11
-11.0403
 21
132.15
  0
LINE
  8
0
 10
-11.0403
 20
132.15
 11
-10.8595
 21
132.312
  0
LINE
  8
0
 10
-10.8595
 20
132.312
 11
-10.7103
 21
132.438
  0
LINE
  8
0
 10
-10.7103
 20
132.438
 11
-10.4695
 21
132.626
  0
LINE
  8
0
 10
-10.4695
 20
132.626
 11
-10.3203
 21
132.733
  0
LINE
  8
0
 10
-10.3203
 20
132.733
 11
-10.1701
 21
132.832
  0
LINE
  8
0
 10
-10.1701
 20
132.832
 11
-10.08
 21
132.89
  0
LINE
  8
0
 10
-10.08
 20
132.89
 11
-9.98978
 21
132.943
  0
LINE
  8
0
 10
-9.98978
 20
132.943
 11
-9.81033
 21
133.041
  0
LINE
  8
0
 10
-9.81033
 20
133.041
 11
-9.6904
 21
133.101
  0
LINE
  8
0
 10
-9.6904
 20
133.101
 11
-9.54025
 21
133.169
  0
LINE
  8
0
 10
-9.54025
 20
133.169
 11
-9.4194
 21
133.22
  0
LINE
  8
0
 10
-9.4194
 20
133.22
 11
-9.30038
 21
133.264
  0
LINE
  8
0
 10
-9.30038
 20
133.264
 11
-9.1507
 21
133.312
  0
LINE
  8
0
 10
-9.1507
 20
133.312
 11
-9.00055
 21
133.353
  0
LINE
  8
0
 10
-9.00055
 20
133.353
 11
-8.84949
 21
133.387
  0
LINE
  8
0
 10
-8.84949
 20
133.387
 11
-8.79044
 21
133.399
  0
LINE
  8
0
 10
-8.79044
 20
133.399
 11
-8.63892
 21
133.422
  0
LINE
  8
0
 10
-8.63892
 20
133.422
 11
-8.48877
 21
133.438
  0
LINE
  8
0
 10
-8.48877
 20
133.438
 11
-8.37021
 21
133.445
  0
LINE
  8
0
 10
-8.37021
 20
133.445
 11
-8.27911
 21
133.447
  0
LINE
  8
0
 10
-8.27911
 20
133.447
 11
-8.12943
 21
133.445
  0
LINE
  8
0
 10
-8.12943
 20
133.445
 11
-8.01086
 21
133.438
  0
LINE
  8
0
 10
-8.01086
 20
133.438
 11
-7.86072
 21
133.422
  0
LINE
  8
0
 10
-7.86072
 20
133.422
 11
-7.70874
 21
133.399
  0
LINE
  8
0
 10
-7.70874
 20
133.399
 11
-7.55905
 21
133.368
  0
LINE
  8
0
 10
-7.55905
 20
133.368
 11
-7.41028
 21
133.33
  0
LINE
  8
0
 10
-7.41028
 20
133.33
 11
-7.25876
 21
133.283
  0
LINE
  8
0
 10
-7.25876
 20
133.283
 11
-7.08023
 21
133.219
  0
LINE
  8
0
 10
-7.08023
 20
133.219
 11
-6.92917
 21
133.157
  0
LINE
  8
0
 10
-6.92917
 20
133.157
 11
-6.81015
 21
133.102
  0
LINE
  8
0
 10
-6.81015
 20
133.102
 11
-6.6893
 21
133.041
  0
LINE
  8
0
 10
-6.6893
 20
133.041
 11
-6.59912
 21
132.993
  0
LINE
  8
0
 10
-6.59912
 20
132.993
 11
-6.41922
 21
132.889
  0
LINE
  8
0
 10
-6.41922
 20
132.889
 11
-6.27045
 21
132.794
  0
LINE
  8
0
 10
-6.27045
 20
132.794
 11
-6.08917
 21
132.669
  0
LINE
  8
0
 10
-6.08917
 20
132.669
 11
-5.91019
 21
132.535
  0
LINE
  8
0
 10
-5.91019
 20
132.535
 11
-5.75912
 21
132.414
  0
LINE
  8
0
 10
-5.75912
 20
132.414
 11
-5.64011
 21
132.312
  0
LINE
  8
0
 10
-5.64011
 20
132.312
 11
-5.45883
 21
132.15
  0
LINE
  8
0
 10
-5.45883
 20
132.15
 11
-5.31006
 21
132.007
  0
LINE
  8
0
 10
-5.31006
 20
132.007
 11
-5.1297
 21
131.824
  0
LINE
  8
0
 10
-5.1297
 20
131.824
 11
-4.97955
 21
131.665
  0
LINE
  8
0
 10
-4.97955
 20
131.665
 11
-4.85962
 21
131.532
  0
LINE
  8
0
 10
-4.85962
 20
131.532
 11
-4.67972
 21
131.323
  0
LINE
  8
0
 10
-4.67972
 20
131.323
 11
-4.52957
 21
131.141
  0
LINE
  8
0
 10
-4.52957
 20
131.141
 11
-4.31992
 21
130.873
  0
LINE
  8
0
 10
-4.31992
 20
130.873
 11
-4.1391
 21
130.632
  0
LINE
  8
0
 10
-4.1391
 20
130.632
 11
-3.9592
 21
130.38
  0
LINE
  8
0
 10
-3.9592
 20
130.38
 11
-3.77975
 21
130.117
  0
LINE
  8
0
 10
-3.77975
 20
130.117
 11
-3.63831
 21
129.904
  0
LINE
  8
0
 10
-3.63831
 20
129.904
 11
-3.77975
 21
129.69
  0
LINE
  8
0
 10
-3.77975
 20
129.69
 11
-3.96011
 21
129.427
  0
LINE
  8
0
 10
-3.96011
 20
129.427
 11
-4.13956
 21
129.175
  0
LINE
  8
0
 10
-4.13956
 20
129.175
 11
-4.31992
 21
128.934
  0
LINE
  8
0
 10
-4.31992
 20
128.934
 11
-4.52957
 21
128.667
  0
LINE
  8
0
 10
-4.52957
 20
128.667
 11
-4.68018
 21
128.484
  0
LINE
  8
0
 10
-4.68018
 20
128.484
 11
-4.86008
 21
128.275
  0
LINE
  8
0
 10
-4.86008
 20
128.275
 11
-4.98001
 21
128.142
  0
LINE
  8
0
 10
-4.98001
 20
128.142
 11
-5.13016
 21
127.982
  0
LINE
  8
0
 10
-5.13016
 20
127.982
 11
-5.31006
 21
127.8
  0
LINE
  8
0
 10
-5.31006
 20
127.8
 11
-5.45929
 21
127.658
  0
LINE
  8
0
 10
-5.45929
 20
127.658
 11
-5.64011
 21
127.495
  0
LINE
  8
0
 10
-5.64011
 20
127.495
 11
-5.75958
 21
127.393
  0
LINE
  8
0
 10
-5.75958
 20
127.393
 11
-5.91019
 21
127.272
  0
LINE
  8
0
 10
-5.91019
 20
127.272
 11
-6.08917
 21
127.138
  0
LINE
  8
0
 10
-6.08917
 20
127.138
 11
-6.27045
 21
127.013
  0
LINE
  8
0
 10
-6.27045
 20
127.013
 11
-6.41922
 21
126.919
  0
LINE
  8
0
 10
-6.41922
 20
126.919
 11
-6.60004
 21
126.814
  0
LINE
  8
0
 10
-6.60004
 20
126.814
 11
-6.69022
 21
126.766
  0
LINE
  8
0
 10
-6.69022
 20
126.766
 11
-6.81015
 21
126.705
  0
LINE
  8
0
 10
-6.81015
 20
126.705
 11
-6.92917
 21
126.651
  0
LINE
  8
0
 10
-6.92917
 20
126.651
 11
-7.08023
 21
126.588
  0
LINE
  8
0
 10
-7.08023
 20
126.588
 11
-7.26013
 21
126.524
  0
LINE
  8
0
 10
-7.26013
 20
126.524
 11
-7.41028
 21
126.477
  0
LINE
  8
0
 10
-7.41028
 20
126.477
 11
-7.55905
 21
126.439
  0
LINE
  8
0
 10
-7.55905
 20
126.439
 11
-7.70874
 21
126.409
  0
LINE
  8
0
 10
-7.70874
 20
126.409
 11
-7.86072
 21
126.385
  0
LINE
  8
0
 10
-7.86072
 20
126.385
 11
-8.01086
 21
126.37
  0
LINE
  8
0
 10
-8.01086
 20
126.37
 11
-8.12943
 21
126.362
  0
LINE
  8
0
 10
-8.12943
 20
126.362
 11
-8.27911
 21
126.36
  0
LINE
  8
0
 10
-8.27911
 20
126.36
 11
-8.37021
 21
126.362
  0
LINE
  8
0
 10
-19.3383
 20
132.476
 11
-19.2897
 21
132.438
  0
LINE
  8
0
 10
-19.2897
 20
132.438
 11
-19.1405
 21
132.312
  0
LINE
  8
0
 10
-19.1405
 20
132.312
 11
-18.9601
 21
132.15
  0
LINE
  8
0
 10
-18.9601
 20
132.15
 11
-18.8397
 21
132.036
  0
LINE
  8
0
 10
-18.8397
 20
132.036
 11
-18.6896
 21
131.887
  0
LINE
  8
0
 10
-18.6896
 20
131.887
 11
-18.5106
 21
131.698
  0
LINE
  8
0
 10
-18.5106
 20
131.698
 11
-18.3
 21
131.463
  0
LINE
  8
0
 10
-18.3
 20
131.463
 11
-18.0899
 21
131.215
  0
LINE
  8
0
 10
-18.0899
 20
131.215
 11
-17.8505
 21
130.913
  0
LINE
  8
0
 10
-17.8505
 20
130.913
 11
-17.6102
 21
130.591
  0
LINE
  8
0
 10
-17.6102
 20
130.591
 11
-17.4001
 21
130.293
  0
LINE
  8
0
 10
-17.4001
 20
130.293
 11
-17.1904
 21
129.982
  0
LINE
  8
0
 10
-17.1904
 20
129.982
 11
-17.4966
 21
129.904
  0
LINE
  8
0
 10
-17.4966
 20
129.904
 11
-17.1904
 21
129.825
  0
LINE
  8
0
 10
-17.1904
 20
129.825
 11
-17.4001
 21
129.515
  0
LINE
  8
0
 10
-17.4001
 20
129.515
 11
-17.6106
 21
129.216
  0
LINE
  8
0
 10
-17.6106
 20
129.216
 11
-17.8505
 21
128.895
  0
LINE
  8
0
 10
-17.8505
 20
128.895
 11
-18.0904
 21
128.592
  0
LINE
  8
0
 10
-18.0904
 20
128.592
 11
-18.3
 21
128.345
  0
LINE
  8
0
 10
-18.3
 20
128.345
 11
-18.5101
 21
128.109
  0
LINE
  8
0
 10
-18.5101
 20
128.109
 11
-18.69
 21
127.92
  0
LINE
  8
0
 10
-18.69
 20
127.92
 11
-18.8397
 21
127.772
  0
LINE
  8
0
 10
-18.8397
 20
127.772
 11
-18.9601
 21
127.657
  0
LINE
  8
0
 10
-18.9601
 20
127.657
 11
-19.1405
 21
127.495
  0
LINE
  8
0
 10
-19.1405
 20
127.495
 11
-19.2897
 21
127.369
  0
LINE
  8
0
 10
-19.2897
 20
127.369
 11
-19.5305
 21
127.181
  0
LINE
  8
0
 10
-19.5305
 20
127.181
 11
-19.6797
 21
127.075
  0
LINE
  8
0
 10
-19.6797
 20
127.075
 11
-19.8299
 21
126.975
  0
LINE
  8
0
 10
-19.8299
 20
126.975
 11
-19.92
 21
126.918
  0
LINE
  8
0
 10
-19.92
 20
126.918
 11
-20.0102
 21
126.865
  0
LINE
  8
0
 10
-20.0102
 20
126.865
 11
-20.1897
 21
126.766
  0
LINE
  8
0
 10
-20.1897
 20
126.766
 11
-20.3105
 21
126.706
  0
LINE
  8
0
 10
-20.3105
 20
126.706
 11
-20.4607
 21
126.638
  0
LINE
  8
0
 10
-20.4607
 20
126.638
 11
-20.5806
 21
126.588
  0
LINE
  8
0
 10
-20.5806
 20
126.588
 11
-20.701
 21
126.543
  0
LINE
  8
0
 10
-20.701
 20
126.543
 11
-20.8493
 21
126.495
  0
LINE
  8
0
 10
-20.8493
 20
126.495
 11
-20.9995
 21
126.454
  0
LINE
  8
0
 10
-20.9995
 20
126.454
 11
-21.1505
 21
126.42
  0
LINE
  8
0
 10
-21.1505
 20
126.42
 11
-21.2096
 21
126.409
  0
LINE
  8
0
 10
-21.2096
 20
126.409
 11
-21.3151
 21
126.392
  0
LINE
  8
0
 10
-21.3151
 20
126.392
 11
-19.3383
 21
132.476
  0
LINE
  8
0
 10
21.2096
 20
126.408
 11
21.1501
 21
126.42
  0
LINE
  8
0
 10
21.1501
 20
126.42
 11
20.9995
 21
126.454
  0
LINE
  8
0
 10
20.9995
 20
126.454
 11
20.8493
 21
126.495
  0
LINE
  8
0
 10
20.8493
 20
126.495
 11
20.6992
 21
126.544
  0
LINE
  8
0
 10
20.6992
 20
126.544
 11
20.5806
 21
126.588
  0
LINE
  8
0
 10
20.5806
 20
126.588
 11
20.4597
 21
126.638
  0
LINE
  8
0
 10
20.4597
 20
126.638
 11
20.3096
 21
126.706
  0
LINE
  8
0
 10
20.3096
 20
126.706
 11
20.1897
 21
126.766
  0
LINE
  8
0
 10
20.1897
 20
126.766
 11
20.0098
 21
126.865
  0
LINE
  8
0
 10
20.0098
 20
126.865
 11
19.9205
 21
126.918
  0
LINE
  8
0
 10
19.9205
 20
126.918
 11
19.8299
 21
126.975
  0
LINE
  8
0
 10
19.8299
 20
126.975
 11
19.6797
 21
127.075
  0
LINE
  8
0
 10
19.6797
 20
127.075
 11
19.5305
 21
127.181
  0
LINE
  8
0
 10
19.5305
 20
127.181
 11
19.2897
 21
127.369
  0
LINE
  8
0
 10
19.2897
 20
127.369
 11
19.1405
 21
127.495
  0
LINE
  8
0
 10
19.1405
 20
127.495
 11
18.9601
 21
127.658
  0
LINE
  8
0
 10
18.9601
 20
127.658
 11
18.8397
 21
127.771
  0
LINE
  8
0
 10
18.8397
 20
127.771
 11
18.6896
 21
127.921
  0
LINE
  8
0
 10
18.6896
 20
127.921
 11
18.5106
 21
128.11
  0
LINE
  8
0
 10
18.5106
 20
128.11
 11
18.3
 21
128.345
  0
LINE
  8
0
 10
18.3
 20
128.345
 11
18.0899
 21
128.593
  0
LINE
  8
0
 10
18.0899
 20
128.593
 11
17.8505
 21
128.895
  0
LINE
  8
0
 10
17.8505
 20
128.895
 11
17.6102
 21
129.217
  0
LINE
  8
0
 10
17.6102
 20
129.217
 11
17.4001
 21
129.515
  0
LINE
  8
0
 10
17.4001
 20
129.515
 11
17.1904
 21
129.825
  0
LINE
  8
0
 10
17.1904
 20
129.825
 11
17.4966
 21
129.904
  0
LINE
  8
0
 10
17.4966
 20
129.904
 11
17.1904
 21
129.982
  0
LINE
  8
0
 10
17.1904
 20
129.982
 11
17.4001
 21
130.293
  0
LINE
  8
0
 10
17.4001
 20
130.293
 11
17.6102
 21
130.591
  0
LINE
  8
0
 10
17.6102
 20
130.591
 11
17.8505
 21
130.913
  0
LINE
  8
0
 10
17.8505
 20
130.913
 11
18.0899
 21
131.215
  0
LINE
  8
0
 10
18.0899
 20
131.215
 11
18.3
 21
131.463
  0
LINE
  8
0
 10
18.3
 20
131.463
 11
18.5101
 21
131.698
  0
LINE
  8
0
 10
18.5101
 20
131.698
 11
18.6896
 21
131.887
  0
LINE
  8
0
 10
18.6896
 20
131.887
 11
18.8397
 21
132.036
  0
LINE
  8
0
 10
18.8397
 20
132.036
 11
18.9597
 21
132.15
  0
LINE
  8
0
 10
18.9597
 20
132.15
 11
19.1405
 21
132.312
  0
LINE
  8
0
 10
19.1405
 20
132.312
 11
19.2897
 21
132.438
  0
LINE
  8
0
 10
19.2897
 20
132.438
 11
19.3383
 21
132.476
  0
LINE
  8
0
 10
19.3383
 20
132.476
 11
21.3151
 21
126.392
  0
LINE
  8
0
 10
21.3151
 20
126.392
 11
21.2096
 21
126.408
  0
LINE
  8
0
 10
-16.6974
 20
123.877
 11
-17.4001
 21
125.574
  0
LINE
  8
0
 10
-17.4001
 20
125.574
 11
-16.6974
 21
127.271
  0
LINE
  8
0
 10
-16.6974
 20
127.271
 11
-15
 21
127.974
  0
LINE
  8
0
 10
-15
 20
127.974
 11
-13.3026
 21
127.271
  0
LINE
  8
0
 10
-13.3026
 20
127.271
 11
-12.5999
 21
125.574
  0
LINE
  8
0
 10
-12.5999
 20
125.574
 11
-13.3026
 21
123.877
  0
LINE
  8
0
 10
-13.3026
 20
123.877
 11
-15
 21
123.174
  0
LINE
  8
0
 10
-15
 20
123.174
 11
-16.6974
 21
123.877
  0
LINE
  8
0
 10
13.3026
 20
123.877
 11
12.5999
 21
125.574
  0
LINE
  8
0
 10
12.5999
 20
125.574
 11
13.3026
 21
127.271
  0
LINE
  8
0
 10
13.3026
 20
127.271
 11
15
 21
127.974
  0
LINE
  8
0
 10
15
 20
127.974
 11
16.6974
 21
127.271
  0
LINE
  8
0
 10
16.6974
 20
127.271
 11
17.4001
 21
125.574
  0
LINE
  8
0
 10
17.4001
 20
125.574
 11
16.6974
 21
123.877
  0
LINE
  8
0
 10
16.6974
 20
123.877
 11
15
 21
123.174
  0
LINE
  8
0
 10
15
 20
123.174
 11
13.3026
 21
123.877
  0
LINE
  8
0
 10
-6.25214
 20
119.075
 11
-6.47186
 21
118.85
  0
LINE
  8
0
 10
-6.47186
 20
118.85
 11
-6.63712
 21
119.187
  0
LINE
  8
0
 10
-6.63712
 20
119.187
 11
-6.78955
 21
119.518
  0
LINE
  8
0
 10
-6.78955
 20
119.518
 11
-6.94839
 21
119.886
  0
LINE
  8
0
 10
-6.94839
 20
119.886
 11
-7.08984
 21
120.246
  0
LINE
  8
0
 10
-7.08984
 20
120.246
 11
-7.20108
 21
120.552
  0
LINE
  8
0
 10
-7.20108
 20
120.552
 11
-7.29813
 21
120.851
  0
LINE
  8
0
 10
-7.29813
 20
120.851
 11
-7.37228
 21
121.101
  0
LINE
  8
0
 10
-7.37228
 20
121.101
 11
-7.4263
 21
121.305
  0
LINE
  8
0
 10
-7.4263
 20
121.305
 11
-7.46521
 21
121.466
  0
LINE
  8
0
 10
-7.46521
 20
121.466
 11
-7.51511
 21
121.702
  0
LINE
  8
0
 10
-7.51511
 20
121.702
 11
-7.55035
 21
121.897
  0
LINE
  8
0
 10
-7.55035
 20
121.897
 11
-7.59247
 21
122.198
  0
LINE
  8
0
 10
-7.59247
 20
122.198
 11
-7.60986
 21
122.382
  0
LINE
  8
0
 10
-7.60986
 20
122.382
 11
-7.62131
 21
122.562
  0
LINE
  8
0
 10
-7.62131
 20
122.562
 11
-7.62543
 21
122.667
  0
LINE
  8
0
 10
-7.62543
 20
122.667
 11
-7.6268
 21
122.773
  0
LINE
  8
0
 10
-7.6268
 20
122.773
 11
-7.62222
 21
122.978
  0
LINE
  8
0
 10
-7.62222
 20
122.978
 11
-7.61444
 21
123.111
  0
LINE
  8
0
 10
-7.61444
 20
123.111
 11
-7.59842
 21
123.275
  0
LINE
  8
0
 10
-7.59842
 20
123.275
 11
-7.58102
 21
123.403
  0
LINE
  8
0
 10
-7.58102
 20
123.403
 11
-7.55951
 21
123.529
  0
LINE
  8
0
 10
-7.55951
 20
123.529
 11
-7.52701
 21
123.683
  0
LINE
  8
0
 10
-7.52701
 20
123.683
 11
-7.48718
 21
123.834
  0
LINE
  8
0
 10
-7.48718
 20
123.834
 11
-7.44141
 21
123.981
  0
LINE
  8
0
 10
-7.44141
 20
123.981
 11
-7.42218
 21
124.038
  0
LINE
  8
0
 10
-7.42218
 20
124.038
 11
-7.36679
 21
124.18
  0
LINE
  8
0
 10
-7.36679
 20
124.18
 11
-7.30499
 21
124.318
  0
LINE
  8
0
 10
-7.30499
 20
124.318
 11
-7.25143
 21
124.426
  0
LINE
  8
0
 10
-7.25143
 20
124.426
 11
-7.20886
 21
124.504
  0
LINE
  8
0
 10
-7.20886
 20
124.504
 11
-7.1315
 21
124.633
  0
LINE
  8
0
 10
-7.1315
 20
124.633
 11
-7.06467
 21
124.735
  0
LINE
  8
0
 10
-7.06467
 20
124.735
 11
-6.97723
 21
124.856
  0
LINE
  8
0
 10
-6.97723
 20
124.856
 11
-6.88202
 21
124.974
  0
LINE
  8
0
 10
-6.88202
 20
124.974
 11
-6.7804
 21
125.089
  0
LINE
  8
0
 10
-6.7804
 20
125.089
 11
-6.67191
 21
125.199
  0
LINE
  8
0
 10
-6.67191
 20
125.199
 11
-6.55655
 21
125.307
  0
LINE
  8
0
 10
-6.55655
 20
125.307
 11
-6.41144
 21
125.43
  0
LINE
  8
0
 10
-6.41144
 20
125.43
 11
-6.28143
 21
125.53
  0
LINE
  8
0
 10
-6.28143
 20
125.53
 11
-6.17477
 21
125.605
  0
LINE
  8
0
 10
-6.17477
 20
125.605
 11
-6.06216
 21
125.679
  0
LINE
  8
0
 10
-6.06216
 20
125.679
 11
-5.9761
 21
125.733
  0
LINE
  8
0
 10
-5.9761
 20
125.733
 11
-5.79483
 21
125.837
  0
LINE
  8
0
 10
-5.79483
 20
125.837
 11
-5.63828
 21
125.919
  0
LINE
  8
0
 10
-5.63828
 20
125.919
 11
-5.44052
 21
126.013
  0
LINE
  8
0
 10
-5.44052
 20
126.013
 11
-5.23361
 21
126.102
  0
LINE
  8
0
 10
-5.23361
 20
126.102
 11
-5.05417
 21
126.171
  0
LINE
  8
0
 10
-5.05417
 20
126.171
 11
-4.90494
 21
126.225
  0
LINE
  8
0
 10
-4.90494
 20
126.225
 11
-4.6756
 21
126.299
  0
LINE
  8
0
 10
-4.6756
 20
126.299
 11
-4.47556
 21
126.357
  0
LINE
  8
0
 10
-4.47556
 20
126.357
 11
-4.22882
 21
126.422
  0
LINE
  8
0
 10
-4.22882
 20
126.422
 11
-4.01459
 21
126.472
  0
LINE
  8
0
 10
-4.01459
 20
126.472
 11
-3.83926
 21
126.509
  0
LINE
  8
0
 10
-3.83926
 20
126.509
 11
-3.56964
 21
126.561
  0
LINE
  8
0
 10
-3.56964
 20
126.561
 11
-3.33572
 21
126.6
  0
LINE
  8
0
 10
-3.33572
 20
126.6
 11
-2.99881
 21
126.648
  0
LINE
  8
0
 10
-2.99881
 20
126.648
 11
-2.69989
 21
126.683
  0
LINE
  8
0
 10
-2.69989
 20
126.683
 11
-2.39182
 21
126.713
  0
LINE
  8
0
 10
-2.39182
 20
126.713
 11
-2.07458
 21
126.737
  0
LINE
  8
0
 10
-2.07458
 20
126.737
 11
-1.81961
 21
126.753
  0
LINE
  8
0
 10
-1.81961
 20
126.753
 11
-1.70471
 21
126.524
  0
LINE
  8
0
 10
-1.70471
 20
126.524
 11
-1.56784
 21
126.237
  0
LINE
  8
0
 10
-1.56784
 20
126.237
 11
-1.43875
 21
125.955
  0
LINE
  8
0
 10
-1.43875
 20
125.955
 11
-1.32019
 21
125.678
  0
LINE
  8
0
 10
-1.32019
 20
125.678
 11
-1.19247
 21
125.362
  0
LINE
  8
0
 10
-1.19247
 20
125.362
 11
-1.11008
 21
125.142
  0
LINE
  8
0
 10
-1.11008
 20
125.142
 11
-1.01898
 21
124.881
  0
LINE
  8
0
 10
-1.01898
 20
124.881
 11
-0.96405
 21
124.711
  0
LINE
  8
0
 10
-0.96405
 20
124.711
 11
-0.900421
 21
124.5
  0
LINE
  8
0
 10
-0.900421
 20
124.5
 11
-0.833588
 21
124.254
  0
LINE
  8
0
 10
-0.833588
 20
124.254
 11
-0.784149
 21
124.053
  0
LINE
  8
0
 10
-0.784149
 20
124.053
 11
-0.733795
 21
123.815
  0
LINE
  8
0
 10
-0.733795
 20
123.815
 11
-0.705414
 21
123.661
  0
LINE
  8
0
 10
-0.705414
 20
123.661
 11
-0.676117
 21
123.47
  0
LINE
  8
0
 10
-0.676117
 20
123.47
 11
-0.649109
 21
123.247
  0
LINE
  8
0
 10
-0.649109
 20
123.247
 11
-0.631714
 21
123.029
  0
LINE
  8
0
 10
-0.631714
 20
123.029
 11
-0.623932
 21
122.852
  0
LINE
  8
0
 10
-0.623932
 20
122.852
 11
-0.623016
 21
122.643
  0
LINE
  8
0
 10
-0.623016
 20
122.643
 11
-0.627136
 21
122.541
  0
LINE
  8
0
 10
-0.627136
 20
122.541
 11
-0.634918
 21
122.407
  0
LINE
  8
0
 10
-0.634918
 20
122.407
 11
-0.647278
 21
122.276
  0
LINE
  8
0
 10
-0.647278
 20
122.276
 11
-0.668335
 21
122.114
  0
LINE
  8
0
 10
-0.668335
 20
122.114
 11
-0.702209
 21
121.928
  0
LINE
  8
0
 10
-0.702209
 20
121.928
 11
-0.737915
 21
121.773
  0
LINE
  8
0
 10
-0.737915
 20
121.773
 11
-0.779572
 21
121.624
  0
LINE
  8
0
 10
-0.779572
 20
121.624
 11
-0.827637
 21
121.479
  0
LINE
  8
0
 10
-0.827637
 20
121.479
 11
-0.883026
 21
121.338
  0
LINE
  8
0
 10
-0.883026
 20
121.338
 11
-0.944824
 21
121.2
  0
LINE
  8
0
 10
-0.944824
 20
121.2
 11
-0.998383
 21
121.092
  0
LINE
  8
0
 10
-0.998383
 20
121.092
 11
-1.07071
 21
120.961
  0
LINE
  8
0
 10
-1.07071
 20
120.961
 11
-1.11832
 21
120.884
  0
LINE
  8
0
 10
-1.11832
 20
120.884
 11
-1.18469
 21
120.784
  0
LINE
  8
0
 10
-1.18469
 20
120.784
 11
-1.27304
 21
120.661
  0
LINE
  8
0
 10
-1.27304
 20
120.661
 11
-1.36826
 21
120.544
  0
LINE
  8
0
 10
-1.36826
 20
120.544
 11
-1.40808
 21
120.498
  0
LINE
  8
0
 10
-1.40808
 20
120.498
 11
-1.51154
 21
120.385
  0
LINE
  8
0
 10
-1.51154
 20
120.385
 11
-1.62323
 21
120.275
  0
LINE
  8
0
 10
-1.62323
 20
120.275
 11
-1.74042
 21
120.169
  0
LINE
  8
0
 10
-1.74042
 20
120.169
 11
-1.83792
 21
120.089
  0
LINE
  8
0
 10
-1.83792
 20
120.089
 11
-1.94138
 21
120.009
  0
LINE
  8
0
 10
-1.94138
 20
120.009
 11
-2.07458
 21
119.913
  0
LINE
  8
0
 10
-2.07458
 20
119.913
 11
-2.18765
 21
119.839
  0
LINE
  8
0
 10
-2.18765
 20
119.839
 11
-2.36298
 21
119.733
  0
LINE
  8
0
 10
-2.36298
 20
119.733
 11
-2.45407
 21
119.682
  0
LINE
  8
0
 10
-2.45407
 20
119.682
 11
-2.54837
 21
119.632
  0
LINE
  8
0
 10
-2.54837
 20
119.632
 11
-2.70996
 21
119.552
  0
LINE
  8
0
 10
-2.70996
 20
119.552
 11
-2.8775
 21
119.475
  0
LINE
  8
0
 10
-2.8775
 20
119.475
 11
-3.15994
 21
119.361
  0
LINE
  8
0
 10
-3.15994
 20
119.361
 11
-3.34442
 21
119.294
  0
LINE
  8
0
 10
-3.34442
 20
119.294
 11
-3.57376
 21
119.22
  0
LINE
  8
0
 10
-3.57376
 20
119.22
 11
-3.73306
 21
119.173
  0
LINE
  8
0
 10
-3.73306
 20
119.173
 11
-3.93677
 21
119.118
  0
LINE
  8
0
 10
-3.93677
 20
119.118
 11
-4.19174
 21
119.057
  0
LINE
  8
0
 10
-4.19174
 20
119.057
 11
-4.49844
 21
118.992
  0
LINE
  8
0
 10
-4.49844
 20
118.992
 11
-4.81979
 21
118.934
  0
LINE
  8
0
 10
-4.81979
 20
118.934
 11
-5.20203
 21
118.878
  0
LINE
  8
0
 10
-5.20203
 20
118.878
 11
-5.60028
 21
118.83
  0
LINE
  8
0
 10
-5.60028
 20
118.83
 11
-5.96283
 21
118.797
  0
LINE
  8
0
 10
-5.96283
 20
118.797
 11
-6.33728
 21
118.771
  0
LINE
  8
0
 10
-6.33728
 20
118.771
 11
-6.25214
 21
119.075
  0
LINE
  8
0
 10
5.96283
 20
118.797
 11
5.60028
 21
118.83
  0
LINE
  8
0
 10
5.60028
 20
118.83
 11
5.20203
 21
118.878
  0
LINE
  8
0
 10
5.20203
 20
118.878
 11
4.81979
 21
118.934
  0
LINE
  8
0
 10
4.81979
 20
118.934
 11
4.49844
 21
118.992
  0
LINE
  8
0
 10
4.49844
 20
118.992
 11
4.19174
 21
119.057
  0
LINE
  8
0
 10
4.19174
 20
119.057
 11
3.93677
 21
119.118
  0
LINE
  8
0
 10
3.93677
 20
119.118
 11
3.73306
 21
119.173
  0
LINE
  8
0
 10
3.73306
 20
119.173
 11
3.57376
 21
119.22
  0
LINE
  8
0
 10
3.57376
 20
119.22
 11
3.34442
 21
119.295
  0
LINE
  8
0
 10
3.34442
 20
119.295
 11
3.15994
 21
119.361
  0
LINE
  8
0
 10
3.15994
 20
119.361
 11
2.87659
 21
119.476
  0
LINE
  8
0
 10
2.87659
 20
119.476
 11
2.70905
 21
119.552
  0
LINE
  8
0
 10
2.70905
 20
119.552
 11
2.54745
 21
119.632
  0
LINE
  8
0
 10
2.54745
 20
119.632
 11
2.45407
 21
119.682
  0
LINE
  8
0
 10
2.45407
 20
119.682
 11
2.36206
 21
119.733
  0
LINE
  8
0
 10
2.36206
 20
119.733
 11
2.18674
 21
119.84
  0
LINE
  8
0
 10
2.18674
 20
119.84
 11
2.07458
 21
119.913
  0
LINE
  8
0
 10
2.07458
 20
119.913
 11
1.94138
 21
120.009
  0
LINE
  8
0
 10
1.94138
 20
120.009
 11
1.83792
 21
120.089
  0
LINE
  8
0
 10
1.83792
 20
120.089
 11
1.74042
 21
120.169
  0
LINE
  8
0
 10
1.74042
 20
120.169
 11
1.62231
 21
120.276
  0
LINE
  8
0
 10
1.62231
 20
120.276
 11
1.51154
 21
120.385
  0
LINE
  8
0
 10
1.51154
 20
120.385
 11
1.40762
 21
120.498
  0
LINE
  8
0
 10
1.40762
 20
120.498
 11
1.36734
 21
120.545
  0
LINE
  8
0
 10
1.36734
 20
120.545
 11
1.27213
 21
120.663
  0
LINE
  8
0
 10
1.27213
 20
120.663
 11
1.18469
 21
120.784
  0
LINE
  8
0
 10
1.18469
 20
120.784
 11
1.11786
 21
120.885
  0
LINE
  8
0
 10
1.11786
 20
120.885
 11
1.07025
 21
120.962
  0
LINE
  8
0
 10
1.07025
 20
120.962
 11
0.998383
 21
121.092
  0
LINE
  8
0
 10
0.998383
 20
121.092
 11
0.944366
 21
121.201
  0
LINE
  8
0
 10
0.944366
 20
121.201
 11
0.882568
 21
121.339
  0
LINE
  8
0
 10
0.882568
 20
121.339
 11
0.827179
 21
121.48
  0
LINE
  8
0
 10
0.827179
 20
121.48
 11
0.779114
 21
121.626
  0
LINE
  8
0
 10
0.779114
 20
121.626
 11
0.737915
 21
121.775
  0
LINE
  8
0
 10
0.737915
 20
121.775
 11
0.701752
 21
121.928
  0
LINE
  8
0
 10
0.701752
 20
121.928
 11
0.667877
 21
122.116
  0
LINE
  8
0
 10
0.667877
 20
122.116
 11
0.647278
 21
122.276
  0
LINE
  8
0
 10
0.647278
 20
122.276
 11
0.634918
 21
122.408
  0
LINE
  8
0
 10
0.634918
 20
122.408
 11
0.627136
 21
122.542
  0
LINE
  8
0
 10
0.627136
 20
122.542
 11
0.623474
 21
122.643
  0
LINE
  8
0
 10
0.623474
 20
122.643
 11
0.623474
 21
122.852
  0
LINE
  8
0
 10
0.623474
 20
122.852
 11
0.631714
 21
123.029
  0
LINE
  8
0
 10
0.631714
 20
123.029
 11
0.649109
 21
123.247
  0
LINE
  8
0
 10
0.649109
 20
123.247
 11
0.676117
 21
123.47
  0
LINE
  8
0
 10
0.676117
 20
123.47
 11
0.704956
 21
123.661
  0
LINE
  8
0
 10
0.704956
 20
123.661
 11
0.733795
 21
123.815
  0
LINE
  8
0
 10
0.733795
 20
123.815
 11
0.784149
 21
124.053
  0
LINE
  8
0
 10
0.784149
 20
124.053
 11
0.833588
 21
124.254
  0
LINE
  8
0
 10
0.833588
 20
124.254
 11
0.900879
 21
124.5
  0
LINE
  8
0
 10
0.900879
 20
124.5
 11
0.963593
 21
124.711
  0
LINE
  8
0
 10
0.963593
 20
124.711
 11
1.01944
 21
124.881
  0
LINE
  8
0
 10
1.01944
 20
124.881
 11
1.10962
 21
125.142
  0
LINE
  8
0
 10
1.10962
 20
125.142
 11
1.19293
 21
125.362
  0
LINE
  8
0
 10
1.19293
 20
125.362
 11
1.32019
 21
125.678
  0
LINE
  8
0
 10
1.32019
 20
125.678
 11
1.43875
 21
125.955
  0
LINE
  8
0
 10
1.43875
 20
125.955
 11
1.56784
 21
126.237
  0
LINE
  8
0
 10
1.56784
 20
126.237
 11
1.70471
 21
126.524
  0
LINE
  8
0
 10
1.70471
 20
126.524
 11
1.81961
 21
126.753
  0
LINE
  8
0
 10
1.81961
 20
126.753
 11
2.07458
 21
126.737
  0
LINE
  8
0
 10
2.07458
 20
126.737
 11
2.39182
 21
126.713
  0
LINE
  8
0
 10
2.39182
 20
126.713
 11
2.69989
 21
126.683
  0
LINE
  8
0
 10
2.69989
 20
126.683
 11
2.99881
 21
126.648
  0
LINE
  8
0
 10
2.99881
 20
126.648
 11
3.33572
 21
126.6
  0
LINE
  8
0
 10
3.33572
 20
126.6
 11
3.56964
 21
126.562
  0
LINE
  8
0
 10
3.56964
 20
126.562
 11
3.83926
 21
126.509
  0
LINE
  8
0
 10
3.83926
 20
126.509
 11
4.01459
 21
126.472
  0
LINE
  8
0
 10
4.01459
 20
126.472
 11
4.22882
 21
126.422
  0
LINE
  8
0
 10
4.22882
 20
126.422
 11
4.47556
 21
126.357
  0
LINE
  8
0
 10
4.47556
 20
126.357
 11
4.6756
 21
126.299
  0
LINE
  8
0
 10
4.6756
 20
126.299
 11
4.90494
 21
126.224
  0
LINE
  8
0
 10
4.90494
 20
126.224
 11
5.05417
 21
126.171
  0
LINE
  8
0
 10
5.05417
 20
126.171
 11
5.23361
 21
126.102
  0
LINE
  8
0
 10
5.23361
 20
126.102
 11
5.44052
 21
126.013
  0
LINE
  8
0
 10
5.44052
 20
126.013
 11
5.63828
 21
125.919
  0
LINE
  8
0
 10
5.63828
 20
125.919
 11
5.79483
 21
125.837
  0
LINE
  8
0
 10
5.79483
 20
125.837
 11
5.9761
 21
125.733
  0
LINE
  8
0
 10
5.9761
 20
125.733
 11
6.06216
 21
125.679
  0
LINE
  8
0
 10
6.06216
 20
125.679
 11
6.17477
 21
125.605
  0
LINE
  8
0
 10
6.17477
 20
125.605
 11
6.28143
 21
125.53
  0
LINE
  8
0
 10
6.28143
 20
125.53
 11
6.41144
 21
125.43
  0
LINE
  8
0
 10
6.41144
 20
125.43
 11
6.55655
 21
125.307
  0
LINE
  8
0
 10
6.55655
 20
125.307
 11
6.67191
 21
125.199
  0
LINE
  8
0
 10
6.67191
 20
125.199
 11
6.7804
 21
125.089
  0
LINE
  8
0
 10
6.7804
 20
125.089
 11
6.88202
 21
124.974
  0
LINE
  8
0
 10
6.88202
 20
124.974
 11
6.97723
 21
124.856
  0
LINE
  8
0
 10
6.97723
 20
124.856
 11
7.06467
 21
124.735
  0
LINE
  8
0
 10
7.06467
 20
124.735
 11
7.1315
 21
124.633
  0
LINE
  8
0
 10
7.1315
 20
124.633
 11
7.20886
 21
124.504
  0
LINE
  8
0
 10
7.20886
 20
124.504
 11
7.25143
 21
124.426
  0
LINE
  8
0
 10
7.25143
 20
124.426
 11
7.30499
 21
124.318
  0
LINE
  8
0
 10
7.30499
 20
124.318
 11
7.36679
 21
124.18
  0
LINE
  8
0
 10
7.36679
 20
124.18
 11
7.42218
 21
124.038
  0
LINE
  8
0
 10
7.42218
 20
124.038
 11
7.44141
 21
123.981
  0
LINE
  8
0
 10
7.44141
 20
123.981
 11
7.48718
 21
123.834
  0
LINE
  8
0
 10
7.48718
 20
123.834
 11
7.52701
 21
123.683
  0
LINE
  8
0
 10
7.52701
 20
123.683
 11
7.55951
 21
123.529
  0
LINE
  8
0
 10
7.55951
 20
123.529
 11
7.58102
 21
123.403
  0
LINE
  8
0
 10
7.58102
 20
123.403
 11
7.59842
 21
123.275
  0
LINE
  8
0
 10
7.59842
 20
123.275
 11
7.61444
 21
123.111
  0
LINE
  8
0
 10
7.61444
 20
123.111
 11
7.62177
 21
122.978
  0
LINE
  8
0
 10
7.62177
 20
122.978
 11
7.6268
 21
122.772
  0
LINE
  8
0
 10
7.6268
 20
122.772
 11
7.62589
 21
122.667
  0
LINE
  8
0
 10
7.62589
 20
122.667
 11
7.62131
 21
122.561
  0
LINE
  8
0
 10
7.62131
 20
122.561
 11
7.60986
 21
122.381
  0
LINE
  8
0
 10
7.60986
 20
122.381
 11
7.59247
 21
122.197
  0
LINE
  8
0
 10
7.59247
 20
122.197
 11
7.55035
 21
121.897
  0
LINE
  8
0
 10
7.55035
 20
121.897
 11
7.51556
 21
121.702
  0
LINE
  8
0
 10
7.51556
 20
121.702
 11
7.46521
 21
121.466
  0
LINE
  8
0
 10
7.46521
 20
121.466
 11
7.4263
 21
121.305
  0
LINE
  8
0
 10
7.4263
 20
121.305
 11
7.37228
 21
121.101
  0
LINE
  8
0
 10
7.37228
 20
121.101
 11
7.29858
 21
120.851
  0
LINE
  8
0
 10
7.29858
 20
120.851
 11
7.20062
 21
120.552
  0
LINE
  8
0
 10
7.20062
 20
120.552
 11
7.08939
 21
120.245
  0
LINE
  8
0
 10
7.08939
 20
120.245
 11
6.94794
 21
119.886
  0
LINE
  8
0
 10
6.94794
 20
119.886
 11
6.78955
 21
119.517
  0
LINE
  8
0
 10
6.78955
 20
119.517
 11
6.63666
 21
119.187
  0
LINE
  8
0
 10
6.63666
 20
119.187
 11
6.47186
 21
118.85
  0
LINE
  8
0
 10
6.47186
 20
118.85
 11
6.25214
 21
119.075
  0
LINE
  8
0
 10
6.25214
 20
119.075
 11
6.33728
 21
118.771
  0
LINE
  8
0
 10
6.33728
 20
118.771
 11
5.96283
 21
118.797
  0
LINE
  8
0
 10
23.3629
 20
119.187
 11
23.2104
 21
119.518
  0
LINE
  8
0
 10
23.2104
 20
119.518
 11
23.0516
 21
119.886
  0
LINE
  8
0
 10
23.0516
 20
119.886
 11
22.9102
 21
120.246
  0
LINE
  8
0
 10
22.9102
 20
120.246
 11
22.7989
 21
120.552
  0
LINE
  8
0
 10
22.7989
 20
120.552
 11
22.7019
 21
120.851
  0
LINE
  8
0
 10
22.7019
 20
120.851
 11
22.6277
 21
121.101
  0
LINE
  8
0
 10
22.6277
 20
121.101
 11
22.5737
 21
121.305
  0
LINE
  8
0
 10
22.5737
 20
121.305
 11
22.5348
 21
121.466
  0
LINE
  8
0
 10
22.5348
 20
121.466
 11
22.4849
 21
121.702
  0
LINE
  8
0
 10
22.4849
 20
121.702
 11
22.4496
 21
121.897
  0
LINE
  8
0
 10
22.4496
 20
121.897
 11
22.4075
 21
122.198
  0
LINE
  8
0
 10
22.4075
 20
122.198
 11
22.3901
 21
122.382
  0
LINE
  8
0
 10
22.3901
 20
122.382
 11
22.3787
 21
122.562
  0
LINE
  8
0
 10
22.3787
 20
122.562
 11
22.3746
 21
122.667
  0
LINE
  8
0
 10
22.3746
 20
122.667
 11
22.3732
 21
122.773
  0
LINE
  8
0
 10
22.3732
 20
122.773
 11
22.3778
 21
122.978
  0
LINE
  8
0
 10
22.3778
 20
122.978
 11
22.3849
 21
123.1
  0
LINE
  8
0
 10
22.3849
 20
123.1
 11
23.7065
 21
119.033
  0
LINE
  8
0
 10
23.7065
 20
119.033
 11
23.5281
 21
118.85
  0
LINE
  8
0
 10
23.5281
 20
118.85
 11
23.3629
 21
119.187
  0
LINE
  8
0
 10
-23.7065
 20
119.033
 11
-22.385
 21
123.1
  0
LINE
  8
0
 10
-22.385
 20
123.1
 11
-22.3782
 21
122.978
  0
LINE
  8
0
 10
-22.3782
 20
122.978
 11
-22.3732
 21
122.772
  0
LINE
  8
0
 10
-22.3732
 20
122.772
 11
-22.3741
 21
122.667
  0
LINE
  8
0
 10
-22.3741
 20
122.667
 11
-22.3787
 21
122.561
  0
LINE
  8
0
 10
-22.3787
 20
122.561
 11
-22.3901
 21
122.381
  0
LINE
  8
0
 10
-22.3901
 20
122.381
 11
-22.4075
 21
122.197
  0
LINE
  8
0
 10
-22.4075
 20
122.197
 11
-22.4496
 21
121.897
  0
LINE
  8
0
 10
-22.4496
 20
121.897
 11
-22.4844
 21
121.702
  0
LINE
  8
0
 10
-22.4844
 20
121.702
 11
-22.5348
 21
121.466
  0
LINE
  8
0
 10
-22.5348
 20
121.466
 11
-22.5737
 21
121.305
  0
LINE
  8
0
 10
-22.5737
 20
121.305
 11
-22.6277
 21
121.101
  0
LINE
  8
0
 10
-22.6277
 20
121.101
 11
-22.7014
 21
120.851
  0
LINE
  8
0
 10
-22.7014
 20
120.851
 11
-22.7994
 21
120.552
  0
LINE
  8
0
 10
-22.7994
 20
120.552
 11
-22.9106
 21
120.245
  0
LINE
  8
0
 10
-22.9106
 20
120.245
 11
-23.0521
 21
119.886
  0
LINE
  8
0
 10
-23.0521
 20
119.886
 11
-23.2104
 21
119.517
  0
LINE
  8
0
 10
-23.2104
 20
119.517
 11
-23.3633
 21
119.187
  0
LINE
  8
0
 10
-23.3633
 20
119.187
 11
-23.5281
 21
118.85
  0
LINE
  8
0
 10
-23.5281
 20
118.85
 11
-23.7065
 21
119.033
  0
LINE
  8
0
 10
-12.4503
 20
117
 11
-13.5686
 21
118.456
  0
LINE
  8
0
 10
-13.5686
 20
118.456
 11
-13.3282
 21
120.278
  0
LINE
  8
0
 10
-13.3282
 20
120.278
 11
-11.8707
 21
121.397
  0
LINE
  8
0
 10
-11.8707
 20
121.397
 11
-10.0497
 21
121.157
  0
LINE
  8
0
 10
-10.0497
 20
121.157
 11
-8.93143
 21
119.7
  0
LINE
  8
0
 10
-8.93143
 20
119.7
 11
-9.17175
 21
117.878
  0
LINE
  8
0
 10
-9.17175
 20
117.878
 11
-10.6293
 21
116.759
  0
LINE
  8
0
 10
-10.6293
 20
116.759
 11
-12.4503
 21
117
  0
LINE
  8
0
 10
-20.8282
 20
117.878
 11
-21.0686
 21
119.7
  0
LINE
  8
0
 10
-21.0686
 20
119.7
 11
-19.9503
 21
121.157
  0
LINE
  8
0
 10
-19.9503
 20
121.157
 11
-18.1293
 21
121.397
  0
LINE
  8
0
 10
-18.1293
 20
121.397
 11
-16.6718
 21
120.278
  0
LINE
  8
0
 10
-16.6718
 20
120.278
 11
-16.4314
 21
118.456
  0
LINE
  8
0
 10
-16.4314
 20
118.456
 11
-17.5497
 21
117
  0
LINE
  8
0
 10
-17.5497
 20
117
 11
-19.3707
 21
116.759
  0
LINE
  8
0
 10
-19.3707
 20
116.759
 11
-20.8282
 21
117.878
  0
LINE
  8
0
 10
9.17175
 20
117.878
 11
8.93143
 21
119.7
  0
LINE
  8
0
 10
8.93143
 20
119.7
 11
10.0497
 21
121.157
  0
LINE
  8
0
 10
10.0497
 20
121.157
 11
11.8707
 21
121.397
  0
LINE
  8
0
 10
11.8707
 20
121.397
 11
13.3282
 21
120.278
  0
LINE
  8
0
 10
13.3282
 20
120.278
 11
13.5686
 21
118.456
  0
LINE
  8
0
 10
13.5686
 20
118.456
 11
12.4503
 21
117
  0
LINE
  8
0
 10
12.4503
 20
117
 11
10.6293
 21
116.759
  0
LINE
  8
0
 10
10.6293
 20
116.759
 11
9.17175
 21
117.878
  0
LINE
  8
0
 10
17.5497
 20
117
 11
16.4314
 21
118.456
  0
LINE
  8
0
 10
16.4314
 20
118.456
 11
16.6718
 21
120.278
  0
LINE
  8
0
 10
16.6718
 20
120.278
 11
18.1293
 21
121.397
  0
LINE
  8
0
 10
18.1293
 20
121.397
 11
19.9503
 21
121.157
  0
LINE
  8
0
 10
19.9503
 20
121.157
 11
21.0686
 21
119.7
  0
LINE
  8
0
 10
21.0686
 20
119.7
 11
20.8282
 21
117.878
  0
LINE
  8
0
 10
20.8282
 20
117.878
 11
19.3707
 21
116.759
  0
LINE
  8
0
 10
19.3707
 20
116.759
 11
17.5497
 21
117
  0
LINE
  8
0
 10
-23.7885
 20
118.78
 11
-23.7223
 21
118.984
  0
LINE
  8
0
 10
-23.7223
 20
118.984
 11
-23.6627
 21
118.771
  0
LINE
  8
0
 10
-23.6627
 20
118.771
 11
-23.7885
 21
118.78
  0
LINE
  8
0
 10
23.7223
 20
118.984
 11
23.7885
 21
118.78
  0
LINE
  8
0
 10
23.7885
 20
118.78
 11
23.6627
 21
118.771
  0
LINE
  8
0
 10
23.6627
 20
118.771
 11
23.7223
 21
118.984
  0
LINE
  8
0
 10
-4.95026
 20
112.67
 11
-6.06857
 21
114.126
  0
LINE
  8
0
 10
-6.06857
 20
114.126
 11
-5.82825
 21
115.948
  0
LINE
  8
0
 10
-5.82825
 20
115.948
 11
-4.37073
 21
117.067
  0
LINE
  8
0
 10
-4.37073
 20
117.067
 11
-2.54974
 21
116.827
  0
LINE
  8
0
 10
-2.54974
 20
116.827
 11
-1.43143
 21
115.37
  0
LINE
  8
0
 10
-1.43143
 20
115.37
 11
-1.67175
 21
113.548
  0
LINE
  8
0
 10
-1.67175
 20
113.548
 11
-3.12927
 21
112.43
  0
LINE
  8
0
 10
-3.12927
 20
112.43
 11
-4.95026
 21
112.67
  0
LINE
  8
0
 10
1.67175
 20
113.548
 11
1.43143
 21
115.37
  0
LINE
  8
0
 10
1.43143
 20
115.37
 11
2.54974
 21
116.827
  0
LINE
  8
0
 10
2.54974
 20
116.827
 11
4.37073
 21
117.067
  0
LINE
  8
0
 10
4.37073
 20
117.067
 11
5.82825
 21
115.948
  0
LINE
  8
0
 10
5.82825
 20
115.948
 11
6.06857
 21
114.126
  0
LINE
  8
0
 10
6.06857
 20
114.126
 11
4.95026
 21
112.67
  0
LINE
  8
0
 10
4.95026
 20
112.67
 11
3.12927
 21
112.43
  0
LINE
  8
0
 10
3.12927
 20
112.43
 11
1.67175
 21
113.548
  0
LINE
  8
0
 10
-24.6014
 20
116.278
 11
-24.1718
 21
115.948
  0
LINE
  8
0
 10
-24.1718
 20
115.948
 11
-23.9314
 21
114.126
  0
LINE
  8
0
 10
-23.9314
 20
114.126
 11
-25.0497
 21
112.67
  0
LINE
  8
0
 10
-25.0497
 20
112.67
 11
-25.8062
 21
112.57
  0
LINE
  8
0
 10
-25.8062
 20
112.57
 11
-24.6014
 21
116.278
  0
LINE
  8
0
 10
25.0497
 20
112.67
 11
23.9314
 21
114.126
  0
LINE
  8
0
 10
23.9314
 20
114.126
 11
24.1718
 21
115.948
  0
LINE
  8
0
 10
24.1718
 20
115.948
 11
24.6014
 21
116.278
  0
LINE
  8
0
 10
24.6014
 20
116.278
 11
25.8062
 21
112.57
  0
LINE
  8
0
 10
25.8062
 20
112.57
 11
25.0497
 21
112.67
  0
LINE
  8
0
 10
-13.2953
 20
107.303
 11
-13.4322
 21
107.59
  0
LINE
  8
0
 10
-13.4322
 20
107.59
 11
-13.5612
 21
107.872
  0
LINE
  8
0
 10
-13.5612
 20
107.872
 11
-13.6798
 21
108.148
  0
LINE
  8
0
 10
-13.6798
 20
108.148
 11
-13.8075
 21
108.464
  0
LINE
  8
0
 10
-13.8075
 20
108.464
 11
-13.8899
 21
108.685
  0
LINE
  8
0
 10
-13.8899
 20
108.685
 11
-13.981
 21
108.946
  0
LINE
  8
0
 10
-13.981
 20
108.946
 11
-14.0359
 21
109.115
  0
LINE
  8
0
 10
-14.0359
 20
109.115
 11
-14.0996
 21
109.326
  0
LINE
  8
0
 10
-14.0996
 20
109.326
 11
-14.1664
 21
109.572
  0
LINE
  8
0
 10
-14.1664
 20
109.572
 11
-14.2159
 21
109.774
  0
LINE
  8
0
 10
-14.2159
 20
109.774
 11
-14.2662
 21
110.011
  0
LINE
  8
0
 10
-14.2662
 20
110.011
 11
-14.2946
 21
110.165
  0
LINE
  8
0
 10
-14.2946
 20
110.165
 11
-14.3239
 21
110.356
  0
LINE
  8
0
 10
-14.3239
 20
110.356
 11
-14.3509
 21
110.58
  0
LINE
  8
0
 10
-14.3509
 20
110.58
 11
-14.3683
 21
110.798
  0
LINE
  8
0
 10
-14.3683
 20
110.798
 11
-14.3761
 21
110.974
  0
LINE
  8
0
 10
-14.3761
 20
110.974
 11
-14.377
 21
111.183
  0
LINE
  8
0
 10
-14.377
 20
111.183
 11
-14.3729
 21
111.285
  0
LINE
  8
0
 10
-14.3729
 20
111.285
 11
-14.3651
 21
111.418
  0
LINE
  8
0
 10
-14.3651
 20
111.418
 11
-14.3527
 21
111.55
  0
LINE
  8
0
 10
-14.3527
 20
111.55
 11
-14.3321
 21
111.711
  0
LINE
  8
0
 10
-14.3321
 20
111.711
 11
-14.2978
 21
111.899
  0
LINE
  8
0
 10
-14.2978
 20
111.899
 11
-14.2625
 21
112.052
  0
LINE
  8
0
 10
-14.2625
 20
112.052
 11
-14.2209
 21
112.201
  0
LINE
  8
0
 10
-14.2209
 20
112.201
 11
-14.1728
 21
112.346
  0
LINE
  8
0
 10
-14.1728
 20
112.346
 11
-14.1174
 21
112.488
  0
LINE
  8
0
 10
-14.1174
 20
112.488
 11
-14.0556
 21
112.626
  0
LINE
  8
0
 10
-14.0556
 20
112.626
 11
-14.0016
 21
112.735
  0
LINE
  8
0
 10
-14.0016
 20
112.735
 11
-13.9297
 21
112.864
  0
LINE
  8
0
 10
-13.9297
 20
112.864
 11
-13.8821
 21
112.941
  0
LINE
  8
0
 10
-13.8821
 20
112.941
 11
-13.8153
 21
113.042
  0
LINE
  8
0
 10
-13.8153
 20
113.042
 11
-13.7279
 21
113.164
  0
LINE
  8
0
 10
-13.7279
 20
113.164
 11
-13.6327
 21
113.282
  0
LINE
  8
0
 10
-13.6327
 20
113.282
 11
-13.5924
 21
113.329
  0
LINE
  8
0
 10
-13.5924
 20
113.329
 11
-13.4885
 21
113.441
  0
LINE
  8
0
 10
-13.4885
 20
113.441
 11
-13.3777
 21
113.551
  0
LINE
  8
0
 10
-13.3777
 20
113.551
 11
-13.2596
 21
113.657
  0
LINE
  8
0
 10
-13.2596
 20
113.657
 11
-13.1621
 21
113.738
  0
LINE
  8
0
 10
-13.1621
 20
113.738
 11
-13.0586
 21
113.818
  0
LINE
  8
0
 10
-13.0586
 20
113.818
 11
-12.9254
 21
113.913
  0
LINE
  8
0
 10
-12.9254
 20
113.913
 11
-12.8133
 21
113.987
  0
LINE
  8
0
 10
-12.8133
 20
113.987
 11
-12.6379
 21
114.093
  0
LINE
  8
0
 10
-12.6379
 20
114.093
 11
-12.5459
 21
114.145
  0
LINE
  8
0
 10
-12.5459
 20
114.145
 11
-12.4525
 21
114.194
  0
LINE
  8
0
 10
-12.4525
 20
114.194
 11
-12.291
 21
114.274
  0
LINE
  8
0
 10
-12.291
 20
114.274
 11
-12.1234
 21
114.351
  0
LINE
  8
0
 10
-12.1234
 20
114.351
 11
-11.8401
 21
114.465
  0
LINE
  8
0
 10
-11.8401
 20
114.465
 11
-11.6556
 21
114.532
  0
LINE
  8
0
 10
-11.6556
 20
114.532
 11
-11.4262
 21
114.607
  0
LINE
  8
0
 10
-11.4262
 20
114.607
 11
-11.2669
 21
114.653
  0
LINE
  8
0
 10
-11.2669
 20
114.653
 11
-11.0632
 21
114.708
  0
LINE
  8
0
 10
-11.0632
 20
114.708
 11
-10.8083
 21
114.77
  0
LINE
  8
0
 10
-10.8083
 20
114.77
 11
-10.5016
 21
114.835
  0
LINE
  8
0
 10
-10.5016
 20
114.835
 11
-10.1802
 21
114.892
  0
LINE
  8
0
 10
-10.1802
 20
114.892
 11
-9.79797
 21
114.949
  0
LINE
  8
0
 10
-9.79797
 20
114.949
 11
-9.39972
 21
114.996
  0
LINE
  8
0
 10
-9.39972
 20
114.996
 11
-9.03717
 21
115.029
  0
LINE
  8
0
 10
-9.03717
 20
115.029
 11
-8.66272
 21
115.055
  0
LINE
  8
0
 10
-8.66272
 20
115.055
 11
-8.74786
 21
114.752
  0
LINE
  8
0
 10
-8.74786
 20
114.752
 11
-8.52814
 21
114.977
  0
LINE
  8
0
 10
-8.52814
 20
114.977
 11
-8.36288
 21
114.639
  0
LINE
  8
0
 10
-8.36288
 20
114.639
 11
-8.21045
 21
114.309
  0
LINE
  8
0
 10
-8.21045
 20
114.309
 11
-8.05161
 21
113.94
  0
LINE
  8
0
 10
-8.05161
 20
113.94
 11
-7.91016
 21
113.581
  0
LINE
  8
0
 10
-7.91016
 20
113.581
 11
-7.79892
 21
113.275
  0
LINE
  8
0
 10
-7.79892
 20
113.275
 11
-7.70187
 21
112.976
  0
LINE
  8
0
 10
-7.70187
 20
112.976
 11
-7.62772
 21
112.725
  0
LINE
  8
0
 10
-7.62772
 20
112.725
 11
-7.5737
 21
112.522
  0
LINE
  8
0
 10
-7.5737
 20
112.522
 11
-7.53479
 21
112.36
  0
LINE
  8
0
 10
-7.53479
 20
112.36
 11
-7.48489
 21
112.124
  0
LINE
  8
0
 10
-7.48489
 20
112.124
 11
-7.44965
 21
111.929
  0
LINE
  8
0
 10
-7.44965
 20
111.929
 11
-7.40753
 21
111.628
  0
LINE
  8
0
 10
-7.40753
 20
111.628
 11
-7.39014
 21
111.445
  0
LINE
  8
0
 10
-7.39014
 20
111.445
 11
-7.37869
 21
111.265
  0
LINE
  8
0
 10
-7.37869
 20
111.265
 11
-7.37457
 21
111.16
  0
LINE
  8
0
 10
-7.37457
 20
111.16
 11
-7.3732
 21
111.054
  0
LINE
  8
0
 10
-7.3732
 20
111.054
 11
-7.37778
 21
110.848
  0
LINE
  8
0
 10
-7.37778
 20
110.848
 11
-7.38556
 21
110.715
  0
LINE
  8
0
 10
-7.38556
 20
110.715
 11
-7.40158
 21
110.55
  0
LINE
  8
0
 10
-7.40158
 20
110.55
 11
-7.41898
 21
110.422
  0
LINE
  8
0
 10
-7.41898
 20
110.422
 11
-7.44095
 21
110.296
  0
LINE
  8
0
 10
-7.44095
 20
110.296
 11
-7.47345
 21
110.142
  0
LINE
  8
0
 10
-7.47345
 20
110.142
 11
-7.51282
 21
109.992
  0
LINE
  8
0
 10
-7.51282
 20
109.992
 11
-7.55905
 21
109.845
  0
LINE
  8
0
 10
-7.55905
 20
109.845
 11
-7.57828
 21
109.787
  0
LINE
  8
0
 10
-7.57828
 20
109.787
 11
-7.63367
 21
109.645
  0
LINE
  8
0
 10
-7.63367
 20
109.645
 11
-7.69547
 21
109.508
  0
LINE
  8
0
 10
-7.69547
 20
109.508
 11
-7.74902
 21
109.4
  0
LINE
  8
0
 10
-7.74902
 20
109.4
 11
-7.79205
 21
109.321
  0
LINE
  8
0
 10
-7.79205
 20
109.321
 11
-7.86896
 21
109.192
  0
LINE
  8
0
 10
-7.86896
 20
109.192
 11
-7.93533
 21
109.092
  0
LINE
  8
0
 10
-7.93533
 20
109.092
 11
-8.02368
 21
108.969
  0
LINE
  8
0
 10
-8.02368
 20
108.969
 11
-8.11798
 21
108.853
  0
LINE
  8
0
 10
-8.11798
 20
108.853
 11
-8.22052
 21
108.737
  0
LINE
  8
0
 10
-8.22052
 20
108.737
 11
-8.32901
 21
108.626
  0
LINE
  8
0
 10
-8.32901
 20
108.626
 11
-8.44345
 21
108.519
  0
LINE
  8
0
 10
-8.44345
 20
108.519
 11
-8.58856
 21
108.397
  0
LINE
  8
0
 10
-8.58856
 20
108.397
 11
-8.71857
 21
108.297
  0
LINE
  8
0
 10
-8.71857
 20
108.297
 11
-8.82523
 21
108.221
  0
LINE
  8
0
 10
-8.82523
 20
108.221
 11
-8.93784
 21
108.148
  0
LINE
  8
0
 10
-8.93784
 20
108.148
 11
-9.02481
 21
108.093
  0
LINE
  8
0
 10
-9.02481
 20
108.093
 11
-9.20517
 21
107.99
  0
LINE
  8
0
 10
-9.20517
 20
107.99
 11
-9.36264
 21
107.907
  0
LINE
  8
0
 10
-9.36264
 20
107.907
 11
-9.56039
 21
107.813
  0
LINE
  8
0
 10
-9.56039
 20
107.813
 11
-9.76639
 21
107.725
  0
LINE
  8
0
 10
-9.76639
 20
107.725
 11
-9.94583
 21
107.656
  0
LINE
  8
0
 10
-9.94583
 20
107.656
 11
-10.0951
 21
107.602
  0
LINE
  8
0
 10
-10.0951
 20
107.602
 11
-10.3244
 21
107.528
  0
LINE
  8
0
 10
-10.3244
 20
107.528
 11
-10.5244
 21
107.47
  0
LINE
  8
0
 10
-10.5244
 20
107.47
 11
-10.7712
 21
107.405
  0
LINE
  8
0
 10
-10.7712
 20
107.405
 11
-10.9854
 21
107.354
  0
LINE
  8
0
 10
-10.9854
 20
107.354
 11
-11.1607
 21
107.317
  0
LINE
  8
0
 10
-11.1607
 20
107.317
 11
-11.4304
 21
107.265
  0
LINE
  8
0
 10
-11.4304
 20
107.265
 11
-11.6643
 21
107.227
  0
LINE
  8
0
 10
-11.6643
 20
107.227
 11
-12.0012
 21
107.179
  0
LINE
  8
0
 10
-12.0012
 20
107.179
 11
-12.3001
 21
107.143
  0
LINE
  8
0
 10
-12.3001
 20
107.143
 11
-12.6082
 21
107.114
  0
LINE
  8
0
 10
-12.6082
 20
107.114
 11
-12.9254
 21
107.089
  0
LINE
  8
0
 10
-12.9254
 20
107.089
 11
-13.1804
 21
107.074
  0
LINE
  8
0
 10
-13.1804
 20
107.074
 11
-13.2953
 21
107.303
  0
LINE
  8
0
 10
12.9254
 20
107.089
 11
12.6082
 21
107.114
  0
LINE
  8
0
 10
12.6082
 20
107.114
 11
12.3001
 21
107.143
  0
LINE
  8
0
 10
12.3001
 20
107.143
 11
12.0012
 21
107.179
  0
LINE
  8
0
 10
12.0012
 20
107.179
 11
11.6643
 21
107.227
  0
LINE
  8
0
 10
11.6643
 20
107.227
 11
11.4304
 21
107.265
  0
LINE
  8
0
 10
11.4304
 20
107.265
 11
11.1607
 21
107.317
  0
LINE
  8
0
 10
11.1607
 20
107.317
 11
10.9854
 21
107.354
  0
LINE
  8
0
 10
10.9854
 20
107.354
 11
10.7712
 21
107.405
  0
LINE
  8
0
 10
10.7712
 20
107.405
 11
10.5244
 21
107.47
  0
LINE
  8
0
 10
10.5244
 20
107.47
 11
10.3244
 21
107.528
  0
LINE
  8
0
 10
10.3244
 20
107.528
 11
10.0951
 21
107.602
  0
LINE
  8
0
 10
10.0951
 20
107.602
 11
9.94583
 21
107.656
  0
LINE
  8
0
 10
9.94583
 20
107.656
 11
9.76639
 21
107.725
  0
LINE
  8
0
 10
9.76639
 20
107.725
 11
9.55948
 21
107.813
  0
LINE
  8
0
 10
9.55948
 20
107.813
 11
9.36172
 21
107.907
  0
LINE
  8
0
 10
9.36172
 20
107.907
 11
9.20517
 21
107.99
  0
LINE
  8
0
 10
9.20517
 20
107.99
 11
9.0239
 21
108.094
  0
LINE
  8
0
 10
9.0239
 20
108.094
 11
8.93784
 21
108.148
  0
LINE
  8
0
 10
8.93784
 20
108.148
 11
8.82523
 21
108.221
  0
LINE
  8
0
 10
8.82523
 20
108.221
 11
8.71857
 21
108.297
  0
LINE
  8
0
 10
8.71857
 20
108.297
 11
8.58856
 21
108.397
  0
LINE
  8
0
 10
8.58856
 20
108.397
 11
8.44345
 21
108.519
  0
LINE
  8
0
 10
8.44345
 20
108.519
 11
8.32809
 21
108.627
  0
LINE
  8
0
 10
8.32809
 20
108.627
 11
8.2196
 21
108.738
  0
LINE
  8
0
 10
8.2196
 20
108.738
 11
8.11798
 21
108.853
  0
LINE
  8
0
 10
8.11798
 20
108.853
 11
8.02277
 21
108.971
  0
LINE
  8
0
 10
8.02277
 20
108.971
 11
7.93533
 21
109.092
  0
LINE
  8
0
 10
7.93533
 20
109.092
 11
7.8685
 21
109.193
  0
LINE
  8
0
 10
7.8685
 20
109.193
 11
7.79114
 21
109.322
  0
LINE
  8
0
 10
7.79114
 20
109.322
 11
7.74857
 21
109.401
  0
LINE
  8
0
 10
7.74857
 20
109.401
 11
7.69501
 21
109.509
  0
LINE
  8
0
 10
7.69501
 20
109.509
 11
7.63321
 21
109.647
  0
LINE
  8
0
 10
7.63321
 20
109.647
 11
7.57782
 21
109.788
  0
LINE
  8
0
 10
7.57782
 20
109.788
 11
7.55859
 21
109.845
  0
LINE
  8
0
 10
7.55859
 20
109.845
 11
7.51282
 21
109.992
  0
LINE
  8
0
 10
7.51282
 20
109.992
 11
7.47299
 21
110.143
  0
LINE
  8
0
 10
7.47299
 20
110.143
 11
7.44049
 21
110.298
  0
LINE
  8
0
 10
7.44049
 20
110.298
 11
7.41898
 21
110.423
  0
LINE
  8
0
 10
7.41898
 20
110.423
 11
7.40158
 21
110.552
  0
LINE
  8
0
 10
7.40158
 20
110.552
 11
7.38556
 21
110.716
  0
LINE
  8
0
 10
7.38556
 20
110.716
 11
7.37823
 21
110.848
  0
LINE
  8
0
 10
7.37823
 20
110.848
 11
7.3732
 21
111.055
  0
LINE
  8
0
 10
7.3732
 20
111.055
 11
7.37411
 21
111.16
  0
LINE
  8
0
 10
7.37411
 20
111.16
 11
7.37869
 21
111.265
  0
LINE
  8
0
 10
7.37869
 20
111.265
 11
7.39014
 21
111.445
  0
LINE
  8
0
 10
7.39014
 20
111.445
 11
7.40753
 21
111.628
  0
LINE
  8
0
 10
7.40753
 20
111.628
 11
7.44965
 21
111.929
  0
LINE
  8
0
 10
7.44965
 20
111.929
 11
7.48444
 21
112.124
  0
LINE
  8
0
 10
7.48444
 20
112.124
 11
7.53479
 21
112.36
  0
LINE
  8
0
 10
7.53479
 20
112.36
 11
7.5737
 21
112.522
  0
LINE
  8
0
 10
7.5737
 20
112.522
 11
7.62772
 21
112.725
  0
LINE
  8
0
 10
7.62772
 20
112.725
 11
7.70142
 21
112.976
  0
LINE
  8
0
 10
7.70142
 20
112.976
 11
7.79938
 21
113.275
  0
LINE
  8
0
 10
7.79938
 20
113.275
 11
7.91016
 21
113.581
  0
LINE
  8
0
 10
7.91016
 20
113.581
 11
8.05161
 21
113.94
  0
LINE
  8
0
 10
8.05161
 20
113.94
 11
8.21045
 21
114.309
  0
LINE
  8
0
 10
8.21045
 20
114.309
 11
8.36288
 21
114.639
  0
LINE
  8
0
 10
8.36288
 20
114.639
 11
8.52814
 21
114.977
  0
LINE
  8
0
 10
8.52814
 20
114.977
 11
8.74786
 21
114.752
  0
LINE
  8
0
 10
8.74786
 20
114.752
 11
8.66272
 21
115.055
  0
LINE
  8
0
 10
8.66272
 20
115.055
 11
9.03717
 21
115.029
  0
LINE
  8
0
 10
9.03717
 20
115.029
 11
9.39972
 21
114.996
  0
LINE
  8
0
 10
9.39972
 20
114.996
 11
9.79797
 21
114.949
  0
LINE
  8
0
 10
9.79797
 20
114.949
 11
10.1802
 21
114.892
  0
LINE
  8
0
 10
10.1802
 20
114.892
 11
10.5016
 21
114.835
  0
LINE
  8
0
 10
10.5016
 20
114.835
 11
10.8083
 21
114.77
  0
LINE
  8
0
 10
10.8083
 20
114.77
 11
11.0632
 21
114.708
  0
LINE
  8
0
 10
11.0632
 20
114.708
 11
11.2669
 21
114.653
  0
LINE
  8
0
 10
11.2669
 20
114.653
 11
11.4262
 21
114.607
  0
LINE
  8
0
 10
11.4262
 20
114.607
 11
11.6556
 21
114.532
  0
LINE
  8
0
 10
11.6556
 20
114.532
 11
11.8401
 21
114.465
  0
LINE
  8
0
 10
11.8401
 20
114.465
 11
12.1234
 21
114.351
  0
LINE
  8
0
 10
12.1234
 20
114.351
 11
12.291
 21
114.274
  0
LINE
  8
0
 10
12.291
 20
114.274
 11
12.4525
 21
114.194
  0
LINE
  8
0
 10
12.4525
 20
114.194
 11
12.5459
 21
114.145
  0
LINE
  8
0
 10
12.5459
 20
114.145
 11
12.6379
 21
114.093
  0
LINE
  8
0
 10
12.6379
 20
114.093
 11
12.8133
 21
113.987
  0
LINE
  8
0
 10
12.8133
 20
113.987
 11
12.9254
 21
113.913
  0
LINE
  8
0
 10
12.9254
 20
113.913
 11
13.0586
 21
113.818
  0
LINE
  8
0
 10
13.0586
 20
113.818
 11
13.1621
 21
113.738
  0
LINE
  8
0
 10
13.1621
 20
113.738
 11
13.2596
 21
113.657
  0
LINE
  8
0
 10
13.2596
 20
113.657
 11
13.3777
 21
113.551
  0
LINE
  8
0
 10
13.3777
 20
113.551
 11
13.4885
 21
113.441
  0
LINE
  8
0
 10
13.4885
 20
113.441
 11
13.5924
 21
113.329
  0
LINE
  8
0
 10
13.5924
 20
113.329
 11
13.6327
 21
113.282
  0
LINE
  8
0
 10
13.6327
 20
113.282
 11
13.7279
 21
113.164
  0
LINE
  8
0
 10
13.7279
 20
113.164
 11
13.8153
 21
113.042
  0
LINE
  8
0
 10
13.8153
 20
113.042
 11
13.8821
 21
112.941
  0
LINE
  8
0
 10
13.8821
 20
112.941
 11
13.9297
 21
112.864
  0
LINE
  8
0
 10
13.9297
 20
112.864
 11
14.0016
 21
112.735
  0
LINE
  8
0
 10
14.0016
 20
112.735
 11
14.0556
 21
112.626
  0
LINE
  8
0
 10
14.0556
 20
112.626
 11
14.1174
 21
112.488
  0
LINE
  8
0
 10
14.1174
 20
112.488
 11
14.1728
 21
112.346
  0
LINE
  8
0
 10
14.1728
 20
112.346
 11
14.2209
 21
112.201
  0
LINE
  8
0
 10
14.2209
 20
112.201
 11
14.2621
 21
112.052
  0
LINE
  8
0
 10
14.2621
 20
112.052
 11
14.2982
 21
111.899
  0
LINE
  8
0
 10
14.2982
 20
111.899
 11
14.3321
 21
111.711
  0
LINE
  8
0
 10
14.3321
 20
111.711
 11
14.3527
 21
111.55
  0
LINE
  8
0
 10
14.3527
 20
111.55
 11
14.3651
 21
111.418
  0
LINE
  8
0
 10
14.3651
 20
111.418
 11
14.3729
 21
111.285
  0
LINE
  8
0
 10
14.3729
 20
111.285
 11
14.3765
 21
111.183
  0
LINE
  8
0
 10
14.3765
 20
111.183
 11
14.3765
 21
110.975
  0
LINE
  8
0
 10
14.3765
 20
110.975
 11
14.3683
 21
110.797
  0
LINE
  8
0
 10
14.3683
 20
110.797
 11
14.3509
 21
110.578
  0
LINE
  8
0
 10
14.3509
 20
110.578
 11
14.3239
 21
110.355
  0
LINE
  8
0
 10
14.3239
 20
110.355
 11
14.295
 21
110.165
  0
LINE
  8
0
 10
14.295
 20
110.165
 11
14.2662
 21
110.01
  0
LINE
  8
0
 10
14.2662
 20
110.01
 11
14.2159
 21
109.774
  0
LINE
  8
0
 10
14.2159
 20
109.774
 11
14.1664
 21
109.572
  0
LINE
  8
0
 10
14.1664
 20
109.572
 11
14.0991
 21
109.326
  0
LINE
  8
0
 10
14.0991
 20
109.326
 11
14.0364
 21
109.115
  0
LINE
  8
0
 10
14.0364
 20
109.115
 11
13.9806
 21
108.946
  0
LINE
  8
0
 10
13.9806
 20
108.946
 11
13.8904
 21
108.685
  0
LINE
  8
0
 10
13.8904
 20
108.685
 11
13.8071
 21
108.464
  0
LINE
  8
0
 10
13.8071
 20
108.464
 11
13.6798
 21
108.148
  0
LINE
  8
0
 10
13.6798
 20
108.148
 11
13.5612
 21
107.871
  0
LINE
  8
0
 10
13.5612
 20
107.871
 11
13.4322
 21
107.59
  0
LINE
  8
0
 10
13.4322
 20
107.59
 11
13.2953
 21
107.303
  0
LINE
  8
0
 10
13.2953
 20
107.303
 11
13.1804
 21
107.074
  0
LINE
  8
0
 10
13.1804
 20
107.074
 11
12.9254
 21
107.089
  0
LINE
  8
0
 10
-17.0746
 20
107.089
 11
-17.3918
 21
107.114
  0
LINE
  8
0
 10
-17.3918
 20
107.114
 11
-17.6999
 21
107.143
  0
LINE
  8
0
 10
-17.6999
 20
107.143
 11
-17.9988
 21
107.179
  0
LINE
  8
0
 10
-17.9988
 20
107.179
 11
-18.3357
 21
107.227
  0
LINE
  8
0
 10
-18.3357
 20
107.227
 11
-18.5696
 21
107.265
  0
LINE
  8
0
 10
-18.5696
 20
107.265
 11
-18.8393
 21
107.317
  0
LINE
  8
0
 10
-18.8393
 20
107.317
 11
-19.0146
 21
107.354
  0
LINE
  8
0
 10
-19.0146
 20
107.354
 11
-19.2288
 21
107.405
  0
LINE
  8
0
 10
-19.2288
 20
107.405
 11
-19.4756
 21
107.47
  0
LINE
  8
0
 10
-19.4756
 20
107.47
 11
-19.6756
 21
107.528
  0
LINE
  8
0
 10
-19.6756
 20
107.528
 11
-19.9049
 21
107.602
  0
LINE
  8
0
 10
-19.9049
 20
107.602
 11
-20.0542
 21
107.656
  0
LINE
  8
0
 10
-20.0542
 20
107.656
 11
-20.2336
 21
107.725
  0
LINE
  8
0
 10
-20.2336
 20
107.725
 11
-20.4405
 21
107.813
  0
LINE
  8
0
 10
-20.4405
 20
107.813
 11
-20.6383
 21
107.907
  0
LINE
  8
0
 10
-20.6383
 20
107.907
 11
-20.7948
 21
107.99
  0
LINE
  8
0
 10
-20.7948
 20
107.99
 11
-20.9761
 21
108.094
  0
LINE
  8
0
 10
-20.9761
 20
108.094
 11
-21.0622
 21
108.148
  0
LINE
  8
0
 10
-21.0622
 20
108.148
 11
-21.1748
 21
108.221
  0
LINE
  8
0
 10
-21.1748
 20
108.221
 11
-21.2814
 21
108.297
  0
LINE
  8
0
 10
-21.2814
 20
108.297
 11
-21.4114
 21
108.397
  0
LINE
  8
0
 10
-21.4114
 20
108.397
 11
-21.5565
 21
108.519
  0
LINE
  8
0
 10
-21.5565
 20
108.519
 11
-21.6719
 21
108.627
  0
LINE
  8
0
 10
-21.6719
 20
108.627
 11
-21.7804
 21
108.738
  0
LINE
  8
0
 10
-21.7804
 20
108.738
 11
-21.882
 21
108.853
  0
LINE
  8
0
 10
-21.882
 20
108.853
 11
-21.9772
 21
108.971
  0
LINE
  8
0
 10
-21.9772
 20
108.971
 11
-22.0647
 21
109.092
  0
LINE
  8
0
 10
-22.0647
 20
109.092
 11
-22.1315
 21
109.193
  0
LINE
  8
0
 10
-22.1315
 20
109.193
 11
-22.2089
 21
109.322
  0
LINE
  8
0
 10
-22.2089
 20
109.322
 11
-22.2514
 21
109.401
  0
LINE
  8
0
 10
-22.2514
 20
109.401
 11
-22.305
 21
109.509
  0
LINE
  8
0
 10
-22.305
 20
109.509
 11
-22.3668
 21
109.647
  0
LINE
  8
0
 10
-22.3668
 20
109.647
 11
-22.4222
 21
109.788
  0
LINE
  8
0
 10
-22.4222
 20
109.788
 11
-22.4414
 21
109.845
  0
LINE
  8
0
 10
-22.4414
 20
109.845
 11
-22.4872
 21
109.992
  0
LINE
  8
0
 10
-22.4872
 20
109.992
 11
-22.527
 21
110.143
  0
LINE
  8
0
 10
-22.527
 20
110.143
 11
-22.5595
 21
110.298
  0
LINE
  8
0
 10
-22.5595
 20
110.298
 11
-22.581
 21
110.423
  0
LINE
  8
0
 10
-22.581
 20
110.423
 11
-22.5984
 21
110.552
  0
LINE
  8
0
 10
-22.5984
 20
110.552
 11
-22.6144
 21
110.716
  0
LINE
  8
0
 10
-22.6144
 20
110.716
 11
-22.6218
 21
110.848
  0
LINE
  8
0
 10
-22.6218
 20
110.848
 11
-22.6268
 21
111.055
  0
LINE
  8
0
 10
-22.6268
 20
111.055
 11
-22.6259
 21
111.16
  0
LINE
  8
0
 10
-22.6259
 20
111.16
 11
-22.6213
 21
111.265
  0
LINE
  8
0
 10
-22.6213
 20
111.265
 11
-22.6099
 21
111.445
  0
LINE
  8
0
 10
-22.6099
 20
111.445
 11
-22.5925
 21
111.628
  0
LINE
  8
0
 10
-22.5925
 20
111.628
 11
-22.5504
 21
111.929
  0
LINE
  8
0
 10
-22.5504
 20
111.929
 11
-22.5156
 21
112.124
  0
LINE
  8
0
 10
-22.5156
 20
112.124
 11
-22.4652
 21
112.36
  0
LINE
  8
0
 10
-22.4652
 20
112.36
 11
-22.4263
 21
112.522
  0
LINE
  8
0
 10
-22.4263
 20
112.522
 11
-22.3723
 21
112.725
  0
LINE
  8
0
 10
-22.3723
 20
112.725
 11
-22.2986
 21
112.976
  0
LINE
  8
0
 10
-22.2986
 20
112.976
 11
-22.2006
 21
113.275
  0
LINE
  8
0
 10
-22.2006
 20
113.275
 11
-22.0898
 21
113.581
  0
LINE
  8
0
 10
-22.0898
 20
113.581
 11
-21.9484
 21
113.94
  0
LINE
  8
0
 10
-21.9484
 20
113.94
 11
-21.7896
 21
114.309
  0
LINE
  8
0
 10
-21.7896
 20
114.309
 11
-21.6371
 21
114.639
  0
LINE
  8
0
 10
-21.6371
 20
114.639
 11
-21.4719
 21
114.977
  0
LINE
  8
0
 10
-21.4719
 20
114.977
 11
-21.2521
 21
114.752
  0
LINE
  8
0
 10
-21.2521
 20
114.752
 11
-21.3373
 21
115.055
  0
LINE
  8
0
 10
-21.3373
 20
115.055
 11
-20.9628
 21
115.029
  0
LINE
  8
0
 10
-20.9628
 20
115.029
 11
-20.6003
 21
114.996
  0
LINE
  8
0
 10
-20.6003
 20
114.996
 11
-20.202
 21
114.949
  0
LINE
  8
0
 10
-20.202
 20
114.949
 11
-19.8198
 21
114.892
  0
LINE
  8
0
 10
-19.8198
 20
114.892
 11
-19.4984
 21
114.835
  0
LINE
  8
0
 10
-19.4984
 20
114.835
 11
-19.1917
 21
114.77
  0
LINE
  8
0
 10
-19.1917
 20
114.77
 11
-18.9368
 21
114.708
  0
LINE
  8
0
 10
-18.9368
 20
114.708
 11
-18.7331
 21
114.653
  0
LINE
  8
0
 10
-18.7331
 20
114.653
 11
-18.5738
 21
114.607
  0
LINE
  8
0
 10
-18.5738
 20
114.607
 11
-18.3444
 21
114.532
  0
LINE
  8
0
 10
-18.3444
 20
114.532
 11
-18.1599
 21
114.465
  0
LINE
  8
0
 10
-18.1599
 20
114.465
 11
-17.8766
 21
114.351
  0
LINE
  8
0
 10
-17.8766
 20
114.351
 11
-17.709
 21
114.274
  0
LINE
  8
0
 10
-17.709
 20
114.274
 11
-17.5475
 21
114.194
  0
LINE
  8
0
 10
-17.5475
 20
114.194
 11
-17.4541
 21
114.145
  0
LINE
  8
0
 10
-17.4541
 20
114.145
 11
-17.3621
 21
114.093
  0
LINE
  8
0
 10
-17.3621
 20
114.093
 11
-17.1867
 21
113.987
  0
LINE
  8
0
 10
-17.1867
 20
113.987
 11
-17.0746
 21
113.913
  0
LINE
  8
0
 10
-17.0746
 20
113.913
 11
-16.9414
 21
113.818
  0
LINE
  8
0
 10
-16.9414
 20
113.818
 11
-16.8379
 21
113.738
  0
LINE
  8
0
 10
-16.8379
 20
113.738
 11
-16.7404
 21
113.657
  0
LINE
  8
0
 10
-16.7404
 20
113.657
 11
-16.6223
 21
113.551
  0
LINE
  8
0
 10
-16.6223
 20
113.551
 11
-16.5115
 21
113.441
  0
LINE
  8
0
 10
-16.5115
 20
113.441
 11
-16.4076
 21
113.329
  0
LINE
  8
0
 10
-16.4076
 20
113.329
 11
-16.3673
 21
113.282
  0
LINE
  8
0
 10
-16.3673
 20
113.282
 11
-16.2721
 21
113.164
  0
LINE
  8
0
 10
-16.2721
 20
113.164
 11
-16.1847
 21
113.042
  0
LINE
  8
0
 10
-16.1847
 20
113.042
 11
-16.1179
 21
112.941
  0
LINE
  8
0
 10
-16.1179
 20
112.941
 11
-16.0703
 21
112.864
  0
LINE
  8
0
 10
-16.0703
 20
112.864
 11
-15.9984
 21
112.735
  0
LINE
  8
0
 10
-15.9984
 20
112.735
 11
-15.9444
 21
112.626
  0
LINE
  8
0
 10
-15.9444
 20
112.626
 11
-15.8826
 21
112.488
  0
LINE
  8
0
 10
-15.8826
 20
112.488
 11
-15.8272
 21
112.346
  0
LINE
  8
0
 10
-15.8272
 20
112.346
 11
-15.7791
 21
112.201
  0
LINE
  8
0
 10
-15.7791
 20
112.201
 11
-15.7379
 21
112.052
  0
LINE
  8
0
 10
-15.7379
 20
112.052
 11
-15.7018
 21
111.899
  0
LINE
  8
0
 10
-15.7018
 20
111.899
 11
-15.6679
 21
111.711
  0
LINE
  8
0
 10
-15.6679
 20
111.711
 11
-15.6473
 21
111.55
  0
LINE
  8
0
 10
-15.6473
 20
111.55
 11
-15.6349
 21
111.418
  0
LINE
  8
0
 10
-15.6349
 20
111.418
 11
-15.6271
 21
111.285
  0
LINE
  8
0
 10
-15.6271
 20
111.285
 11
-15.6235
 21
111.183
  0
LINE
  8
0
 10
-15.6235
 20
111.183
 11
-15.6235
 21
110.975
  0
LINE
  8
0
 10
-15.6235
 20
110.975
 11
-15.6317
 21
110.797
  0
LINE
  8
0
 10
-15.6317
 20
110.797
 11
-15.6491
 21
110.578
  0
LINE
  8
0
 10
-15.6491
 20
110.578
 11
-15.6761
 21
110.355
  0
LINE
  8
0
 10
-15.6761
 20
110.355
 11
-15.705
 21
110.165
  0
LINE
  8
0
 10
-15.705
 20
110.165
 11
-15.7338
 21
110.01
  0
LINE
  8
0
 10
-15.7338
 20
110.01
 11
-15.7841
 21
109.774
  0
LINE
  8
0
 10
-15.7841
 20
109.774
 11
-15.8336
 21
109.572
  0
LINE
  8
0
 10
-15.8336
 20
109.572
 11
-15.9009
 21
109.326
  0
LINE
  8
0
 10
-15.9009
 20
109.326
 11
-15.9636
 21
109.115
  0
LINE
  8
0
 10
-15.9636
 20
109.115
 11
-16.0194
 21
108.946
  0
LINE
  8
0
 10
-16.0194
 20
108.946
 11
-16.1096
 21
108.685
  0
LINE
  8
0
 10
-16.1096
 20
108.685
 11
-16.1929
 21
108.464
  0
LINE
  8
0
 10
-16.1929
 20
108.464
 11
-16.3202
 21
108.148
  0
LINE
  8
0
 10
-16.3202
 20
108.148
 11
-16.4388
 21
107.871
  0
LINE
  8
0
 10
-16.4388
 20
107.871
 11
-16.5678
 21
107.59
  0
LINE
  8
0
 10
-16.5678
 20
107.59
 11
-16.7047
 21
107.303
  0
LINE
  8
0
 10
-16.7047
 20
107.303
 11
-16.8196
 21
107.074
  0
LINE
  8
0
 10
-16.8196
 20
107.074
 11
-17.0746
 21
107.089
  0
LINE
  8
0
 10
16.7047
 20
107.303
 11
16.5678
 21
107.59
  0
LINE
  8
0
 10
16.5678
 20
107.59
 11
16.4388
 21
107.872
  0
LINE
  8
0
 10
16.4388
 20
107.872
 11
16.3202
 21
108.148
  0
LINE
  8
0
 10
16.3202
 20
108.148
 11
16.1925
 21
108.464
  0
LINE
  8
0
 10
16.1925
 20
108.464
 11
16.1101
 21
108.685
  0
LINE
  8
0
 10
16.1101
 20
108.685
 11
16.019
 21
108.946
  0
LINE
  8
0
 10
16.019
 20
108.946
 11
15.9641
 21
109.115
  0
LINE
  8
0
 10
15.9641
 20
109.115
 11
15.9004
 21
109.326
  0
LINE
  8
0
 10
15.9004
 20
109.326
 11
15.8336
 21
109.572
  0
LINE
  8
0
 10
15.8336
 20
109.572
 11
15.7841
 21
109.774
  0
LINE
  8
0
 10
15.7841
 20
109.774
 11
15.7338
 21
110.011
  0
LINE
  8
0
 10
15.7338
 20
110.011
 11
15.7054
 21
110.165
  0
LINE
  8
0
 10
15.7054
 20
110.165
 11
15.6761
 21
110.356
  0
LINE
  8
0
 10
15.6761
 20
110.356
 11
15.6491
 21
110.58
  0
LINE
  8
0
 10
15.6491
 20
110.58
 11
15.6317
 21
110.798
  0
LINE
  8
0
 10
15.6317
 20
110.798
 11
15.6239
 21
110.974
  0
LINE
  8
0
 10
15.6239
 20
110.974
 11
15.623
 21
111.183
  0
LINE
  8
0
 10
15.623
 20
111.183
 11
15.6271
 21
111.285
  0
LINE
  8
0
 10
15.6271
 20
111.285
 11
15.6349
 21
111.418
  0
LINE
  8
0
 10
15.6349
 20
111.418
 11
15.6473
 21
111.55
  0
LINE
  8
0
 10
15.6473
 20
111.55
 11
15.6679
 21
111.711
  0
LINE
  8
0
 10
15.6679
 20
111.711
 11
15.7022
 21
111.899
  0
LINE
  8
0
 10
15.7022
 20
111.899
 11
15.7375
 21
112.052
  0
LINE
  8
0
 10
15.7375
 20
112.052
 11
15.7791
 21
112.201
  0
LINE
  8
0
 10
15.7791
 20
112.201
 11
15.8272
 21
112.346
  0
LINE
  8
0
 10
15.8272
 20
112.346
 11
15.8826
 21
112.488
  0
LINE
  8
0
 10
15.8826
 20
112.488
 11
15.9444
 21
112.626
  0
LINE
  8
0
 10
15.9444
 20
112.626
 11
15.9984
 21
112.735
  0
LINE
  8
0
 10
15.9984
 20
112.735
 11
16.0703
 21
112.864
  0
LINE
  8
0
 10
16.0703
 20
112.864
 11
16.1179
 21
112.941
  0
LINE
  8
0
 10
16.1179
 20
112.941
 11
16.1847
 21
113.042
  0
LINE
  8
0
 10
16.1847
 20
113.042
 11
16.2721
 21
113.164
  0
LINE
  8
0
 10
16.2721
 20
113.164
 11
16.3673
 21
113.282
  0
LINE
  8
0
 10
16.3673
 20
113.282
 11
16.4076
 21
113.329
  0
LINE
  8
0
 10
16.4076
 20
113.329
 11
16.5115
 21
113.441
  0
LINE
  8
0
 10
16.5115
 20
113.441
 11
16.6223
 21
113.551
  0
LINE
  8
0
 10
16.6223
 20
113.551
 11
16.7404
 21
113.657
  0
LINE
  8
0
 10
16.7404
 20
113.657
 11
16.8379
 21
113.738
  0
LINE
  8
0
 10
16.8379
 20
113.738
 11
16.9414
 21
113.818
  0
LINE
  8
0
 10
16.9414
 20
113.818
 11
17.0746
 21
113.913
  0
LINE
  8
0
 10
17.0746
 20
113.913
 11
17.1867
 21
113.987
  0
LINE
  8
0
 10
17.1867
 20
113.987
 11
17.3621
 21
114.093
  0
LINE
  8
0
 10
17.3621
 20
114.093
 11
17.4541
 21
114.145
  0
LINE
  8
0
 10
17.4541
 20
114.145
 11
17.5475
 21
114.194
  0
LINE
  8
0
 10
17.5475
 20
114.194
 11
17.709
 21
114.274
  0
LINE
  8
0
 10
17.709
 20
114.274
 11
17.8766
 21
114.351
  0
LINE
  8
0
 10
17.8766
 20
114.351
 11
18.1599
 21
114.465
  0
LINE
  8
0
 10
18.1599
 20
114.465
 11
18.3444
 21
114.532
  0
LINE
  8
0
 10
18.3444
 20
114.532
 11
18.5738
 21
114.607
  0
LINE
  8
0
 10
18.5738
 20
114.607
 11
18.7331
 21
114.653
  0
LINE
  8
0
 10
18.7331
 20
114.653
 11
18.9368
 21
114.708
  0
LINE
  8
0
 10
18.9368
 20
114.708
 11
19.1917
 21
114.77
  0
LINE
  8
0
 10
19.1917
 20
114.77
 11
19.4984
 21
114.835
  0
LINE
  8
0
 10
19.4984
 20
114.835
 11
19.8198
 21
114.892
  0
LINE
  8
0
 10
19.8198
 20
114.892
 11
20.202
 21
114.949
  0
LINE
  8
0
 10
20.202
 20
114.949
 11
20.6003
 21
114.996
  0
LINE
  8
0
 10
20.6003
 20
114.996
 11
20.9628
 21
115.029
  0
LINE
  8
0
 10
20.9628
 20
115.029
 11
21.3373
 21
115.055
  0
LINE
  8
0
 10
21.3373
 20
115.055
 11
21.2521
 21
114.752
  0
LINE
  8
0
 10
21.2521
 20
114.752
 11
21.4719
 21
114.977
  0
LINE
  8
0
 10
21.4719
 20
114.977
 11
21.6371
 21
114.639
  0
LINE
  8
0
 10
21.6371
 20
114.639
 11
21.7896
 21
114.309
  0
LINE
  8
0
 10
21.7896
 20
114.309
 11
21.9484
 21
113.94
  0
LINE
  8
0
 10
21.9484
 20
113.94
 11
22.0898
 21
113.581
  0
LINE
  8
0
 10
22.0898
 20
113.581
 11
22.2011
 21
113.275
  0
LINE
  8
0
 10
22.2011
 20
113.275
 11
22.2981
 21
112.976
  0
LINE
  8
0
 10
22.2981
 20
112.976
 11
22.3723
 21
112.725
  0
LINE
  8
0
 10
22.3723
 20
112.725
 11
22.4263
 21
112.522
  0
LINE
  8
0
 10
22.4263
 20
112.522
 11
22.4652
 21
112.36
  0
LINE
  8
0
 10
22.4652
 20
112.36
 11
22.5151
 21
112.124
  0
LINE
  8
0
 10
22.5151
 20
112.124
 11
22.5504
 21
111.929
  0
LINE
  8
0
 10
22.5504
 20
111.929
 11
22.5925
 21
111.628
  0
LINE
  8
0
 10
22.5925
 20
111.628
 11
22.6099
 21
111.445
  0
LINE
  8
0
 10
22.6099
 20
111.445
 11
22.6213
 21
111.265
  0
LINE
  8
0
 10
22.6213
 20
111.265
 11
22.6254
 21
111.16
  0
LINE
  8
0
 10
22.6254
 20
111.16
 11
22.6268
 21
111.054
  0
LINE
  8
0
 10
22.6268
 20
111.054
 11
22.6222
 21
110.848
  0
LINE
  8
0
 10
22.6222
 20
110.848
 11
22.6144
 21
110.715
  0
LINE
  8
0
 10
22.6144
 20
110.715
 11
22.5984
 21
110.55
  0
LINE
  8
0
 10
22.5984
 20
110.55
 11
22.581
 21
110.422
  0
LINE
  8
0
 10
22.581
 20
110.422
 11
22.5591
 21
110.296
  0
LINE
  8
0
 10
22.5591
 20
110.296
 11
22.5266
 21
110.142
  0
LINE
  8
0
 10
22.5266
 20
110.142
 11
22.4872
 21
109.992
  0
LINE
  8
0
 10
22.4872
 20
109.992
 11
22.4409
 21
109.845
  0
LINE
  8
0
 10
22.4409
 20
109.845
 11
22.4217
 21
109.787
  0
LINE
  8
0
 10
22.4217
 20
109.787
 11
22.3663
 21
109.645
  0
LINE
  8
0
 10
22.3663
 20
109.645
 11
22.3045
 21
109.508
  0
LINE
  8
0
 10
22.3045
 20
109.508
 11
22.251
 21
109.4
  0
LINE
  8
0
 10
22.251
 20
109.4
 11
22.2079
 21
109.321
  0
LINE
  8
0
 10
22.2079
 20
109.321
 11
22.131
 21
109.192
  0
LINE
  8
0
 10
22.131
 20
109.192
 11
22.0647
 21
109.092
  0
LINE
  8
0
 10
22.0647
 20
109.092
 11
21.9763
 21
108.969
  0
LINE
  8
0
 10
21.9763
 20
108.969
 11
21.882
 21
108.853
  0
LINE
  8
0
 10
21.882
 20
108.853
 11
21.7795
 21
108.737
  0
LINE
  8
0
 10
21.7795
 20
108.737
 11
21.671
 21
108.626
  0
LINE
  8
0
 10
21.671
 20
108.626
 11
21.5565
 21
108.519
  0
LINE
  8
0
 10
21.5565
 20
108.519
 11
21.4114
 21
108.397
  0
LINE
  8
0
 10
21.4114
 20
108.397
 11
21.2814
 21
108.297
  0
LINE
  8
0
 10
21.2814
 20
108.297
 11
21.1748
 21
108.221
  0
LINE
  8
0
 10
21.1748
 20
108.221
 11
21.0622
 21
108.148
  0
LINE
  8
0
 10
21.0622
 20
108.148
 11
20.9752
 21
108.093
  0
LINE
  8
0
 10
20.9752
 20
108.093
 11
20.7948
 21
107.99
  0
LINE
  8
0
 10
20.7948
 20
107.99
 11
20.6374
 21
107.907
  0
LINE
  8
0
 10
20.6374
 20
107.907
 11
20.4396
 21
107.813
  0
LINE
  8
0
 10
20.4396
 20
107.813
 11
20.2336
 21
107.725
  0
LINE
  8
0
 10
20.2336
 20
107.725
 11
20.0542
 21
107.656
  0
LINE
  8
0
 10
20.0542
 20
107.656
 11
19.9049
 21
107.602
  0
LINE
  8
0
 10
19.9049
 20
107.602
 11
19.6756
 21
107.528
  0
LINE
  8
0
 10
19.6756
 20
107.528
 11
19.4756
 21
107.47
  0
LINE
  8
0
 10
19.4756
 20
107.47
 11
19.2288
 21
107.405
  0
LINE
  8
0
 10
19.2288
 20
107.405
 11
19.0146
 21
107.354
  0
LINE
  8
0
 10
19.0146
 20
107.354
 11
18.8393
 21
107.317
  0
LINE
  8
0
 10
18.8393
 20
107.317
 11
18.5696
 21
107.265
  0
LINE
  8
0
 10
18.5696
 20
107.265
 11
18.3357
 21
107.227
  0
LINE
  8
0
 10
18.3357
 20
107.227
 11
17.9988
 21
107.179
  0
LINE
  8
0
 10
17.9988
 20
107.179
 11
17.6999
 21
107.143
  0
LINE
  8
0
 10
17.6999
 20
107.143
 11
17.3918
 21
107.114
  0
LINE
  8
0
 10
17.3918
 20
107.114
 11
17.0746
 21
107.089
  0
LINE
  8
0
 10
17.0746
 20
107.089
 11
16.8196
 21
107.074
  0
LINE
  8
0
 10
16.8196
 20
107.074
 11
16.7047
 21
107.303
  0
LINE
  8
0
 10
-1.69739
 20
106.556
 11
-2.40005
 21
108.253
  0
LINE
  8
0
 10
-2.40005
 20
108.253
 11
-1.69739
 21
109.95
  0
LINE
  8
0
 10
-1.69739
 20
109.95
 11
0
 21
110.653
  0
LINE
  8
0
 10
0
 20
110.653
 11
1.69739
 21
109.95
  0
LINE
  8
0
 10
1.69739
 20
109.95
 11
2.40005
 21
108.253
  0
LINE
  8
0
 10
2.40005
 20
108.253
 11
1.69739
 21
106.556
  0
LINE
  8
0
 10
1.69739
 20
106.556
 11
0
 21
105.853
  0
LINE
  8
0
 10
0
 20
105.853
 11
-1.69739
 21
106.556
  0
LINE
  8
0
 10
-6.87057
 20
100.381
 11
-6.98914
 21
100.389
  0
LINE
  8
0
 10
-6.98914
 20
100.389
 11
-7.13928
 21
100.405
  0
LINE
  8
0
 10
-7.13928
 20
100.405
 11
-7.29126
 21
100.428
  0
LINE
  8
0
 10
-7.29126
 20
100.428
 11
-7.44095
 21
100.459
  0
LINE
  8
0
 10
-7.44095
 20
100.459
 11
-7.58972
 21
100.497
  0
LINE
  8
0
 10
-7.58972
 20
100.497
 11
-7.74124
 21
100.543
  0
LINE
  8
0
 10
-7.74124
 20
100.543
 11
-7.91977
 21
100.607
  0
LINE
  8
0
 10
-7.91977
 20
100.607
 11
-8.07083
 21
100.67
  0
LINE
  8
0
 10
-8.07083
 20
100.67
 11
-8.18985
 21
100.725
  0
LINE
  8
0
 10
-8.18985
 20
100.725
 11
-8.3107
 21
100.785
  0
LINE
  8
0
 10
-8.3107
 20
100.785
 11
-8.40088
 21
100.833
  0
LINE
  8
0
 10
-8.40088
 20
100.833
 11
-8.58078
 21
100.937
  0
LINE
  8
0
 10
-8.58078
 20
100.937
 11
-8.72955
 21
101.032
  0
LINE
  8
0
 10
-8.72955
 20
101.032
 11
-8.91083
 21
101.158
  0
LINE
  8
0
 10
-8.91083
 20
101.158
 11
-9.08981
 21
101.292
  0
LINE
  8
0
 10
-9.08981
 20
101.292
 11
-9.24088
 21
101.413
  0
LINE
  8
0
 10
-9.24088
 20
101.413
 11
-9.35989
 21
101.515
  0
LINE
  8
0
 10
-9.35989
 20
101.515
 11
-9.54117
 21
101.677
  0
LINE
  8
0
 10
-9.54117
 20
101.677
 11
-9.68994
 21
101.819
  0
LINE
  8
0
 10
-9.68994
 20
101.819
 11
-9.8703
 21
102.002
  0
LINE
  8
0
 10
-9.8703
 20
102.002
 11
-10.0204
 21
102.162
  0
LINE
  8
0
 10
-10.0204
 20
102.162
 11
-10.1404
 21
102.295
  0
LINE
  8
0
 10
-10.1404
 20
102.295
 11
-10.3203
 21
102.504
  0
LINE
  8
0
 10
-10.3203
 20
102.504
 11
-10.4704
 21
102.686
  0
LINE
  8
0
 10
-10.4704
 20
102.686
 11
-10.6801
 21
102.953
  0
LINE
  8
0
 10
-10.6801
 20
102.953
 11
-10.8609
 21
103.195
  0
LINE
  8
0
 10
-10.8609
 20
103.195
 11
-11.0408
 21
103.447
  0
LINE
  8
0
 10
-11.0408
 20
103.447
 11
-11.2202
 21
103.71
  0
LINE
  8
0
 10
-11.2202
 20
103.71
 11
-11.3617
 21
103.922
  0
LINE
  8
0
 10
-11.3617
 20
103.922
 11
-11.2202
 21
104.136
  0
LINE
  8
0
 10
-11.2202
 20
104.136
 11
-11.0399
 21
104.399
  0
LINE
  8
0
 10
-11.0399
 20
104.399
 11
-10.8609
 21
104.651
  0
LINE
  8
0
 10
-10.8609
 20
104.651
 11
-10.6801
 21
104.892
  0
LINE
  8
0
 10
-10.6801
 20
104.892
 11
-10.4704
 21
105.16
  0
LINE
  8
0
 10
-10.4704
 20
105.16
 11
-10.3203
 21
105.342
  0
LINE
  8
0
 10
-10.3203
 20
105.342
 11
-10.1404
 21
105.551
  0
LINE
  8
0
 10
-10.1404
 20
105.551
 11
-10.0204
 21
105.684
  0
LINE
  8
0
 10
-10.0204
 20
105.684
 11
-9.8703
 21
105.844
  0
LINE
  8
0
 10
-9.8703
 20
105.844
 11
-9.68994
 21
106.026
  0
LINE
  8
0
 10
-9.68994
 20
106.026
 11
-9.54071
 21
106.169
  0
LINE
  8
0
 10
-9.54071
 20
106.169
 11
-9.35989
 21
106.331
  0
LINE
  8
0
 10
-9.35989
 20
106.331
 11
-9.24088
 21
106.433
  0
LINE
  8
0
 10
-9.24088
 20
106.433
 11
-9.08981
 21
106.554
  0
LINE
  8
0
 10
-9.08981
 20
106.554
 11
-8.91083
 21
106.688
  0
LINE
  8
0
 10
-8.91083
 20
106.688
 11
-8.72955
 21
106.814
  0
LINE
  8
0
 10
-8.72955
 20
106.814
 11
-8.58078
 21
106.908
  0
LINE
  8
0
 10
-8.58078
 20
106.908
 11
-8.40088
 21
107.012
  0
LINE
  8
0
 10
-8.40088
 20
107.012
 11
-8.3107
 21
107.06
  0
LINE
  8
0
 10
-8.3107
 20
107.06
 11
-8.18985
 21
107.121
  0
LINE
  8
0
 10
-8.18985
 20
107.121
 11
-8.07083
 21
107.176
  0
LINE
  8
0
 10
-8.07083
 20
107.176
 11
-7.91977
 21
107.238
  0
LINE
  8
0
 10
-7.91977
 20
107.238
 11
-7.74124
 21
107.303
  0
LINE
  8
0
 10
-7.74124
 20
107.303
 11
-7.58972
 21
107.349
  0
LINE
  8
0
 10
-7.58972
 20
107.349
 11
-7.44095
 21
107.387
  0
LINE
  8
0
 10
-7.44095
 20
107.387
 11
-7.29126
 21
107.418
  0
LINE
  8
0
 10
-7.29126
 20
107.418
 11
-7.13928
 21
107.441
  0
LINE
  8
0
 10
-7.13928
 20
107.441
 11
-6.98914
 21
107.457
  0
LINE
  8
0
 10
-6.98914
 20
107.457
 11
-6.87057
 21
107.464
  0
LINE
  8
0
 10
-6.87057
 20
107.464
 11
-6.72089
 21
107.466
  0
LINE
  8
0
 10
-6.72089
 20
107.466
 11
-6.62979
 21
107.464
  0
LINE
  8
0
 10
-6.62979
 20
107.464
 11
-6.51123
 21
107.457
  0
LINE
  8
0
 10
-6.51123
 20
107.457
 11
-6.36108
 21
107.441
  0
LINE
  8
0
 10
-6.36108
 20
107.441
 11
-6.20956
 21
107.418
  0
LINE
  8
0
 10
-6.20956
 20
107.418
 11
-6.15005
 21
107.406
  0
LINE
  8
0
 10
-6.15005
 20
107.406
 11
-5.99945
 21
107.373
  0
LINE
  8
0
 10
-5.99945
 20
107.373
 11
-5.8493
 21
107.331
  0
LINE
  8
0
 10
-5.8493
 20
107.331
 11
-5.69916
 21
107.283
  0
LINE
  8
0
 10
-5.69916
 20
107.283
 11
-5.5806
 21
107.238
  0
LINE
  8
0
 10
-5.5806
 20
107.238
 11
-5.45975
 21
107.189
  0
LINE
  8
0
 10
-5.45975
 20
107.189
 11
-5.3096
 21
107.12
  0
LINE
  8
0
 10
-5.3096
 20
107.12
 11
-5.18967
 21
107.06
  0
LINE
  8
0
 10
-5.18967
 20
107.06
 11
-5.00977
 21
106.962
  0
LINE
  8
0
 10
-5.00977
 20
106.962
 11
-4.9205
 21
106.908
  0
LINE
  8
0
 10
-4.9205
 20
106.908
 11
-4.82986
 21
106.852
  0
LINE
  8
0
 10
-4.82986
 20
106.852
 11
-4.67972
 21
106.752
  0
LINE
  8
0
 10
-4.67972
 20
106.752
 11
-4.53049
 21
106.646
  0
LINE
  8
0
 10
-4.53049
 20
106.646
 11
-4.2897
 21
106.458
  0
LINE
  8
0
 10
-4.2897
 20
106.458
 11
-4.14047
 21
106.331
  0
LINE
  8
0
 10
-4.14047
 20
106.331
 11
-3.96011
 21
106.169
  0
LINE
  8
0
 10
-3.96011
 20
106.169
 11
-3.83972
 21
106.055
  0
LINE
  8
0
 10
-3.83972
 20
106.055
 11
-3.68958
 21
105.906
  0
LINE
  8
0
 10
-3.68958
 20
105.906
 11
-3.51059
 21
105.717
  0
LINE
  8
0
 10
-3.51059
 20
105.717
 11
-3.30002
 21
105.482
  0
LINE
  8
0
 10
-3.30002
 20
105.482
 11
-3.0899
 21
105.234
  0
LINE
  8
0
 10
-3.0899
 20
105.234
 11
-2.85049
 21
104.932
  0
LINE
  8
0
 10
-2.85049
 20
104.932
 11
-2.61017
 21
104.61
  0
LINE
  8
0
 10
-2.61017
 20
104.61
 11
-2.40005
 21
104.312
  0
LINE
  8
0
 10
-2.40005
 20
104.312
 11
-2.1904
 21
104.001
  0
LINE
  8
0
 10
-2.1904
 20
104.001
 11
-2.49664
 21
103.923
  0
LINE
  8
0
 10
-2.49664
 20
103.923
 11
-2.1904
 21
103.845
  0
LINE
  8
0
 10
-2.1904
 20
103.845
 11
-2.40005
 21
103.534
  0
LINE
  8
0
 10
-2.40005
 20
103.534
 11
-2.61063
 21
103.235
  0
LINE
  8
0
 10
-2.61063
 20
103.235
 11
-2.85049
 21
102.914
  0
LINE
  8
0
 10
-2.85049
 20
102.914
 11
-3.09036
 21
102.611
  0
LINE
  8
0
 10
-3.09036
 20
102.611
 11
-3.30002
 21
102.364
  0
LINE
  8
0
 10
-3.30002
 20
102.364
 11
-3.51013
 21
102.128
  0
LINE
  8
0
 10
-3.51013
 20
102.128
 11
-3.69003
 21
101.939
  0
LINE
  8
0
 10
-3.69003
 20
101.939
 11
-3.83972
 21
101.791
  0
LINE
  8
0
 10
-3.83972
 20
101.791
 11
-3.96011
 21
101.677
  0
LINE
  8
0
 10
-3.96011
 20
101.677
 11
-4.14047
 21
101.515
  0
LINE
  8
0
 10
-4.14047
 20
101.515
 11
-4.2897
 21
101.388
  0
LINE
  8
0
 10
-4.2897
 20
101.388
 11
-4.53049
 21
101.2
  0
LINE
  8
0
 10
-4.53049
 20
101.2
 11
-4.67972
 21
101.094
  0
LINE
  8
0
 10
-4.67972
 20
101.094
 11
-4.82986
 21
100.994
  0
LINE
  8
0
 10
-4.82986
 20
100.994
 11
-4.92004
 21
100.937
  0
LINE
  8
0
 10
-4.92004
 20
100.937
 11
-5.01022
 21
100.884
  0
LINE
  8
0
 10
-5.01022
 20
100.884
 11
-5.18967
 21
100.785
  0
LINE
  8
0
 10
-5.18967
 20
100.785
 11
-5.31052
 21
100.725
  0
LINE
  8
0
 10
-5.31052
 20
100.725
 11
-5.46066
 21
100.657
  0
LINE
  8
0
 10
-5.46066
 20
100.657
 11
-5.5806
 21
100.607
  0
LINE
  8
0
 10
-5.5806
 20
100.607
 11
-5.70099
 21
100.562
  0
LINE
  8
0
 10
-5.70099
 20
100.562
 11
-5.8493
 21
100.514
  0
LINE
  8
0
 10
-5.8493
 20
100.514
 11
-5.99945
 21
100.473
  0
LINE
  8
0
 10
-5.99945
 20
100.473
 11
-6.15051
 21
100.439
  0
LINE
  8
0
 10
-6.15051
 20
100.439
 11
-6.20956
 21
100.428
  0
LINE
  8
0
 10
-6.20956
 20
100.428
 11
-6.36108
 21
100.405
  0
LINE
  8
0
 10
-6.36108
 20
100.405
 11
-6.51123
 21
100.389
  0
LINE
  8
0
 10
-6.51123
 20
100.389
 11
-6.62979
 21
100.382
  0
LINE
  8
0
 10
-6.62979
 20
100.382
 11
-6.72089
 21
100.379
  0
LINE
  8
0
 10
-6.72089
 20
100.379
 11
-6.87057
 21
100.381
  0
LINE
  8
0
 10
6.62979
 20
100.382
 11
6.51123
 21
100.389
  0
LINE
  8
0
 10
6.51123
 20
100.389
 11
6.36108
 21
100.405
  0
LINE
  8
0
 10
6.36108
 20
100.405
 11
6.20956
 21
100.427
  0
LINE
  8
0
 10
6.20956
 20
100.427
 11
6.15005
 21
100.439
  0
LINE
  8
0
 10
6.15005
 20
100.439
 11
5.99945
 21
100.473
  0
LINE
  8
0
 10
5.99945
 20
100.473
 11
5.8493
 21
100.514
  0
LINE
  8
0
 10
5.8493
 20
100.514
 11
5.69916
 21
100.563
  0
LINE
  8
0
 10
5.69916
 20
100.563
 11
5.5806
 21
100.607
  0
LINE
  8
0
 10
5.5806
 20
100.607
 11
5.45975
 21
100.657
  0
LINE
  8
0
 10
5.45975
 20
100.657
 11
5.3096
 21
100.725
  0
LINE
  8
0
 10
5.3096
 20
100.725
 11
5.18967
 21
100.785
  0
LINE
  8
0
 10
5.18967
 20
100.785
 11
5.00977
 21
100.884
  0
LINE
  8
0
 10
5.00977
 20
100.884
 11
4.9205
 21
100.937
  0
LINE
  8
0
 10
4.9205
 20
100.937
 11
4.82986
 21
100.994
  0
LINE
  8
0
 10
4.82986
 20
100.994
 11
4.67972
 21
101.094
  0
LINE
  8
0
 10
4.67972
 20
101.094
 11
4.53049
 21
101.2
  0
LINE
  8
0
 10
4.53049
 20
101.2
 11
4.2897
 21
101.388
  0
LINE
  8
0
 10
4.2897
 20
101.388
 11
4.14047
 21
101.515
  0
LINE
  8
0
 10
4.14047
 20
101.515
 11
3.96011
 21
101.677
  0
LINE
  8
0
 10
3.96011
 20
101.677
 11
3.83972
 21
101.791
  0
LINE
  8
0
 10
3.83972
 20
101.791
 11
3.68958
 21
101.94
  0
LINE
  8
0
 10
3.68958
 20
101.94
 11
3.51059
 21
102.129
  0
LINE
  8
0
 10
3.51059
 20
102.129
 11
3.30002
 21
102.364
  0
LINE
  8
0
 10
3.30002
 20
102.364
 11
3.0899
 21
102.612
  0
LINE
  8
0
 10
3.0899
 20
102.612
 11
2.85049
 21
102.914
  0
LINE
  8
0
 10
2.85049
 20
102.914
 11
2.61017
 21
103.236
  0
LINE
  8
0
 10
2.61017
 20
103.236
 11
2.40005
 21
103.534
  0
LINE
  8
0
 10
2.40005
 20
103.534
 11
2.1904
 21
103.845
  0
LINE
  8
0
 10
2.1904
 20
103.845
 11
2.49664
 21
103.923
  0
LINE
  8
0
 10
2.49664
 20
103.923
 11
2.1904
 21
104.001
  0
LINE
  8
0
 10
2.1904
 20
104.001
 11
2.40005
 21
104.312
  0
LINE
  8
0
 10
2.40005
 20
104.312
 11
2.61017
 21
104.61
  0
LINE
  8
0
 10
2.61017
 20
104.61
 11
2.85049
 21
104.932
  0
LINE
  8
0
 10
2.85049
 20
104.932
 11
3.0899
 21
105.234
  0
LINE
  8
0
 10
3.0899
 20
105.234
 11
3.30002
 21
105.482
  0
LINE
  8
0
 10
3.30002
 20
105.482
 11
3.51013
 21
105.717
  0
LINE
  8
0
 10
3.51013
 20
105.717
 11
3.68958
 21
105.906
  0
LINE
  8
0
 10
3.68958
 20
105.906
 11
3.83972
 21
106.055
  0
LINE
  8
0
 10
3.83972
 20
106.055
 11
3.95966
 21
106.169
  0
LINE
  8
0
 10
3.95966
 20
106.169
 11
4.14047
 21
106.331
  0
LINE
  8
0
 10
4.14047
 20
106.331
 11
4.2897
 21
106.458
  0
LINE
  8
0
 10
4.2897
 20
106.458
 11
4.53049
 21
106.646
  0
LINE
  8
0
 10
4.53049
 20
106.646
 11
4.67972
 21
106.752
  0
LINE
  8
0
 10
4.67972
 20
106.752
 11
4.82986
 21
106.852
  0
LINE
  8
0
 10
4.82986
 20
106.852
 11
4.92004
 21
106.909
  0
LINE
  8
0
 10
4.92004
 20
106.909
 11
5.01022
 21
106.962
  0
LINE
  8
0
 10
5.01022
 20
106.962
 11
5.18967
 21
107.06
  0
LINE
  8
0
 10
5.18967
 20
107.06
 11
5.3096
 21
107.12
  0
LINE
  8
0
 10
5.3096
 20
107.12
 11
5.45975
 21
107.189
  0
LINE
  8
0
 10
5.45975
 20
107.189
 11
5.5806
 21
107.239
  0
LINE
  8
0
 10
5.5806
 20
107.239
 11
5.69962
 21
107.283
  0
LINE
  8
0
 10
5.69962
 20
107.283
 11
5.8493
 21
107.331
  0
LINE
  8
0
 10
5.8493
 20
107.331
 11
5.99945
 21
107.373
  0
LINE
  8
0
 10
5.99945
 20
107.373
 11
6.15051
 21
107.406
  0
LINE
  8
0
 10
6.15051
 20
107.406
 11
6.20956
 21
107.418
  0
LINE
  8
0
 10
6.20956
 20
107.418
 11
6.36108
 21
107.441
  0
LINE
  8
0
 10
6.36108
 20
107.441
 11
6.51123
 21
107.457
  0
LINE
  8
0
 10
6.51123
 20
107.457
 11
6.62979
 21
107.464
  0
LINE
  8
0
 10
6.62979
 20
107.464
 11
6.72089
 21
107.466
  0
LINE
  8
0
 10
6.72089
 20
107.466
 11
6.87057
 21
107.465
  0
LINE
  8
0
 10
6.87057
 20
107.465
 11
6.98914
 21
107.457
  0
LINE
  8
0
 10
6.98914
 20
107.457
 11
7.13928
 21
107.441
  0
LINE
  8
0
 10
7.13928
 20
107.441
 11
7.29126
 21
107.418
  0
LINE
  8
0
 10
7.29126
 20
107.418
 11
7.44095
 21
107.387
  0
LINE
  8
0
 10
7.44095
 20
107.387
 11
7.58972
 21
107.349
  0
LINE
  8
0
 10
7.58972
 20
107.349
 11
7.74124
 21
107.303
  0
LINE
  8
0
 10
7.74124
 20
107.303
 11
7.91977
 21
107.238
  0
LINE
  8
0
 10
7.91977
 20
107.238
 11
8.07083
 21
107.176
  0
LINE
  8
0
 10
8.07083
 20
107.176
 11
8.18985
 21
107.121
  0
LINE
  8
0
 10
8.18985
 20
107.121
 11
8.3107
 21
107.06
  0
LINE
  8
0
 10
8.3107
 20
107.06
 11
8.40088
 21
107.012
  0
LINE
  8
0
 10
8.40088
 20
107.012
 11
8.58078
 21
106.908
  0
LINE
  8
0
 10
8.58078
 20
106.908
 11
8.72955
 21
106.814
  0
LINE
  8
0
 10
8.72955
 20
106.814
 11
8.91083
 21
106.688
  0
LINE
  8
0
 10
8.91083
 20
106.688
 11
9.08981
 21
106.554
  0
LINE
  8
0
 10
9.08981
 20
106.554
 11
9.24088
 21
106.433
  0
LINE
  8
0
 10
9.24088
 20
106.433
 11
9.35989
 21
106.331
  0
LINE
  8
0
 10
9.35989
 20
106.331
 11
9.54117
 21
106.169
  0
LINE
  8
0
 10
9.54117
 20
106.169
 11
9.68994
 21
106.026
  0
LINE
  8
0
 10
9.68994
 20
106.026
 11
9.8703
 21
105.844
  0
LINE
  8
0
 10
9.8703
 20
105.844
 11
10.0204
 21
105.684
  0
LINE
  8
0
 10
10.0204
 20
105.684
 11
10.1404
 21
105.551
  0
LINE
  8
0
 10
10.1404
 20
105.551
 11
10.3203
 21
105.342
  0
LINE
  8
0
 10
10.3203
 20
105.342
 11
10.4704
 21
105.16
  0
LINE
  8
0
 10
10.4704
 20
105.16
 11
10.6801
 21
104.892
  0
LINE
  8
0
 10
10.6801
 20
104.892
 11
10.8609
 21
104.651
  0
LINE
  8
0
 10
10.8609
 20
104.651
 11
11.0408
 21
104.399
  0
LINE
  8
0
 10
11.0408
 20
104.399
 11
11.2202
 21
104.136
  0
LINE
  8
0
 10
11.2202
 20
104.136
 11
11.3617
 21
103.923
  0
LINE
  8
0
 10
11.3617
 20
103.923
 11
11.2202
 21
103.71
  0
LINE
  8
0
 10
11.2202
 20
103.71
 11
11.0399
 21
103.446
  0
LINE
  8
0
 10
11.0399
 20
103.446
 11
10.8604
 21
103.194
  0
LINE
  8
0
 10
10.8604
 20
103.194
 11
10.6801
 21
102.953
  0
LINE
  8
0
 10
10.6801
 20
102.953
 11
10.4704
 21
102.686
  0
LINE
  8
0
 10
10.4704
 20
102.686
 11
10.3198
 21
102.503
  0
LINE
  8
0
 10
10.3198
 20
102.503
 11
10.1399
 21
102.295
  0
LINE
  8
0
 10
10.1399
 20
102.295
 11
10.02
 21
102.161
  0
LINE
  8
0
 10
10.02
 20
102.161
 11
9.86984
 21
102.002
  0
LINE
  8
0
 10
9.86984
 20
102.002
 11
9.68994
 21
101.819
  0
LINE
  8
0
 10
9.68994
 20
101.819
 11
9.54071
 21
101.677
  0
LINE
  8
0
 10
9.54071
 20
101.677
 11
9.35989
 21
101.515
  0
LINE
  8
0
 10
9.35989
 20
101.515
 11
9.24042
 21
101.412
  0
LINE
  8
0
 10
9.24042
 20
101.412
 11
9.08981
 21
101.292
  0
LINE
  8
0
 10
9.08981
 20
101.292
 11
8.91083
 21
101.158
  0
LINE
  8
0
 10
8.91083
 20
101.158
 11
8.72955
 21
101.032
  0
LINE
  8
0
 10
8.72955
 20
101.032
 11
8.58078
 21
100.938
  0
LINE
  8
0
 10
8.58078
 20
100.938
 11
8.39996
 21
100.833
  0
LINE
  8
0
 10
8.39996
 20
100.833
 11
8.30978
 21
100.785
  0
LINE
  8
0
 10
8.30978
 20
100.785
 11
8.18985
 21
100.724
  0
LINE
  8
0
 10
8.18985
 20
100.724
 11
8.07083
 21
100.67
  0
LINE
  8
0
 10
8.07083
 20
100.67
 11
7.91977
 21
100.607
  0
LINE
  8
0
 10
7.91977
 20
100.607
 11
7.73987
 21
100.543
  0
LINE
  8
0
 10
7.73987
 20
100.543
 11
7.58972
 21
100.497
  0
LINE
  8
0
 10
7.58972
 20
100.497
 11
7.44095
 21
100.459
  0
LINE
  8
0
 10
7.44095
 20
100.459
 11
7.29126
 21
100.428
  0
LINE
  8
0
 10
7.29126
 20
100.428
 11
7.13928
 21
100.405
  0
LINE
  8
0
 10
7.13928
 20
100.405
 11
6.98914
 21
100.389
  0
LINE
  8
0
 10
6.98914
 20
100.389
 11
6.87057
 21
100.382
  0
LINE
  8
0
 10
6.87057
 20
100.382
 11
6.72089
 21
100.379
  0
LINE
  8
0
 10
6.72089
 20
100.379
 11
6.62979
 21
100.382
  0
LINE
  8
0
 10
23.1294
 20
100.381
 11
23.0109
 21
100.389
  0
LINE
  8
0
 10
23.0109
 20
100.389
 11
22.8607
 21
100.405
  0
LINE
  8
0
 10
22.8607
 20
100.405
 11
22.7087
 21
100.428
  0
LINE
  8
0
 10
22.7087
 20
100.428
 11
22.5591
 21
100.459
  0
LINE
  8
0
 10
22.5591
 20
100.459
 11
22.4103
 21
100.497
  0
LINE
  8
0
 10
22.4103
 20
100.497
 11
22.2588
 21
100.543
  0
LINE
  8
0
 10
22.2588
 20
100.543
 11
22.0802
 21
100.607
  0
LINE
  8
0
 10
22.0802
 20
100.607
 11
21.9292
 21
100.67
  0
LINE
  8
0
 10
21.9292
 20
100.67
 11
21.8102
 21
100.725
  0
LINE
  8
0
 10
21.8102
 20
100.725
 11
21.6893
 21
100.785
  0
LINE
  8
0
 10
21.6893
 20
100.785
 11
21.5991
 21
100.833
  0
LINE
  8
0
 10
21.5991
 20
100.833
 11
21.4192
 21
100.937
  0
LINE
  8
0
 10
21.4192
 20
100.937
 11
21.2704
 21
101.032
  0
LINE
  8
0
 10
21.2704
 20
101.032
 11
21.0892
 21
101.158
  0
LINE
  8
0
 10
21.0892
 20
101.158
 11
20.9102
 21
101.292
  0
LINE
  8
0
 10
20.9102
 20
101.292
 11
20.7591
 21
101.413
  0
LINE
  8
0
 10
20.7591
 20
101.413
 11
20.6401
 21
101.515
  0
LINE
  8
0
 10
20.6401
 20
101.515
 11
20.4588
 21
101.677
  0
LINE
  8
0
 10
20.4588
 20
101.677
 11
20.3101
 21
101.819
  0
LINE
  8
0
 10
20.3101
 20
101.819
 11
20.1297
 21
102.002
  0
LINE
  8
0
 10
20.1297
 20
102.002
 11
19.9796
 21
102.162
  0
LINE
  8
0
 10
19.9796
 20
102.162
 11
19.8596
 21
102.295
  0
LINE
  8
0
 10
19.8596
 20
102.295
 11
19.6797
 21
102.504
  0
LINE
  8
0
 10
19.6797
 20
102.504
 11
19.5296
 21
102.686
  0
LINE
  8
0
 10
19.5296
 20
102.686
 11
19.3199
 21
102.953
  0
LINE
  8
0
 10
19.3199
 20
102.953
 11
19.1391
 21
103.195
  0
LINE
  8
0
 10
19.1391
 20
103.195
 11
18.9592
 21
103.447
  0
LINE
  8
0
 10
18.9592
 20
103.447
 11
18.7798
 21
103.71
  0
LINE
  8
0
 10
18.7798
 20
103.71
 11
18.6383
 21
103.922
  0
LINE
  8
0
 10
18.6383
 20
103.922
 11
18.7798
 21
104.136
  0
LINE
  8
0
 10
18.7798
 20
104.136
 11
18.9601
 21
104.399
  0
LINE
  8
0
 10
18.9601
 20
104.399
 11
19.1391
 21
104.651
  0
LINE
  8
0
 10
19.1391
 20
104.651
 11
19.3199
 21
104.892
  0
LINE
  8
0
 10
19.3199
 20
104.892
 11
19.5296
 21
105.16
  0
LINE
  8
0
 10
19.5296
 20
105.16
 11
19.6797
 21
105.342
  0
LINE
  8
0
 10
19.6797
 20
105.342
 11
19.8596
 21
105.551
  0
LINE
  8
0
 10
19.8596
 20
105.551
 11
19.9796
 21
105.684
  0
LINE
  8
0
 10
19.9796
 20
105.684
 11
20.1297
 21
105.844
  0
LINE
  8
0
 10
20.1297
 20
105.844
 11
20.3101
 21
106.026
  0
LINE
  8
0
 10
20.3101
 20
106.026
 11
20.4593
 21
106.169
  0
LINE
  8
0
 10
20.4593
 20
106.169
 11
20.6401
 21
106.331
  0
LINE
  8
0
 10
20.6401
 20
106.331
 11
20.7591
 21
106.433
  0
LINE
  8
0
 10
20.7591
 20
106.433
 11
20.9102
 21
106.554
  0
LINE
  8
0
 10
20.9102
 20
106.554
 11
21.0892
 21
106.688
  0
LINE
  8
0
 10
21.0892
 20
106.688
 11
21.2704
 21
106.814
  0
LINE
  8
0
 10
21.2704
 20
106.814
 11
21.4192
 21
106.908
  0
LINE
  8
0
 10
21.4192
 20
106.908
 11
21.5991
 21
107.012
  0
LINE
  8
0
 10
21.5991
 20
107.012
 11
21.6893
 21
107.06
  0
LINE
  8
0
 10
21.6893
 20
107.06
 11
21.8102
 21
107.121
  0
LINE
  8
0
 10
21.8102
 20
107.121
 11
21.9292
 21
107.176
  0
LINE
  8
0
 10
21.9292
 20
107.176
 11
22.0802
 21
107.238
  0
LINE
  8
0
 10
22.0802
 20
107.238
 11
22.2588
 21
107.303
  0
LINE
  8
0
 10
22.2588
 20
107.303
 11
22.4103
 21
107.349
  0
LINE
  8
0
 10
22.4103
 20
107.349
 11
22.5591
 21
107.387
  0
LINE
  8
0
 10
22.5591
 20
107.387
 11
22.7087
 21
107.418
  0
LINE
  8
0
 10
22.7087
 20
107.418
 11
22.8607
 21
107.441
  0
LINE
  8
0
 10
22.8607
 20
107.441
 11
23.0109
 21
107.457
  0
LINE
  8
0
 10
23.0109
 20
107.457
 11
23.1294
 21
107.464
  0
LINE
  8
0
 10
23.1294
 20
107.464
 11
23.2791
 21
107.466
  0
LINE
  8
0
 10
23.2791
 20
107.466
 11
23.3702
 21
107.464
  0
LINE
  8
0
 10
23.3702
 20
107.464
 11
23.4888
 21
107.457
  0
LINE
  8
0
 10
23.4888
 20
107.457
 11
23.6389
 21
107.441
  0
LINE
  8
0
 10
23.6389
 20
107.441
 11
23.7904
 21
107.418
  0
LINE
  8
0
 10
23.7904
 20
107.418
 11
23.8499
 21
107.406
  0
LINE
  8
0
 10
23.8499
 20
107.406
 11
24.0005
 21
107.373
  0
LINE
  8
0
 10
24.0005
 20
107.373
 11
24.1507
 21
107.331
  0
LINE
  8
0
 10
24.1507
 20
107.331
 11
24.3008
 21
107.283
  0
LINE
  8
0
 10
24.3008
 20
107.283
 11
24.4194
 21
107.238
  0
LINE
  8
0
 10
24.4194
 20
107.238
 11
24.5403
 21
107.189
  0
LINE
  8
0
 10
24.5403
 20
107.189
 11
24.6904
 21
107.12
  0
LINE
  8
0
 10
24.6904
 20
107.12
 11
24.8103
 21
107.06
  0
LINE
  8
0
 10
24.8103
 20
107.06
 11
24.9902
 21
106.962
  0
LINE
  8
0
 10
24.9902
 20
106.962
 11
25.0795
 21
106.908
  0
LINE
  8
0
 10
25.0795
 20
106.908
 11
25.1701
 21
106.852
  0
LINE
  8
0
 10
25.1701
 20
106.852
 11
25.3203
 21
106.752
  0
LINE
  8
0
 10
25.3203
 20
106.752
 11
25.4695
 21
106.646
  0
LINE
  8
0
 10
25.4695
 20
106.646
 11
25.7103
 21
106.458
  0
LINE
  8
0
 10
25.7103
 20
106.458
 11
25.8595
 21
106.331
  0
LINE
  8
0
 10
25.8595
 20
106.331
 11
26.0399
 21
106.169
  0
LINE
  8
0
 10
26.0399
 20
106.169
 11
26.1603
 21
106.055
  0
LINE
  8
0
 10
26.1603
 20
106.055
 11
26.3104
 21
105.906
  0
LINE
  8
0
 10
26.3104
 20
105.906
 11
26.4894
 21
105.717
  0
LINE
  8
0
 10
26.4894
 20
105.717
 11
26.7
 21
105.482
  0
LINE
  8
0
 10
26.7
 20
105.482
 11
26.9101
 21
105.234
  0
LINE
  8
0
 10
26.9101
 20
105.234
 11
27.1495
 21
104.932
  0
LINE
  8
0
 10
27.1495
 20
104.932
 11
27.3898
 21
104.61
  0
LINE
  8
0
 10
27.3898
 20
104.61
 11
27.5999
 21
104.312
  0
LINE
  8
0
 10
27.5999
 20
104.312
 11
27.8096
 21
104.001
  0
LINE
  8
0
 10
27.8096
 20
104.001
 11
27.5034
 21
103.923
  0
LINE
  8
0
 10
27.5034
 20
103.923
 11
27.8096
 21
103.845
  0
LINE
  8
0
 10
27.8096
 20
103.845
 11
27.5999
 21
103.534
  0
LINE
  8
0
 10
27.5999
 20
103.534
 11
27.3894
 21
103.235
  0
LINE
  8
0
 10
27.3894
 20
103.235
 11
27.1495
 21
102.914
  0
LINE
  8
0
 10
27.1495
 20
102.914
 11
26.9096
 21
102.611
  0
LINE
  8
0
 10
26.9096
 20
102.611
 11
26.7
 21
102.364
  0
LINE
  8
0
 10
26.7
 20
102.364
 11
26.4899
 21
102.128
  0
LINE
  8
0
 10
26.4899
 20
102.128
 11
26.31
 21
101.939
  0
LINE
  8
0
 10
26.31
 20
101.939
 11
26.1603
 21
101.791
  0
LINE
  8
0
 10
26.1603
 20
101.791
 11
26.0399
 21
101.677
  0
LINE
  8
0
 10
26.0399
 20
101.677
 11
25.8595
 21
101.515
  0
LINE
  8
0
 10
25.8595
 20
101.515
 11
25.7103
 21
101.388
  0
LINE
  8
0
 10
25.7103
 20
101.388
 11
25.4695
 21
101.2
  0
LINE
  8
0
 10
25.4695
 20
101.2
 11
25.3203
 21
101.094
  0
LINE
  8
0
 10
25.3203
 20
101.094
 11
25.1701
 21
100.994
  0
LINE
  8
0
 10
25.1701
 20
100.994
 11
25.08
 21
100.937
  0
LINE
  8
0
 10
25.08
 20
100.937
 11
24.9898
 21
100.884
  0
LINE
  8
0
 10
24.9898
 20
100.884
 11
24.8103
 21
100.785
  0
LINE
  8
0
 10
24.8103
 20
100.785
 11
24.6895
 21
100.725
  0
LINE
  8
0
 10
24.6895
 20
100.725
 11
24.5393
 21
100.657
  0
LINE
  8
0
 10
24.5393
 20
100.657
 11
24.4194
 21
100.607
  0
LINE
  8
0
 10
24.4194
 20
100.607
 11
24.299
 21
100.562
  0
LINE
  8
0
 10
24.299
 20
100.562
 11
24.1507
 21
100.514
  0
LINE
  8
0
 10
24.1507
 20
100.514
 11
24.0005
 21
100.473
  0
LINE
  8
0
 10
24.0005
 20
100.473
 11
23.8495
 21
100.439
  0
LINE
  8
0
 10
23.8495
 20
100.439
 11
23.7904
 21
100.428
  0
LINE
  8
0
 10
23.7904
 20
100.428
 11
23.6389
 21
100.405
  0
LINE
  8
0
 10
23.6389
 20
100.405
 11
23.4888
 21
100.389
  0
LINE
  8
0
 10
23.4888
 20
100.389
 11
23.3702
 21
100.382
  0
LINE
  8
0
 10
23.3702
 20
100.382
 11
23.2791
 21
100.379
  0
LINE
  8
0
 10
23.2791
 20
100.379
 11
23.1294
 21
100.381
  0
LINE
  8
0
 10
-23.3702
 20
100.382
 11
-23.4888
 21
100.389
  0
LINE
  8
0
 10
-23.4888
 20
100.389
 11
-23.6389
 21
100.405
  0
LINE
  8
0
 10
-23.6389
 20
100.405
 11
-23.7904
 21
100.427
  0
LINE
  8
0
 10
-23.7904
 20
100.427
 11
-23.8499
 21
100.439
  0
LINE
  8
0
 10
-23.8499
 20
100.439
 11
-24.0005
 21
100.473
  0
LINE
  8
0
 10
-24.0005
 20
100.473
 11
-24.1507
 21
100.514
  0
LINE
  8
0
 10
-24.1507
 20
100.514
 11
-24.3008
 21
100.563
  0
LINE
  8
0
 10
-24.3008
 20
100.563
 11
-24.4194
 21
100.607
  0
LINE
  8
0
 10
-24.4194
 20
100.607
 11
-24.5403
 21
100.657
  0
LINE
  8
0
 10
-24.5403
 20
100.657
 11
-24.6904
 21
100.725
  0
LINE
  8
0
 10
-24.6904
 20
100.725
 11
-24.8103
 21
100.785
  0
LINE
  8
0
 10
-24.8103
 20
100.785
 11
-24.9902
 21
100.884
  0
LINE
  8
0
 10
-24.9902
 20
100.884
 11
-25.0795
 21
100.937
  0
LINE
  8
0
 10
-25.0795
 20
100.937
 11
-25.1701
 21
100.994
  0
LINE
  8
0
 10
-25.1701
 20
100.994
 11
-25.3203
 21
101.094
  0
LINE
  8
0
 10
-25.3203
 20
101.094
 11
-25.4695
 21
101.2
  0
LINE
  8
0
 10
-25.4695
 20
101.2
 11
-25.7103
 21
101.388
  0
LINE
  8
0
 10
-25.7103
 20
101.388
 11
-25.8595
 21
101.515
  0
LINE
  8
0
 10
-25.8595
 20
101.515
 11
-26.0399
 21
101.677
  0
LINE
  8
0
 10
-26.0399
 20
101.677
 11
-26.1603
 21
101.791
  0
LINE
  8
0
 10
-26.1603
 20
101.791
 11
-26.3104
 21
101.94
  0
LINE
  8
0
 10
-26.3104
 20
101.94
 11
-26.4894
 21
102.129
  0
LINE
  8
0
 10
-26.4894
 20
102.129
 11
-26.7
 21
102.364
  0
LINE
  8
0
 10
-26.7
 20
102.364
 11
-26.9101
 21
102.612
  0
LINE
  8
0
 10
-26.9101
 20
102.612
 11
-27.1495
 21
102.914
  0
LINE
  8
0
 10
-27.1495
 20
102.914
 11
-27.3898
 21
103.236
  0
LINE
  8
0
 10
-27.3898
 20
103.236
 11
-27.5999
 21
103.534
  0
LINE
  8
0
 10
-27.5999
 20
103.534
 11
-27.8096
 21
103.845
  0
LINE
  8
0
 10
-27.8096
 20
103.845
 11
-27.5034
 21
103.923
  0
LINE
  8
0
 10
-27.5034
 20
103.923
 11
-27.8096
 21
104.001
  0
LINE
  8
0
 10
-27.8096
 20
104.001
 11
-27.5999
 21
104.312
  0
LINE
  8
0
 10
-27.5999
 20
104.312
 11
-27.3898
 21
104.61
  0
LINE
  8
0
 10
-27.3898
 20
104.61
 11
-27.1495
 21
104.932
  0
LINE
  8
0
 10
-27.1495
 20
104.932
 11
-26.9101
 21
105.234
  0
LINE
  8
0
 10
-26.9101
 20
105.234
 11
-26.7
 21
105.482
  0
LINE
  8
0
 10
-26.7
 20
105.482
 11
-26.4899
 21
105.717
  0
LINE
  8
0
 10
-26.4899
 20
105.717
 11
-26.3104
 21
105.906
  0
LINE
  8
0
 10
-26.3104
 20
105.906
 11
-26.1603
 21
106.055
  0
LINE
  8
0
 10
-26.1603
 20
106.055
 11
-26.0403
 21
106.169
  0
LINE
  8
0
 10
-26.0403
 20
106.169
 11
-25.8595
 21
106.331
  0
LINE
  8
0
 10
-25.8595
 20
106.331
 11
-25.7103
 21
106.458
  0
LINE
  8
0
 10
-25.7103
 20
106.458
 11
-25.4695
 21
106.646
  0
LINE
  8
0
 10
-25.4695
 20
106.646
 11
-25.3203
 21
106.752
  0
LINE
  8
0
 10
-25.3203
 20
106.752
 11
-25.1701
 21
106.852
  0
LINE
  8
0
 10
-25.1701
 20
106.852
 11
-25.08
 21
106.909
  0
LINE
  8
0
 10
-25.08
 20
106.909
 11
-24.9898
 21
106.962
  0
LINE
  8
0
 10
-24.9898
 20
106.962
 11
-24.8103
 21
107.06
  0
LINE
  8
0
 10
-24.8103
 20
107.06
 11
-24.6904
 21
107.12
  0
LINE
  8
0
 10
-24.6904
 20
107.12
 11
-24.5403
 21
107.189
  0
LINE
  8
0
 10
-24.5403
 20
107.189
 11
-24.4194
 21
107.239
  0
LINE
  8
0
 10
-24.4194
 20
107.239
 11
-24.3004
 21
107.283
  0
LINE
  8
0
 10
-24.3004
 20
107.283
 11
-24.1507
 21
107.331
  0
LINE
  8
0
 10
-24.1507
 20
107.331
 11
-24.0005
 21
107.373
  0
LINE
  8
0
 10
-24.0005
 20
107.373
 11
-23.8495
 21
107.406
  0
LINE
  8
0
 10
-23.8495
 20
107.406
 11
-23.7904
 21
107.418
  0
LINE
  8
0
 10
-23.7904
 20
107.418
 11
-23.6389
 21
107.441
  0
LINE
  8
0
 10
-23.6389
 20
107.441
 11
-23.4888
 21
107.457
  0
LINE
  8
0
 10
-23.4888
 20
107.457
 11
-23.3702
 21
107.464
  0
LINE
  8
0
 10
-23.3702
 20
107.464
 11
-23.2791
 21
107.466
  0
LINE
  8
0
 10
-23.2791
 20
107.466
 11
-23.1294
 21
107.465
  0
LINE
  8
0
 10
-23.1294
 20
107.465
 11
-23.0109
 21
107.457
  0
LINE
  8
0
 10
-23.0109
 20
107.457
 11
-22.8607
 21
107.441
  0
LINE
  8
0
 10
-22.8607
 20
107.441
 11
-22.7087
 21
107.418
  0
LINE
  8
0
 10
-22.7087
 20
107.418
 11
-22.5591
 21
107.387
  0
LINE
  8
0
 10
-22.5591
 20
107.387
 11
-22.4103
 21
107.349
  0
LINE
  8
0
 10
-22.4103
 20
107.349
 11
-22.2588
 21
107.303
  0
LINE
  8
0
 10
-22.2588
 20
107.303
 11
-22.0802
 21
107.238
  0
LINE
  8
0
 10
-22.0802
 20
107.238
 11
-21.9292
 21
107.176
  0
LINE
  8
0
 10
-21.9292
 20
107.176
 11
-21.8102
 21
107.121
  0
LINE
  8
0
 10
-21.8102
 20
107.121
 11
-21.6893
 21
107.06
  0
LINE
  8
0
 10
-21.6893
 20
107.06
 11
-21.5991
 21
107.012
  0
LINE
  8
0
 10
-21.5991
 20
107.012
 11
-21.4192
 21
106.908
  0
LINE
  8
0
 10
-21.4192
 20
106.908
 11
-21.2704
 21
106.814
  0
LINE
  8
0
 10
-21.2704
 20
106.814
 11
-21.0892
 21
106.688
  0
LINE
  8
0
 10
-21.0892
 20
106.688
 11
-20.9102
 21
106.554
  0
LINE
  8
0
 10
-20.9102
 20
106.554
 11
-20.7591
 21
106.433
  0
LINE
  8
0
 10
-20.7591
 20
106.433
 11
-20.6401
 21
106.331
  0
LINE
  8
0
 10
-20.6401
 20
106.331
 11
-20.4588
 21
106.169
  0
LINE
  8
0
 10
-20.4588
 20
106.169
 11
-20.3101
 21
106.026
  0
LINE
  8
0
 10
-20.3101
 20
106.026
 11
-20.1297
 21
105.844
  0
LINE
  8
0
 10
-20.1297
 20
105.844
 11
-19.9796
 21
105.684
  0
LINE
  8
0
 10
-19.9796
 20
105.684
 11
-19.8596
 21
105.551
  0
LINE
  8
0
 10
-19.8596
 20
105.551
 11
-19.6797
 21
105.342
  0
LINE
  8
0
 10
-19.6797
 20
105.342
 11
-19.5296
 21
105.16
  0
LINE
  8
0
 10
-19.5296
 20
105.16
 11
-19.3199
 21
104.892
  0
LINE
  8
0
 10
-19.3199
 20
104.892
 11
-19.1391
 21
104.651
  0
LINE
  8
0
 10
-19.1391
 20
104.651
 11
-18.9592
 21
104.399
  0
LINE
  8
0
 10
-18.9592
 20
104.399
 11
-18.7798
 21
104.136
  0
LINE
  8
0
 10
-18.7798
 20
104.136
 11
-18.6383
 21
103.923
  0
LINE
  8
0
 10
-18.6383
 20
103.923
 11
-18.7798
 21
103.71
  0
LINE
  8
0
 10
-18.7798
 20
103.71
 11
-18.9601
 21
103.446
  0
LINE
  8
0
 10
-18.9601
 20
103.446
 11
-19.1396
 21
103.194
  0
LINE
  8
0
 10
-19.1396
 20
103.194
 11
-19.3199
 21
102.953
  0
LINE
  8
0
 10
-19.3199
 20
102.953
 11
-19.5296
 21
102.686
  0
LINE
  8
0
 10
-19.5296
 20
102.686
 11
-19.6802
 21
102.503
  0
LINE
  8
0
 10
-19.6802
 20
102.503
 11
-19.8601
 21
102.295
  0
LINE
  8
0
 10
-19.8601
 20
102.295
 11
-19.98
 21
102.161
  0
LINE
  8
0
 10
-19.98
 20
102.161
 11
-20.1302
 21
102.002
  0
LINE
  8
0
 10
-20.1302
 20
102.002
 11
-20.3101
 21
101.819
  0
LINE
  8
0
 10
-20.3101
 20
101.819
 11
-20.4593
 21
101.677
  0
LINE
  8
0
 10
-20.4593
 20
101.677
 11
-20.6401
 21
101.515
  0
LINE
  8
0
 10
-20.6401
 20
101.515
 11
-20.7596
 21
101.412
  0
LINE
  8
0
 10
-20.7596
 20
101.412
 11
-20.9102
 21
101.292
  0
LINE
  8
0
 10
-20.9102
 20
101.292
 11
-21.0892
 21
101.158
  0
LINE
  8
0
 10
-21.0892
 20
101.158
 11
-21.2704
 21
101.032
  0
LINE
  8
0
 10
-21.2704
 20
101.032
 11
-21.4192
 21
100.938
  0
LINE
  8
0
 10
-21.4192
 20
100.938
 11
-21.6
 21
100.833
  0
LINE
  8
0
 10
-21.6
 20
100.833
 11
-21.6902
 21
100.785
  0
LINE
  8
0
 10
-21.6902
 20
100.785
 11
-21.8102
 21
100.724
  0
LINE
  8
0
 10
-21.8102
 20
100.724
 11
-21.9292
 21
100.67
  0
LINE
  8
0
 10
-21.9292
 20
100.67
 11
-22.0802
 21
100.607
  0
LINE
  8
0
 10
-22.0802
 20
100.607
 11
-22.2601
 21
100.543
  0
LINE
  8
0
 10
-22.2601
 20
100.543
 11
-22.4103
 21
100.497
  0
LINE
  8
0
 10
-22.4103
 20
100.497
 11
-22.5591
 21
100.459
  0
LINE
  8
0
 10
-22.5591
 20
100.459
 11
-22.7087
 21
100.428
  0
LINE
  8
0
 10
-22.7087
 20
100.428
 11
-22.8607
 21
100.405
  0
LINE
  8
0
 10
-22.8607
 20
100.405
 11
-23.0109
 21
100.389
  0
LINE
  8
0
 10
-23.0109
 20
100.389
 11
-23.1294
 21
100.382
  0
LINE
  8
0
 10
-23.1294
 20
100.382
 11
-23.2791
 21
100.379
  0
LINE
  8
0
 10
-23.2791
 20
100.379
 11
-23.3702
 21
100.382
  0
LINE
  8
0
 10
-1.69739
 20
97.896
 11
-2.40005
 21
99.5929
  0
LINE
  8
0
 10
-2.40005
 20
99.5929
 11
-1.69739
 21
101.29
  0
LINE
  8
0
 10
-1.69739
 20
101.29
 11
0
 21
101.993
  0
LINE
  8
0
 10
0
 20
101.993
 11
1.69739
 21
101.29
  0
LINE
  8
0
 10
1.69739
 20
101.29
 11
2.40005
 21
99.5929
  0
LINE
  8
0
 10
2.40005
 20
99.5929
 11
1.69739
 21
97.896
  0
LINE
  8
0
 10
1.69739
 20
97.896
 11
0
 21
97.1928
  0
LINE
  8
0
 10
0
 20
97.1928
 11
-1.69739
 21
97.896
  0
LINE
  8
0
 10
-30.7074
 20
97.4859
 11
-29.3327
 21
101.717
  0
LINE
  8
0
 10
-29.3327
 20
101.717
 11
-28.3026
 21
101.29
  0
LINE
  8
0
 10
-28.3026
 20
101.29
 11
-27.5999
 21
99.5929
  0
LINE
  8
0
 10
-27.5999
 20
99.5929
 11
-28.3026
 21
97.896
  0
LINE
  8
0
 10
-28.3026
 20
97.896
 11
-30
 21
97.1928
  0
LINE
  8
0
 10
-30
 20
97.1928
 11
-30.7074
 21
97.4859
  0
LINE
  8
0
 10
28.3026
 20
97.896
 11
27.5999
 21
99.5929
  0
LINE
  8
0
 10
27.5999
 20
99.5929
 11
28.3026
 21
101.29
  0
LINE
  8
0
 10
28.3026
 20
101.29
 11
29.3327
 21
101.717
  0
LINE
  8
0
 10
29.3327
 20
101.717
 11
30.7074
 21
97.4859
  0
LINE
  8
0
 10
30.7074
 20
97.4859
 11
30
 21
97.1928
  0
LINE
  8
0
 10
30
 20
97.1928
 11
28.3026
 21
97.896
  0
LINE
  8
0
 10
-21.2521
 20
93.094
 11
-21.4719
 21
92.8693
  0
LINE
  8
0
 10
-21.4719
 20
92.8693
 11
-21.6371
 21
93.2066
  0
LINE
  8
0
 10
-21.6371
 20
93.2066
 11
-21.7896
 21
93.5367
  0
LINE
  8
0
 10
-21.7896
 20
93.5367
 11
-21.9484
 21
93.9056
  0
LINE
  8
0
 10
-21.9484
 20
93.9056
 11
-22.0898
 21
94.265
  0
LINE
  8
0
 10
-22.0898
 20
94.265
 11
-22.2011
 21
94.5708
  0
LINE
  8
0
 10
-22.2011
 20
94.5708
 11
-22.2981
 21
94.8697
  0
LINE
  8
0
 10
-22.2981
 20
94.8697
 11
-22.3723
 21
95.1205
  0
LINE
  8
0
 10
-22.3723
 20
95.1205
 11
-22.4263
 21
95.3242
  0
LINE
  8
0
 10
-22.4263
 20
95.3242
 11
-22.4652
 21
95.4854
  0
LINE
  8
0
 10
-22.4652
 20
95.4854
 11
-22.5151
 21
95.7216
  0
LINE
  8
0
 10
-22.5151
 20
95.7216
 11
-22.5504
 21
95.9166
  0
LINE
  8
0
 10
-22.5504
 20
95.9166
 11
-22.5925
 21
96.2173
  0
LINE
  8
0
 10
-22.5925
 20
96.2173
 11
-22.6099
 21
96.4009
  0
LINE
  8
0
 10
-22.6099
 20
96.4009
 11
-22.6213
 21
96.5808
  0
LINE
  8
0
 10
-22.6213
 20
96.5808
 11
-22.6254
 21
96.6861
  0
LINE
  8
0
 10
-22.6254
 20
96.6861
 11
-22.6268
 21
96.7918
  0
LINE
  8
0
 10
-22.6268
 20
96.7918
 11
-22.6222
 21
96.9974
  0
LINE
  8
0
 10
-22.6222
 20
96.9974
 11
-22.6144
 21
97.1297
  0
LINE
  8
0
 10
-22.6144
 20
97.1297
 11
-22.5984
 21
97.294
  0
LINE
  8
0
 10
-22.5984
 20
97.294
 11
-22.581
 21
97.4226
  0
LINE
  8
0
 10
-22.581
 20
97.4226
 11
-22.5595
 21
97.5481
  0
LINE
  8
0
 10
-22.5595
 20
97.5481
 11
-22.527
 21
97.7023
  0
LINE
  8
0
 10
-22.527
 20
97.7023
 11
-22.4872
 21
97.8534
  0
LINE
  8
0
 10
-22.4872
 20
97.8534
 11
-22.4414
 21
98.0003
  0
LINE
  8
0
 10
-22.4414
 20
98.0003
 11
-22.4222
 21
98.0576
  0
LINE
  8
0
 10
-22.4222
 20
98.0576
 11
-22.3668
 21
98.199
  0
LINE
  8
0
 10
-22.3668
 20
98.199
 11
-22.305
 21
98.3372
  0
LINE
  8
0
 10
-22.305
 20
98.3372
 11
-22.2514
 21
98.4448
  0
LINE
  8
0
 10
-22.2514
 20
98.4448
 11
-22.2089
 21
98.5236
  0
LINE
  8
0
 10
-22.2089
 20
98.5236
 11
-22.1315
 21
98.6526
  0
LINE
  8
0
 10
-22.1315
 20
98.6526
 11
-22.0647
 21
98.7538
  0
LINE
  8
0
 10
-22.0647
 20
98.7538
 11
-21.9772
 21
98.8751
  0
LINE
  8
0
 10
-21.9772
 20
98.8751
 11
-21.882
 21
98.9928
  0
LINE
  8
0
 10
-21.882
 20
98.9928
 11
-21.7804
 21
99.1077
  0
LINE
  8
0
 10
-21.7804
 20
99.1077
 11
-21.6719
 21
99.2184
  0
LINE
  8
0
 10
-21.6719
 20
99.2184
 11
-21.5565
 21
99.3265
  0
LINE
  8
0
 10
-21.5565
 20
99.3265
 11
-21.4114
 21
99.4492
  0
LINE
  8
0
 10
-21.4114
 20
99.4492
 11
-21.2814
 21
99.549
  0
LINE
  8
0
 10
-21.2814
 20
99.549
 11
-21.1748
 21
99.6245
  0
LINE
  8
0
 10
-21.1748
 20
99.6245
 11
-21.0622
 21
99.6982
  0
LINE
  8
0
 10
-21.0622
 20
99.6982
 11
-20.9761
 21
99.7522
  0
LINE
  8
0
 10
-20.9761
 20
99.7522
 11
-20.7948
 21
99.8561
  0
LINE
  8
0
 10
-20.7948
 20
99.8561
 11
-20.6383
 21
99.9385
  0
LINE
  8
0
 10
-20.6383
 20
99.9385
 11
-20.4405
 21
100.032
  0
LINE
  8
0
 10
-20.4405
 20
100.032
 11
-20.2336
 21
100.121
  0
LINE
  8
0
 10
-20.2336
 20
100.121
 11
-20.0542
 21
100.19
  0
LINE
  8
0
 10
-20.0542
 20
100.19
 11
-19.9049
 21
100.244
  0
LINE
  8
0
 10
-19.9049
 20
100.244
 11
-19.6756
 21
100.318
  0
LINE
  8
0
 10
-19.6756
 20
100.318
 11
-19.4756
 21
100.376
  0
LINE
  8
0
 10
-19.4756
 20
100.376
 11
-19.2288
 21
100.441
  0
LINE
  8
0
 10
-19.2288
 20
100.441
 11
-19.0146
 21
100.491
  0
LINE
  8
0
 10
-19.0146
 20
100.491
 11
-18.8393
 21
100.529
  0
LINE
  8
0
 10
-18.8393
 20
100.529
 11
-18.5696
 21
100.58
  0
LINE
  8
0
 10
-18.5696
 20
100.58
 11
-18.3357
 21
100.619
  0
LINE
  8
0
 10
-18.3357
 20
100.619
 11
-17.9988
 21
100.667
  0
LINE
  8
0
 10
-17.9988
 20
100.667
 11
-17.6999
 21
100.703
  0
LINE
  8
0
 10
-17.6999
 20
100.703
 11
-17.3918
 21
100.732
  0
LINE
  8
0
 10
-17.3918
 20
100.732
 11
-17.0746
 21
100.757
  0
LINE
  8
0
 10
-17.0746
 20
100.757
 11
-16.8196
 21
100.772
  0
LINE
  8
0
 10
-16.8196
 20
100.772
 11
-16.7047
 21
100.543
  0
LINE
  8
0
 10
-16.7047
 20
100.543
 11
-16.5678
 21
100.256
  0
LINE
  8
0
 10
-16.5678
 20
100.256
 11
-16.4388
 21
99.9742
  0
LINE
  8
0
 10
-16.4388
 20
99.9742
 11
-16.3202
 21
99.6973
  0
LINE
  8
0
 10
-16.3202
 20
99.6973
 11
-16.1925
 21
99.3814
  0
LINE
  8
0
 10
-16.1925
 20
99.3814
 11
-16.1101
 21
99.1608
  0
LINE
  8
0
 10
-16.1101
 20
99.1608
 11
-16.019
 21
98.8998
  0
LINE
  8
0
 10
-16.019
 20
98.8998
 11
-15.9641
 21
98.7305
  0
LINE
  8
0
 10
-15.9641
 20
98.7305
 11
-15.9004
 21
98.5194
  0
LINE
  8
0
 10
-15.9004
 20
98.5194
 11
-15.8336
 21
98.2736
  0
LINE
  8
0
 10
-15.8336
 20
98.2736
 11
-15.7841
 21
98.0717
  0
LINE
  8
0
 10
-15.7841
 20
98.0717
 11
-15.7338
 21
97.8346
  0
LINE
  8
0
 10
-15.7338
 20
97.8346
 11
-15.7054
 21
97.6804
  0
LINE
  8
0
 10
-15.7054
 20
97.6804
 11
-15.6761
 21
97.4895
  0
LINE
  8
0
 10
-15.6761
 20
97.4895
 11
-15.6491
 21
97.2661
  0
LINE
  8
0
 10
-15.6491
 20
97.2661
 11
-15.6317
 21
97.0477
  0
LINE
  8
0
 10
-15.6317
 20
97.0477
 11
-15.6239
 21
96.8715
  0
LINE
  8
0
 10
-15.6239
 20
96.8715
 11
-15.623
 21
96.6623
  0
LINE
  8
0
 10
-15.623
 20
96.6623
 11
-15.6271
 21
96.5602
  0
LINE
  8
0
 10
-15.6271
 20
96.5602
 11
-15.6349
 21
96.4265
  0
LINE
  8
0
 10
-15.6349
 20
96.4265
 11
-15.6473
 21
96.2947
  0
LINE
  8
0
 10
-15.6473
 20
96.2947
 11
-15.6683
 21
96.1331
  0
LINE
  8
0
 10
-15.6683
 20
96.1331
 11
-15.7022
 21
95.9468
  0
LINE
  8
0
 10
-15.7022
 20
95.9468
 11
-15.7379
 21
95.7925
  0
LINE
  8
0
 10
-15.7379
 20
95.7925
 11
-15.7796
 21
95.6433
  0
LINE
  8
0
 10
-15.7796
 20
95.6433
 11
-15.8276
 21
95.4982
  0
LINE
  8
0
 10
-15.8276
 20
95.4982
 11
-15.883
 21
95.3568
  0
LINE
  8
0
 10
-15.883
 20
95.3568
 11
-15.9448
 21
95.219
  0
LINE
  8
0
 10
-15.9448
 20
95.219
 11
-15.9984
 21
95.1109
  0
LINE
  8
0
 10
-15.9984
 20
95.1109
 11
-16.0707
 21
94.9805
  0
LINE
  8
0
 10
-16.0707
 20
94.9805
 11
-16.1183
 21
94.9036
  0
LINE
  8
0
 10
-16.1183
 20
94.9036
 11
-16.1847
 21
94.8033
  0
LINE
  8
0
 10
-16.1847
 20
94.8033
 11
-16.273
 21
94.6806
  0
LINE
  8
0
 10
-16.273
 20
94.6806
 11
-16.3683
 21
94.563
  0
LINE
  8
0
 10
-16.3683
 20
94.563
 11
-16.4081
 21
94.5168
  0
LINE
  8
0
 10
-16.4081
 20
94.5168
 11
-16.5115
 21
94.4046
  0
LINE
  8
0
 10
-16.5115
 20
94.4046
 11
-16.6232
 21
94.2943
  0
LINE
  8
0
 10
-16.6232
 20
94.2943
 11
-16.7404
 21
94.1885
  0
LINE
  8
0
 10
-16.7404
 20
94.1885
 11
-16.8379
 21
94.108
  0
LINE
  8
0
 10
-16.8379
 20
94.108
 11
-16.9414
 21
94.0279
  0
LINE
  8
0
 10
-16.9414
 20
94.0279
 11
-17.0746
 21
93.9326
  0
LINE
  8
0
 10
-17.0746
 20
93.9326
 11
-17.1877
 21
93.8585
  0
LINE
  8
0
 10
-17.1877
 20
93.8585
 11
-17.363
 21
93.7518
  0
LINE
  8
0
 10
-17.363
 20
93.7518
 11
-17.4541
 21
93.701
  0
LINE
  8
0
 10
-17.4541
 20
93.701
 11
-17.5484
 21
93.6511
  0
LINE
  8
0
 10
-17.5484
 20
93.6511
 11
-17.71
 21
93.571
  0
LINE
  8
0
 10
-17.71
 20
93.571
 11
-17.8775
 21
93.4946
  0
LINE
  8
0
 10
-17.8775
 20
93.4946
 11
-18.1599
 21
93.3806
  0
LINE
  8
0
 10
-18.1599
 20
93.3806
 11
-18.3444
 21
93.3133
  0
LINE
  8
0
 10
-18.3444
 20
93.3133
 11
-18.5738
 21
93.2391
  0
LINE
  8
0
 10
-18.5738
 20
93.2391
 11
-18.7331
 21
93.1924
  0
LINE
  8
0
 10
-18.7331
 20
93.1924
 11
-18.9368
 21
93.1375
  0
LINE
  8
0
 10
-18.9368
 20
93.1375
 11
-19.1917
 21
93.0757
  0
LINE
  8
0
 10
-19.1917
 20
93.0757
 11
-19.4984
 21
93.0112
  0
LINE
  8
0
 10
-19.4984
 20
93.0112
 11
-19.8198
 21
92.9535
  0
LINE
  8
0
 10
-19.8198
 20
92.9535
 11
-20.202
 21
92.8967
  0
LINE
  8
0
 10
-20.202
 20
92.8967
 11
-20.6003
 21
92.8496
  0
LINE
  8
0
 10
-20.6003
 20
92.8496
 11
-20.9628
 21
92.8166
  0
LINE
  8
0
 10
-20.9628
 20
92.8166
 11
-21.3373
 21
92.7905
  0
LINE
  8
0
 10
-21.3373
 20
92.7905
 11
-21.2521
 21
93.094
  0
LINE
  8
0
 10
-9.03717
 20
92.8166
 11
-9.39972
 21
92.8496
  0
LINE
  8
0
 10
-9.39972
 20
92.8496
 11
-9.79797
 21
92.8967
  0
LINE
  8
0
 10
-9.79797
 20
92.8967
 11
-10.1802
 21
92.9535
  0
LINE
  8
0
 10
-10.1802
 20
92.9535
 11
-10.5016
 21
93.0107
  0
LINE
  8
0
 10
-10.5016
 20
93.0107
 11
-10.8083
 21
93.0757
  0
LINE
  8
0
 10
-10.8083
 20
93.0757
 11
-11.0632
 21
93.1375
  0
LINE
  8
0
 10
-11.0632
 20
93.1375
 11
-11.2669
 21
93.1924
  0
LINE
  8
0
 10
-11.2669
 20
93.1924
 11
-11.4262
 21
93.2391
  0
LINE
  8
0
 10
-11.4262
 20
93.2391
 11
-11.6556
 21
93.3138
  0
LINE
  8
0
 10
-11.6556
 20
93.3138
 11
-11.8401
 21
93.3806
  0
LINE
  8
0
 10
-11.8401
 20
93.3806
 11
-12.1234
 21
93.495
  0
LINE
  8
0
 10
-12.1234
 20
93.495
 11
-12.291
 21
93.5715
  0
LINE
  8
0
 10
-12.291
 20
93.5715
 11
-12.4525
 21
93.6516
  0
LINE
  8
0
 10
-12.4525
 20
93.6516
 11
-12.5459
 21
93.701
  0
LINE
  8
0
 10
-12.5459
 20
93.701
 11
-12.6379
 21
93.7523
  0
LINE
  8
0
 10
-12.6379
 20
93.7523
 11
-12.8133
 21
93.8589
  0
LINE
  8
0
 10
-12.8133
 20
93.8589
 11
-12.9254
 21
93.9326
  0
LINE
  8
0
 10
-12.9254
 20
93.9326
 11
-13.0586
 21
94.0279
  0
LINE
  8
0
 10
-13.0586
 20
94.0279
 11
-13.1621
 21
94.108
  0
LINE
  8
0
 10
-13.1621
 20
94.108
 11
-13.2596
 21
94.1885
  0
LINE
  8
0
 10
-13.2596
 20
94.1885
 11
-13.3777
 21
94.2952
  0
LINE
  8
0
 10
-13.3777
 20
94.2952
 11
-13.4885
 21
94.4046
  0
LINE
  8
0
 10
-13.4885
 20
94.4046
 11
-13.5924
 21
94.5172
  0
LINE
  8
0
 10
-13.5924
 20
94.5172
 11
-13.6327
 21
94.5639
  0
LINE
  8
0
 10
-13.6327
 20
94.5639
 11
-13.7279
 21
94.682
  0
LINE
  8
0
 10
-13.7279
 20
94.682
 11
-13.8153
 21
94.8033
  0
LINE
  8
0
 10
-13.8153
 20
94.8033
 11
-13.8821
 21
94.9045
  0
LINE
  8
0
 10
-13.8821
 20
94.9045
 11
-13.9297
 21
94.9814
  0
LINE
  8
0
 10
-13.9297
 20
94.9814
 11
-14.0016
 21
95.1109
  0
LINE
  8
0
 10
-14.0016
 20
95.1109
 11
-14.0556
 21
95.2199
  0
LINE
  8
0
 10
-14.0556
 20
95.2199
 11
-14.1174
 21
95.3581
  0
LINE
  8
0
 10
-14.1174
 20
95.3581
 11
-14.1728
 21
95.4996
  0
LINE
  8
0
 10
-14.1728
 20
95.4996
 11
-14.2209
 21
95.6447
  0
LINE
  8
0
 10
-14.2209
 20
95.6447
 11
-14.2621
 21
95.7939
  0
LINE
  8
0
 10
-14.2621
 20
95.7939
 11
-14.2982
 21
95.9468
  0
LINE
  8
0
 10
-14.2982
 20
95.9468
 11
-14.3321
 21
96.1349
  0
LINE
  8
0
 10
-14.3321
 20
96.1349
 11
-14.3527
 21
96.2956
  0
LINE
  8
0
 10
-14.3527
 20
96.2956
 11
-14.3651
 21
96.4275
  0
LINE
  8
0
 10
-14.3651
 20
96.4275
 11
-14.3729
 21
96.5611
  0
LINE
  8
0
 10
-14.3729
 20
96.5611
 11
-14.3765
 21
96.6623
  0
LINE
  8
0
 10
-14.3765
 20
96.6623
 11
-14.3765
 21
96.871
  0
LINE
  8
0
 10
-14.3765
 20
96.871
 11
-14.3683
 21
97.0477
  0
LINE
  8
0
 10
-14.3683
 20
97.0477
 11
-14.3509
 21
97.2661
  0
LINE
  8
0
 10
-14.3509
 20
97.2661
 11
-14.3239
 21
97.4895
  0
LINE
  8
0
 10
-14.3239
 20
97.4895
 11
-14.295
 21
97.6804
  0
LINE
  8
0
 10
-14.295
 20
97.6804
 11
-14.2662
 21
97.8346
  0
LINE
  8
0
 10
-14.2662
 20
97.8346
 11
-14.2159
 21
98.0717
  0
LINE
  8
0
 10
-14.2159
 20
98.0717
 11
-14.1664
 21
98.2736
  0
LINE
  8
0
 10
-14.1664
 20
98.2736
 11
-14.0991
 21
98.5194
  0
LINE
  8
0
 10
-14.0991
 20
98.5194
 11
-14.0364
 21
98.7305
  0
LINE
  8
0
 10
-14.0364
 20
98.7305
 11
-13.9806
 21
98.8998
  0
LINE
  8
0
 10
-13.9806
 20
98.8998
 11
-13.8904
 21
99.1608
  0
LINE
  8
0
 10
-13.8904
 20
99.1608
 11
-13.8071
 21
99.3814
  0
LINE
  8
0
 10
-13.8071
 20
99.3814
 11
-13.6798
 21
99.6973
  0
LINE
  8
0
 10
-13.6798
 20
99.6973
 11
-13.5612
 21
99.9742
  0
LINE
  8
0
 10
-13.5612
 20
99.9742
 11
-13.4322
 21
100.256
  0
LINE
  8
0
 10
-13.4322
 20
100.256
 11
-13.2953
 21
100.543
  0
LINE
  8
0
 10
-13.2953
 20
100.543
 11
-13.1804
 21
100.772
  0
LINE
  8
0
 10
-13.1804
 20
100.772
 11
-12.9254
 21
100.757
  0
LINE
  8
0
 10
-12.9254
 20
100.757
 11
-12.6082
 21
100.732
  0
LINE
  8
0
 10
-12.6082
 20
100.732
 11
-12.3001
 21
100.703
  0
LINE
  8
0
 10
-12.3001
 20
100.703
 11
-12.0012
 21
100.667
  0
LINE
  8
0
 10
-12.0012
 20
100.667
 11
-11.6643
 21
100.619
  0
LINE
  8
0
 10
-11.6643
 20
100.619
 11
-11.4304
 21
100.581
  0
LINE
  8
0
 10
-11.4304
 20
100.581
 11
-11.1607
 21
100.529
  0
LINE
  8
0
 10
-11.1607
 20
100.529
 11
-10.9854
 21
100.491
  0
LINE
  8
0
 10
-10.9854
 20
100.491
 11
-10.7712
 21
100.441
  0
LINE
  8
0
 10
-10.7712
 20
100.441
 11
-10.5244
 21
100.376
  0
LINE
  8
0
 10
-10.5244
 20
100.376
 11
-10.3244
 21
100.318
  0
LINE
  8
0
 10
-10.3244
 20
100.318
 11
-10.0951
 21
100.243
  0
LINE
  8
0
 10
-10.0951
 20
100.243
 11
-9.94583
 21
100.19
  0
LINE
  8
0
 10
-9.94583
 20
100.19
 11
-9.76639
 21
100.121
  0
LINE
  8
0
 10
-9.76639
 20
100.121
 11
-9.55948
 21
100.032
  0
LINE
  8
0
 10
-9.55948
 20
100.032
 11
-9.36172
 21
99.9385
  0
LINE
  8
0
 10
-9.36172
 20
99.9385
 11
-9.20517
 21
99.8561
  0
LINE
  8
0
 10
-9.20517
 20
99.8561
 11
-9.0239
 21
99.7522
  0
LINE
  8
0
 10
-9.0239
 20
99.7522
 11
-8.93784
 21
99.6982
  0
LINE
  8
0
 10
-8.93784
 20
99.6982
 11
-8.82523
 21
99.6245
  0
LINE
  8
0
 10
-8.82523
 20
99.6245
 11
-8.71857
 21
99.549
  0
LINE
  8
0
 10
-8.71857
 20
99.549
 11
-8.58856
 21
99.4492
  0
LINE
  8
0
 10
-8.58856
 20
99.4492
 11
-8.44345
 21
99.3265
  0
LINE
  8
0
 10
-8.44345
 20
99.3265
 11
-8.32809
 21
99.2184
  0
LINE
  8
0
 10
-8.32809
 20
99.2184
 11
-8.2196
 21
99.1077
  0
LINE
  8
0
 10
-8.2196
 20
99.1077
 11
-8.11798
 21
98.9928
  0
LINE
  8
0
 10
-8.11798
 20
98.9928
 11
-8.02277
 21
98.8751
  0
LINE
  8
0
 10
-8.02277
 20
98.8751
 11
-7.93533
 21
98.7538
  0
LINE
  8
0
 10
-7.93533
 20
98.7538
 11
-7.8685
 21
98.6526
  0
LINE
  8
0
 10
-7.8685
 20
98.6526
 11
-7.79114
 21
98.5236
  0
LINE
  8
0
 10
-7.79114
 20
98.5236
 11
-7.74857
 21
98.4448
  0
LINE
  8
0
 10
-7.74857
 20
98.4448
 11
-7.69501
 21
98.3372
  0
LINE
  8
0
 10
-7.69501
 20
98.3372
 11
-7.63321
 21
98.199
  0
LINE
  8
0
 10
-7.63321
 20
98.199
 11
-7.57782
 21
98.0576
  0
LINE
  8
0
 10
-7.57782
 20
98.0576
 11
-7.55859
 21
98.0003
  0
LINE
  8
0
 10
-7.55859
 20
98.0003
 11
-7.51282
 21
97.8534
  0
LINE
  8
0
 10
-7.51282
 20
97.8534
 11
-7.47299
 21
97.7023
  0
LINE
  8
0
 10
-7.47299
 20
97.7023
 11
-7.44049
 21
97.5481
  0
LINE
  8
0
 10
-7.44049
 20
97.5481
 11
-7.41898
 21
97.4226
  0
LINE
  8
0
 10
-7.41898
 20
97.4226
 11
-7.40158
 21
97.294
  0
LINE
  8
0
 10
-7.40158
 20
97.294
 11
-7.38556
 21
97.1297
  0
LINE
  8
0
 10
-7.38556
 20
97.1297
 11
-7.37823
 21
96.9974
  0
LINE
  8
0
 10
-7.37823
 20
96.9974
 11
-7.3732
 21
96.7909
  0
LINE
  8
0
 10
-7.3732
 20
96.7909
 11
-7.37411
 21
96.6861
  0
LINE
  8
0
 10
-7.37411
 20
96.6861
 11
-7.37869
 21
96.5804
  0
LINE
  8
0
 10
-7.37869
 20
96.5804
 11
-7.39014
 21
96.4
  0
LINE
  8
0
 10
-7.39014
 20
96.4
 11
-7.40753
 21
96.216
  0
LINE
  8
0
 10
-7.40753
 20
96.216
 11
-7.44965
 21
95.9166
  0
LINE
  8
0
 10
-7.44965
 20
95.9166
 11
-7.48444
 21
95.7216
  0
LINE
  8
0
 10
-7.48444
 20
95.7216
 11
-7.53479
 21
95.4849
  0
LINE
  8
0
 10
-7.53479
 20
95.4849
 11
-7.5737
 21
95.3242
  0
LINE
  8
0
 10
-7.5737
 20
95.3242
 11
-7.62772
 21
95.1205
  0
LINE
  8
0
 10
-7.62772
 20
95.1205
 11
-7.70142
 21
94.8697
  0
LINE
  8
0
 10
-7.70142
 20
94.8697
 11
-7.79938
 21
94.5708
  0
LINE
  8
0
 10
-7.79938
 20
94.5708
 11
-7.91061
 21
94.2641
  0
LINE
  8
0
 10
-7.91061
 20
94.2641
 11
-8.05206
 21
93.9047
  0
LINE
  8
0
 10
-8.05206
 20
93.9047
 11
-8.21045
 21
93.5362
  0
LINE
  8
0
 10
-8.21045
 20
93.5362
 11
-8.36334
 21
93.2057
  0
LINE
  8
0
 10
-8.36334
 20
93.2057
 11
-8.52814
 21
92.8693
  0
LINE
  8
0
 10
-8.52814
 20
92.8693
 11
-8.74786
 21
93.094
  0
LINE
  8
0
 10
-8.74786
 20
93.094
 11
-8.66272
 21
92.7905
  0
LINE
  8
0
 10
-8.66272
 20
92.7905
 11
-9.03717
 21
92.8166
  0
LINE
  8
0
 10
8.74786
 20
93.094
 11
8.52814
 21
92.8693
  0
LINE
  8
0
 10
8.52814
 20
92.8693
 11
8.36288
 21
93.2066
  0
LINE
  8
0
 10
8.36288
 20
93.2066
 11
8.21045
 21
93.5367
  0
LINE
  8
0
 10
8.21045
 20
93.5367
 11
8.05161
 21
93.9056
  0
LINE
  8
0
 10
8.05161
 20
93.9056
 11
7.91016
 21
94.265
  0
LINE
  8
0
 10
7.91016
 20
94.265
 11
7.79892
 21
94.5708
  0
LINE
  8
0
 10
7.79892
 20
94.5708
 11
7.70187
 21
94.8697
  0
LINE
  8
0
 10
7.70187
 20
94.8697
 11
7.62772
 21
95.1205
  0
LINE
  8
0
 10
7.62772
 20
95.1205
 11
7.5737
 21
95.3242
  0
LINE
  8
0
 10
7.5737
 20
95.3242
 11
7.53479
 21
95.4854
  0
LINE
  8
0
 10
7.53479
 20
95.4854
 11
7.48489
 21
95.7216
  0
LINE
  8
0
 10
7.48489
 20
95.7216
 11
7.44965
 21
95.9166
  0
LINE
  8
0
 10
7.44965
 20
95.9166
 11
7.40753
 21
96.2173
  0
LINE
  8
0
 10
7.40753
 20
96.2173
 11
7.39014
 21
96.4009
  0
LINE
  8
0
 10
7.39014
 20
96.4009
 11
7.37869
 21
96.5808
  0
LINE
  8
0
 10
7.37869
 20
96.5808
 11
7.37457
 21
96.6861
  0
LINE
  8
0
 10
7.37457
 20
96.6861
 11
7.3732
 21
96.7918
  0
LINE
  8
0
 10
7.3732
 20
96.7918
 11
7.37778
 21
96.9974
  0
LINE
  8
0
 10
7.37778
 20
96.9974
 11
7.38556
 21
97.1297
  0
LINE
  8
0
 10
7.38556
 20
97.1297
 11
7.40158
 21
97.294
  0
LINE
  8
0
 10
7.40158
 20
97.294
 11
7.41898
 21
97.4226
  0
LINE
  8
0
 10
7.41898
 20
97.4226
 11
7.44049
 21
97.5481
  0
LINE
  8
0
 10
7.44049
 20
97.5481
 11
7.47299
 21
97.7023
  0
LINE
  8
0
 10
7.47299
 20
97.7023
 11
7.51282
 21
97.8534
  0
LINE
  8
0
 10
7.51282
 20
97.8534
 11
7.55859
 21
98.0003
  0
LINE
  8
0
 10
7.55859
 20
98.0003
 11
7.57782
 21
98.0576
  0
LINE
  8
0
 10
7.57782
 20
98.0576
 11
7.63321
 21
98.199
  0
LINE
  8
0
 10
7.63321
 20
98.199
 11
7.69501
 21
98.3372
  0
LINE
  8
0
 10
7.69501
 20
98.3372
 11
7.74857
 21
98.4448
  0
LINE
  8
0
 10
7.74857
 20
98.4448
 11
7.79114
 21
98.5236
  0
LINE
  8
0
 10
7.79114
 20
98.5236
 11
7.8685
 21
98.6526
  0
LINE
  8
0
 10
7.8685
 20
98.6526
 11
7.93533
 21
98.7538
  0
LINE
  8
0
 10
7.93533
 20
98.7538
 11
8.02277
 21
98.8751
  0
LINE
  8
0
 10
8.02277
 20
98.8751
 11
8.11798
 21
98.9928
  0
LINE
  8
0
 10
8.11798
 20
98.9928
 11
8.2196
 21
99.1077
  0
LINE
  8
0
 10
8.2196
 20
99.1077
 11
8.32809
 21
99.2184
  0
LINE
  8
0
 10
8.32809
 20
99.2184
 11
8.44345
 21
99.3265
  0
LINE
  8
0
 10
8.44345
 20
99.3265
 11
8.58856
 21
99.4492
  0
LINE
  8
0
 10
8.58856
 20
99.4492
 11
8.71857
 21
99.549
  0
LINE
  8
0
 10
8.71857
 20
99.549
 11
8.82523
 21
99.6245
  0
LINE
  8
0
 10
8.82523
 20
99.6245
 11
8.93784
 21
99.6982
  0
LINE
  8
0
 10
8.93784
 20
99.6982
 11
9.0239
 21
99.7522
  0
LINE
  8
0
 10
9.0239
 20
99.7522
 11
9.20517
 21
99.8561
  0
LINE
  8
0
 10
9.20517
 20
99.8561
 11
9.36172
 21
99.9385
  0
LINE
  8
0
 10
9.36172
 20
99.9385
 11
9.55948
 21
100.032
  0
LINE
  8
0
 10
9.55948
 20
100.032
 11
9.76639
 21
100.121
  0
LINE
  8
0
 10
9.76639
 20
100.121
 11
9.94583
 21
100.19
  0
LINE
  8
0
 10
9.94583
 20
100.19
 11
10.0951
 21
100.244
  0
LINE
  8
0
 10
10.0951
 20
100.244
 11
10.3244
 21
100.318
  0
LINE
  8
0
 10
10.3244
 20
100.318
 11
10.5244
 21
100.376
  0
LINE
  8
0
 10
10.5244
 20
100.376
 11
10.7712
 21
100.441
  0
LINE
  8
0
 10
10.7712
 20
100.441
 11
10.9854
 21
100.491
  0
LINE
  8
0
 10
10.9854
 20
100.491
 11
11.1607
 21
100.529
  0
LINE
  8
0
 10
11.1607
 20
100.529
 11
11.4304
 21
100.58
  0
LINE
  8
0
 10
11.4304
 20
100.58
 11
11.6643
 21
100.619
  0
LINE
  8
0
 10
11.6643
 20
100.619
 11
12.0012
 21
100.667
  0
LINE
  8
0
 10
12.0012
 20
100.667
 11
12.3001
 21
100.703
  0
LINE
  8
0
 10
12.3001
 20
100.703
 11
12.6082
 21
100.732
  0
LINE
  8
0
 10
12.6082
 20
100.732
 11
12.9254
 21
100.757
  0
LINE
  8
0
 10
12.9254
 20
100.757
 11
13.1804
 21
100.772
  0
LINE
  8
0
 10
13.1804
 20
100.772
 11
13.2953
 21
100.543
  0
LINE
  8
0
 10
13.2953
 20
100.543
 11
13.4322
 21
100.256
  0
LINE
  8
0
 10
13.4322
 20
100.256
 11
13.5612
 21
99.9742
  0
LINE
  8
0
 10
13.5612
 20
99.9742
 11
13.6798
 21
99.6973
  0
LINE
  8
0
 10
13.6798
 20
99.6973
 11
13.8075
 21
99.3814
  0
LINE
  8
0
 10
13.8075
 20
99.3814
 11
13.8899
 21
99.1608
  0
LINE
  8
0
 10
13.8899
 20
99.1608
 11
13.981
 21
98.8998
  0
LINE
  8
0
 10
13.981
 20
98.8998
 11
14.0359
 21
98.7305
  0
LINE
  8
0
 10
14.0359
 20
98.7305
 11
14.0996
 21
98.5194
  0
LINE
  8
0
 10
14.0996
 20
98.5194
 11
14.1664
 21
98.2736
  0
LINE
  8
0
 10
14.1664
 20
98.2736
 11
14.2159
 21
98.0717
  0
LINE
  8
0
 10
14.2159
 20
98.0717
 11
14.2662
 21
97.8346
  0
LINE
  8
0
 10
14.2662
 20
97.8346
 11
14.2946
 21
97.6804
  0
LINE
  8
0
 10
14.2946
 20
97.6804
 11
14.3239
 21
97.4895
  0
LINE
  8
0
 10
14.3239
 20
97.4895
 11
14.3509
 21
97.2661
  0
LINE
  8
0
 10
14.3509
 20
97.2661
 11
14.3683
 21
97.0477
  0
LINE
  8
0
 10
14.3683
 20
97.0477
 11
14.3761
 21
96.8715
  0
LINE
  8
0
 10
14.3761
 20
96.8715
 11
14.377
 21
96.6623
  0
LINE
  8
0
 10
14.377
 20
96.6623
 11
14.3729
 21
96.5602
  0
LINE
  8
0
 10
14.3729
 20
96.5602
 11
14.3651
 21
96.4265
  0
LINE
  8
0
 10
14.3651
 20
96.4265
 11
14.3527
 21
96.2947
  0
LINE
  8
0
 10
14.3527
 20
96.2947
 11
14.3317
 21
96.1331
  0
LINE
  8
0
 10
14.3317
 20
96.1331
 11
14.2978
 21
95.9468
  0
LINE
  8
0
 10
14.2978
 20
95.9468
 11
14.2621
 21
95.7925
  0
LINE
  8
0
 10
14.2621
 20
95.7925
 11
14.2204
 21
95.6433
  0
LINE
  8
0
 10
14.2204
 20
95.6433
 11
14.1724
 21
95.4982
  0
LINE
  8
0
 10
14.1724
 20
95.4982
 11
14.117
 21
95.3568
  0
LINE
  8
0
 10
14.117
 20
95.3568
 11
14.0552
 21
95.219
  0
LINE
  8
0
 10
14.0552
 20
95.219
 11
14.0016
 21
95.1109
  0
LINE
  8
0
 10
14.0016
 20
95.1109
 11
13.9293
 21
94.9805
  0
LINE
  8
0
 10
13.9293
 20
94.9805
 11
13.8817
 21
94.9036
  0
LINE
  8
0
 10
13.8817
 20
94.9036
 11
13.8153
 21
94.8033
  0
LINE
  8
0
 10
13.8153
 20
94.8033
 11
13.727
 21
94.6806
  0
LINE
  8
0
 10
13.727
 20
94.6806
 11
13.6317
 21
94.563
  0
LINE
  8
0
 10
13.6317
 20
94.563
 11
13.5919
 21
94.5168
  0
LINE
  8
0
 10
13.5919
 20
94.5168
 11
13.4885
 21
94.4046
  0
LINE
  8
0
 10
13.4885
 20
94.4046
 11
13.3768
 21
94.2943
  0
LINE
  8
0
 10
13.3768
 20
94.2943
 11
13.2596
 21
94.1885
  0
LINE
  8
0
 10
13.2596
 20
94.1885
 11
13.1621
 21
94.108
  0
LINE
  8
0
 10
13.1621
 20
94.108
 11
13.0586
 21
94.0279
  0
LINE
  8
0
 10
13.0586
 20
94.0279
 11
12.9254
 21
93.9326
  0
LINE
  8
0
 10
12.9254
 20
93.9326
 11
12.8123
 21
93.8585
  0
LINE
  8
0
 10
12.8123
 20
93.8585
 11
12.637
 21
93.7518
  0
LINE
  8
0
 10
12.637
 20
93.7518
 11
12.5459
 21
93.701
  0
LINE
  8
0
 10
12.5459
 20
93.701
 11
12.4516
 21
93.6511
  0
LINE
  8
0
 10
12.4516
 20
93.6511
 11
12.29
 21
93.571
  0
LINE
  8
0
 10
12.29
 20
93.571
 11
12.1225
 21
93.4946
  0
LINE
  8
0
 10
12.1225
 20
93.4946
 11
11.8401
 21
93.3806
  0
LINE
  8
0
 10
11.8401
 20
93.3806
 11
11.6556
 21
93.3133
  0
LINE
  8
0
 10
11.6556
 20
93.3133
 11
11.4262
 21
93.2391
  0
LINE
  8
0
 10
11.4262
 20
93.2391
 11
11.2669
 21
93.1924
  0
LINE
  8
0
 10
11.2669
 20
93.1924
 11
11.0632
 21
93.1375
  0
LINE
  8
0
 10
11.0632
 20
93.1375
 11
10.8083
 21
93.0757
  0
LINE
  8
0
 10
10.8083
 20
93.0757
 11
10.5016
 21
93.0112
  0
LINE
  8
0
 10
10.5016
 20
93.0112
 11
10.1802
 21
92.9535
  0
LINE
  8
0
 10
10.1802
 20
92.9535
 11
9.79797
 21
92.8967
  0
LINE
  8
0
 10
9.79797
 20
92.8967
 11
9.39972
 21
92.8496
  0
LINE
  8
0
 10
9.39972
 20
92.8496
 11
9.03717
 21
92.8166
  0
LINE
  8
0
 10
9.03717
 20
92.8166
 11
8.66272
 21
92.7905
  0
LINE
  8
0
 10
8.66272
 20
92.7905
 11
8.74786
 21
93.094
  0
LINE
  8
0
 10
20.9628
 20
92.8166
 11
20.6003
 21
92.8496
  0
LINE
  8
0
 10
20.6003
 20
92.8496
 11
20.202
 21
92.8967
  0
LINE
  8
0
 10
20.202
 20
92.8967
 11
19.8198
 21
92.9535
  0
LINE
  8
0
 10
19.8198
 20
92.9535
 11
19.4984
 21
93.0107
  0
LINE
  8
0
 10
19.4984
 20
93.0107
 11
19.1917
 21
93.0757
  0
LINE
  8
0
 10
19.1917
 20
93.0757
 11
18.9368
 21
93.1375
  0
LINE
  8
0
 10
18.9368
 20
93.1375
 11
18.7331
 21
93.1924
  0
LINE
  8
0
 10
18.7331
 20
93.1924
 11
18.5738
 21
93.2391
  0
LINE
  8
0
 10
18.5738
 20
93.2391
 11
18.3444
 21
93.3138
  0
LINE
  8
0
 10
18.3444
 20
93.3138
 11
18.1599
 21
93.3806
  0
LINE
  8
0
 10
18.1599
 20
93.3806
 11
17.8766
 21
93.495
  0
LINE
  8
0
 10
17.8766
 20
93.495
 11
17.709
 21
93.5715
  0
LINE
  8
0
 10
17.709
 20
93.5715
 11
17.5475
 21
93.6516
  0
LINE
  8
0
 10
17.5475
 20
93.6516
 11
17.4541
 21
93.701
  0
LINE
  8
0
 10
17.4541
 20
93.701
 11
17.3621
 21
93.7523
  0
LINE
  8
0
 10
17.3621
 20
93.7523
 11
17.1867
 21
93.8589
  0
LINE
  8
0
 10
17.1867
 20
93.8589
 11
17.0746
 21
93.9326
  0
LINE
  8
0
 10
17.0746
 20
93.9326
 11
16.9414
 21
94.0279
  0
LINE
  8
0
 10
16.9414
 20
94.0279
 11
16.8379
 21
94.108
  0
LINE
  8
0
 10
16.8379
 20
94.108
 11
16.7404
 21
94.1885
  0
LINE
  8
0
 10
16.7404
 20
94.1885
 11
16.6223
 21
94.2952
  0
LINE
  8
0
 10
16.6223
 20
94.2952
 11
16.5115
 21
94.4046
  0
LINE
  8
0
 10
16.5115
 20
94.4046
 11
16.4076
 21
94.5172
  0
LINE
  8
0
 10
16.4076
 20
94.5172
 11
16.3673
 21
94.5639
  0
LINE
  8
0
 10
16.3673
 20
94.5639
 11
16.2721
 21
94.682
  0
LINE
  8
0
 10
16.2721
 20
94.682
 11
16.1847
 21
94.8033
  0
LINE
  8
0
 10
16.1847
 20
94.8033
 11
16.1179
 21
94.9045
  0
LINE
  8
0
 10
16.1179
 20
94.9045
 11
16.0703
 21
94.9814
  0
LINE
  8
0
 10
16.0703
 20
94.9814
 11
15.9984
 21
95.1109
  0
LINE
  8
0
 10
15.9984
 20
95.1109
 11
15.9444
 21
95.2199
  0
LINE
  8
0
 10
15.9444
 20
95.2199
 11
15.8826
 21
95.3581
  0
LINE
  8
0
 10
15.8826
 20
95.3581
 11
15.8272
 21
95.4996
  0
LINE
  8
0
 10
15.8272
 20
95.4996
 11
15.7791
 21
95.6447
  0
LINE
  8
0
 10
15.7791
 20
95.6447
 11
15.7379
 21
95.7939
  0
LINE
  8
0
 10
15.7379
 20
95.7939
 11
15.7018
 21
95.9468
  0
LINE
  8
0
 10
15.7018
 20
95.9468
 11
15.6679
 21
96.1349
  0
LINE
  8
0
 10
15.6679
 20
96.1349
 11
15.6473
 21
96.2956
  0
LINE
  8
0
 10
15.6473
 20
96.2956
 11
15.6349
 21
96.4275
  0
LINE
  8
0
 10
15.6349
 20
96.4275
 11
15.6271
 21
96.5611
  0
LINE
  8
0
 10
15.6271
 20
96.5611
 11
15.6235
 21
96.6623
  0
LINE
  8
0
 10
15.6235
 20
96.6623
 11
15.6235
 21
96.871
  0
LINE
  8
0
 10
15.6235
 20
96.871
 11
15.6317
 21
97.0477
  0
LINE
  8
0
 10
15.6317
 20
97.0477
 11
15.6491
 21
97.2661
  0
LINE
  8
0
 10
15.6491
 20
97.2661
 11
15.6761
 21
97.4895
  0
LINE
  8
0
 10
15.6761
 20
97.4895
 11
15.705
 21
97.6804
  0
LINE
  8
0
 10
15.705
 20
97.6804
 11
15.7338
 21
97.8346
  0
LINE
  8
0
 10
15.7338
 20
97.8346
 11
15.7841
 21
98.0717
  0
LINE
  8
0
 10
15.7841
 20
98.0717
 11
15.8336
 21
98.2736
  0
LINE
  8
0
 10
15.8336
 20
98.2736
 11
15.9009
 21
98.5194
  0
LINE
  8
0
 10
15.9009
 20
98.5194
 11
15.9636
 21
98.7305
  0
LINE
  8
0
 10
15.9636
 20
98.7305
 11
16.0194
 21
98.8998
  0
LINE
  8
0
 10
16.0194
 20
98.8998
 11
16.1096
 21
99.1608
  0
LINE
  8
0
 10
16.1096
 20
99.1608
 11
16.1929
 21
99.3814
  0
LINE
  8
0
 10
16.1929
 20
99.3814
 11
16.3202
 21
99.6973
  0
LINE
  8
0
 10
16.3202
 20
99.6973
 11
16.4388
 21
99.9742
  0
LINE
  8
0
 10
16.4388
 20
99.9742
 11
16.5678
 21
100.256
  0
LINE
  8
0
 10
16.5678
 20
100.256
 11
16.7047
 21
100.543
  0
LINE
  8
0
 10
16.7047
 20
100.543
 11
16.8196
 21
100.772
  0
LINE
  8
0
 10
16.8196
 20
100.772
 11
17.0746
 21
100.757
  0
LINE
  8
0
 10
17.0746
 20
100.757
 11
17.3918
 21
100.732
  0
LINE
  8
0
 10
17.3918
 20
100.732
 11
17.6999
 21
100.703
  0
LINE
  8
0
 10
17.6999
 20
100.703
 11
17.9988
 21
100.667
  0
LINE
  8
0
 10
17.9988
 20
100.667
 11
18.3357
 21
100.619
  0
LINE
  8
0
 10
18.3357
 20
100.619
 11
18.5696
 21
100.581
  0
LINE
  8
0
 10
18.5696
 20
100.581
 11
18.8393
 21
100.529
  0
LINE
  8
0
 10
18.8393
 20
100.529
 11
19.0146
 21
100.491
  0
LINE
  8
0
 10
19.0146
 20
100.491
 11
19.2288
 21
100.441
  0
LINE
  8
0
 10
19.2288
 20
100.441
 11
19.4756
 21
100.376
  0
LINE
  8
0
 10
19.4756
 20
100.376
 11
19.6756
 21
100.318
  0
LINE
  8
0
 10
19.6756
 20
100.318
 11
19.9049
 21
100.243
  0
LINE
  8
0
 10
19.9049
 20
100.243
 11
20.0542
 21
100.19
  0
LINE
  8
0
 10
20.0542
 20
100.19
 11
20.2336
 21
100.121
  0
LINE
  8
0
 10
20.2336
 20
100.121
 11
20.4405
 21
100.032
  0
LINE
  8
0
 10
20.4405
 20
100.032
 11
20.6383
 21
99.9385
  0
LINE
  8
0
 10
20.6383
 20
99.9385
 11
20.7948
 21
99.8561
  0
LINE
  8
0
 10
20.7948
 20
99.8561
 11
20.9761
 21
99.7522
  0
LINE
  8
0
 10
20.9761
 20
99.7522
 11
21.0622
 21
99.6982
  0
LINE
  8
0
 10
21.0622
 20
99.6982
 11
21.1748
 21
99.6245
  0
LINE
  8
0
 10
21.1748
 20
99.6245
 11
21.2814
 21
99.549
  0
LINE
  8
0
 10
21.2814
 20
99.549
 11
21.4114
 21
99.4492
  0
LINE
  8
0
 10
21.4114
 20
99.4492
 11
21.5565
 21
99.3265
  0
LINE
  8
0
 10
21.5565
 20
99.3265
 11
21.6719
 21
99.2184
  0
LINE
  8
0
 10
21.6719
 20
99.2184
 11
21.7804
 21
99.1077
  0
LINE
  8
0
 10
21.7804
 20
99.1077
 11
21.882
 21
98.9928
  0
LINE
  8
0
 10
21.882
 20
98.9928
 11
21.9772
 21
98.8751
  0
LINE
  8
0
 10
21.9772
 20
98.8751
 11
22.0647
 21
98.7538
  0
LINE
  8
0
 10
22.0647
 20
98.7538
 11
22.1315
 21
98.6526
  0
LINE
  8
0
 10
22.1315
 20
98.6526
 11
22.2089
 21
98.5236
  0
LINE
  8
0
 10
22.2089
 20
98.5236
 11
22.2514
 21
98.4448
  0
LINE
  8
0
 10
22.2514
 20
98.4448
 11
22.305
 21
98.3372
  0
LINE
  8
0
 10
22.305
 20
98.3372
 11
22.3668
 21
98.199
  0
LINE
  8
0
 10
22.3668
 20
98.199
 11
22.4222
 21
98.0576
  0
LINE
  8
0
 10
22.4222
 20
98.0576
 11
22.4414
 21
98.0003
  0
LINE
  8
0
 10
22.4414
 20
98.0003
 11
22.4872
 21
97.8534
  0
LINE
  8
0
 10
22.4872
 20
97.8534
 11
22.527
 21
97.7023
  0
LINE
  8
0
 10
22.527
 20
97.7023
 11
22.5595
 21
97.5481
  0
LINE
  8
0
 10
22.5595
 20
97.5481
 11
22.581
 21
97.4226
  0
LINE
  8
0
 10
22.581
 20
97.4226
 11
22.5984
 21
97.294
  0
LINE
  8
0
 10
22.5984
 20
97.294
 11
22.6144
 21
97.1297
  0
LINE
  8
0
 10
22.6144
 20
97.1297
 11
22.6218
 21
96.9974
  0
LINE
  8
0
 10
22.6218
 20
96.9974
 11
22.6268
 21
96.7909
  0
LINE
  8
0
 10
22.6268
 20
96.7909
 11
22.6259
 21
96.6861
  0
LINE
  8
0
 10
22.6259
 20
96.6861
 11
22.6213
 21
96.5804
  0
LINE
  8
0
 10
22.6213
 20
96.5804
 11
22.6099
 21
96.4
  0
LINE
  8
0
 10
22.6099
 20
96.4
 11
22.5925
 21
96.216
  0
LINE
  8
0
 10
22.5925
 20
96.216
 11
22.5504
 21
95.9166
  0
LINE
  8
0
 10
22.5504
 20
95.9166
 11
22.5156
 21
95.7216
  0
LINE
  8
0
 10
22.5156
 20
95.7216
 11
22.4652
 21
95.4849
  0
LINE
  8
0
 10
22.4652
 20
95.4849
 11
22.4263
 21
95.3242
  0
LINE
  8
0
 10
22.4263
 20
95.3242
 11
22.3723
 21
95.1205
  0
LINE
  8
0
 10
22.3723
 20
95.1205
 11
22.2986
 21
94.8697
  0
LINE
  8
0
 10
22.2986
 20
94.8697
 11
22.2006
 21
94.5708
  0
LINE
  8
0
 10
22.2006
 20
94.5708
 11
22.0894
 21
94.2641
  0
LINE
  8
0
 10
22.0894
 20
94.2641
 11
21.9479
 21
93.9047
  0
LINE
  8
0
 10
21.9479
 20
93.9047
 11
21.7896
 21
93.5362
  0
LINE
  8
0
 10
21.7896
 20
93.5362
 11
21.6367
 21
93.2057
  0
LINE
  8
0
 10
21.6367
 20
93.2057
 11
21.4719
 21
92.8693
  0
LINE
  8
0
 10
21.4719
 20
92.8693
 11
21.2521
 21
93.094
  0
LINE
  8
0
 10
21.2521
 20
93.094
 11
21.3373
 21
92.7905
  0
LINE
  8
0
 10
21.3373
 20
92.7905
 11
20.9628
 21
92.8166
  0
LINE
  8
0
 10
-27.4503
 20
91.019
 11
-28.5686
 21
92.4756
  0
LINE
  8
0
 10
-28.5686
 20
92.4756
 11
-28.3282
 21
94.2975
  0
LINE
  8
0
 10
-28.3282
 20
94.2975
 11
-26.8707
 21
95.4163
  0
LINE
  8
0
 10
-26.8707
 20
95.4163
 11
-25.0497
 21
95.1759
  0
LINE
  8
0
 10
-25.0497
 20
95.1759
 11
-23.9314
 21
93.7193
  0
LINE
  8
0
 10
-23.9314
 20
93.7193
 11
-24.1718
 21
91.8974
  0
LINE
  8
0
 10
-24.1718
 20
91.8974
 11
-25.6293
 21
90.7787
  0
LINE
  8
0
 10
-25.6293
 20
90.7787
 11
-27.4503
 21
91.019
  0
LINE
  8
0
 10
-5.82825
 20
91.8974
 11
-6.06857
 21
93.7193
  0
LINE
  8
0
 10
-6.06857
 20
93.7193
 11
-4.95026
 21
95.1759
  0
LINE
  8
0
 10
-4.95026
 20
95.1759
 11
-3.12927
 21
95.4163
  0
LINE
  8
0
 10
-3.12927
 20
95.4163
 11
-1.67175
 21
94.2975
  0
LINE
  8
0
 10
-1.67175
 20
94.2975
 11
-1.43143
 21
92.4756
  0
LINE
  8
0
 10
-1.43143
 20
92.4756
 11
-2.54974
 21
91.019
  0
LINE
  8
0
 10
-2.54974
 20
91.019
 11
-4.37073
 21
90.7787
  0
LINE
  8
0
 10
-4.37073
 20
90.7787
 11
-5.82825
 21
91.8974
  0
LINE
  8
0
 10
2.54974
 20
91.019
 11
1.43143
 21
92.4756
  0
LINE
  8
0
 10
1.43143
 20
92.4756
 11
1.67175
 21
94.2975
  0
LINE
  8
0
 10
1.67175
 20
94.2975
 11
3.12927
 21
95.4163
  0
LINE
  8
0
 10
3.12927
 20
95.4163
 11
4.95026
 21
95.1759
  0
LINE
  8
0
 10
4.95026
 20
95.1759
 11
6.06857
 21
93.7193
  0
LINE
  8
0
 10
6.06857
 20
93.7193
 11
5.82825
 21
91.8974
  0
LINE
  8
0
 10
5.82825
 20
91.8974
 11
4.37073
 21
90.7787
  0
LINE
  8
0
 10
4.37073
 20
90.7787
 11
2.54974
 21
91.019
  0
LINE
  8
0
 10
24.1718
 20
91.8974
 11
23.9314
 21
93.7193
  0
LINE
  8
0
 10
23.9314
 20
93.7193
 11
25.0497
 21
95.1759
  0
LINE
  8
0
 10
25.0497
 20
95.1759
 11
26.8707
 21
95.4163
  0
LINE
  8
0
 10
26.8707
 20
95.4163
 11
28.3282
 21
94.2975
  0
LINE
  8
0
 10
28.3282
 20
94.2975
 11
28.5686
 21
92.4756
  0
LINE
  8
0
 10
28.5686
 20
92.4756
 11
27.4503
 21
91.019
  0
LINE
  8
0
 10
27.4503
 20
91.019
 11
25.6293
 21
90.7787
  0
LINE
  8
0
 10
25.6293
 20
90.7787
 11
24.1718
 21
91.8974
  0
LINE
  8
0
 10
-31.729
 20
94.3415
 11
-31.6718
 21
94.2975
  0
LINE
  8
0
 10
-31.6718
 20
94.2975
 11
-31.4314
 21
92.4756
  0
LINE
  8
0
 10
-31.4314
 20
92.4756
 11
-32.5497
 21
91.019
  0
LINE
  8
0
 10
-32.5497
 20
91.019
 11
-32.8202
 21
90.9833
  0
LINE
  8
0
 10
-32.8202
 20
90.9833
 11
-31.729
 21
94.3415
  0
LINE
  8
0
 10
32.5497
 20
91.019
 11
31.4314
 21
92.4756
  0
LINE
  8
0
 10
31.4314
 20
92.4756
 11
31.6718
 21
94.2975
  0
LINE
  8
0
 10
31.6718
 20
94.2975
 11
31.729
 21
94.3415
  0
LINE
  8
0
 10
31.729
 20
94.3415
 11
32.8202
 21
90.9833
  0
LINE
  8
0
 10
32.8202
 20
90.9833
 11
32.5497
 21
91.019
  0
LINE
  8
0
 10
-13.3282
 20
87.5674
 11
-13.5686
 21
89.3893
  0
LINE
  8
0
 10
-13.5686
 20
89.3893
 11
-12.4503
 21
90.8459
  0
LINE
  8
0
 10
-12.4503
 20
90.8459
 11
-10.6293
 21
91.0863
  0
LINE
  8
0
 10
-10.6293
 20
91.0863
 11
-9.17175
 21
89.9675
  0
LINE
  8
0
 10
-9.17175
 20
89.9675
 11
-8.93143
 21
88.1456
  0
LINE
  8
0
 10
-8.93143
 20
88.1456
 11
-10.0497
 21
86.689
  0
LINE
  8
0
 10
-10.0497
 20
86.689
 11
-11.8707
 21
86.4487
  0
LINE
  8
0
 10
-11.8707
 20
86.4487
 11
-13.3282
 21
87.5674
  0
LINE
  8
0
 10
16.6718
 20
87.5674
 11
16.4314
 21
89.3893
  0
LINE
  8
0
 10
16.4314
 20
89.3893
 11
17.5497
 21
90.8459
  0
LINE
  8
0
 10
17.5497
 20
90.8459
 11
19.3707
 21
91.0863
  0
LINE
  8
0
 10
19.3707
 20
91.0863
 11
20.8282
 21
89.9675
  0
LINE
  8
0
 10
20.8282
 20
89.9675
 11
21.0686
 21
88.1456
  0
LINE
  8
0
 10
21.0686
 20
88.1456
 11
19.9503
 21
86.689
  0
LINE
  8
0
 10
19.9503
 20
86.689
 11
18.1293
 21
86.4487
  0
LINE
  8
0
 10
18.1293
 20
86.4487
 11
16.6718
 21
87.5674
  0
LINE
  8
0
 10
-19.9503
 20
86.689
 11
-21.0686
 21
88.1456
  0
LINE
  8
0
 10
-21.0686
 20
88.1456
 11
-20.8282
 21
89.9675
  0
LINE
  8
0
 10
-20.8282
 20
89.9675
 11
-19.3707
 21
91.0863
  0
LINE
  8
0
 10
-19.3707
 20
91.0863
 11
-17.5497
 21
90.8459
  0
LINE
  8
0
 10
-17.5497
 20
90.8459
 11
-16.4314
 21
89.3893
  0
LINE
  8
0
 10
-16.4314
 20
89.3893
 11
-16.6718
 21
87.5674
  0
LINE
  8
0
 10
-16.6718
 20
87.5674
 11
-18.1293
 21
86.4487
  0
LINE
  8
0
 10
-18.1293
 20
86.4487
 11
-19.9503
 21
86.689
  0
LINE
  8
0
 10
10.0497
 20
86.689
 11
8.93143
 21
88.1456
  0
LINE
  8
0
 10
8.93143
 20
88.1456
 11
9.17175
 21
89.9675
  0
LINE
  8
0
 10
9.17175
 20
89.9675
 11
10.6293
 21
91.0863
  0
LINE
  8
0
 10
10.6293
 20
91.0863
 11
12.4503
 21
90.8459
  0
LINE
  8
0
 10
12.4503
 20
90.8459
 11
13.5686
 21
89.3893
  0
LINE
  8
0
 10
13.5686
 20
89.3893
 11
13.3282
 21
87.5674
  0
LINE
  8
0
 10
13.3282
 20
87.5674
 11
11.8707
 21
86.4487
  0
LINE
  8
0
 10
11.8707
 20
86.4487
 11
10.0497
 21
86.689
  0
LINE
  8
0
 10
27.9254
 20
81.1084
 11
27.6082
 21
81.1331
  0
LINE
  8
0
 10
27.6082
 20
81.1331
 11
27.3001
 21
81.1624
  0
LINE
  8
0
 10
27.3001
 20
81.1624
 11
27.0012
 21
81.1981
  0
LINE
  8
0
 10
27.0012
 20
81.1981
 11
26.6643
 21
81.2457
  0
LINE
  8
0
 10
26.6643
 20
81.2457
 11
26.4304
 21
81.2842
  0
LINE
  8
0
 10
26.4304
 20
81.2842
 11
26.1607
 21
81.3364
  0
LINE
  8
0
 10
26.1607
 20
81.3364
 11
25.9854
 21
81.3734
  0
LINE
  8
0
 10
25.9854
 20
81.3734
 11
25.7712
 21
81.4238
  0
LINE
  8
0
 10
25.7712
 20
81.4238
 11
25.5244
 21
81.4888
  0
LINE
  8
0
 10
25.5244
 20
81.4888
 11
25.3244
 21
81.5469
  0
LINE
  8
0
 10
25.3244
 20
81.5469
 11
25.0951
 21
81.6216
  0
LINE
  8
0
 10
25.0951
 20
81.6216
 11
24.9458
 21
81.6751
  0
LINE
  8
0
 10
24.9458
 20
81.6751
 11
24.7664
 21
81.7442
  0
LINE
  8
0
 10
24.7664
 20
81.7442
 11
24.5595
 21
81.8326
  0
LINE
  8
0
 10
24.5595
 20
81.8326
 11
24.3617
 21
81.9264
  0
LINE
  8
0
 10
24.3617
 20
81.9264
 11
24.2052
 21
82.0088
  0
LINE
  8
0
 10
24.2052
 20
82.0088
 11
24.0239
 21
82.1127
  0
LINE
  8
0
 10
24.0239
 20
82.1127
 11
23.9378
 21
82.1667
  0
LINE
  8
0
 10
23.9378
 20
82.1667
 11
23.8252
 21
82.2404
  0
LINE
  8
0
 10
23.8252
 20
82.2404
 11
23.7186
 21
82.316
  0
LINE
  8
0
 10
23.7186
 20
82.316
 11
23.5886
 21
82.4158
  0
LINE
  8
0
 10
23.5886
 20
82.4158
 11
23.4435
 21
82.5385
  0
LINE
  8
0
 10
23.4435
 20
82.5385
 11
23.3281
 21
82.6465
  0
LINE
  8
0
 10
23.3281
 20
82.6465
 11
23.2196
 21
82.7573
  0
LINE
  8
0
 10
23.2196
 20
82.7573
 11
23.118
 21
82.8722
  0
LINE
  8
0
 10
23.118
 20
82.8722
 11
23.0228
 21
82.9898
  0
LINE
  8
0
 10
23.0228
 20
82.9898
 11
22.9353
 21
83.1111
  0
LINE
  8
0
 10
22.9353
 20
83.1111
 11
22.8685
 21
83.2123
  0
LINE
  8
0
 10
22.8685
 20
83.2123
 11
22.7911
 21
83.3414
  0
LINE
  8
0
 10
22.7911
 20
83.3414
 11
22.7486
 21
83.4201
  0
LINE
  8
0
 10
22.7486
 20
83.4201
 11
22.695
 21
83.5277
  0
LINE
  8
0
 10
22.695
 20
83.5277
 11
22.6332
 21
83.6659
  0
LINE
  8
0
 10
22.6332
 20
83.6659
 11
22.5778
 21
83.8074
  0
LINE
  8
0
 10
22.5778
 20
83.8074
 11
22.5586
 21
83.8646
  0
LINE
  8
0
 10
22.5586
 20
83.8646
 11
22.5128
 21
84.0115
  0
LINE
  8
0
 10
22.5128
 20
84.0115
 11
22.473
 21
84.1626
  0
LINE
  8
0
 10
22.473
 20
84.1626
 11
22.4405
 21
84.3169
  0
LINE
  8
0
 10
22.4405
 20
84.3169
 11
22.419
 21
84.4423
  0
LINE
  8
0
 10
22.419
 20
84.4423
 11
22.4016
 21
84.5709
  0
LINE
  8
0
 10
22.4016
 20
84.5709
 11
22.3856
 21
84.7353
  0
LINE
  8
0
 10
22.3856
 20
84.7353
 11
22.3782
 21
84.8676
  0
LINE
  8
0
 10
22.3782
 20
84.8676
 11
22.3732
 21
85.074
  0
LINE
  8
0
 10
22.3732
 20
85.074
 11
22.3741
 21
85.1788
  0
LINE
  8
0
 10
22.3741
 20
85.1788
 11
22.3787
 21
85.2841
  0
LINE
  8
0
 10
22.3787
 20
85.2841
 11
22.3901
 21
85.464
  0
LINE
  8
0
 10
22.3901
 20
85.464
 11
22.4075
 21
85.6476
  0
LINE
  8
0
 10
22.4075
 20
85.6476
 11
22.4496
 21
85.9483
  0
LINE
  8
0
 10
22.4496
 20
85.9483
 11
22.4844
 21
86.1433
  0
LINE
  8
0
 10
22.4844
 20
86.1433
 11
22.5348
 21
86.3795
  0
LINE
  8
0
 10
22.5348
 20
86.3795
 11
22.5737
 21
86.5407
  0
LINE
  8
0
 10
22.5737
 20
86.5407
 11
22.6277
 21
86.7444
  0
LINE
  8
0
 10
22.6277
 20
86.7444
 11
22.7014
 21
86.9952
  0
LINE
  8
0
 10
22.7014
 20
86.9952
 11
22.7994
 21
87.2942
  0
LINE
  8
0
 10
22.7994
 20
87.2942
 11
22.9102
 21
87.5999
  0
LINE
  8
0
 10
22.9102
 20
87.5999
 11
23.0516
 21
87.9593
  0
LINE
  8
0
 10
23.0516
 20
87.9593
 11
23.2104
 21
88.3282
  0
LINE
  8
0
 10
23.2104
 20
88.3282
 11
23.3629
 21
88.6583
  0
LINE
  8
0
 10
23.3629
 20
88.6583
 11
23.5281
 21
88.9957
  0
LINE
  8
0
 10
23.5281
 20
88.9957
 11
23.7479
 21
88.7709
  0
LINE
  8
0
 10
23.7479
 20
88.7709
 11
23.6627
 21
89.0744
  0
LINE
  8
0
 10
23.6627
 20
89.0744
 11
24.0372
 21
89.0483
  0
LINE
  8
0
 10
24.0372
 20
89.0483
 11
24.3997
 21
89.0154
  0
LINE
  8
0
 10
24.3997
 20
89.0154
 11
24.798
 21
88.9682
  0
LINE
  8
0
 10
24.798
 20
88.9682
 11
25.1802
 21
88.9114
  0
LINE
  8
0
 10
25.1802
 20
88.9114
 11
25.5016
 21
88.8542
  0
LINE
  8
0
 10
25.5016
 20
88.8542
 11
25.8083
 21
88.7892
  0
LINE
  8
0
 10
25.8083
 20
88.7892
 11
26.0632
 21
88.7274
  0
LINE
  8
0
 10
26.0632
 20
88.7274
 11
26.2669
 21
88.6725
  0
LINE
  8
0
 10
26.2669
 20
88.6725
 11
26.4262
 21
88.6258
  0
LINE
  8
0
 10
26.4262
 20
88.6258
 11
26.6556
 21
88.5512
  0
LINE
  8
0
 10
26.6556
 20
88.5512
 11
26.8401
 21
88.4843
  0
LINE
  8
0
 10
26.8401
 20
88.4843
 11
27.1234
 21
88.3699
  0
LINE
  8
0
 10
27.1234
 20
88.3699
 11
27.291
 21
88.2935
  0
LINE
  8
0
 10
27.291
 20
88.2935
 11
27.4525
 21
88.2133
  0
LINE
  8
0
 10
27.4525
 20
88.2133
 11
27.5459
 21
88.1639
  0
LINE
  8
0
 10
27.5459
 20
88.1639
 11
27.6379
 21
88.1126
  0
LINE
  8
0
 10
27.6379
 20
88.1126
 11
27.8133
 21
88.006
  0
LINE
  8
0
 10
27.8133
 20
88.006
 11
27.9254
 21
87.9323
  0
LINE
  8
0
 10
27.9254
 20
87.9323
 11
28.0586
 21
87.8371
  0
LINE
  8
0
 10
28.0586
 20
87.8371
 11
28.1621
 21
87.757
  0
LINE
  8
0
 10
28.1621
 20
87.757
 11
28.2596
 21
87.6764
  0
LINE
  8
0
 10
28.2596
 20
87.6764
 11
28.3777
 21
87.5697
  0
LINE
  8
0
 10
28.3777
 20
87.5697
 11
28.4885
 21
87.4603
  0
LINE
  8
0
 10
28.4885
 20
87.4603
 11
28.5924
 21
87.3477
  0
LINE
  8
0
 10
28.5924
 20
87.3477
 11
28.6327
 21
87.301
  0
LINE
  8
0
 10
28.6327
 20
87.301
 11
28.7279
 21
87.1829
  0
LINE
  8
0
 10
28.7279
 20
87.1829
 11
28.8153
 21
87.0616
  0
LINE
  8
0
 10
28.8153
 20
87.0616
 11
28.8821
 21
86.9604
  0
LINE
  8
0
 10
28.8821
 20
86.9604
 11
28.9297
 21
86.8835
  0
LINE
  8
0
 10
28.9297
 20
86.8835
 11
29.0016
 21
86.754
  0
LINE
  8
0
 10
29.0016
 20
86.754
 11
29.0556
 21
86.6451
  0
LINE
  8
0
 10
29.0556
 20
86.6451
 11
29.1174
 21
86.5068
  0
LINE
  8
0
 10
29.1174
 20
86.5068
 11
29.1728
 21
86.3654
  0
LINE
  8
0
 10
29.1728
 20
86.3654
 11
29.2209
 21
86.2202
  0
LINE
  8
0
 10
29.2209
 20
86.2202
 11
29.2621
 21
86.071
  0
LINE
  8
0
 10
29.2621
 20
86.071
 11
29.2982
 21
85.9181
  0
LINE
  8
0
 10
29.2982
 20
85.9181
 11
29.3321
 21
85.73
  0
LINE
  8
0
 10
29.3321
 20
85.73
 11
29.3527
 21
85.5693
  0
LINE
  8
0
 10
29.3527
 20
85.5693
 11
29.3651
 21
85.4375
  0
LINE
  8
0
 10
29.3651
 20
85.4375
 11
29.3729
 21
85.3038
  0
LINE
  8
0
 10
29.3729
 20
85.3038
 11
29.3765
 21
85.2026
  0
LINE
  8
0
 10
29.3765
 20
85.2026
 11
29.3765
 21
84.9939
  0
LINE
  8
0
 10
29.3765
 20
84.9939
 11
29.3683
 21
84.8163
  0
LINE
  8
0
 10
29.3683
 20
84.8163
 11
29.3509
 21
84.5975
  0
LINE
  8
0
 10
29.3509
 20
84.5975
 11
29.3239
 21
84.3745
  0
LINE
  8
0
 10
29.3239
 20
84.3745
 11
29.295
 21
84.1846
  0
LINE
  8
0
 10
29.295
 20
84.1846
 11
29.2662
 21
84.0294
  0
LINE
  8
0
 10
29.2662
 20
84.0294
 11
29.2159
 21
83.7927
  0
LINE
  8
0
 10
29.2159
 20
83.7927
 11
29.1664
 21
83.5913
  0
LINE
  8
0
 10
29.1664
 20
83.5913
 11
29.0991
 21
83.3455
  0
LINE
  8
0
 10
29.0991
 20
83.3455
 11
29.0364
 21
83.1345
  0
LINE
  8
0
 10
29.0364
 20
83.1345
 11
28.9806
 21
82.9651
  0
LINE
  8
0
 10
28.9806
 20
82.9651
 11
28.8904
 21
82.7042
  0
LINE
  8
0
 10
28.8904
 20
82.7042
 11
28.8071
 21
82.4835
  0
LINE
  8
0
 10
28.8071
 20
82.4835
 11
28.6798
 21
82.1677
  0
LINE
  8
0
 10
28.6798
 20
82.1677
 11
28.5612
 21
81.8903
  0
LINE
  8
0
 10
28.5612
 20
81.8903
 11
28.4322
 21
81.6087
  0
LINE
  8
0
 10
28.4322
 20
81.6087
 11
28.2953
 21
81.3217
  0
LINE
  8
0
 10
28.2953
 20
81.3217
 11
28.1804
 21
81.0928
  0
LINE
  8
0
 10
28.1804
 20
81.0928
 11
27.9254
 21
81.1084
  0
LINE
  8
0
 10
-28.2953
 20
81.3217
 11
-28.4322
 21
81.6087
  0
LINE
  8
0
 10
-28.4322
 20
81.6087
 11
-28.5612
 21
81.8907
  0
LINE
  8
0
 10
-28.5612
 20
81.8907
 11
-28.6798
 21
82.1677
  0
LINE
  8
0
 10
-28.6798
 20
82.1677
 11
-28.8075
 21
82.4835
  0
LINE
  8
0
 10
-28.8075
 20
82.4835
 11
-28.8899
 21
82.7042
  0
LINE
  8
0
 10
-28.8899
 20
82.7042
 11
-28.981
 21
82.9651
  0
LINE
  8
0
 10
-28.981
 20
82.9651
 11
-29.0359
 21
83.1345
  0
LINE
  8
0
 10
-29.0359
 20
83.1345
 11
-29.0996
 21
83.3455
  0
LINE
  8
0
 10
-29.0996
 20
83.3455
 11
-29.1664
 21
83.5913
  0
LINE
  8
0
 10
-29.1664
 20
83.5913
 11
-29.2159
 21
83.7932
  0
LINE
  8
0
 10
-29.2159
 20
83.7932
 11
-29.2662
 21
84.0303
  0
LINE
  8
0
 10
-29.2662
 20
84.0303
 11
-29.2946
 21
84.1846
  0
LINE
  8
0
 10
-29.2946
 20
84.1846
 11
-29.3239
 21
84.3755
  0
LINE
  8
0
 10
-29.3239
 20
84.3755
 11
-29.3509
 21
84.5988
  0
LINE
  8
0
 10
-29.3509
 20
84.5988
 11
-29.3683
 21
84.8172
  0
LINE
  8
0
 10
-29.3683
 20
84.8172
 11
-29.3761
 21
84.9934
  0
LINE
  8
0
 10
-29.3761
 20
84.9934
 11
-29.377
 21
85.2026
  0
LINE
  8
0
 10
-29.377
 20
85.2026
 11
-29.3729
 21
85.3038
  0
LINE
  8
0
 10
-29.3729
 20
85.3038
 11
-29.3651
 21
85.4375
  0
LINE
  8
0
 10
-29.3651
 20
85.4375
 11
-29.3527
 21
85.5693
  0
LINE
  8
0
 10
-29.3527
 20
85.5693
 11
-29.3321
 21
85.73
  0
LINE
  8
0
 10
-29.3321
 20
85.73
 11
-29.2978
 21
85.9181
  0
LINE
  8
0
 10
-29.2978
 20
85.9181
 11
-29.2625
 21
86.071
  0
LINE
  8
0
 10
-29.2625
 20
86.071
 11
-29.2209
 21
86.2202
  0
LINE
  8
0
 10
-29.2209
 20
86.2202
 11
-29.1728
 21
86.3654
  0
LINE
  8
0
 10
-29.1728
 20
86.3654
 11
-29.1174
 21
86.5068
  0
LINE
  8
0
 10
-29.1174
 20
86.5068
 11
-29.0556
 21
86.6451
  0
LINE
  8
0
 10
-29.0556
 20
86.6451
 11
-29.0016
 21
86.754
  0
LINE
  8
0
 10
-29.0016
 20
86.754
 11
-28.9297
 21
86.8835
  0
LINE
  8
0
 10
-28.9297
 20
86.8835
 11
-28.8821
 21
86.9604
  0
LINE
  8
0
 10
-28.8821
 20
86.9604
 11
-28.8153
 21
87.0616
  0
LINE
  8
0
 10
-28.8153
 20
87.0616
 11
-28.7279
 21
87.1829
  0
LINE
  8
0
 10
-28.7279
 20
87.1829
 11
-28.6327
 21
87.301
  0
LINE
  8
0
 10
-28.6327
 20
87.301
 11
-28.5924
 21
87.3477
  0
LINE
  8
0
 10
-28.5924
 20
87.3477
 11
-28.4885
 21
87.4603
  0
LINE
  8
0
 10
-28.4885
 20
87.4603
 11
-28.3777
 21
87.5697
  0
LINE
  8
0
 10
-28.3777
 20
87.5697
 11
-28.2596
 21
87.6764
  0
LINE
  8
0
 10
-28.2596
 20
87.6764
 11
-28.1621
 21
87.757
  0
LINE
  8
0
 10
-28.1621
 20
87.757
 11
-28.0586
 21
87.8371
  0
LINE
  8
0
 10
-28.0586
 20
87.8371
 11
-27.9254
 21
87.9323
  0
LINE
  8
0
 10
-27.9254
 20
87.9323
 11
-27.8133
 21
88.006
  0
LINE
  8
0
 10
-27.8133
 20
88.006
 11
-27.6379
 21
88.1126
  0
LINE
  8
0
 10
-27.6379
 20
88.1126
 11
-27.5459
 21
88.1639
  0
LINE
  8
0
 10
-27.5459
 20
88.1639
 11
-27.4525
 21
88.2133
  0
LINE
  8
0
 10
-27.4525
 20
88.2133
 11
-27.291
 21
88.2935
  0
LINE
  8
0
 10
-27.291
 20
88.2935
 11
-27.1234
 21
88.3699
  0
LINE
  8
0
 10
-27.1234
 20
88.3699
 11
-26.8401
 21
88.4843
  0
LINE
  8
0
 10
-26.8401
 20
88.4843
 11
-26.6556
 21
88.5516
  0
LINE
  8
0
 10
-26.6556
 20
88.5516
 11
-26.4262
 21
88.6258
  0
LINE
  8
0
 10
-26.4262
 20
88.6258
 11
-26.2669
 21
88.6725
  0
LINE
  8
0
 10
-26.2669
 20
88.6725
 11
-26.0632
 21
88.7274
  0
LINE
  8
0
 10
-26.0632
 20
88.7274
 11
-25.8083
 21
88.7892
  0
LINE
  8
0
 10
-25.8083
 20
88.7892
 11
-25.5016
 21
88.8538
  0
LINE
  8
0
 10
-25.5016
 20
88.8538
 11
-25.1802
 21
88.9114
  0
LINE
  8
0
 10
-25.1802
 20
88.9114
 11
-24.798
 21
88.9682
  0
LINE
  8
0
 10
-24.798
 20
88.9682
 11
-24.3997
 21
89.0154
  0
LINE
  8
0
 10
-24.3997
 20
89.0154
 11
-24.0372
 21
89.0483
  0
LINE
  8
0
 10
-24.0372
 20
89.0483
 11
-23.6627
 21
89.0744
  0
LINE
  8
0
 10
-23.6627
 20
89.0744
 11
-23.7479
 21
88.7709
  0
LINE
  8
0
 10
-23.7479
 20
88.7709
 11
-23.5281
 21
88.9957
  0
LINE
  8
0
 10
-23.5281
 20
88.9957
 11
-23.3629
 21
88.6583
  0
LINE
  8
0
 10
-23.3629
 20
88.6583
 11
-23.2104
 21
88.3282
  0
LINE
  8
0
 10
-23.2104
 20
88.3282
 11
-23.0516
 21
87.9593
  0
LINE
  8
0
 10
-23.0516
 20
87.9593
 11
-22.9102
 21
87.5999
  0
LINE
  8
0
 10
-22.9102
 20
87.5999
 11
-22.7989
 21
87.2942
  0
LINE
  8
0
 10
-22.7989
 20
87.2942
 11
-22.7019
 21
86.9952
  0
LINE
  8
0
 10
-22.7019
 20
86.9952
 11
-22.6277
 21
86.7444
  0
LINE
  8
0
 10
-22.6277
 20
86.7444
 11
-22.5737
 21
86.5407
  0
LINE
  8
0
 10
-22.5737
 20
86.5407
 11
-22.5348
 21
86.3795
  0
LINE
  8
0
 10
-22.5348
 20
86.3795
 11
-22.4849
 21
86.1433
  0
LINE
  8
0
 10
-22.4849
 20
86.1433
 11
-22.4496
 21
85.9483
  0
LINE
  8
0
 10
-22.4496
 20
85.9483
 11
-22.4075
 21
85.6476
  0
LINE
  8
0
 10
-22.4075
 20
85.6476
 11
-22.3901
 21
85.464
  0
LINE
  8
0
 10
-22.3901
 20
85.464
 11
-22.3787
 21
85.2841
  0
LINE
  8
0
 10
-22.3787
 20
85.2841
 11
-22.3746
 21
85.1788
  0
LINE
  8
0
 10
-22.3746
 20
85.1788
 11
-22.3732
 21
85.0731
  0
LINE
  8
0
 10
-22.3732
 20
85.0731
 11
-22.3778
 21
84.8676
  0
LINE
  8
0
 10
-22.3778
 20
84.8676
 11
-22.3856
 21
84.7343
  0
LINE
  8
0
 10
-22.3856
 20
84.7343
 11
-22.4016
 21
84.5695
  0
LINE
  8
0
 10
-22.4016
 20
84.5695
 11
-22.419
 21
84.4414
  0
LINE
  8
0
 10
-22.419
 20
84.4414
 11
-22.4409
 21
84.3155
  0
LINE
  8
0
 10
-22.4409
 20
84.3155
 11
-22.4734
 21
84.1612
  0
LINE
  8
0
 10
-22.4734
 20
84.1612
 11
-22.5128
 21
84.0115
  0
LINE
  8
0
 10
-22.5128
 20
84.0115
 11
-22.5591
 21
83.8637
  0
LINE
  8
0
 10
-22.5591
 20
83.8637
 11
-22.5783
 21
83.806
  0
LINE
  8
0
 10
-22.5783
 20
83.806
 11
-22.6337
 21
83.6646
  0
LINE
  8
0
 10
-22.6337
 20
83.6646
 11
-22.6955
 21
83.5268
  0
LINE
  8
0
 10
-22.6955
 20
83.5268
 11
-22.749
 21
83.4192
  0
LINE
  8
0
 10
-22.749
 20
83.4192
 11
-22.7921
 21
83.34
  0
LINE
  8
0
 10
-22.7921
 20
83.34
 11
-22.869
 21
83.2114
  0
LINE
  8
0
 10
-22.869
 20
83.2114
 11
-22.9353
 21
83.1111
  0
LINE
  8
0
 10
-22.9353
 20
83.1111
 11
-23.0237
 21
82.9884
  0
LINE
  8
0
 10
-23.0237
 20
82.9884
 11
-23.118
 21
82.8722
  0
LINE
  8
0
 10
-23.118
 20
82.8722
 11
-23.2205
 21
82.7563
  0
LINE
  8
0
 10
-23.2205
 20
82.7563
 11
-23.329
 21
82.6456
  0
LINE
  8
0
 10
-23.329
 20
82.6456
 11
-23.4435
 21
82.5385
  0
LINE
  8
0
 10
-23.4435
 20
82.5385
 11
-23.5886
 21
82.4158
  0
LINE
  8
0
 10
-23.5886
 20
82.4158
 11
-23.7186
 21
82.316
  0
LINE
  8
0
 10
-23.7186
 20
82.316
 11
-23.8252
 21
82.2404
  0
LINE
  8
0
 10
-23.8252
 20
82.2404
 11
-23.9378
 21
82.1667
  0
LINE
  8
0
 10
-23.9378
 20
82.1667
 11
-24.0248
 21
82.1123
  0
LINE
  8
0
 10
-24.0248
 20
82.1123
 11
-24.2052
 21
82.0088
  0
LINE
  8
0
 10
-24.2052
 20
82.0088
 11
-24.3626
 21
81.926
  0
LINE
  8
0
 10
-24.3626
 20
81.926
 11
-24.5604
 21
81.8321
  0
LINE
  8
0
 10
-24.5604
 20
81.8321
 11
-24.7664
 21
81.7442
  0
LINE
  8
0
 10
-24.7664
 20
81.7442
 11
-24.9458
 21
81.6751
  0
LINE
  8
0
 10
-24.9458
 20
81.6751
 11
-25.0951
 21
81.6211
  0
LINE
  8
0
 10
-25.0951
 20
81.6211
 11
-25.3244
 21
81.5469
  0
LINE
  8
0
 10
-25.3244
 20
81.5469
 11
-25.5244
 21
81.4888
  0
LINE
  8
0
 10
-25.5244
 20
81.4888
 11
-25.7712
 21
81.4238
  0
LINE
  8
0
 10
-25.7712
 20
81.4238
 11
-25.9854
 21
81.3734
  0
LINE
  8
0
 10
-25.9854
 20
81.3734
 11
-26.1607
 21
81.3364
  0
LINE
  8
0
 10
-26.1607
 20
81.3364
 11
-26.4304
 21
81.2846
  0
LINE
  8
0
 10
-26.4304
 20
81.2846
 11
-26.6643
 21
81.2457
  0
LINE
  8
0
 10
-26.6643
 20
81.2457
 11
-27.0012
 21
81.1981
  0
LINE
  8
0
 10
-27.0012
 20
81.1981
 11
-27.3001
 21
81.1624
  0
LINE
  8
0
 10
-27.3001
 20
81.1624
 11
-27.6082
 21
81.1331
  0
LINE
  8
0
 10
-27.6082
 20
81.1331
 11
-27.9254
 21
81.1084
  0
LINE
  8
0
 10
-27.9254
 20
81.1084
 11
-28.1804
 21
81.0928
  0
LINE
  8
0
 10
-28.1804
 20
81.0928
 11
-28.2953
 21
81.3217
  0
LINE
  8
0
 10
-2.07458
 20
81.1084
 11
-2.39182
 21
81.1331
  0
LINE
  8
0
 10
-2.39182
 20
81.1331
 11
-2.69989
 21
81.1624
  0
LINE
  8
0
 10
-2.69989
 20
81.1624
 11
-2.99881
 21
81.1981
  0
LINE
  8
0
 10
-2.99881
 20
81.1981
 11
-3.33572
 21
81.2457
  0
LINE
  8
0
 10
-3.33572
 20
81.2457
 11
-3.56964
 21
81.2842
  0
LINE
  8
0
 10
-3.56964
 20
81.2842
 11
-3.83926
 21
81.3364
  0
LINE
  8
0
 10
-3.83926
 20
81.3364
 11
-4.01459
 21
81.3734
  0
LINE
  8
0
 10
-4.01459
 20
81.3734
 11
-4.22882
 21
81.4238
  0
LINE
  8
0
 10
-4.22882
 20
81.4238
 11
-4.47556
 21
81.4888
  0
LINE
  8
0
 10
-4.47556
 20
81.4888
 11
-4.6756
 21
81.5469
  0
LINE
  8
0
 10
-4.6756
 20
81.5469
 11
-4.90494
 21
81.6216
  0
LINE
  8
0
 10
-4.90494
 20
81.6216
 11
-5.05417
 21
81.6751
  0
LINE
  8
0
 10
-5.05417
 20
81.6751
 11
-5.23361
 21
81.7442
  0
LINE
  8
0
 10
-5.23361
 20
81.7442
 11
-5.44052
 21
81.8326
  0
LINE
  8
0
 10
-5.44052
 20
81.8326
 11
-5.63828
 21
81.9264
  0
LINE
  8
0
 10
-5.63828
 20
81.9264
 11
-5.79483
 21
82.0088
  0
LINE
  8
0
 10
-5.79483
 20
82.0088
 11
-5.9761
 21
82.1127
  0
LINE
  8
0
 10
-5.9761
 20
82.1127
 11
-6.06216
 21
82.1667
  0
LINE
  8
0
 10
-6.06216
 20
82.1667
 11
-6.17477
 21
82.2404
  0
LINE
  8
0
 10
-6.17477
 20
82.2404
 11
-6.28143
 21
82.316
  0
LINE
  8
0
 10
-6.28143
 20
82.316
 11
-6.41144
 21
82.4158
  0
LINE
  8
0
 10
-6.41144
 20
82.4158
 11
-6.55655
 21
82.5385
  0
LINE
  8
0
 10
-6.55655
 20
82.5385
 11
-6.67191
 21
82.6465
  0
LINE
  8
0
 10
-6.67191
 20
82.6465
 11
-6.7804
 21
82.7573
  0
LINE
  8
0
 10
-6.7804
 20
82.7573
 11
-6.88202
 21
82.8722
  0
LINE
  8
0
 10
-6.88202
 20
82.8722
 11
-6.97723
 21
82.9898
  0
LINE
  8
0
 10
-6.97723
 20
82.9898
 11
-7.06467
 21
83.1111
  0
LINE
  8
0
 10
-7.06467
 20
83.1111
 11
-7.1315
 21
83.2123
  0
LINE
  8
0
 10
-7.1315
 20
83.2123
 11
-7.20886
 21
83.3414
  0
LINE
  8
0
 10
-7.20886
 20
83.3414
 11
-7.25143
 21
83.4201
  0
LINE
  8
0
 10
-7.25143
 20
83.4201
 11
-7.30499
 21
83.5277
  0
LINE
  8
0
 10
-7.30499
 20
83.5277
 11
-7.36679
 21
83.6659
  0
LINE
  8
0
 10
-7.36679
 20
83.6659
 11
-7.42218
 21
83.8074
  0
LINE
  8
0
 10
-7.42218
 20
83.8074
 11
-7.44141
 21
83.8646
  0
LINE
  8
0
 10
-7.44141
 20
83.8646
 11
-7.48718
 21
84.0115
  0
LINE
  8
0
 10
-7.48718
 20
84.0115
 11
-7.52701
 21
84.1626
  0
LINE
  8
0
 10
-7.52701
 20
84.1626
 11
-7.55951
 21
84.3169
  0
LINE
  8
0
 10
-7.55951
 20
84.3169
 11
-7.58102
 21
84.4423
  0
LINE
  8
0
 10
-7.58102
 20
84.4423
 11
-7.59842
 21
84.5709
  0
LINE
  8
0
 10
-7.59842
 20
84.5709
 11
-7.61444
 21
84.7353
  0
LINE
  8
0
 10
-7.61444
 20
84.7353
 11
-7.62177
 21
84.8676
  0
LINE
  8
0
 10
-7.62177
 20
84.8676
 11
-7.6268
 21
85.074
  0
LINE
  8
0
 10
-7.6268
 20
85.074
 11
-7.62589
 21
85.1788
  0
LINE
  8
0
 10
-7.62589
 20
85.1788
 11
-7.62131
 21
85.2841
  0
LINE
  8
0
 10
-7.62131
 20
85.2841
 11
-7.60986
 21
85.464
  0
LINE
  8
0
 10
-7.60986
 20
85.464
 11
-7.59247
 21
85.6476
  0
LINE
  8
0
 10
-7.59247
 20
85.6476
 11
-7.55035
 21
85.9483
  0
LINE
  8
0
 10
-7.55035
 20
85.9483
 11
-7.51556
 21
86.1433
  0
LINE
  8
0
 10
-7.51556
 20
86.1433
 11
-7.46521
 21
86.3795
  0
LINE
  8
0
 10
-7.46521
 20
86.3795
 11
-7.4263
 21
86.5407
  0
LINE
  8
0
 10
-7.4263
 20
86.5407
 11
-7.37228
 21
86.7444
  0
LINE
  8
0
 10
-7.37228
 20
86.7444
 11
-7.29858
 21
86.9952
  0
LINE
  8
0
 10
-7.29858
 20
86.9952
 11
-7.20062
 21
87.2942
  0
LINE
  8
0
 10
-7.20062
 20
87.2942
 11
-7.08984
 21
87.5999
  0
LINE
  8
0
 10
-7.08984
 20
87.5999
 11
-6.94839
 21
87.9593
  0
LINE
  8
0
 10
-6.94839
 20
87.9593
 11
-6.78955
 21
88.3282
  0
LINE
  8
0
 10
-6.78955
 20
88.3282
 11
-6.63712
 21
88.6583
  0
LINE
  8
0
 10
-6.63712
 20
88.6583
 11
-6.47186
 21
88.9957
  0
LINE
  8
0
 10
-6.47186
 20
88.9957
 11
-6.25214
 21
88.7709
  0
LINE
  8
0
 10
-6.25214
 20
88.7709
 11
-6.33728
 21
89.0744
  0
LINE
  8
0
 10
-6.33728
 20
89.0744
 11
-5.96283
 21
89.0483
  0
LINE
  8
0
 10
-5.96283
 20
89.0483
 11
-5.60028
 21
89.0154
  0
LINE
  8
0
 10
-5.60028
 20
89.0154
 11
-5.20203
 21
88.9682
  0
LINE
  8
0
 10
-5.20203
 20
88.9682
 11
-4.81979
 21
88.9114
  0
LINE
  8
0
 10
-4.81979
 20
88.9114
 11
-4.49844
 21
88.8542
  0
LINE
  8
0
 10
-4.49844
 20
88.8542
 11
-4.19174
 21
88.7892
  0
LINE
  8
0
 10
-4.19174
 20
88.7892
 11
-3.93677
 21
88.7274
  0
LINE
  8
0
 10
-3.93677
 20
88.7274
 11
-3.73306
 21
88.6725
  0
LINE
  8
0
 10
-3.73306
 20
88.6725
 11
-3.57376
 21
88.6258
  0
LINE
  8
0
 10
-3.57376
 20
88.6258
 11
-3.34442
 21
88.5512
  0
LINE
  8
0
 10
-3.34442
 20
88.5512
 11
-3.15994
 21
88.4843
  0
LINE
  8
0
 10
-3.15994
 20
88.4843
 11
-2.87659
 21
88.3699
  0
LINE
  8
0
 10
-2.87659
 20
88.3699
 11
-2.70905
 21
88.2935
  0
LINE
  8
0
 10
-2.70905
 20
88.2935
 11
-2.54745
 21
88.2133
  0
LINE
  8
0
 10
-2.54745
 20
88.2133
 11
-2.45407
 21
88.1639
  0
LINE
  8
0
 10
-2.45407
 20
88.1639
 11
-2.36206
 21
88.1126
  0
LINE
  8
0
 10
-2.36206
 20
88.1126
 11
-2.18674
 21
88.006
  0
LINE
  8
0
 10
-2.18674
 20
88.006
 11
-2.07458
 21
87.9323
  0
LINE
  8
0
 10
-2.07458
 20
87.9323
 11
-1.94138
 21
87.8371
  0
LINE
  8
0
 10
-1.94138
 20
87.8371
 11
-1.83792
 21
87.757
  0
LINE
  8
0
 10
-1.83792
 20
87.757
 11
-1.74042
 21
87.6764
  0
LINE
  8
0
 10
-1.74042
 20
87.6764
 11
-1.62231
 21
87.5697
  0
LINE
  8
0
 10
-1.62231
 20
87.5697
 11
-1.51154
 21
87.4603
  0
LINE
  8
0
 10
-1.51154
 20
87.4603
 11
-1.40762
 21
87.3477
  0
LINE
  8
0
 10
-1.40762
 20
87.3477
 11
-1.36734
 21
87.301
  0
LINE
  8
0
 10
-1.36734
 20
87.301
 11
-1.27213
 21
87.1829
  0
LINE
  8
0
 10
-1.27213
 20
87.1829
 11
-1.18469
 21
87.0616
  0
LINE
  8
0
 10
-1.18469
 20
87.0616
 11
-1.11786
 21
86.9604
  0
LINE
  8
0
 10
-1.11786
 20
86.9604
 11
-1.07025
 21
86.8835
  0
LINE
  8
0
 10
-1.07025
 20
86.8835
 11
-0.998383
 21
86.754
  0
LINE
  8
0
 10
-0.998383
 20
86.754
 11
-0.944366
 21
86.6451
  0
LINE
  8
0
 10
-0.944366
 20
86.6451
 11
-0.882568
 21
86.5068
  0
LINE
  8
0
 10
-0.882568
 20
86.5068
 11
-0.827179
 21
86.3654
  0
LINE
  8
0
 10
-0.827179
 20
86.3654
 11
-0.779114
 21
86.2202
  0
LINE
  8
0
 10
-0.779114
 20
86.2202
 11
-0.737915
 21
86.071
  0
LINE
  8
0
 10
-0.737915
 20
86.071
 11
-0.701752
 21
85.9181
  0
LINE
  8
0
 10
-0.701752
 20
85.9181
 11
-0.667877
 21
85.73
  0
LINE
  8
0
 10
-0.667877
 20
85.73
 11
-0.647278
 21
85.5693
  0
LINE
  8
0
 10
-0.647278
 20
85.5693
 11
-0.634918
 21
85.4375
  0
LINE
  8
0
 10
-0.634918
 20
85.4375
 11
-0.627136
 21
85.3038
  0
LINE
  8
0
 10
-0.627136
 20
85.3038
 11
-0.623474
 21
85.2026
  0
LINE
  8
0
 10
-0.623474
 20
85.2026
 11
-0.623474
 21
84.9939
  0
LINE
  8
0
 10
-0.623474
 20
84.9939
 11
-0.631714
 21
84.8163
  0
LINE
  8
0
 10
-0.631714
 20
84.8163
 11
-0.649109
 21
84.5975
  0
LINE
  8
0
 10
-0.649109
 20
84.5975
 11
-0.676117
 21
84.3745
  0
LINE
  8
0
 10
-0.676117
 20
84.3745
 11
-0.704956
 21
84.1846
  0
LINE
  8
0
 10
-0.704956
 20
84.1846
 11
-0.733795
 21
84.0294
  0
LINE
  8
0
 10
-0.733795
 20
84.0294
 11
-0.784149
 21
83.7927
  0
LINE
  8
0
 10
-0.784149
 20
83.7927
 11
-0.833588
 21
83.5913
  0
LINE
  8
0
 10
-0.833588
 20
83.5913
 11
-0.900879
 21
83.3455
  0
LINE
  8
0
 10
-0.900879
 20
83.3455
 11
-0.963593
 21
83.1345
  0
LINE
  8
0
 10
-0.963593
 20
83.1345
 11
-1.01944
 21
82.9651
  0
LINE
  8
0
 10
-1.01944
 20
82.9651
 11
-1.10962
 21
82.7042
  0
LINE
  8
0
 10
-1.10962
 20
82.7042
 11
-1.19293
 21
82.4835
  0
LINE
  8
0
 10
-1.19293
 20
82.4835
 11
-1.32019
 21
82.1677
  0
LINE
  8
0
 10
-1.32019
 20
82.1677
 11
-1.43875
 21
81.8903
  0
LINE
  8
0
 10
-1.43875
 20
81.8903
 11
-1.56784
 21
81.6087
  0
LINE
  8
0
 10
-1.56784
 20
81.6087
 11
-1.70471
 21
81.3217
  0
LINE
  8
0
 10
-1.70471
 20
81.3217
 11
-1.81961
 21
81.0928
  0
LINE
  8
0
 10
-1.81961
 20
81.0928
 11
-2.07458
 21
81.1084
  0
LINE
  8
0
 10
1.70471
 20
81.3217
 11
1.56784
 21
81.6087
  0
LINE
  8
0
 10
1.56784
 20
81.6087
 11
1.43875
 21
81.8907
  0
LINE
  8
0
 10
1.43875
 20
81.8907
 11
1.32019
 21
82.1677
  0
LINE
  8
0
 10
1.32019
 20
82.1677
 11
1.19247
 21
82.4835
  0
LINE
  8
0
 10
1.19247
 20
82.4835
 11
1.11008
 21
82.7042
  0
LINE
  8
0
 10
1.11008
 20
82.7042
 11
1.01898
 21
82.9651
  0
LINE
  8
0
 10
1.01898
 20
82.9651
 11
0.96405
 21
83.1345
  0
LINE
  8
0
 10
0.96405
 20
83.1345
 11
0.900421
 21
83.3455
  0
LINE
  8
0
 10
0.900421
 20
83.3455
 11
0.833588
 21
83.5913
  0
LINE
  8
0
 10
0.833588
 20
83.5913
 11
0.784149
 21
83.7932
  0
LINE
  8
0
 10
0.784149
 20
83.7932
 11
0.733795
 21
84.0303
  0
LINE
  8
0
 10
0.733795
 20
84.0303
 11
0.705414
 21
84.1846
  0
LINE
  8
0
 10
0.705414
 20
84.1846
 11
0.676117
 21
84.3755
  0
LINE
  8
0
 10
0.676117
 20
84.3755
 11
0.649109
 21
84.5988
  0
LINE
  8
0
 10
0.649109
 20
84.5988
 11
0.631714
 21
84.8172
  0
LINE
  8
0
 10
0.631714
 20
84.8172
 11
0.623932
 21
84.9934
  0
LINE
  8
0
 10
0.623932
 20
84.9934
 11
0.623016
 21
85.2026
  0
LINE
  8
0
 10
0.623016
 20
85.2026
 11
0.627136
 21
85.3038
  0
LINE
  8
0
 10
0.627136
 20
85.3038
 11
0.634918
 21
85.4375
  0
LINE
  8
0
 10
0.634918
 20
85.4375
 11
0.647278
 21
85.5693
  0
LINE
  8
0
 10
0.647278
 20
85.5693
 11
0.667877
 21
85.73
  0
LINE
  8
0
 10
0.667877
 20
85.73
 11
0.702209
 21
85.9181
  0
LINE
  8
0
 10
0.702209
 20
85.9181
 11
0.737457
 21
86.071
  0
LINE
  8
0
 10
0.737457
 20
86.071
 11
0.779114
 21
86.2202
  0
LINE
  8
0
 10
0.779114
 20
86.2202
 11
0.827179
 21
86.3654
  0
LINE
  8
0
 10
0.827179
 20
86.3654
 11
0.882568
 21
86.5068
  0
LINE
  8
0
 10
0.882568
 20
86.5068
 11
0.944366
 21
86.6451
  0
LINE
  8
0
 10
0.944366
 20
86.6451
 11
0.998383
 21
86.754
  0
LINE
  8
0
 10
0.998383
 20
86.754
 11
1.07025
 21
86.8835
  0
LINE
  8
0
 10
1.07025
 20
86.8835
 11
1.11786
 21
86.9604
  0
LINE
  8
0
 10
1.11786
 20
86.9604
 11
1.18469
 21
87.0616
  0
LINE
  8
0
 10
1.18469
 20
87.0616
 11
1.27213
 21
87.1829
  0
LINE
  8
0
 10
1.27213
 20
87.1829
 11
1.36734
 21
87.301
  0
LINE
  8
0
 10
1.36734
 20
87.301
 11
1.40762
 21
87.3477
  0
LINE
  8
0
 10
1.40762
 20
87.3477
 11
1.51154
 21
87.4603
  0
LINE
  8
0
 10
1.51154
 20
87.4603
 11
1.62231
 21
87.5697
  0
LINE
  8
0
 10
1.62231
 20
87.5697
 11
1.74042
 21
87.6764
  0
LINE
  8
0
 10
1.74042
 20
87.6764
 11
1.83792
 21
87.757
  0
LINE
  8
0
 10
1.83792
 20
87.757
 11
1.94138
 21
87.8371
  0
LINE
  8
0
 10
1.94138
 20
87.8371
 11
2.07458
 21
87.9323
  0
LINE
  8
0
 10
2.07458
 20
87.9323
 11
2.18674
 21
88.006
  0
LINE
  8
0
 10
2.18674
 20
88.006
 11
2.36206
 21
88.1126
  0
LINE
  8
0
 10
2.36206
 20
88.1126
 11
2.45407
 21
88.1639
  0
LINE
  8
0
 10
2.45407
 20
88.1639
 11
2.54745
 21
88.2133
  0
LINE
  8
0
 10
2.54745
 20
88.2133
 11
2.70905
 21
88.2935
  0
LINE
  8
0
 10
2.70905
 20
88.2935
 11
2.87659
 21
88.3699
  0
LINE
  8
0
 10
2.87659
 20
88.3699
 11
3.15994
 21
88.4843
  0
LINE
  8
0
 10
3.15994
 20
88.4843
 11
3.34442
 21
88.5516
  0
LINE
  8
0
 10
3.34442
 20
88.5516
 11
3.57376
 21
88.6258
  0
LINE
  8
0
 10
3.57376
 20
88.6258
 11
3.73306
 21
88.6725
  0
LINE
  8
0
 10
3.73306
 20
88.6725
 11
3.93677
 21
88.7274
  0
LINE
  8
0
 10
3.93677
 20
88.7274
 11
4.19174
 21
88.7892
  0
LINE
  8
0
 10
4.19174
 20
88.7892
 11
4.49844
 21
88.8538
  0
LINE
  8
0
 10
4.49844
 20
88.8538
 11
4.81979
 21
88.9114
  0
LINE
  8
0
 10
4.81979
 20
88.9114
 11
5.20203
 21
88.9682
  0
LINE
  8
0
 10
5.20203
 20
88.9682
 11
5.60028
 21
89.0154
  0
LINE
  8
0
 10
5.60028
 20
89.0154
 11
5.96283
 21
89.0483
  0
LINE
  8
0
 10
5.96283
 20
89.0483
 11
6.33728
 21
89.0744
  0
LINE
  8
0
 10
6.33728
 20
89.0744
 11
6.25214
 21
88.7709
  0
LINE
  8
0
 10
6.25214
 20
88.7709
 11
6.47186
 21
88.9957
  0
LINE
  8
0
 10
6.47186
 20
88.9957
 11
6.63712
 21
88.6583
  0
LINE
  8
0
 10
6.63712
 20
88.6583
 11
6.78955
 21
88.3282
  0
LINE
  8
0
 10
6.78955
 20
88.3282
 11
6.94839
 21
87.9593
  0
LINE
  8
0
 10
6.94839
 20
87.9593
 11
7.08984
 21
87.5999
  0
LINE
  8
0
 10
7.08984
 20
87.5999
 11
7.20108
 21
87.2942
  0
LINE
  8
0
 10
7.20108
 20
87.2942
 11
7.29813
 21
86.9952
  0
LINE
  8
0
 10
7.29813
 20
86.9952
 11
7.37228
 21
86.7444
  0
LINE
  8
0
 10
7.37228
 20
86.7444
 11
7.4263
 21
86.5407
  0
LINE
  8
0
 10
7.4263
 20
86.5407
 11
7.46521
 21
86.3795
  0
LINE
  8
0
 10
7.46521
 20
86.3795
 11
7.51511
 21
86.1433
  0
LINE
  8
0
 10
7.51511
 20
86.1433
 11
7.55035
 21
85.9483
  0
LINE
  8
0
 10
7.55035
 20
85.9483
 11
7.59247
 21
85.6476
  0
LINE
  8
0
 10
7.59247
 20
85.6476
 11
7.60986
 21
85.464
  0
LINE
  8
0
 10
7.60986
 20
85.464
 11
7.62131
 21
85.2841
  0
LINE
  8
0
 10
7.62131
 20
85.2841
 11
7.62543
 21
85.1788
  0
LINE
  8
0
 10
7.62543
 20
85.1788
 11
7.6268
 21
85.0731
  0
LINE
  8
0
 10
7.6268
 20
85.0731
 11
7.62222
 21
84.8676
  0
LINE
  8
0
 10
7.62222
 20
84.8676
 11
7.61444
 21
84.7343
  0
LINE
  8
0
 10
7.61444
 20
84.7343
 11
7.59842
 21
84.5695
  0
LINE
  8
0
 10
7.59842
 20
84.5695
 11
7.58102
 21
84.4414
  0
LINE
  8
0
 10
7.58102
 20
84.4414
 11
7.55905
 21
84.3155
  0
LINE
  8
0
 10
7.55905
 20
84.3155
 11
7.52655
 21
84.1612
  0
LINE
  8
0
 10
7.52655
 20
84.1612
 11
7.48718
 21
84.0115
  0
LINE
  8
0
 10
7.48718
 20
84.0115
 11
7.44095
 21
83.8637
  0
LINE
  8
0
 10
7.44095
 20
83.8637
 11
7.42172
 21
83.806
  0
LINE
  8
0
 10
7.42172
 20
83.806
 11
7.36633
 21
83.6646
  0
LINE
  8
0
 10
7.36633
 20
83.6646
 11
7.30453
 21
83.5268
  0
LINE
  8
0
 10
7.30453
 20
83.5268
 11
7.25098
 21
83.4192
  0
LINE
  8
0
 10
7.25098
 20
83.4192
 11
7.20795
 21
83.34
  0
LINE
  8
0
 10
7.20795
 20
83.34
 11
7.13104
 21
83.2114
  0
LINE
  8
0
 10
7.13104
 20
83.2114
 11
7.06467
 21
83.1111
  0
LINE
  8
0
 10
7.06467
 20
83.1111
 11
6.97632
 21
82.9884
  0
LINE
  8
0
 10
6.97632
 20
82.9884
 11
6.88202
 21
82.8722
  0
LINE
  8
0
 10
6.88202
 20
82.8722
 11
6.77948
 21
82.7563
  0
LINE
  8
0
 10
6.77948
 20
82.7563
 11
6.67099
 21
82.6456
  0
LINE
  8
0
 10
6.67099
 20
82.6456
 11
6.55655
 21
82.5385
  0
LINE
  8
0
 10
6.55655
 20
82.5385
 11
6.41144
 21
82.4158
  0
LINE
  8
0
 10
6.41144
 20
82.4158
 11
6.28143
 21
82.316
  0
LINE
  8
0
 10
6.28143
 20
82.316
 11
6.17477
 21
82.2404
  0
LINE
  8
0
 10
6.17477
 20
82.2404
 11
6.06216
 21
82.1667
  0
LINE
  8
0
 10
6.06216
 20
82.1667
 11
5.97519
 21
82.1123
  0
LINE
  8
0
 10
5.97519
 20
82.1123
 11
5.79483
 21
82.0088
  0
LINE
  8
0
 10
5.79483
 20
82.0088
 11
5.63736
 21
81.926
  0
LINE
  8
0
 10
5.63736
 20
81.926
 11
5.43961
 21
81.8321
  0
LINE
  8
0
 10
5.43961
 20
81.8321
 11
5.23361
 21
81.7442
  0
LINE
  8
0
 10
5.23361
 20
81.7442
 11
5.05417
 21
81.6751
  0
LINE
  8
0
 10
5.05417
 20
81.6751
 11
4.90494
 21
81.6211
  0
LINE
  8
0
 10
4.90494
 20
81.6211
 11
4.6756
 21
81.5469
  0
LINE
  8
0
 10
4.6756
 20
81.5469
 11
4.47556
 21
81.4888
  0
LINE
  8
0
 10
4.47556
 20
81.4888
 11
4.22882
 21
81.4238
  0
LINE
  8
0
 10
4.22882
 20
81.4238
 11
4.01459
 21
81.3734
  0
LINE
  8
0
 10
4.01459
 20
81.3734
 11
3.83926
 21
81.3364
  0
LINE
  8
0
 10
3.83926
 20
81.3364
 11
3.56964
 21
81.2846
  0
LINE
  8
0
 10
3.56964
 20
81.2846
 11
3.33572
 21
81.2457
  0
LINE
  8
0
 10
3.33572
 20
81.2457
 11
2.99881
 21
81.1981
  0
LINE
  8
0
 10
2.99881
 20
81.1981
 11
2.69989
 21
81.1624
  0
LINE
  8
0
 10
2.69989
 20
81.1624
 11
2.39182
 21
81.1331
  0
LINE
  8
0
 10
2.39182
 20
81.1331
 11
2.07458
 21
81.1084
  0
LINE
  8
0
 10
2.07458
 20
81.1084
 11
1.81961
 21
81.0928
  0
LINE
  8
0
 10
1.81961
 20
81.0928
 11
1.70471
 21
81.3217
  0
LINE
  8
0
 10
-32.0746
 20
81.1084
 11
-32.3918
 21
81.1331
  0
LINE
  8
0
 10
-32.3918
 20
81.1331
 11
-32.6999
 21
81.1624
  0
LINE
  8
0
 10
-32.6999
 20
81.1624
 11
-32.9988
 21
81.1981
  0
LINE
  8
0
 10
-32.9988
 20
81.1981
 11
-33.3357
 21
81.2457
  0
LINE
  8
0
 10
-33.3357
 20
81.2457
 11
-33.5696
 21
81.2842
  0
LINE
  8
0
 10
-33.5696
 20
81.2842
 11
-33.8393
 21
81.3364
  0
LINE
  8
0
 10
-33.8393
 20
81.3364
 11
-34.0146
 21
81.3734
  0
LINE
  8
0
 10
-34.0146
 20
81.3734
 11
-34.2288
 21
81.4238
  0
LINE
  8
0
 10
-34.2288
 20
81.4238
 11
-34.4756
 21
81.4888
  0
LINE
  8
0
 10
-34.4756
 20
81.4888
 11
-34.6756
 21
81.5469
  0
LINE
  8
0
 10
-34.6756
 20
81.5469
 11
-34.9049
 21
81.6216
  0
LINE
  8
0
 10
-34.9049
 20
81.6216
 11
-35.0542
 21
81.6751
  0
LINE
  8
0
 10
-35.0542
 20
81.6751
 11
-35.2336
 21
81.7442
  0
LINE
  8
0
 10
-35.2336
 20
81.7442
 11
-35.4405
 21
81.8326
  0
LINE
  8
0
 10
-35.4405
 20
81.8326
 11
-35.6383
 21
81.9264
  0
LINE
  8
0
 10
-35.6383
 20
81.9264
 11
-35.7447
 21
81.9825
  0
LINE
  8
0
 10
-35.7447
 20
81.9825
 11
-33.5851
 21
88.6291
  0
LINE
  8
0
 10
-33.5851
 20
88.6291
 11
-33.5738
 21
88.6258
  0
LINE
  8
0
 10
-33.5738
 20
88.6258
 11
-33.3444
 21
88.5512
  0
LINE
  8
0
 10
-33.3444
 20
88.5512
 11
-33.1599
 21
88.4843
  0
LINE
  8
0
 10
-33.1599
 20
88.4843
 11
-32.8766
 21
88.3699
  0
LINE
  8
0
 10
-32.8766
 20
88.3699
 11
-32.709
 21
88.2935
  0
LINE
  8
0
 10
-32.709
 20
88.2935
 11
-32.5475
 21
88.2133
  0
LINE
  8
0
 10
-32.5475
 20
88.2133
 11
-32.4541
 21
88.1639
  0
LINE
  8
0
 10
-32.4541
 20
88.1639
 11
-32.3621
 21
88.1126
  0
LINE
  8
0
 10
-32.3621
 20
88.1126
 11
-32.1867
 21
88.006
  0
LINE
  8
0
 10
-32.1867
 20
88.006
 11
-32.0746
 21
87.9323
  0
LINE
  8
0
 10
-32.0746
 20
87.9323
 11
-31.9414
 21
87.8371
  0
LINE
  8
0
 10
-31.9414
 20
87.8371
 11
-31.8379
 21
87.757
  0
LINE
  8
0
 10
-31.8379
 20
87.757
 11
-31.7404
 21
87.6764
  0
LINE
  8
0
 10
-31.7404
 20
87.6764
 11
-31.6223
 21
87.5697
  0
LINE
  8
0
 10
-31.6223
 20
87.5697
 11
-31.5115
 21
87.4603
  0
LINE
  8
0
 10
-31.5115
 20
87.4603
 11
-31.4076
 21
87.3477
  0
LINE
  8
0
 10
-31.4076
 20
87.3477
 11
-31.3673
 21
87.301
  0
LINE
  8
0
 10
-31.3673
 20
87.301
 11
-31.2721
 21
87.1829
  0
LINE
  8
0
 10
-31.2721
 20
87.1829
 11
-31.1847
 21
87.0616
  0
LINE
  8
0
 10
-31.1847
 20
87.0616
 11
-31.1179
 21
86.9604
  0
LINE
  8
0
 10
-31.1179
 20
86.9604
 11
-31.0703
 21
86.8835
  0
LINE
  8
0
 10
-31.0703
 20
86.8835
 11
-30.9984
 21
86.754
  0
LINE
  8
0
 10
-30.9984
 20
86.754
 11
-30.9444
 21
86.6451
  0
LINE
  8
0
 10
-30.9444
 20
86.6451
 11
-30.8826
 21
86.5068
  0
LINE
  8
0
 10
-30.8826
 20
86.5068
 11
-30.8272
 21
86.3654
  0
LINE
  8
0
 10
-30.8272
 20
86.3654
 11
-30.7791
 21
86.2202
  0
LINE
  8
0
 10
-30.7791
 20
86.2202
 11
-30.7379
 21
86.071
  0
LINE
  8
0
 10
-30.7379
 20
86.071
 11
-30.7018
 21
85.9181
  0
LINE
  8
0
 10
-30.7018
 20
85.9181
 11
-30.6679
 21
85.73
  0
LINE
  8
0
 10
-30.6679
 20
85.73
 11
-30.6473
 21
85.5693
  0
LINE
  8
0
 10
-30.6473
 20
85.5693
 11
-30.6349
 21
85.4375
  0
LINE
  8
0
 10
-30.6349
 20
85.4375
 11
-30.6271
 21
85.3038
  0
LINE
  8
0
 10
-30.6271
 20
85.3038
 11
-30.6235
 21
85.2026
  0
LINE
  8
0
 10
-30.6235
 20
85.2026
 11
-30.6235
 21
84.9939
  0
LINE
  8
0
 10
-30.6235
 20
84.9939
 11
-30.6317
 21
84.8163
  0
LINE
  8
0
 10
-30.6317
 20
84.8163
 11
-30.6491
 21
84.5975
  0
LINE
  8
0
 10
-30.6491
 20
84.5975
 11
-30.6761
 21
84.3745
  0
LINE
  8
0
 10
-30.6761
 20
84.3745
 11
-30.705
 21
84.1846
  0
LINE
  8
0
 10
-30.705
 20
84.1846
 11
-30.7338
 21
84.0294
  0
LINE
  8
0
 10
-30.7338
 20
84.0294
 11
-30.7841
 21
83.7927
  0
LINE
  8
0
 10
-30.7841
 20
83.7927
 11
-30.8336
 21
83.5913
  0
LINE
  8
0
 10
-30.8336
 20
83.5913
 11
-30.9009
 21
83.3455
  0
LINE
  8
0
 10
-30.9009
 20
83.3455
 11
-30.9636
 21
83.1345
  0
LINE
  8
0
 10
-30.9636
 20
83.1345
 11
-31.0194
 21
82.9651
  0
LINE
  8
0
 10
-31.0194
 20
82.9651
 11
-31.1096
 21
82.7042
  0
LINE
  8
0
 10
-31.1096
 20
82.7042
 11
-31.1929
 21
82.4835
  0
LINE
  8
0
 10
-31.1929
 20
82.4835
 11
-31.3202
 21
82.1677
  0
LINE
  8
0
 10
-31.3202
 20
82.1677
 11
-31.4388
 21
81.8903
  0
LINE
  8
0
 10
-31.4388
 20
81.8903
 11
-31.5678
 21
81.6087
  0
LINE
  8
0
 10
-31.5678
 20
81.6087
 11
-31.7047
 21
81.3217
  0
LINE
  8
0
 10
-31.7047
 20
81.3217
 11
-31.8196
 21
81.0928
  0
LINE
  8
0
 10
-31.8196
 20
81.0928
 11
-32.0746
 21
81.1084
  0
LINE
  8
0
 10
31.7047
 20
81.3217
 11
31.5678
 21
81.6087
  0
LINE
  8
0
 10
31.5678
 20
81.6087
 11
31.4388
 21
81.8907
  0
LINE
  8
0
 10
31.4388
 20
81.8907
 11
31.3202
 21
82.1677
  0
LINE
  8
0
 10
31.3202
 20
82.1677
 11
31.1925
 21
82.4835
  0
LINE
  8
0
 10
31.1925
 20
82.4835
 11
31.1101
 21
82.7042
  0
LINE
  8
0
 10
31.1101
 20
82.7042
 11
31.019
 21
82.9651
  0
LINE
  8
0
 10
31.019
 20
82.9651
 11
30.9641
 21
83.1345
  0
LINE
  8
0
 10
30.9641
 20
83.1345
 11
30.9004
 21
83.3455
  0
LINE
  8
0
 10
30.9004
 20
83.3455
 11
30.8336
 21
83.5913
  0
LINE
  8
0
 10
30.8336
 20
83.5913
 11
30.7841
 21
83.7932
  0
LINE
  8
0
 10
30.7841
 20
83.7932
 11
30.7338
 21
84.0303
  0
LINE
  8
0
 10
30.7338
 20
84.0303
 11
30.7054
 21
84.1846
  0
LINE
  8
0
 10
30.7054
 20
84.1846
 11
30.6761
 21
84.3755
  0
LINE
  8
0
 10
30.6761
 20
84.3755
 11
30.6491
 21
84.5988
  0
LINE
  8
0
 10
30.6491
 20
84.5988
 11
30.6317
 21
84.8172
  0
LINE
  8
0
 10
30.6317
 20
84.8172
 11
30.6239
 21
84.9934
  0
LINE
  8
0
 10
30.6239
 20
84.9934
 11
30.623
 21
85.2026
  0
LINE
  8
0
 10
30.623
 20
85.2026
 11
30.6271
 21
85.3038
  0
LINE
  8
0
 10
30.6271
 20
85.3038
 11
30.6349
 21
85.4375
  0
LINE
  8
0
 10
30.6349
 20
85.4375
 11
30.6473
 21
85.5693
  0
LINE
  8
0
 10
30.6473
 20
85.5693
 11
30.6679
 21
85.73
  0
LINE
  8
0
 10
30.6679
 20
85.73
 11
30.7022
 21
85.9181
  0
LINE
  8
0
 10
30.7022
 20
85.9181
 11
30.7375
 21
86.071
  0
LINE
  8
0
 10
30.7375
 20
86.071
 11
30.7791
 21
86.2202
  0
LINE
  8
0
 10
30.7791
 20
86.2202
 11
30.8272
 21
86.3654
  0
LINE
  8
0
 10
30.8272
 20
86.3654
 11
30.8826
 21
86.5068
  0
LINE
  8
0
 10
30.8826
 20
86.5068
 11
30.9444
 21
86.6451
  0
LINE
  8
0
 10
30.9444
 20
86.6451
 11
30.9984
 21
86.754
  0
LINE
  8
0
 10
30.9984
 20
86.754
 11
31.0703
 21
86.8835
  0
LINE
  8
0
 10
31.0703
 20
86.8835
 11
31.1179
 21
86.9604
  0
LINE
  8
0
 10
31.1179
 20
86.9604
 11
31.1847
 21
87.0616
  0
LINE
  8
0
 10
31.1847
 20
87.0616
 11
31.2721
 21
87.1829
  0
LINE
  8
0
 10
31.2721
 20
87.1829
 11
31.3673
 21
87.301
  0
LINE
  8
0
 10
31.3673
 20
87.301
 11
31.4076
 21
87.3477
  0
LINE
  8
0
 10
31.4076
 20
87.3477
 11
31.5115
 21
87.4603
  0
LINE
  8
0
 10
31.5115
 20
87.4603
 11
31.6223
 21
87.5697
  0
LINE
  8
0
 10
31.6223
 20
87.5697
 11
31.7404
 21
87.6764
  0
LINE
  8
0
 10
31.7404
 20
87.6764
 11
31.8379
 21
87.757
  0
LINE
  8
0
 10
31.8379
 20
87.757
 11
31.9414
 21
87.8371
  0
LINE
  8
0
 10
31.9414
 20
87.8371
 11
32.0746
 21
87.9323
  0
LINE
  8
0
 10
32.0746
 20
87.9323
 11
32.1867
 21
88.006
  0
LINE
  8
0
 10
32.1867
 20
88.006
 11
32.3621
 21
88.1126
  0
LINE
  8
0
 10
32.3621
 20
88.1126
 11
32.4541
 21
88.1639
  0
LINE
  8
0
 10
32.4541
 20
88.1639
 11
32.5475
 21
88.2133
  0
LINE
  8
0
 10
32.5475
 20
88.2133
 11
32.709
 21
88.2935
  0
LINE
  8
0
 10
32.709
 20
88.2935
 11
32.8766
 21
88.3699
  0
LINE
  8
0
 10
32.8766
 20
88.3699
 11
33.1599
 21
88.4843
  0
LINE
  8
0
 10
33.1599
 20
88.4843
 11
33.3444
 21
88.5516
  0
LINE
  8
0
 10
33.3444
 20
88.5516
 11
33.5738
 21
88.6258
  0
LINE
  8
0
 10
33.5738
 20
88.6258
 11
33.5851
 21
88.6291
  0
LINE
  8
0
 10
33.5851
 20
88.6291
 11
35.7447
 21
81.9825
  0
LINE
  8
0
 10
35.7447
 20
81.9825
 11
35.6374
 21
81.926
  0
LINE
  8
0
 10
35.6374
 20
81.926
 11
35.4396
 21
81.8321
  0
LINE
  8
0
 10
35.4396
 20
81.8321
 11
35.2336
 21
81.7442
  0
LINE
  8
0
 10
35.2336
 20
81.7442
 11
35.0542
 21
81.6751
  0
LINE
  8
0
 10
35.0542
 20
81.6751
 11
34.9049
 21
81.6211
  0
LINE
  8
0
 10
34.9049
 20
81.6211
 11
34.6756
 21
81.5469
  0
LINE
  8
0
 10
34.6756
 20
81.5469
 11
34.4756
 21
81.4888
  0
LINE
  8
0
 10
34.4756
 20
81.4888
 11
34.2288
 21
81.4238
  0
LINE
  8
0
 10
34.2288
 20
81.4238
 11
34.0146
 21
81.3734
  0
LINE
  8
0
 10
34.0146
 20
81.3734
 11
33.8393
 21
81.3364
  0
LINE
  8
0
 10
33.8393
 20
81.3364
 11
33.5696
 21
81.2846
  0
LINE
  8
0
 10
33.5696
 20
81.2846
 11
33.3357
 21
81.2457
  0
LINE
  8
0
 10
33.3357
 20
81.2457
 11
32.9988
 21
81.1981
  0
LINE
  8
0
 10
32.9988
 20
81.1981
 11
32.6999
 21
81.1624
  0
LINE
  8
0
 10
32.6999
 20
81.1624
 11
32.3918
 21
81.1331
  0
LINE
  8
0
 10
32.3918
 20
81.1331
 11
32.0746
 21
81.1084
  0
LINE
  8
0
 10
32.0746
 20
81.1084
 11
31.8196
 21
81.0928
  0
LINE
  8
0
 10
31.8196
 20
81.0928
 11
31.7047
 21
81.3217
  0
LINE
  8
0
 10
13.3026
 20
80.5751
 11
12.5999
 21
82.272
  0
LINE
  8
0
 10
12.5999
 20
82.272
 11
13.3026
 21
83.969
  0
LINE
  8
0
 10
13.3026
 20
83.969
 11
15
 21
84.6721
  0
LINE
  8
0
 10
15
 20
84.6721
 11
16.6974
 21
83.969
  0
LINE
  8
0
 10
16.6974
 20
83.969
 11
17.4001
 21
82.272
  0
LINE
  8
0
 10
17.4001
 20
82.272
 11
16.6974
 21
80.5751
  0
LINE
  8
0
 10
16.6974
 20
80.5751
 11
15
 21
79.872
  0
LINE
  8
0
 10
15
 20
79.872
 11
13.3026
 21
80.5751
  0
LINE
  8
0
 10
-16.6974
 20
80.5751
 11
-17.4001
 21
82.272
  0
LINE
  8
0
 10
-17.4001
 20
82.272
 11
-16.6974
 21
83.969
  0
LINE
  8
0
 10
-16.6974
 20
83.969
 11
-15
 21
84.6721
  0
LINE
  8
0
 10
-15
 20
84.6721
 11
-13.3026
 21
83.969
  0
LINE
  8
0
 10
-13.3026
 20
83.969
 11
-12.5999
 21
82.272
  0
LINE
  8
0
 10
-12.5999
 20
82.272
 11
-13.3026
 21
80.5751
  0
LINE
  8
0
 10
-13.3026
 20
80.5751
 11
-15
 21
79.872
  0
LINE
  8
0
 10
-15
 20
79.872
 11
-16.6974
 21
80.5751
  0
LINE
  8
0
 10
21.6298
 20
74.4008
 11
21.5112
 21
74.4081
  0
LINE
  8
0
 10
21.5112
 20
74.4081
 11
21.3611
 21
74.4237
  0
LINE
  8
0
 10
21.3611
 20
74.4237
 11
21.2096
 21
74.4466
  0
LINE
  8
0
 10
21.2096
 20
74.4466
 11
21.1501
 21
74.4585
  0
LINE
  8
0
 10
21.1501
 20
74.4585
 11
20.9995
 21
74.4923
  0
LINE
  8
0
 10
20.9995
 20
74.4923
 11
20.8493
 21
74.5335
  0
LINE
  8
0
 10
20.8493
 20
74.5335
 11
20.6992
 21
74.5821
  0
LINE
  8
0
 10
20.6992
 20
74.5821
 11
20.5806
 21
74.6265
  0
LINE
  8
0
 10
20.5806
 20
74.6265
 11
20.4597
 21
74.6764
  0
LINE
  8
0
 10
20.4597
 20
74.6764
 11
20.3096
 21
74.7446
  0
LINE
  8
0
 10
20.3096
 20
74.7446
 11
20.1897
 21
74.8045
  0
LINE
  8
0
 10
20.1897
 20
74.8045
 11
20.0098
 21
74.903
  0
LINE
  8
0
 10
20.0098
 20
74.903
 11
19.9205
 21
74.9565
  0
LINE
  8
0
 10
19.9205
 20
74.9565
 11
19.8299
 21
75.0133
  0
LINE
  8
0
 10
19.8299
 20
75.0133
 11
19.6797
 21
75.1131
  0
LINE
  8
0
 10
19.6797
 20
75.1131
 11
19.5305
 21
75.2193
  0
LINE
  8
0
 10
19.5305
 20
75.2193
 11
19.2897
 21
75.4074
  0
LINE
  8
0
 10
19.2897
 20
75.4074
 11
19.1405
 21
75.5338
  0
LINE
  8
0
 10
19.1405
 20
75.5338
 11
18.9601
 21
75.6963
  0
LINE
  8
0
 10
18.9601
 20
75.6963
 11
18.8397
 21
75.8098
  0
LINE
  8
0
 10
18.8397
 20
75.8098
 11
18.6896
 21
75.959
  0
LINE
  8
0
 10
18.6896
 20
75.959
 11
18.5106
 21
76.1481
  0
LINE
  8
0
 10
18.5106
 20
76.1481
 11
18.3
 21
76.3829
  0
LINE
  8
0
 10
18.3
 20
76.3829
 11
18.0899
 21
76.631
  0
LINE
  8
0
 10
18.0899
 20
76.631
 11
17.8505
 21
76.9331
  0
LINE
  8
0
 10
17.8505
 20
76.9331
 11
17.6102
 21
77.2549
  0
LINE
  8
0
 10
17.6102
 20
77.2549
 11
17.4001
 21
77.5529
  0
LINE
  8
0
 10
17.4001
 20
77.5529
 11
17.1904
 21
77.8638
  0
LINE
  8
0
 10
17.1904
 20
77.8638
 11
17.4966
 21
77.942
  0
LINE
  8
0
 10
17.4966
 20
77.942
 11
17.1904
 21
78.0203
  0
LINE
  8
0
 10
17.1904
 20
78.0203
 11
17.4001
 21
78.3311
  0
LINE
  8
0
 10
17.4001
 20
78.3311
 11
17.6102
 21
78.6292
  0
LINE
  8
0
 10
17.6102
 20
78.6292
 11
17.8505
 21
78.951
  0
LINE
  8
0
 10
17.8505
 20
78.951
 11
18.0899
 21
79.2531
  0
LINE
  8
0
 10
18.0899
 20
79.2531
 11
18.3
 21
79.5012
  0
LINE
  8
0
 10
18.3
 20
79.5012
 11
18.5101
 21
79.7365
  0
LINE
  8
0
 10
18.5101
 20
79.7365
 11
18.6896
 21
79.9251
  0
LINE
  8
0
 10
18.6896
 20
79.9251
 11
18.8397
 21
80.0739
  0
LINE
  8
0
 10
18.8397
 20
80.0739
 11
18.9597
 21
80.1878
  0
LINE
  8
0
 10
18.9597
 20
80.1878
 11
19.1405
 21
80.3503
  0
LINE
  8
0
 10
19.1405
 20
80.3503
 11
19.2897
 21
80.4767
  0
LINE
  8
0
 10
19.2897
 20
80.4767
 11
19.5305
 21
80.6648
  0
LINE
  8
0
 10
19.5305
 20
80.6648
 11
19.6797
 21
80.771
  0
LINE
  8
0
 10
19.6797
 20
80.771
 11
19.8299
 21
80.8708
  0
LINE
  8
0
 10
19.8299
 20
80.8708
 11
19.92
 21
80.928
  0
LINE
  8
0
 10
19.92
 20
80.928
 11
20.0102
 21
80.9811
  0
LINE
  8
0
 10
20.0102
 20
80.9811
 11
20.1897
 21
81.0796
  0
LINE
  8
0
 10
20.1897
 20
81.0796
 11
20.3096
 21
81.1395
  0
LINE
  8
0
 10
20.3096
 20
81.1395
 11
20.4597
 21
81.2077
  0
LINE
  8
0
 10
20.4597
 20
81.2077
 11
20.5806
 21
81.2581
  0
LINE
  8
0
 10
20.5806
 20
81.2581
 11
20.6996
 21
81.302
  0
LINE
  8
0
 10
20.6996
 20
81.302
 11
20.8493
 21
81.3506
  0
LINE
  8
0
 10
20.8493
 20
81.3506
 11
20.9995
 21
81.3918
  0
LINE
  8
0
 10
20.9995
 20
81.3918
 11
21.1505
 21
81.4256
  0
LINE
  8
0
 10
21.1505
 20
81.4256
 11
21.2096
 21
81.4371
  0
LINE
  8
0
 10
21.2096
 20
81.4371
 11
21.3611
 21
81.4604
  0
LINE
  8
0
 10
21.3611
 20
81.4604
 11
21.5112
 21
81.476
  0
LINE
  8
0
 10
21.5112
 20
81.476
 11
21.6298
 21
81.4828
  0
LINE
  8
0
 10
21.6298
 20
81.4828
 11
21.7209
 21
81.4856
  0
LINE
  8
0
 10
21.7209
 20
81.4856
 11
21.8706
 21
81.4838
  0
LINE
  8
0
 10
21.8706
 20
81.4838
 11
21.9891
 21
81.476
  0
LINE
  8
0
 10
21.9891
 20
81.476
 11
22.1393
 21
81.4604
  0
LINE
  8
0
 10
22.1393
 20
81.4604
 11
22.2913
 21
81.4371
  0
LINE
  8
0
 10
22.2913
 20
81.4371
 11
22.4409
 21
81.4064
  0
LINE
  8
0
 10
22.4409
 20
81.4064
 11
22.5897
 21
81.368
  0
LINE
  8
0
 10
22.5897
 20
81.368
 11
22.7412
 21
81.3217
  0
LINE
  8
0
 10
22.7412
 20
81.3217
 11
22.9198
 21
81.2576
  0
LINE
  8
0
 10
22.9198
 20
81.2576
 11
23.0708
 21
81.1954
  0
LINE
  8
0
 10
23.0708
 20
81.1954
 11
23.1898
 21
81.14
  0
LINE
  8
0
 10
23.1898
 20
81.14
 11
23.3107
 21
81.0796
  0
LINE
  8
0
 10
23.3107
 20
81.0796
 11
23.4009
 21
81.0315
  0
LINE
  8
0
 10
23.4009
 20
81.0315
 11
23.5808
 21
80.9276
  0
LINE
  8
0
 10
23.5808
 20
80.9276
 11
23.7296
 21
80.8328
  0
LINE
  8
0
 10
23.7296
 20
80.8328
 11
23.9108
 21
80.7074
  0
LINE
  8
0
 10
23.9108
 20
80.7074
 11
24.0898
 21
80.5733
  0
LINE
  8
0
 10
24.0898
 20
80.5733
 11
24.2409
 21
80.4524
  0
LINE
  8
0
 10
24.2409
 20
80.4524
 11
24.3599
 21
80.3503
  0
LINE
  8
0
 10
24.3599
 20
80.3503
 11
24.5412
 21
80.1883
  0
LINE
  8
0
 10
24.5412
 20
80.1883
 11
24.6899
 21
80.0455
  0
LINE
  8
0
 10
24.6899
 20
80.0455
 11
24.8703
 21
79.8628
  0
LINE
  8
0
 10
24.8703
 20
79.8628
 11
25.0204
 21
79.7031
  0
LINE
  8
0
 10
25.0204
 20
79.7031
 11
25.1404
 21
79.5699
  0
LINE
  8
0
 10
25.1404
 20
79.5699
 11
25.3203
 21
79.3611
  0
LINE
  8
0
 10
25.3203
 20
79.3611
 11
25.4704
 21
79.1789
  0
LINE
  8
0
 10
25.4704
 20
79.1789
 11
25.6801
 21
78.9116
  0
LINE
  8
0
 10
25.6801
 20
78.9116
 11
25.8609
 21
78.6703
  0
LINE
  8
0
 10
25.8609
 20
78.6703
 11
26.0408
 21
78.4181
  0
LINE
  8
0
 10
26.0408
 20
78.4181
 11
26.2202
 21
78.1554
  0
LINE
  8
0
 10
26.2202
 20
78.1554
 11
26.3617
 21
77.9425
  0
LINE
  8
0
 10
26.3617
 20
77.9425
 11
26.2202
 21
77.7287
  0
LINE
  8
0
 10
26.2202
 20
77.7287
 11
26.0399
 21
77.4655
  0
LINE
  8
0
 10
26.0399
 20
77.4655
 11
25.8604
 21
77.2133
  0
LINE
  8
0
 10
25.8604
 20
77.2133
 11
25.6801
 21
76.9725
  0
LINE
  8
0
 10
25.6801
 20
76.9725
 11
25.4704
 21
76.7052
  0
LINE
  8
0
 10
25.4704
 20
76.7052
 11
25.3198
 21
76.5225
  0
LINE
  8
0
 10
25.3198
 20
76.5225
 11
25.1399
 21
76.3138
  0
LINE
  8
0
 10
25.1399
 20
76.3138
 11
25.02
 21
76.1806
  0
LINE
  8
0
 10
25.02
 20
76.1806
 11
24.8698
 21
76.0208
  0
LINE
  8
0
 10
24.8698
 20
76.0208
 11
24.6899
 21
75.8386
  0
LINE
  8
0
 10
24.6899
 20
75.8386
 11
24.5407
 21
75.6963
  0
LINE
  8
0
 10
24.5407
 20
75.6963
 11
24.3599
 21
75.5338
  0
LINE
  8
0
 10
24.3599
 20
75.5338
 11
24.2404
 21
75.4312
  0
LINE
  8
0
 10
24.2404
 20
75.4312
 11
24.0898
 21
75.3108
  0
LINE
  8
0
 10
24.0898
 20
75.3108
 11
23.9108
 21
75.1767
  0
LINE
  8
0
 10
23.9108
 20
75.1767
 11
23.7296
 21
75.0513
  0
LINE
  8
0
 10
23.7296
 20
75.0513
 11
23.5808
 21
74.957
  0
LINE
  8
0
 10
23.5808
 20
74.957
 11
23.4
 21
74.8521
  0
LINE
  8
0
 10
23.4
 20
74.8521
 11
23.3098
 21
74.8041
  0
LINE
  8
0
 10
23.3098
 20
74.8041
 11
23.1898
 21
74.7437
  0
LINE
  8
0
 10
23.1898
 20
74.7437
 11
23.0708
 21
74.6892
  0
LINE
  8
0
 10
23.0708
 20
74.6892
 11
22.9198
 21
74.6265
  0
LINE
  8
0
 10
22.9198
 20
74.6265
 11
22.7399
 21
74.5619
  0
LINE
  8
0
 10
22.7399
 20
74.5619
 11
22.5897
 21
74.5157
  0
LINE
  8
0
 10
22.5897
 20
74.5157
 11
22.4409
 21
74.4777
  0
LINE
  8
0
 10
22.4409
 20
74.4777
 11
22.2913
 21
74.447
  0
LINE
  8
0
 10
22.2913
 20
74.447
 11
22.1393
 21
74.4237
  0
LINE
  8
0
 10
22.1393
 20
74.4237
 11
21.9891
 21
74.4081
  0
LINE
  8
0
 10
21.9891
 20
74.4081
 11
21.8706
 21
74.4008
  0
LINE
  8
0
 10
21.8706
 20
74.4008
 11
21.7209
 21
74.3985
  0
LINE
  8
0
 10
21.7209
 20
74.3985
 11
21.6298
 21
74.4008
  0
LINE
  8
0
 10
8.12943
 20
74.4003
 11
8.01086
 21
74.4081
  0
LINE
  8
0
 10
8.01086
 20
74.4081
 11
7.86072
 21
74.4237
  0
LINE
  8
0
 10
7.86072
 20
74.4237
 11
7.70874
 21
74.447
  0
LINE
  8
0
 10
7.70874
 20
74.447
 11
7.55905
 21
74.4777
  0
LINE
  8
0
 10
7.55905
 20
74.4777
 11
7.41028
 21
74.5161
  0
LINE
  8
0
 10
7.41028
 20
74.5161
 11
7.25876
 21
74.5624
  0
LINE
  8
0
 10
7.25876
 20
74.5624
 11
7.08023
 21
74.6265
  0
LINE
  8
0
 10
7.08023
 20
74.6265
 11
6.92917
 21
74.6887
  0
LINE
  8
0
 10
6.92917
 20
74.6887
 11
6.81015
 21
74.7441
  0
LINE
  8
0
 10
6.81015
 20
74.7441
 11
6.6893
 21
74.8045
  0
LINE
  8
0
 10
6.6893
 20
74.8045
 11
6.59912
 21
74.8526
  0
LINE
  8
0
 10
6.59912
 20
74.8526
 11
6.41922
 21
74.9565
  0
LINE
  8
0
 10
6.41922
 20
74.9565
 11
6.27045
 21
75.0513
  0
LINE
  8
0
 10
6.27045
 20
75.0513
 11
6.08917
 21
75.1767
  0
LINE
  8
0
 10
6.08917
 20
75.1767
 11
5.91019
 21
75.3108
  0
LINE
  8
0
 10
5.91019
 20
75.3108
 11
5.75912
 21
75.4317
  0
LINE
  8
0
 10
5.75912
 20
75.4317
 11
5.64011
 21
75.5338
  0
LINE
  8
0
 10
5.64011
 20
75.5338
 11
5.45883
 21
75.6958
  0
LINE
  8
0
 10
5.45883
 20
75.6958
 11
5.31006
 21
75.8386
  0
LINE
  8
0
 10
5.31006
 20
75.8386
 11
5.1297
 21
76.0213
  0
LINE
  8
0
 10
5.1297
 20
76.0213
 11
4.97955
 21
76.181
  0
LINE
  8
0
 10
4.97955
 20
76.181
 11
4.85962
 21
76.3142
  0
LINE
  8
0
 10
4.85962
 20
76.3142
 11
4.67972
 21
76.523
  0
LINE
  8
0
 10
4.67972
 20
76.523
 11
4.52957
 21
76.7052
  0
LINE
  8
0
 10
4.52957
 20
76.7052
 11
4.31992
 21
76.9725
  0
LINE
  8
0
 10
4.31992
 20
76.9725
 11
4.1391
 21
77.2137
  0
LINE
  8
0
 10
4.1391
 20
77.2137
 11
3.9592
 21
77.466
  0
LINE
  8
0
 10
3.9592
 20
77.466
 11
3.77975
 21
77.7287
  0
LINE
  8
0
 10
3.77975
 20
77.7287
 11
3.63831
 21
77.9416
  0
LINE
  8
0
 10
3.63831
 20
77.9416
 11
3.77975
 21
78.1554
  0
LINE
  8
0
 10
3.77975
 20
78.1554
 11
3.96011
 21
78.4186
  0
LINE
  8
0
 10
3.96011
 20
78.4186
 11
4.1391
 21
78.6703
  0
LINE
  8
0
 10
4.1391
 20
78.6703
 11
4.31992
 21
78.9116
  0
LINE
  8
0
 10
4.31992
 20
78.9116
 11
4.52957
 21
79.1789
  0
LINE
  8
0
 10
4.52957
 20
79.1789
 11
4.67972
 21
79.3611
  0
LINE
  8
0
 10
4.67972
 20
79.3611
 11
4.85962
 21
79.5699
  0
LINE
  8
0
 10
4.85962
 20
79.5699
 11
4.97955
 21
79.7031
  0
LINE
  8
0
 10
4.97955
 20
79.7031
 11
5.1297
 21
79.8628
  0
LINE
  8
0
 10
5.1297
 20
79.8628
 11
5.31006
 21
80.0455
  0
LINE
  8
0
 10
5.31006
 20
80.0455
 11
5.45929
 21
80.1878
  0
LINE
  8
0
 10
5.45929
 20
80.1878
 11
5.64011
 21
80.3503
  0
LINE
  8
0
 10
5.64011
 20
80.3503
 11
5.75912
 21
80.4524
  0
LINE
  8
0
 10
5.75912
 20
80.4524
 11
5.91019
 21
80.5733
  0
LINE
  8
0
 10
5.91019
 20
80.5733
 11
6.08917
 21
80.7074
  0
LINE
  8
0
 10
6.08917
 20
80.7074
 11
6.27045
 21
80.8328
  0
LINE
  8
0
 10
6.27045
 20
80.8328
 11
6.41922
 21
80.9271
  0
LINE
  8
0
 10
6.41922
 20
80.9271
 11
6.59912
 21
81.0315
  0
LINE
  8
0
 10
6.59912
 20
81.0315
 11
6.6893
 21
81.0796
  0
LINE
  8
0
 10
6.6893
 20
81.0796
 11
6.81015
 21
81.1404
  0
LINE
  8
0
 10
6.81015
 20
81.1404
 11
6.92917
 21
81.1949
  0
LINE
  8
0
 10
6.92917
 20
81.1949
 11
7.08023
 21
81.2576
  0
LINE
  8
0
 10
7.08023
 20
81.2576
 11
7.25876
 21
81.3217
  0
LINE
  8
0
 10
7.25876
 20
81.3217
 11
7.41028
 21
81.3684
  0
LINE
  8
0
 10
7.41028
 20
81.3684
 11
7.55905
 21
81.4064
  0
LINE
  8
0
 10
7.55905
 20
81.4064
 11
7.70874
 21
81.4371
  0
LINE
  8
0
 10
7.70874
 20
81.4371
 11
7.86072
 21
81.4604
  0
LINE
  8
0
 10
7.86072
 20
81.4604
 11
8.01086
 21
81.476
  0
LINE
  8
0
 10
8.01086
 20
81.476
 11
8.12943
 21
81.4833
  0
LINE
  8
0
 10
8.12943
 20
81.4833
 11
8.27911
 21
81.4856
  0
LINE
  8
0
 10
8.27911
 20
81.4856
 11
8.37021
 21
81.4833
  0
LINE
  8
0
 10
8.37021
 20
81.4833
 11
8.48877
 21
81.476
  0
LINE
  8
0
 10
8.48877
 20
81.476
 11
8.63892
 21
81.4604
  0
LINE
  8
0
 10
8.63892
 20
81.4604
 11
8.79044
 21
81.4375
  0
LINE
  8
0
 10
8.79044
 20
81.4375
 11
8.84995
 21
81.4256
  0
LINE
  8
0
 10
8.84995
 20
81.4256
 11
9.00055
 21
81.3918
  0
LINE
  8
0
 10
9.00055
 20
81.3918
 11
9.1507
 21
81.3506
  0
LINE
  8
0
 10
9.1507
 20
81.3506
 11
9.30084
 21
81.302
  0
LINE
  8
0
 10
9.30084
 20
81.302
 11
9.4194
 21
81.2576
  0
LINE
  8
0
 10
9.4194
 20
81.2576
 11
9.54025
 21
81.2077
  0
LINE
  8
0
 10
9.54025
 20
81.2077
 11
9.6904
 21
81.1395
  0
LINE
  8
0
 10
9.6904
 20
81.1395
 11
9.81033
 21
81.0796
  0
LINE
  8
0
 10
9.81033
 20
81.0796
 11
9.99023
 21
80.9811
  0
LINE
  8
0
 10
9.99023
 20
80.9811
 11
10.0795
 21
80.9276
  0
LINE
  8
0
 10
10.0795
 20
80.9276
 11
10.1701
 21
80.8708
  0
LINE
  8
0
 10
10.1701
 20
80.8708
 11
10.3203
 21
80.771
  0
LINE
  8
0
 10
10.3203
 20
80.771
 11
10.4695
 21
80.6648
  0
LINE
  8
0
 10
10.4695
 20
80.6648
 11
10.7103
 21
80.4767
  0
LINE
  8
0
 10
10.7103
 20
80.4767
 11
10.8595
 21
80.3503
  0
LINE
  8
0
 10
10.8595
 20
80.3503
 11
11.0399
 21
80.1878
  0
LINE
  8
0
 10
11.0399
 20
80.1878
 11
11.1603
 21
80.0743
  0
LINE
  8
0
 10
11.1603
 20
80.0743
 11
11.3104
 21
79.9251
  0
LINE
  8
0
 10
11.3104
 20
79.9251
 11
11.4894
 21
79.736
  0
LINE
  8
0
 10
11.4894
 20
79.736
 11
11.7
 21
79.5012
  0
LINE
  8
0
 10
11.7
 20
79.5012
 11
11.9101
 21
79.2531
  0
LINE
  8
0
 10
11.9101
 20
79.2531
 11
12.1495
 21
78.951
  0
LINE
  8
0
 10
12.1495
 20
78.951
 11
12.3898
 21
78.6292
  0
LINE
  8
0
 10
12.3898
 20
78.6292
 11
12.5999
 21
78.3311
  0
LINE
  8
0
 10
12.5999
 20
78.3311
 11
12.8096
 21
78.0203
  0
LINE
  8
0
 10
12.8096
 20
78.0203
 11
12.5034
 21
77.942
  0
LINE
  8
0
 10
12.5034
 20
77.942
 11
12.8096
 21
77.8638
  0
LINE
  8
0
 10
12.8096
 20
77.8638
 11
12.5999
 21
77.5529
  0
LINE
  8
0
 10
12.5999
 20
77.5529
 11
12.3894
 21
77.2545
  0
LINE
  8
0
 10
12.3894
 20
77.2545
 11
12.1495
 21
76.9331
  0
LINE
  8
0
 10
12.1495
 20
76.9331
 11
11.9096
 21
76.6306
  0
LINE
  8
0
 10
11.9096
 20
76.6306
 11
11.7
 21
76.3829
  0
LINE
  8
0
 10
11.7
 20
76.3829
 11
11.4899
 21
76.1476
  0
LINE
  8
0
 10
11.4899
 20
76.1476
 11
11.31
 21
75.9586
  0
LINE
  8
0
 10
11.31
 20
75.9586
 11
11.1603
 21
75.8102
  0
LINE
  8
0
 10
11.1603
 20
75.8102
 11
11.0399
 21
75.6958
  0
LINE
  8
0
 10
11.0399
 20
75.6958
 11
10.8595
 21
75.5338
  0
LINE
  8
0
 10
10.8595
 20
75.5338
 11
10.7103
 21
75.4074
  0
LINE
  8
0
 10
10.7103
 20
75.4074
 11
10.4695
 21
75.2193
  0
LINE
  8
0
 10
10.4695
 20
75.2193
 11
10.3203
 21
75.1131
  0
LINE
  8
0
 10
10.3203
 20
75.1131
 11
10.1701
 21
75.0133
  0
LINE
  8
0
 10
10.1701
 20
75.0133
 11
10.08
 21
74.9561
  0
LINE
  8
0
 10
10.08
 20
74.9561
 11
9.98978
 21
74.903
  0
LINE
  8
0
 10
9.98978
 20
74.903
 11
9.81033
 21
74.8045
  0
LINE
  8
0
 10
9.81033
 20
74.8045
 11
9.68948
 21
74.7441
  0
LINE
  8
0
 10
9.68948
 20
74.7441
 11
9.53934
 21
74.6759
  0
LINE
  8
0
 10
9.53934
 20
74.6759
 11
9.4194
 21
74.626
  0
LINE
  8
0
 10
9.4194
 20
74.626
 11
9.29901
 21
74.5816
  0
LINE
  8
0
 10
9.29901
 20
74.5816
 11
9.1507
 21
74.5335
  0
LINE
  8
0
 10
9.1507
 20
74.5335
 11
9.00055
 21
74.4923
  0
LINE
  8
0
 10
9.00055
 20
74.4923
 11
8.84949
 21
74.4585
  0
LINE
  8
0
 10
8.84949
 20
74.4585
 11
8.79044
 21
74.447
  0
LINE
  8
0
 10
8.79044
 20
74.447
 11
8.63892
 21
74.4237
  0
LINE
  8
0
 10
8.63892
 20
74.4237
 11
8.48877
 21
74.4081
  0
LINE
  8
0
 10
8.48877
 20
74.4081
 11
8.37021
 21
74.4012
  0
LINE
  8
0
 10
8.37021
 20
74.4012
 11
8.27911
 21
74.3985
  0
LINE
  8
0
 10
8.27911
 20
74.3985
 11
8.12943
 21
74.4003
  0
LINE
  8
0
 10
-8.37021
 20
74.4008
 11
-8.48877
 21
74.4081
  0
LINE
  8
0
 10
-8.48877
 20
74.4081
 11
-8.63892
 21
74.4237
  0
LINE
  8
0
 10
-8.63892
 20
74.4237
 11
-8.79044
 21
74.4466
  0
LINE
  8
0
 10
-8.79044
 20
74.4466
 11
-8.84995
 21
74.4585
  0
LINE
  8
0
 10
-8.84995
 20
74.4585
 11
-9.00055
 21
74.4923
  0
LINE
  8
0
 10
-9.00055
 20
74.4923
 11
-9.1507
 21
74.5335
  0
LINE
  8
0
 10
-9.1507
 20
74.5335
 11
-9.30084
 21
74.5821
  0
LINE
  8
0
 10
-9.30084
 20
74.5821
 11
-9.4194
 21
74.6265
  0
LINE
  8
0
 10
-9.4194
 20
74.6265
 11
-9.54025
 21
74.6764
  0
LINE
  8
0
 10
-9.54025
 20
74.6764
 11
-9.6904
 21
74.7446
  0
LINE
  8
0
 10
-9.6904
 20
74.7446
 11
-9.81033
 21
74.8045
  0
LINE
  8
0
 10
-9.81033
 20
74.8045
 11
-9.99023
 21
74.903
  0
LINE
  8
0
 10
-9.99023
 20
74.903
 11
-10.0795
 21
74.9565
  0
LINE
  8
0
 10
-10.0795
 20
74.9565
 11
-10.1701
 21
75.0133
  0
LINE
  8
0
 10
-10.1701
 20
75.0133
 11
-10.3203
 21
75.1131
  0
LINE
  8
0
 10
-10.3203
 20
75.1131
 11
-10.4695
 21
75.2193
  0
LINE
  8
0
 10
-10.4695
 20
75.2193
 11
-10.7103
 21
75.4074
  0
LINE
  8
0
 10
-10.7103
 20
75.4074
 11
-10.8595
 21
75.5338
  0
LINE
  8
0
 10
-10.8595
 20
75.5338
 11
-11.0399
 21
75.6963
  0
LINE
  8
0
 10
-11.0399
 20
75.6963
 11
-11.1603
 21
75.8098
  0
LINE
  8
0
 10
-11.1603
 20
75.8098
 11
-11.3104
 21
75.959
  0
LINE
  8
0
 10
-11.3104
 20
75.959
 11
-11.4894
 21
76.1481
  0
LINE
  8
0
 10
-11.4894
 20
76.1481
 11
-11.7
 21
76.3829
  0
LINE
  8
0
 10
-11.7
 20
76.3829
 11
-11.9101
 21
76.631
  0
LINE
  8
0
 10
-11.9101
 20
76.631
 11
-12.1495
 21
76.9331
  0
LINE
  8
0
 10
-12.1495
 20
76.9331
 11
-12.3898
 21
77.2549
  0
LINE
  8
0
 10
-12.3898
 20
77.2549
 11
-12.5999
 21
77.5529
  0
LINE
  8
0
 10
-12.5999
 20
77.5529
 11
-12.8096
 21
77.8638
  0
LINE
  8
0
 10
-12.8096
 20
77.8638
 11
-12.5034
 21
77.942
  0
LINE
  8
0
 10
-12.5034
 20
77.942
 11
-12.8096
 21
78.0203
  0
LINE
  8
0
 10
-12.8096
 20
78.0203
 11
-12.5999
 21
78.3311
  0
LINE
  8
0
 10
-12.5999
 20
78.3311
 11
-12.3898
 21
78.6292
  0
LINE
  8
0
 10
-12.3898
 20
78.6292
 11
-12.1495
 21
78.951
  0
LINE
  8
0
 10
-12.1495
 20
78.951
 11
-11.9101
 21
79.2531
  0
LINE
  8
0
 10
-11.9101
 20
79.2531
 11
-11.7
 21
79.5012
  0
LINE
  8
0
 10
-11.7
 20
79.5012
 11
-11.4899
 21
79.7365
  0
LINE
  8
0
 10
-11.4899
 20
79.7365
 11
-11.3104
 21
79.9251
  0
LINE
  8
0
 10
-11.3104
 20
79.9251
 11
-11.1603
 21
80.0739
  0
LINE
  8
0
 10
-11.1603
 20
80.0739
 11
-11.0403
 21
80.1878
  0
LINE
  8
0
 10
-11.0403
 20
80.1878
 11
-10.8595
 21
80.3503
  0
LINE
  8
0
 10
-10.8595
 20
80.3503
 11
-10.7103
 21
80.4767
  0
LINE
  8
0
 10
-10.7103
 20
80.4767
 11
-10.4695
 21
80.6648
  0
LINE
  8
0
 10
-10.4695
 20
80.6648
 11
-10.3203
 21
80.771
  0
LINE
  8
0
 10
-10.3203
 20
80.771
 11
-10.1701
 21
80.8708
  0
LINE
  8
0
 10
-10.1701
 20
80.8708
 11
-10.08
 21
80.928
  0
LINE
  8
0
 10
-10.08
 20
80.928
 11
-9.98978
 21
80.9811
  0
LINE
  8
0
 10
-9.98978
 20
80.9811
 11
-9.81033
 21
81.0796
  0
LINE
  8
0
 10
-9.81033
 20
81.0796
 11
-9.6904
 21
81.1395
  0
LINE
  8
0
 10
-9.6904
 20
81.1395
 11
-9.54025
 21
81.2077
  0
LINE
  8
0
 10
-9.54025
 20
81.2077
 11
-9.4194
 21
81.2581
  0
LINE
  8
0
 10
-9.4194
 20
81.2581
 11
-9.30038
 21
81.302
  0
LINE
  8
0
 10
-9.30038
 20
81.302
 11
-9.1507
 21
81.3506
  0
LINE
  8
0
 10
-9.1507
 20
81.3506
 11
-9.00055
 21
81.3918
  0
LINE
  8
0
 10
-9.00055
 20
81.3918
 11
-8.84949
 21
81.4256
  0
LINE
  8
0
 10
-8.84949
 20
81.4256
 11
-8.79044
 21
81.4371
  0
LINE
  8
0
 10
-8.79044
 20
81.4371
 11
-8.63892
 21
81.4604
  0
LINE
  8
0
 10
-8.63892
 20
81.4604
 11
-8.48877
 21
81.476
  0
LINE
  8
0
 10
-8.48877
 20
81.476
 11
-8.37021
 21
81.4828
  0
LINE
  8
0
 10
-8.37021
 20
81.4828
 11
-8.27911
 21
81.4856
  0
LINE
  8
0
 10
-8.27911
 20
81.4856
 11
-8.12943
 21
81.4838
  0
LINE
  8
0
 10
-8.12943
 20
81.4838
 11
-8.01086
 21
81.476
  0
LINE
  8
0
 10
-8.01086
 20
81.476
 11
-7.86072
 21
81.4604
  0
LINE
  8
0
 10
-7.86072
 20
81.4604
 11
-7.70874
 21
81.4371
  0
LINE
  8
0
 10
-7.70874
 20
81.4371
 11
-7.55905
 21
81.4064
  0
LINE
  8
0
 10
-7.55905
 20
81.4064
 11
-7.41028
 21
81.368
  0
LINE
  8
0
 10
-7.41028
 20
81.368
 11
-7.25876
 21
81.3217
  0
LINE
  8
0
 10
-7.25876
 20
81.3217
 11
-7.08023
 21
81.2576
  0
LINE
  8
0
 10
-7.08023
 20
81.2576
 11
-6.92917
 21
81.1954
  0
LINE
  8
0
 10
-6.92917
 20
81.1954
 11
-6.81015
 21
81.14
  0
LINE
  8
0
 10
-6.81015
 20
81.14
 11
-6.6893
 21
81.0796
  0
LINE
  8
0
 10
-6.6893
 20
81.0796
 11
-6.59912
 21
81.0315
  0
LINE
  8
0
 10
-6.59912
 20
81.0315
 11
-6.41922
 21
80.9276
  0
LINE
  8
0
 10
-6.41922
 20
80.9276
 11
-6.27045
 21
80.8328
  0
LINE
  8
0
 10
-6.27045
 20
80.8328
 11
-6.08917
 21
80.7074
  0
LINE
  8
0
 10
-6.08917
 20
80.7074
 11
-5.91019
 21
80.5733
  0
LINE
  8
0
 10
-5.91019
 20
80.5733
 11
-5.75912
 21
80.4524
  0
LINE
  8
0
 10
-5.75912
 20
80.4524
 11
-5.64011
 21
80.3503
  0
LINE
  8
0
 10
-5.64011
 20
80.3503
 11
-5.45883
 21
80.1883
  0
LINE
  8
0
 10
-5.45883
 20
80.1883
 11
-5.31006
 21
80.0455
  0
LINE
  8
0
 10
-5.31006
 20
80.0455
 11
-5.1297
 21
79.8628
  0
LINE
  8
0
 10
-5.1297
 20
79.8628
 11
-4.97955
 21
79.7031
  0
LINE
  8
0
 10
-4.97955
 20
79.7031
 11
-4.85962
 21
79.5699
  0
LINE
  8
0
 10
-4.85962
 20
79.5699
 11
-4.67972
 21
79.3611
  0
LINE
  8
0
 10
-4.67972
 20
79.3611
 11
-4.52957
 21
79.1789
  0
LINE
  8
0
 10
-4.52957
 20
79.1789
 11
-4.31992
 21
78.9116
  0
LINE
  8
0
 10
-4.31992
 20
78.9116
 11
-4.1391
 21
78.6703
  0
LINE
  8
0
 10
-4.1391
 20
78.6703
 11
-3.9592
 21
78.4181
  0
LINE
  8
0
 10
-3.9592
 20
78.4181
 11
-3.77975
 21
78.1554
  0
LINE
  8
0
 10
-3.77975
 20
78.1554
 11
-3.63831
 21
77.9425
  0
LINE
  8
0
 10
-3.63831
 20
77.9425
 11
-3.77975
 21
77.7287
  0
LINE
  8
0
 10
-3.77975
 20
77.7287
 11
-3.96011
 21
77.4655
  0
LINE
  8
0
 10
-3.96011
 20
77.4655
 11
-4.13956
 21
77.2133
  0
LINE
  8
0
 10
-4.13956
 20
77.2133
 11
-4.31992
 21
76.9725
  0
LINE
  8
0
 10
-4.31992
 20
76.9725
 11
-4.52957
 21
76.7052
  0
LINE
  8
0
 10
-4.52957
 20
76.7052
 11
-4.68018
 21
76.5225
  0
LINE
  8
0
 10
-4.68018
 20
76.5225
 11
-4.86008
 21
76.3138
  0
LINE
  8
0
 10
-4.86008
 20
76.3138
 11
-4.98001
 21
76.1806
  0
LINE
  8
0
 10
-4.98001
 20
76.1806
 11
-5.13016
 21
76.0208
  0
LINE
  8
0
 10
-5.13016
 20
76.0208
 11
-5.31006
 21
75.8386
  0
LINE
  8
0
 10
-5.31006
 20
75.8386
 11
-5.45929
 21
75.6963
  0
LINE
  8
0
 10
-5.45929
 20
75.6963
 11
-5.64011
 21
75.5338
  0
LINE
  8
0
 10
-5.64011
 20
75.5338
 11
-5.75958
 21
75.4312
  0
LINE
  8
0
 10
-5.75958
 20
75.4312
 11
-5.91019
 21
75.3108
  0
LINE
  8
0
 10
-5.91019
 20
75.3108
 11
-6.08917
 21
75.1767
  0
LINE
  8
0
 10
-6.08917
 20
75.1767
 11
-6.27045
 21
75.0513
  0
LINE
  8
0
 10
-6.27045
 20
75.0513
 11
-6.41922
 21
74.957
  0
LINE
  8
0
 10
-6.41922
 20
74.957
 11
-6.60004
 21
74.8521
  0
LINE
  8
0
 10
-6.60004
 20
74.8521
 11
-6.69022
 21
74.8041
  0
LINE
  8
0
 10
-6.69022
 20
74.8041
 11
-6.81015
 21
74.7437
  0
LINE
  8
0
 10
-6.81015
 20
74.7437
 11
-6.92917
 21
74.6892
  0
LINE
  8
0
 10
-6.92917
 20
74.6892
 11
-7.08023
 21
74.6265
  0
LINE
  8
0
 10
-7.08023
 20
74.6265
 11
-7.26013
 21
74.5619
  0
LINE
  8
0
 10
-7.26013
 20
74.5619
 11
-7.41028
 21
74.5157
  0
LINE
  8
0
 10
-7.41028
 20
74.5157
 11
-7.55905
 21
74.4777
  0
LINE
  8
0
 10
-7.55905
 20
74.4777
 11
-7.70874
 21
74.447
  0
LINE
  8
0
 10
-7.70874
 20
74.447
 11
-7.86072
 21
74.4237
  0
LINE
  8
0
 10
-7.86072
 20
74.4237
 11
-8.01086
 21
74.4081
  0
LINE
  8
0
 10
-8.01086
 20
74.4081
 11
-8.12943
 21
74.4008
  0
LINE
  8
0
 10
-8.12943
 20
74.4008
 11
-8.27911
 21
74.3985
  0
LINE
  8
0
 10
-8.27911
 20
74.3985
 11
-8.37021
 21
74.4008
  0
LINE
  8
0
 10
-21.8706
 20
74.4003
 11
-21.9891
 21
74.4081
  0
LINE
  8
0
 10
-21.9891
 20
74.4081
 11
-22.1393
 21
74.4237
  0
LINE
  8
0
 10
-22.1393
 20
74.4237
 11
-22.2913
 21
74.447
  0
LINE
  8
0
 10
-22.2913
 20
74.447
 11
-22.4409
 21
74.4777
  0
LINE
  8
0
 10
-22.4409
 20
74.4777
 11
-22.5897
 21
74.5161
  0
LINE
  8
0
 10
-22.5897
 20
74.5161
 11
-22.7412
 21
74.5624
  0
LINE
  8
0
 10
-22.7412
 20
74.5624
 11
-22.9198
 21
74.6265
  0
LINE
  8
0
 10
-22.9198
 20
74.6265
 11
-23.0708
 21
74.6887
  0
LINE
  8
0
 10
-23.0708
 20
74.6887
 11
-23.1898
 21
74.7441
  0
LINE
  8
0
 10
-23.1898
 20
74.7441
 11
-23.3107
 21
74.8045
  0
LINE
  8
0
 10
-23.3107
 20
74.8045
 11
-23.4009
 21
74.8526
  0
LINE
  8
0
 10
-23.4009
 20
74.8526
 11
-23.5808
 21
74.9565
  0
LINE
  8
0
 10
-23.5808
 20
74.9565
 11
-23.7296
 21
75.0513
  0
LINE
  8
0
 10
-23.7296
 20
75.0513
 11
-23.9108
 21
75.1767
  0
LINE
  8
0
 10
-23.9108
 20
75.1767
 11
-24.0898
 21
75.3108
  0
LINE
  8
0
 10
-24.0898
 20
75.3108
 11
-24.2409
 21
75.4317
  0
LINE
  8
0
 10
-24.2409
 20
75.4317
 11
-24.3599
 21
75.5338
  0
LINE
  8
0
 10
-24.3599
 20
75.5338
 11
-24.5412
 21
75.6958
  0
LINE
  8
0
 10
-24.5412
 20
75.6958
 11
-24.6899
 21
75.8386
  0
LINE
  8
0
 10
-24.6899
 20
75.8386
 11
-24.8703
 21
76.0213
  0
LINE
  8
0
 10
-24.8703
 20
76.0213
 11
-25.0204
 21
76.181
  0
LINE
  8
0
 10
-25.0204
 20
76.181
 11
-25.1404
 21
76.3142
  0
LINE
  8
0
 10
-25.1404
 20
76.3142
 11
-25.3203
 21
76.523
  0
LINE
  8
0
 10
-25.3203
 20
76.523
 11
-25.4704
 21
76.7052
  0
LINE
  8
0
 10
-25.4704
 20
76.7052
 11
-25.6801
 21
76.9725
  0
LINE
  8
0
 10
-25.6801
 20
76.9725
 11
-25.8609
 21
77.2137
  0
LINE
  8
0
 10
-25.8609
 20
77.2137
 11
-26.0408
 21
77.466
  0
LINE
  8
0
 10
-26.0408
 20
77.466
 11
-26.2202
 21
77.7287
  0
LINE
  8
0
 10
-26.2202
 20
77.7287
 11
-26.3617
 21
77.9416
  0
LINE
  8
0
 10
-26.3617
 20
77.9416
 11
-26.2202
 21
78.1554
  0
LINE
  8
0
 10
-26.2202
 20
78.1554
 11
-26.0399
 21
78.4186
  0
LINE
  8
0
 10
-26.0399
 20
78.4186
 11
-25.8609
 21
78.6703
  0
LINE
  8
0
 10
-25.8609
 20
78.6703
 11
-25.6801
 21
78.9116
  0
LINE
  8
0
 10
-25.6801
 20
78.9116
 11
-25.4704
 21
79.1789
  0
LINE
  8
0
 10
-25.4704
 20
79.1789
 11
-25.3203
 21
79.3611
  0
LINE
  8
0
 10
-25.3203
 20
79.3611
 11
-25.1404
 21
79.5699
  0
LINE
  8
0
 10
-25.1404
 20
79.5699
 11
-25.0204
 21
79.7031
  0
LINE
  8
0
 10
-25.0204
 20
79.7031
 11
-24.8703
 21
79.8628
  0
LINE
  8
0
 10
-24.8703
 20
79.8628
 11
-24.6899
 21
80.0455
  0
LINE
  8
0
 10
-24.6899
 20
80.0455
 11
-24.5407
 21
80.1878
  0
LINE
  8
0
 10
-24.5407
 20
80.1878
 11
-24.3599
 21
80.3503
  0
LINE
  8
0
 10
-24.3599
 20
80.3503
 11
-24.2409
 21
80.4524
  0
LINE
  8
0
 10
-24.2409
 20
80.4524
 11
-24.0898
 21
80.5733
  0
LINE
  8
0
 10
-24.0898
 20
80.5733
 11
-23.9108
 21
80.7074
  0
LINE
  8
0
 10
-23.9108
 20
80.7074
 11
-23.7296
 21
80.8328
  0
LINE
  8
0
 10
-23.7296
 20
80.8328
 11
-23.5808
 21
80.9271
  0
LINE
  8
0
 10
-23.5808
 20
80.9271
 11
-23.4009
 21
81.0315
  0
LINE
  8
0
 10
-23.4009
 20
81.0315
 11
-23.3107
 21
81.0796
  0
LINE
  8
0
 10
-23.3107
 20
81.0796
 11
-23.1898
 21
81.1404
  0
LINE
  8
0
 10
-23.1898
 20
81.1404
 11
-23.0708
 21
81.1949
  0
LINE
  8
0
 10
-23.0708
 20
81.1949
 11
-22.9198
 21
81.2576
  0
LINE
  8
0
 10
-22.9198
 20
81.2576
 11
-22.7412
 21
81.3217
  0
LINE
  8
0
 10
-22.7412
 20
81.3217
 11
-22.5897
 21
81.3684
  0
LINE
  8
0
 10
-22.5897
 20
81.3684
 11
-22.4409
 21
81.4064
  0
LINE
  8
0
 10
-22.4409
 20
81.4064
 11
-22.2913
 21
81.4371
  0
LINE
  8
0
 10
-22.2913
 20
81.4371
 11
-22.1393
 21
81.4604
  0
LINE
  8
0
 10
-22.1393
 20
81.4604
 11
-21.9891
 21
81.476
  0
LINE
  8
0
 10
-21.9891
 20
81.476
 11
-21.8706
 21
81.4833
  0
LINE
  8
0
 10
-21.8706
 20
81.4833
 11
-21.7209
 21
81.4856
  0
LINE
  8
0
 10
-21.7209
 20
81.4856
 11
-21.6298
 21
81.4833
  0
LINE
  8
0
 10
-21.6298
 20
81.4833
 11
-21.5112
 21
81.476
  0
LINE
  8
0
 10
-21.5112
 20
81.476
 11
-21.3611
 21
81.4604
  0
LINE
  8
0
 10
-21.3611
 20
81.4604
 11
-21.2096
 21
81.4375
  0
LINE
  8
0
 10
-21.2096
 20
81.4375
 11
-21.1501
 21
81.4256
  0
LINE
  8
0
 10
-21.1501
 20
81.4256
 11
-20.9995
 21
81.3918
  0
LINE
  8
0
 10
-20.9995
 20
81.3918
 11
-20.8493
 21
81.3506
  0
LINE
  8
0
 10
-20.8493
 20
81.3506
 11
-20.6992
 21
81.302
  0
LINE
  8
0
 10
-20.6992
 20
81.302
 11
-20.5806
 21
81.2576
  0
LINE
  8
0
 10
-20.5806
 20
81.2576
 11
-20.4597
 21
81.2077
  0
LINE
  8
0
 10
-20.4597
 20
81.2077
 11
-20.3096
 21
81.1395
  0
LINE
  8
0
 10
-20.3096
 20
81.1395
 11
-20.1897
 21
81.0796
  0
LINE
  8
0
 10
-20.1897
 20
81.0796
 11
-20.0098
 21
80.9811
  0
LINE
  8
0
 10
-20.0098
 20
80.9811
 11
-19.9205
 21
80.9276
  0
LINE
  8
0
 10
-19.9205
 20
80.9276
 11
-19.8299
 21
80.8708
  0
LINE
  8
0
 10
-19.8299
 20
80.8708
 11
-19.6797
 21
80.771
  0
LINE
  8
0
 10
-19.6797
 20
80.771
 11
-19.5305
 21
80.6648
  0
LINE
  8
0
 10
-19.5305
 20
80.6648
 11
-19.2897
 21
80.4767
  0
LINE
  8
0
 10
-19.2897
 20
80.4767
 11
-19.1405
 21
80.3503
  0
LINE
  8
0
 10
-19.1405
 20
80.3503
 11
-18.9601
 21
80.1878
  0
LINE
  8
0
 10
-18.9601
 20
80.1878
 11
-18.8397
 21
80.0743
  0
LINE
  8
0
 10
-18.8397
 20
80.0743
 11
-18.6896
 21
79.9251
  0
LINE
  8
0
 10
-18.6896
 20
79.9251
 11
-18.5106
 21
79.736
  0
LINE
  8
0
 10
-18.5106
 20
79.736
 11
-18.3
 21
79.5012
  0
LINE
  8
0
 10
-18.3
 20
79.5012
 11
-18.0899
 21
79.2531
  0
LINE
  8
0
 10
-18.0899
 20
79.2531
 11
-17.8505
 21
78.951
  0
LINE
  8
0
 10
-17.8505
 20
78.951
 11
-17.6102
 21
78.6292
  0
LINE
  8
0
 10
-17.6102
 20
78.6292
 11
-17.4001
 21
78.3311
  0
LINE
  8
0
 10
-17.4001
 20
78.3311
 11
-17.1904
 21
78.0203
  0
LINE
  8
0
 10
-17.1904
 20
78.0203
 11
-17.4966
 21
77.942
  0
LINE
  8
0
 10
-17.4966
 20
77.942
 11
-17.1904
 21
77.8638
  0
LINE
  8
0
 10
-17.1904
 20
77.8638
 11
-17.4001
 21
77.5529
  0
LINE
  8
0
 10
-17.4001
 20
77.5529
 11
-17.6106
 21
77.2545
  0
LINE
  8
0
 10
-17.6106
 20
77.2545
 11
-17.8505
 21
76.9331
  0
LINE
  8
0
 10
-17.8505
 20
76.9331
 11
-18.0904
 21
76.6306
  0
LINE
  8
0
 10
-18.0904
 20
76.6306
 11
-18.3
 21
76.3829
  0
LINE
  8
0
 10
-18.3
 20
76.3829
 11
-18.5101
 21
76.1476
  0
LINE
  8
0
 10
-18.5101
 20
76.1476
 11
-18.69
 21
75.9586
  0
LINE
  8
0
 10
-18.69
 20
75.9586
 11
-18.8397
 21
75.8102
  0
LINE
  8
0
 10
-18.8397
 20
75.8102
 11
-18.9601
 21
75.6958
  0
LINE
  8
0
 10
-18.9601
 20
75.6958
 11
-19.1405
 21
75.5338
  0
LINE
  8
0
 10
-19.1405
 20
75.5338
 11
-19.2897
 21
75.4074
  0
LINE
  8
0
 10
-19.2897
 20
75.4074
 11
-19.5305
 21
75.2193
  0
LINE
  8
0
 10
-19.5305
 20
75.2193
 11
-19.6797
 21
75.1131
  0
LINE
  8
0
 10
-19.6797
 20
75.1131
 11
-19.8299
 21
75.0133
  0
LINE
  8
0
 10
-19.8299
 20
75.0133
 11
-19.92
 21
74.9561
  0
LINE
  8
0
 10
-19.92
 20
74.9561
 11
-20.0102
 21
74.903
  0
LINE
  8
0
 10
-20.0102
 20
74.903
 11
-20.1897
 21
74.8045
  0
LINE
  8
0
 10
-20.1897
 20
74.8045
 11
-20.3105
 21
74.7441
  0
LINE
  8
0
 10
-20.3105
 20
74.7441
 11
-20.4607
 21
74.6759
  0
LINE
  8
0
 10
-20.4607
 20
74.6759
 11
-20.5806
 21
74.626
  0
LINE
  8
0
 10
-20.5806
 20
74.626
 11
-20.701
 21
74.5816
  0
LINE
  8
0
 10
-20.701
 20
74.5816
 11
-20.8493
 21
74.5335
  0
LINE
  8
0
 10
-20.8493
 20
74.5335
 11
-20.9995
 21
74.4923
  0
LINE
  8
0
 10
-20.9995
 20
74.4923
 11
-21.1505
 21
74.4585
  0
LINE
  8
0
 10
-21.1505
 20
74.4585
 11
-21.2096
 21
74.447
  0
LINE
  8
0
 10
-21.2096
 20
74.447
 11
-21.3611
 21
74.4237
  0
LINE
  8
0
 10
-21.3611
 20
74.4237
 11
-21.5112
 21
74.4081
  0
LINE
  8
0
 10
-21.5112
 20
74.4081
 11
-21.6298
 21
74.4012
  0
LINE
  8
0
 10
-21.6298
 20
74.4012
 11
-21.7209
 21
74.3985
  0
LINE
  8
0
 10
-21.7209
 20
74.3985
 11
-21.8706
 21
74.4003
  0
LINE
  8
0
 10
-36.1462
 20
80.7469
 11
-36.0892
 21
80.7074
  0
LINE
  8
0
 10
-36.0892
 20
80.7074
 11
-35.9102
 21
80.5733
  0
LINE
  8
0
 10
-35.9102
 20
80.5733
 11
-35.7591
 21
80.4524
  0
LINE
  8
0
 10
-35.7591
 20
80.4524
 11
-35.6401
 21
80.3503
  0
LINE
  8
0
 10
-35.6401
 20
80.3503
 11
-35.4588
 21
80.1883
  0
LINE
  8
0
 10
-35.4588
 20
80.1883
 11
-35.3101
 21
80.0455
  0
LINE
  8
0
 10
-35.3101
 20
80.0455
 11
-35.1297
 21
79.8628
  0
LINE
  8
0
 10
-35.1297
 20
79.8628
 11
-34.9796
 21
79.7031
  0
LINE
  8
0
 10
-34.9796
 20
79.7031
 11
-34.8596
 21
79.5699
  0
LINE
  8
0
 10
-34.8596
 20
79.5699
 11
-34.6797
 21
79.3611
  0
LINE
  8
0
 10
-34.6797
 20
79.3611
 11
-34.5296
 21
79.1789
  0
LINE
  8
0
 10
-34.5296
 20
79.1789
 11
-34.3199
 21
78.9116
  0
LINE
  8
0
 10
-34.3199
 20
78.9116
 11
-34.1391
 21
78.6703
  0
LINE
  8
0
 10
-34.1391
 20
78.6703
 11
-33.9592
 21
78.4181
  0
LINE
  8
0
 10
-33.9592
 20
78.4181
 11
-33.7798
 21
78.1554
  0
LINE
  8
0
 10
-33.7798
 20
78.1554
 11
-33.6383
 21
77.9425
  0
LINE
  8
0
 10
-33.6383
 20
77.9425
 11
-33.7798
 21
77.7287
  0
LINE
  8
0
 10
-33.7798
 20
77.7287
 11
-33.9601
 21
77.4655
  0
LINE
  8
0
 10
-33.9601
 20
77.4655
 11
-34.1396
 21
77.2133
  0
LINE
  8
0
 10
-34.1396
 20
77.2133
 11
-34.3199
 21
76.9725
  0
LINE
  8
0
 10
-34.3199
 20
76.9725
 11
-34.5296
 21
76.7052
  0
LINE
  8
0
 10
-34.5296
 20
76.7052
 11
-34.6802
 21
76.5225
  0
LINE
  8
0
 10
-34.6802
 20
76.5225
 11
-34.8601
 21
76.3138
  0
LINE
  8
0
 10
-34.8601
 20
76.3138
 11
-34.98
 21
76.1806
  0
LINE
  8
0
 10
-34.98
 20
76.1806
 11
-35.1302
 21
76.0208
  0
LINE
  8
0
 10
-35.1302
 20
76.0208
 11
-35.3101
 21
75.8386
  0
LINE
  8
0
 10
-35.3101
 20
75.8386
 11
-35.4593
 21
75.6963
  0
LINE
  8
0
 10
-35.4593
 20
75.6963
 11
-35.6401
 21
75.5338
  0
LINE
  8
0
 10
-35.6401
 20
75.5338
 11
-35.7596
 21
75.4312
  0
LINE
  8
0
 10
-35.7596
 20
75.4312
 11
-35.9102
 21
75.3108
  0
LINE
  8
0
 10
-35.9102
 20
75.3108
 11
-36.0892
 21
75.1767
  0
LINE
  8
0
 10
-36.0892
 20
75.1767
 11
-36.2704
 21
75.0513
  0
LINE
  8
0
 10
-36.2704
 20
75.0513
 11
-36.4192
 21
74.957
  0
LINE
  8
0
 10
-36.4192
 20
74.957
 11
-36.6
 21
74.8521
  0
LINE
  8
0
 10
-36.6
 20
74.8521
 11
-36.6902
 21
74.8041
  0
LINE
  8
0
 10
-36.6902
 20
74.8041
 11
-36.8102
 21
74.7437
  0
LINE
  8
0
 10
-36.8102
 20
74.7437
 11
-36.9292
 21
74.6892
  0
LINE
  8
0
 10
-36.9292
 20
74.6892
 11
-37.0802
 21
74.6265
  0
LINE
  8
0
 10
-37.0802
 20
74.6265
 11
-37.2601
 21
74.5619
  0
LINE
  8
0
 10
-37.2601
 20
74.5619
 11
-37.4103
 21
74.5157
  0
LINE
  8
0
 10
-37.4103
 20
74.5157
 11
-37.5591
 21
74.4777
  0
LINE
  8
0
 10
-37.5591
 20
74.4777
 11
-37.7087
 21
74.447
  0
LINE
  8
0
 10
-37.7087
 20
74.447
 11
-37.8607
 21
74.4237
  0
LINE
  8
0
 10
-37.8607
 20
74.4237
 11
-38.0109
 21
74.4081
  0
LINE
  8
0
 10
-38.0109
 20
74.4081
 11
-38.1294
 21
74.4008
  0
LINE
  8
0
 10
-38.1294
 20
74.4008
 11
-38.2086
 21
74.3996
  0
LINE
  8
0
 10
-38.2086
 20
74.3996
 11
-36.1462
 21
80.7469
  0
LINE
  8
0
 10
38.1294
 20
74.4003
 11
38.0109
 21
74.4081
  0
LINE
  8
0
 10
38.0109
 20
74.4081
 11
37.8607
 21
74.4237
  0
LINE
  8
0
 10
37.8607
 20
74.4237
 11
37.7087
 21
74.447
  0
LINE
  8
0
 10
37.7087
 20
74.447
 11
37.5591
 21
74.4777
  0
LINE
  8
0
 10
37.5591
 20
74.4777
 11
37.4103
 21
74.5161
  0
LINE
  8
0
 10
37.4103
 20
74.5161
 11
37.2588
 21
74.5624
  0
LINE
  8
0
 10
37.2588
 20
74.5624
 11
37.0802
 21
74.6265
  0
LINE
  8
0
 10
37.0802
 20
74.6265
 11
36.9292
 21
74.6887
  0
LINE
  8
0
 10
36.9292
 20
74.6887
 11
36.8102
 21
74.7441
  0
LINE
  8
0
 10
36.8102
 20
74.7441
 11
36.6893
 21
74.8045
  0
LINE
  8
0
 10
36.6893
 20
74.8045
 11
36.5991
 21
74.8526
  0
LINE
  8
0
 10
36.5991
 20
74.8526
 11
36.4192
 21
74.9565
  0
LINE
  8
0
 10
36.4192
 20
74.9565
 11
36.2704
 21
75.0513
  0
LINE
  8
0
 10
36.2704
 20
75.0513
 11
36.0892
 21
75.1767
  0
LINE
  8
0
 10
36.0892
 20
75.1767
 11
35.9102
 21
75.3108
  0
LINE
  8
0
 10
35.9102
 20
75.3108
 11
35.7591
 21
75.4317
  0
LINE
  8
0
 10
35.7591
 20
75.4317
 11
35.6401
 21
75.5338
  0
LINE
  8
0
 10
35.6401
 20
75.5338
 11
35.4588
 21
75.6958
  0
LINE
  8
0
 10
35.4588
 20
75.6958
 11
35.3101
 21
75.8386
  0
LINE
  8
0
 10
35.3101
 20
75.8386
 11
35.1297
 21
76.0213
  0
LINE
  8
0
 10
35.1297
 20
76.0213
 11
34.9796
 21
76.181
  0
LINE
  8
0
 10
34.9796
 20
76.181
 11
34.8596
 21
76.3142
  0
LINE
  8
0
 10
34.8596
 20
76.3142
 11
34.6797
 21
76.523
  0
LINE
  8
0
 10
34.6797
 20
76.523
 11
34.5296
 21
76.7052
  0
LINE
  8
0
 10
34.5296
 20
76.7052
 11
34.3199
 21
76.9725
  0
LINE
  8
0
 10
34.3199
 20
76.9725
 11
34.1391
 21
77.2137
  0
LINE
  8
0
 10
34.1391
 20
77.2137
 11
33.9592
 21
77.466
  0
LINE
  8
0
 10
33.9592
 20
77.466
 11
33.7798
 21
77.7287
  0
LINE
  8
0
 10
33.7798
 20
77.7287
 11
33.6383
 21
77.9416
  0
LINE
  8
0
 10
33.6383
 20
77.9416
 11
33.7798
 21
78.1554
  0
LINE
  8
0
 10
33.7798
 20
78.1554
 11
33.9601
 21
78.4186
  0
LINE
  8
0
 10
33.9601
 20
78.4186
 11
34.1391
 21
78.6703
  0
LINE
  8
0
 10
34.1391
 20
78.6703
 11
34.3199
 21
78.9116
  0
LINE
  8
0
 10
34.3199
 20
78.9116
 11
34.5296
 21
79.1789
  0
LINE
  8
0
 10
34.5296
 20
79.1789
 11
34.6797
 21
79.3611
  0
LINE
  8
0
 10
34.6797
 20
79.3611
 11
34.8596
 21
79.5699
  0
LINE
  8
0
 10
34.8596
 20
79.5699
 11
34.9796
 21
79.7031
  0
LINE
  8
0
 10
34.9796
 20
79.7031
 11
35.1297
 21
79.8628
  0
LINE
  8
0
 10
35.1297
 20
79.8628
 11
35.3101
 21
80.0455
  0
LINE
  8
0
 10
35.3101
 20
80.0455
 11
35.4593
 21
80.1878
  0
LINE
  8
0
 10
35.4593
 20
80.1878
 11
35.6401
 21
80.3503
  0
LINE
  8
0
 10
35.6401
 20
80.3503
 11
35.7591
 21
80.4524
  0
LINE
  8
0
 10
35.7591
 20
80.4524
 11
35.9102
 21
80.5733
  0
LINE
  8
0
 10
35.9102
 20
80.5733
 11
36.0892
 21
80.7074
  0
LINE
  8
0
 10
36.0892
 20
80.7074
 11
36.1462
 21
80.7469
  0
LINE
  8
0
 10
36.1462
 20
80.7469
 11
38.2086
 21
74.3994
  0
LINE
  8
0
 10
38.2086
 20
74.3994
 11
38.1294
 21
74.4003
  0
LINE
  8
0
 10
-16.6974
 20
71.9151
 11
-17.4001
 21
73.6121
  0
LINE
  8
0
 10
-17.4001
 20
73.6121
 11
-16.6974
 21
75.309
  0
LINE
  8
0
 10
-16.6974
 20
75.309
 11
-15
 21
76.0121
  0
LINE
  8
0
 10
-15
 20
76.0121
 11
-13.3026
 21
75.309
  0
LINE
  8
0
 10
-13.3026
 20
75.309
 11
-12.5999
 21
73.6121
  0
LINE
  8
0
 10
-12.5999
 20
73.6121
 11
-13.3026
 21
71.9151
  0
LINE
  8
0
 10
-13.3026
 20
71.9151
 11
-15
 21
71.212
  0
LINE
  8
0
 10
-15
 20
71.212
 11
-16.6974
 21
71.9151
  0
LINE
  8
0
 10
13.3026
 20
71.9151
 11
12.5999
 21
73.6121
  0
LINE
  8
0
 10
12.5999
 20
73.6121
 11
13.3026
 21
75.309
  0
LINE
  8
0
 10
13.3026
 20
75.309
 11
15
 21
76.0121
  0
LINE
  8
0
 10
15
 20
76.0121
 11
16.6974
 21
75.309
  0
LINE
  8
0
 10
16.6974
 20
75.309
 11
17.4001
 21
73.6121
  0
LINE
  8
0
 10
17.4001
 20
73.6121
 11
16.6974
 21
71.9151
  0
LINE
  8
0
 10
16.6974
 20
71.9151
 11
15
 21
71.212
  0
LINE
  8
0
 10
15
 20
71.212
 11
13.3026
 21
71.9151
  0
LINE
  8
0
 10
-6.25214
 20
67.1132
 11
-6.47186
 21
66.8884
  0
LINE
  8
0
 10
-6.47186
 20
66.8884
 11
-6.63712
 21
67.2258
  0
LINE
  8
0
 10
-6.63712
 20
67.2258
 11
-6.78955
 21
67.5558
  0
LINE
  8
0
 10
-6.78955
 20
67.5558
 11
-6.94839
 21
67.9248
  0
LINE
  8
0
 10
-6.94839
 20
67.9248
 11
-7.08984
 21
68.2841
  0
LINE
  8
0
 10
-7.08984
 20
68.2841
 11
-7.20108
 21
68.5899
  0
LINE
  8
0
 10
-7.20108
 20
68.5899
 11
-7.29813
 21
68.8889
  0
LINE
  8
0
 10
-7.29813
 20
68.8889
 11
-7.37228
 21
69.1397
  0
LINE
  8
0
 10
-7.37228
 20
69.1397
 11
-7.4263
 21
69.3434
  0
LINE
  8
0
 10
-7.4263
 20
69.3434
 11
-7.46521
 21
69.5045
  0
LINE
  8
0
 10
-7.46521
 20
69.5045
 11
-7.51511
 21
69.7408
  0
LINE
  8
0
 10
-7.51511
 20
69.7408
 11
-7.55035
 21
69.9358
  0
LINE
  8
0
 10
-7.55035
 20
69.9358
 11
-7.59247
 21
70.2365
  0
LINE
  8
0
 10
-7.59247
 20
70.2365
 11
-7.60986
 21
70.4201
  0
LINE
  8
0
 10
-7.60986
 20
70.4201
 11
-7.62131
 21
70.6
  0
LINE
  8
0
 10
-7.62131
 20
70.6
 11
-7.62543
 21
70.7053
  0
LINE
  8
0
 10
-7.62543
 20
70.7053
 11
-7.6268
 21
70.811
  0
LINE
  8
0
 10
-7.6268
 20
70.811
 11
-7.62222
 21
71.0165
  0
LINE
  8
0
 10
-7.62222
 20
71.0165
 11
-7.61444
 21
71.1488
  0
LINE
  8
0
 10
-7.61444
 20
71.1488
 11
-7.59842
 21
71.3132
  0
LINE
  8
0
 10
-7.59842
 20
71.3132
 11
-7.58102
 21
71.4418
  0
LINE
  8
0
 10
-7.58102
 20
71.4418
 11
-7.55951
 21
71.5672
  0
LINE
  8
0
 10
-7.55951
 20
71.5672
 11
-7.52701
 21
71.7215
  0
LINE
  8
0
 10
-7.52701
 20
71.7215
 11
-7.48718
 21
71.8726
  0
LINE
  8
0
 10
-7.48718
 20
71.8726
 11
-7.44141
 21
72.0195
  0
LINE
  8
0
 10
-7.44141
 20
72.0195
 11
-7.42218
 21
72.0767
  0
LINE
  8
0
 10
-7.42218
 20
72.0767
 11
-7.36679
 21
72.2182
  0
LINE
  8
0
 10
-7.36679
 20
72.2182
 11
-7.30499
 21
72.3564
  0
LINE
  8
0
 10
-7.30499
 20
72.3564
 11
-7.25143
 21
72.464
  0
LINE
  8
0
 10
-7.25143
 20
72.464
 11
-7.20886
 21
72.5427
  0
LINE
  8
0
 10
-7.20886
 20
72.5427
 11
-7.1315
 21
72.6718
  0
LINE
  8
0
 10
-7.1315
 20
72.6718
 11
-7.06467
 21
72.773
  0
LINE
  8
0
 10
-7.06467
 20
72.773
 11
-6.97723
 21
72.8943
  0
LINE
  8
0
 10
-6.97723
 20
72.8943
 11
-6.88202
 21
73.0119
  0
LINE
  8
0
 10
-6.88202
 20
73.0119
 11
-6.7804
 21
73.1268
  0
LINE
  8
0
 10
-6.7804
 20
73.1268
 11
-6.67191
 21
73.2376
  0
LINE
  8
0
 10
-6.67191
 20
73.2376
 11
-6.55655
 21
73.3456
  0
LINE
  8
0
 10
-6.55655
 20
73.3456
 11
-6.41144
 21
73.4683
  0
LINE
  8
0
 10
-6.41144
 20
73.4683
 11
-6.28143
 21
73.5681
  0
LINE
  8
0
 10
-6.28143
 20
73.5681
 11
-6.17477
 21
73.6436
  0
LINE
  8
0
 10
-6.17477
 20
73.6436
 11
-6.06216
 21
73.7173
  0
LINE
  8
0
 10
-6.06216
 20
73.7173
 11
-5.9761
 21
73.7714
  0
LINE
  8
0
 10
-5.9761
 20
73.7714
 11
-5.79483
 21
73.8753
  0
LINE
  8
0
 10
-5.79483
 20
73.8753
 11
-5.63828
 21
73.9577
  0
LINE
  8
0
 10
-5.63828
 20
73.9577
 11
-5.44052
 21
74.0515
  0
LINE
  8
0
 10
-5.44052
 20
74.0515
 11
-5.23361
 21
74.1399
  0
LINE
  8
0
 10
-5.23361
 20
74.1399
 11
-5.05417
 21
74.209
  0
LINE
  8
0
 10
-5.05417
 20
74.209
 11
-4.90494
 21
74.263
  0
LINE
  8
0
 10
-4.90494
 20
74.263
 11
-4.6756
 21
74.3372
  0
LINE
  8
0
 10
-4.6756
 20
74.3372
 11
-4.47556
 21
74.3953
  0
LINE
  8
0
 10
-4.47556
 20
74.3953
 11
-4.22882
 21
74.4603
  0
LINE
  8
0
 10
-4.22882
 20
74.4603
 11
-4.01459
 21
74.5107
  0
LINE
  8
0
 10
-4.01459
 20
74.5107
 11
-3.83926
 21
74.5477
  0
LINE
  8
0
 10
-3.83926
 20
74.5477
 11
-3.56964
 21
74.5995
  0
LINE
  8
0
 10
-3.56964
 20
74.5995
 11
-3.33572
 21
74.6384
  0
LINE
  8
0
 10
-3.33572
 20
74.6384
 11
-2.99881
 21
74.686
  0
LINE
  8
0
 10
-2.99881
 20
74.686
 11
-2.69989
 21
74.7217
  0
LINE
  8
0
 10
-2.69989
 20
74.7217
 11
-2.39182
 21
74.751
  0
LINE
  8
0
 10
-2.39182
 20
74.751
 11
-2.07458
 21
74.7757
  0
LINE
  8
0
 10
-2.07458
 20
74.7757
 11
-1.81961
 21
74.7913
  0
LINE
  8
0
 10
-1.81961
 20
74.7913
 11
-1.70471
 21
74.5624
  0
LINE
  8
0
 10
-1.70471
 20
74.5624
 11
-1.56784
 21
74.2754
  0
LINE
  8
0
 10
-1.56784
 20
74.2754
 11
-1.43875
 21
73.9934
  0
LINE
  8
0
 10
-1.43875
 20
73.9934
 11
-1.32019
 21
73.7164
  0
LINE
  8
0
 10
-1.32019
 20
73.7164
 11
-1.19247
 21
73.4006
  0
LINE
  8
0
 10
-1.19247
 20
73.4006
 11
-1.11008
 21
73.1799
  0
LINE
  8
0
 10
-1.11008
 20
73.1799
 11
-1.01898
 21
72.919
  0
LINE
  8
0
 10
-1.01898
 20
72.919
 11
-0.96405
 21
72.7496
  0
LINE
  8
0
 10
-0.96405
 20
72.7496
 11
-0.900421
 21
72.5386
  0
LINE
  8
0
 10
-0.900421
 20
72.5386
 11
-0.833588
 21
72.2928
  0
LINE
  8
0
 10
-0.833588
 20
72.2928
 11
-0.784149
 21
72.0909
  0
LINE
  8
0
 10
-0.784149
 20
72.0909
 11
-0.733795
 21
71.8538
  0
LINE
  8
0
 10
-0.733795
 20
71.8538
 11
-0.705414
 21
71.6995
  0
LINE
  8
0
 10
-0.705414
 20
71.6995
 11
-0.676117
 21
71.5086
  0
LINE
  8
0
 10
-0.676117
 20
71.5086
 11
-0.649109
 21
71.2852
  0
LINE
  8
0
 10
-0.649109
 20
71.2852
 11
-0.631714
 21
71.0669
  0
LINE
  8
0
 10
-0.631714
 20
71.0669
 11
-0.623932
 21
70.8907
  0
LINE
  8
0
 10
-0.623932
 20
70.8907
 11
-0.623016
 21
70.6815
  0
LINE
  8
0
 10
-0.623016
 20
70.6815
 11
-0.627136
 21
70.5794
  0
LINE
  8
0
 10
-0.627136
 20
70.5794
 11
-0.634918
 21
70.4457
  0
LINE
  8
0
 10
-0.634918
 20
70.4457
 11
-0.647278
 21
70.3139
  0
LINE
  8
0
 10
-0.647278
 20
70.3139
 11
-0.668335
 21
70.1523
  0
LINE
  8
0
 10
-0.668335
 20
70.1523
 11
-0.702209
 21
69.966
  0
LINE
  8
0
 10
-0.702209
 20
69.966
 11
-0.737915
 21
69.8117
  0
LINE
  8
0
 10
-0.737915
 20
69.8117
 11
-0.779572
 21
69.6625
  0
LINE
  8
0
 10
-0.779572
 20
69.6625
 11
-0.827637
 21
69.5174
  0
LINE
  8
0
 10
-0.827637
 20
69.5174
 11
-0.883026
 21
69.3759
  0
LINE
  8
0
 10
-0.883026
 20
69.3759
 11
-0.944824
 21
69.2381
  0
LINE
  8
0
 10
-0.944824
 20
69.2381
 11
-0.998383
 21
69.1301
  0
LINE
  8
0
 10
-0.998383
 20
69.1301
 11
-1.07071
 21
68.9996
  0
LINE
  8
0
 10
-1.07071
 20
68.9996
 11
-1.11832
 21
68.9227
  0
LINE
  8
0
 10
-1.11832
 20
68.9227
 11
-1.18469
 21
68.8225
  0
LINE
  8
0
 10
-1.18469
 20
68.8225
 11
-1.27304
 21
68.6998
  0
LINE
  8
0
 10
-1.27304
 20
68.6998
 11
-1.36826
 21
68.5822
  0
LINE
  8
0
 10
-1.36826
 20
68.5822
 11
-1.40808
 21
68.5359
  0
LINE
  8
0
 10
-1.40808
 20
68.5359
 11
-1.51154
 21
68.4238
  0
LINE
  8
0
 10
-1.51154
 20
68.4238
 11
-1.62323
 21
68.3134
  0
LINE
  8
0
 10
-1.62323
 20
68.3134
 11
-1.74042
 21
68.2077
  0
LINE
  8
0
 10
-1.74042
 20
68.2077
 11
-1.83792
 21
68.1271
  0
LINE
  8
0
 10
-1.83792
 20
68.1271
 11
-1.94138
 21
68.047
  0
LINE
  8
0
 10
-1.94138
 20
68.047
 11
-2.07458
 21
67.9518
  0
LINE
  8
0
 10
-2.07458
 20
67.9518
 11
-2.18765
 21
67.8777
  0
LINE
  8
0
 10
-2.18765
 20
67.8777
 11
-2.36298
 21
67.771
  0
LINE
  8
0
 10
-2.36298
 20
67.771
 11
-2.45407
 21
67.7202
  0
LINE
  8
0
 10
-2.45407
 20
67.7202
 11
-2.54837
 21
67.6703
  0
LINE
  8
0
 10
-2.54837
 20
67.6703
 11
-2.70996
 21
67.5902
  0
LINE
  8
0
 10
-2.70996
 20
67.5902
 11
-2.8775
 21
67.5137
  0
LINE
  8
0
 10
-2.8775
 20
67.5137
 11
-3.15994
 21
67.3997
  0
LINE
  8
0
 10
-3.15994
 20
67.3997
 11
-3.34442
 21
67.3325
  0
LINE
  8
0
 10
-3.34442
 20
67.3325
 11
-3.57376
 21
67.2583
  0
LINE
  8
0
 10
-3.57376
 20
67.2583
 11
-3.73306
 21
67.2116
  0
LINE
  8
0
 10
-3.73306
 20
67.2116
 11
-3.93677
 21
67.1567
  0
LINE
  8
0
 10
-3.93677
 20
67.1567
 11
-4.19174
 21
67.0949
  0
LINE
  8
0
 10
-4.19174
 20
67.0949
 11
-4.49844
 21
67.0303
  0
LINE
  8
0
 10
-4.49844
 20
67.0303
 11
-4.81979
 21
66.9727
  0
LINE
  8
0
 10
-4.81979
 20
66.9727
 11
-5.20203
 21
66.9159
  0
LINE
  8
0
 10
-5.20203
 20
66.9159
 11
-5.60028
 21
66.8687
  0
LINE
  8
0
 10
-5.60028
 20
66.8687
 11
-5.96283
 21
66.8358
  0
LINE
  8
0
 10
-5.96283
 20
66.8358
 11
-6.33728
 21
66.8097
  0
LINE
  8
0
 10
-6.33728
 20
66.8097
 11
-6.25214
 21
67.1132
  0
LINE
  8
0
 10
35.9628
 20
66.8358
 11
35.6003
 21
66.8687
  0
LINE
  8
0
 10
35.6003
 20
66.8687
 11
35.202
 21
66.9159
  0
LINE
  8
0
 10
35.202
 20
66.9159
 11
34.8198
 21
66.9727
  0
LINE
  8
0
 10
34.8198
 20
66.9727
 11
34.4984
 21
67.0299
  0
LINE
  8
0
 10
34.4984
 20
67.0299
 11
34.1917
 21
67.0949
  0
LINE
  8
0
 10
34.1917
 20
67.0949
 11
33.9368
 21
67.1567
  0
LINE
  8
0
 10
33.9368
 20
67.1567
 11
33.7331
 21
67.2116
  0
LINE
  8
0
 10
33.7331
 20
67.2116
 11
33.5738
 21
67.2583
  0
LINE
  8
0
 10
33.5738
 20
67.2583
 11
33.3444
 21
67.3329
  0
LINE
  8
0
 10
33.3444
 20
67.3329
 11
33.1599
 21
67.3997
  0
LINE
  8
0
 10
33.1599
 20
67.3997
 11
32.8766
 21
67.5142
  0
LINE
  8
0
 10
32.8766
 20
67.5142
 11
32.709
 21
67.5906
  0
LINE
  8
0
 10
32.709
 20
67.5906
 11
32.5475
 21
67.6707
  0
LINE
  8
0
 10
32.5475
 20
67.6707
 11
32.4541
 21
67.7202
  0
LINE
  8
0
 10
32.4541
 20
67.7202
 11
32.3621
 21
67.7715
  0
LINE
  8
0
 10
32.3621
 20
67.7715
 11
32.1867
 21
67.8781
  0
LINE
  8
0
 10
32.1867
 20
67.8781
 11
32.0746
 21
67.9518
  0
LINE
  8
0
 10
32.0746
 20
67.9518
 11
31.9414
 21
68.047
  0
LINE
  8
0
 10
31.9414
 20
68.047
 11
31.8379
 21
68.1271
  0
LINE
  8
0
 10
31.8379
 20
68.1271
 11
31.7404
 21
68.2077
  0
LINE
  8
0
 10
31.7404
 20
68.2077
 11
31.6223
 21
68.3144
  0
LINE
  8
0
 10
31.6223
 20
68.3144
 11
31.5115
 21
68.4238
  0
LINE
  8
0
 10
31.5115
 20
68.4238
 11
31.4076
 21
68.5364
  0
LINE
  8
0
 10
31.4076
 20
68.5364
 11
31.3673
 21
68.5831
  0
LINE
  8
0
 10
31.3673
 20
68.5831
 11
31.2721
 21
68.7012
  0
LINE
  8
0
 10
31.2721
 20
68.7012
 11
31.1847
 21
68.8225
  0
LINE
  8
0
 10
31.1847
 20
68.8225
 11
31.1179
 21
68.9236
  0
LINE
  8
0
 10
31.1179
 20
68.9236
 11
31.0703
 21
69.0005
  0
LINE
  8
0
 10
31.0703
 20
69.0005
 11
30.9984
 21
69.1301
  0
LINE
  8
0
 10
30.9984
 20
69.1301
 11
30.9444
 21
69.239
  0
LINE
  8
0
 10
30.9444
 20
69.239
 11
30.8826
 21
69.3773
  0
LINE
  8
0
 10
30.8826
 20
69.3773
 11
30.8272
 21
69.5187
  0
LINE
  8
0
 10
30.8272
 20
69.5187
 11
30.7791
 21
69.6638
  0
LINE
  8
0
 10
30.7791
 20
69.6638
 11
30.7379
 21
69.8131
  0
LINE
  8
0
 10
30.7379
 20
69.8131
 11
30.7018
 21
69.966
  0
LINE
  8
0
 10
30.7018
 20
69.966
 11
30.6679
 21
70.1541
  0
LINE
  8
0
 10
30.6679
 20
70.1541
 11
30.6473
 21
70.3148
  0
LINE
  8
0
 10
30.6473
 20
70.3148
 11
30.6349
 21
70.4466
  0
LINE
  8
0
 10
30.6349
 20
70.4466
 11
30.6271
 21
70.5803
  0
LINE
  8
0
 10
30.6271
 20
70.5803
 11
30.6235
 21
70.6815
  0
LINE
  8
0
 10
30.6235
 20
70.6815
 11
30.6235
 21
70.8902
  0
LINE
  8
0
 10
30.6235
 20
70.8902
 11
30.6317
 21
71.0669
  0
LINE
  8
0
 10
30.6317
 20
71.0669
 11
30.6491
 21
71.2852
  0
LINE
  8
0
 10
30.6491
 20
71.2852
 11
30.6761
 21
71.5086
  0
LINE
  8
0
 10
30.6761
 20
71.5086
 11
30.705
 21
71.6995
  0
LINE
  8
0
 10
30.705
 20
71.6995
 11
30.7338
 21
71.8538
  0
LINE
  8
0
 10
30.7338
 20
71.8538
 11
30.7841
 21
72.0909
  0
LINE
  8
0
 10
30.7841
 20
72.0909
 11
30.8336
 21
72.2928
  0
LINE
  8
0
 10
30.8336
 20
72.2928
 11
30.9009
 21
72.5386
  0
LINE
  8
0
 10
30.9009
 20
72.5386
 11
30.9636
 21
72.7496
  0
LINE
  8
0
 10
30.9636
 20
72.7496
 11
31.0194
 21
72.919
  0
LINE
  8
0
 10
31.0194
 20
72.919
 11
31.1096
 21
73.1799
  0
LINE
  8
0
 10
31.1096
 20
73.1799
 11
31.1929
 21
73.4006
  0
LINE
  8
0
 10
31.1929
 20
73.4006
 11
31.3202
 21
73.7164
  0
LINE
  8
0
 10
31.3202
 20
73.7164
 11
31.4388
 21
73.9934
  0
LINE
  8
0
 10
31.4388
 20
73.9934
 11
31.5678
 21
74.2754
  0
LINE
  8
0
 10
31.5678
 20
74.2754
 11
31.7047
 21
74.5624
  0
LINE
  8
0
 10
31.7047
 20
74.5624
 11
31.8196
 21
74.7913
  0
LINE
  8
0
 10
31.8196
 20
74.7913
 11
32.0746
 21
74.7757
  0
LINE
  8
0
 10
32.0746
 20
74.7757
 11
32.3918
 21
74.751
  0
LINE
  8
0
 10
32.3918
 20
74.751
 11
32.6999
 21
74.7217
  0
LINE
  8
0
 10
32.6999
 20
74.7217
 11
32.9988
 21
74.686
  0
LINE
  8
0
 10
32.9988
 20
74.686
 11
33.3357
 21
74.6384
  0
LINE
  8
0
 10
33.3357
 20
74.6384
 11
33.5696
 21
74.5999
  0
LINE
  8
0
 10
33.5696
 20
74.5999
 11
33.8393
 21
74.5477
  0
LINE
  8
0
 10
33.8393
 20
74.5477
 11
34.0146
 21
74.5107
  0
LINE
  8
0
 10
34.0146
 20
74.5107
 11
34.2288
 21
74.4603
  0
LINE
  8
0
 10
34.2288
 20
74.4603
 11
34.4756
 21
74.3953
  0
LINE
  8
0
 10
34.4756
 20
74.3953
 11
34.6756
 21
74.3372
  0
LINE
  8
0
 10
34.6756
 20
74.3372
 11
34.9049
 21
74.2625
  0
LINE
  8
0
 10
34.9049
 20
74.2625
 11
35.0542
 21
74.209
  0
LINE
  8
0
 10
35.0542
 20
74.209
 11
35.2336
 21
74.1399
  0
LINE
  8
0
 10
35.2336
 20
74.1399
 11
35.4405
 21
74.0515
  0
LINE
  8
0
 10
35.4405
 20
74.0515
 11
35.6383
 21
73.9577
  0
LINE
  8
0
 10
35.6383
 20
73.9577
 11
35.7948
 21
73.8753
  0
LINE
  8
0
 10
35.7948
 20
73.8753
 11
35.9761
 21
73.7714
  0
LINE
  8
0
 10
35.9761
 20
73.7714
 11
36.0622
 21
73.7173
  0
LINE
  8
0
 10
36.0622
 20
73.7173
 11
36.1748
 21
73.6436
  0
LINE
  8
0
 10
36.1748
 20
73.6436
 11
36.2814
 21
73.5681
  0
LINE
  8
0
 10
36.2814
 20
73.5681
 11
36.4114
 21
73.4683
  0
LINE
  8
0
 10
36.4114
 20
73.4683
 11
36.5565
 21
73.3456
  0
LINE
  8
0
 10
36.5565
 20
73.3456
 11
36.6719
 21
73.2376
  0
LINE
  8
0
 10
36.6719
 20
73.2376
 11
36.7804
 21
73.1268
  0
LINE
  8
0
 10
36.7804
 20
73.1268
 11
36.882
 21
73.0119
  0
LINE
  8
0
 10
36.882
 20
73.0119
 11
36.9772
 21
72.8943
  0
LINE
  8
0
 10
36.9772
 20
72.8943
 11
37.0647
 21
72.773
  0
LINE
  8
0
 10
37.0647
 20
72.773
 11
37.1315
 21
72.6718
  0
LINE
  8
0
 10
37.1315
 20
72.6718
 11
37.2089
 21
72.5427
  0
LINE
  8
0
 10
37.2089
 20
72.5427
 11
37.2514
 21
72.464
  0
LINE
  8
0
 10
37.2514
 20
72.464
 11
37.305
 21
72.3564
  0
LINE
  8
0
 10
37.305
 20
72.3564
 11
37.3668
 21
72.2182
  0
LINE
  8
0
 10
37.3668
 20
72.2182
 11
37.4222
 21
72.0767
  0
LINE
  8
0
 10
37.4222
 20
72.0767
 11
37.4414
 21
72.0195
  0
LINE
  8
0
 10
37.4414
 20
72.0195
 11
37.4872
 21
71.8726
  0
LINE
  8
0
 10
37.4872
 20
71.8726
 11
37.527
 21
71.7215
  0
LINE
  8
0
 10
37.527
 20
71.7215
 11
37.5595
 21
71.5672
  0
LINE
  8
0
 10
37.5595
 20
71.5672
 11
37.581
 21
71.4418
  0
LINE
  8
0
 10
37.581
 20
71.4418
 11
37.5984
 21
71.3132
  0
LINE
  8
0
 10
37.5984
 20
71.3132
 11
37.6144
 21
71.1488
  0
LINE
  8
0
 10
37.6144
 20
71.1488
 11
37.6218
 21
71.0165
  0
LINE
  8
0
 10
37.6218
 20
71.0165
 11
37.6268
 21
70.8101
  0
LINE
  8
0
 10
37.6268
 20
70.8101
 11
37.6259
 21
70.7053
  0
LINE
  8
0
 10
37.6259
 20
70.7053
 11
37.6213
 21
70.5995
  0
LINE
  8
0
 10
37.6213
 20
70.5995
 11
37.6099
 21
70.4192
  0
LINE
  8
0
 10
37.6099
 20
70.4192
 11
37.5925
 21
70.2351
  0
LINE
  8
0
 10
37.5925
 20
70.2351
 11
37.5504
 21
69.9358
  0
LINE
  8
0
 10
37.5504
 20
69.9358
 11
37.5156
 21
69.7408
  0
LINE
  8
0
 10
37.5156
 20
69.7408
 11
37.4652
 21
69.5041
  0
LINE
  8
0
 10
37.4652
 20
69.5041
 11
37.4263
 21
69.3434
  0
LINE
  8
0
 10
37.4263
 20
69.3434
 11
37.3723
 21
69.1397
  0
LINE
  8
0
 10
37.3723
 20
69.1397
 11
37.2986
 21
68.8889
  0
LINE
  8
0
 10
37.2986
 20
68.8889
 11
37.2006
 21
68.5899
  0
LINE
  8
0
 10
37.2006
 20
68.5899
 11
37.0894
 21
68.2832
  0
LINE
  8
0
 10
37.0894
 20
68.2832
 11
36.9479
 21
67.9239
  0
LINE
  8
0
 10
36.9479
 20
67.9239
 11
36.7896
 21
67.5554
  0
LINE
  8
0
 10
36.7896
 20
67.5554
 11
36.6367
 21
67.2249
  0
LINE
  8
0
 10
36.6367
 20
67.2249
 11
36.4719
 21
66.8884
  0
LINE
  8
0
 10
36.4719
 20
66.8884
 11
36.2521
 21
67.1132
  0
LINE
  8
0
 10
36.2521
 20
67.1132
 11
36.3373
 21
66.8097
  0
LINE
  8
0
 10
36.3373
 20
66.8097
 11
35.9628
 21
66.8358
  0
LINE
  8
0
 10
-24.0372
 20
66.8358
 11
-24.3997
 21
66.8687
  0
LINE
  8
0
 10
-24.3997
 20
66.8687
 11
-24.798
 21
66.9159
  0
LINE
  8
0
 10
-24.798
 20
66.9159
 11
-25.1802
 21
66.9727
  0
LINE
  8
0
 10
-25.1802
 20
66.9727
 11
-25.5016
 21
67.0299
  0
LINE
  8
0
 10
-25.5016
 20
67.0299
 11
-25.8083
 21
67.0949
  0
LINE
  8
0
 10
-25.8083
 20
67.0949
 11
-26.0632
 21
67.1567
  0
LINE
  8
0
 10
-26.0632
 20
67.1567
 11
-26.2669
 21
67.2116
  0
LINE
  8
0
 10
-26.2669
 20
67.2116
 11
-26.4262
 21
67.2583
  0
LINE
  8
0
 10
-26.4262
 20
67.2583
 11
-26.6556
 21
67.3329
  0
LINE
  8
0
 10
-26.6556
 20
67.3329
 11
-26.8401
 21
67.3997
  0
LINE
  8
0
 10
-26.8401
 20
67.3997
 11
-27.1234
 21
67.5142
  0
LINE
  8
0
 10
-27.1234
 20
67.5142
 11
-27.291
 21
67.5906
  0
LINE
  8
0
 10
-27.291
 20
67.5906
 11
-27.4525
 21
67.6707
  0
LINE
  8
0
 10
-27.4525
 20
67.6707
 11
-27.5459
 21
67.7202
  0
LINE
  8
0
 10
-27.5459
 20
67.7202
 11
-27.6379
 21
67.7715
  0
LINE
  8
0
 10
-27.6379
 20
67.7715
 11
-27.8133
 21
67.8781
  0
LINE
  8
0
 10
-27.8133
 20
67.8781
 11
-27.9254
 21
67.9518
  0
LINE
  8
0
 10
-27.9254
 20
67.9518
 11
-28.0586
 21
68.047
  0
LINE
  8
0
 10
-28.0586
 20
68.047
 11
-28.1621
 21
68.1271
  0
LINE
  8
0
 10
-28.1621
 20
68.1271
 11
-28.2596
 21
68.2077
  0
LINE
  8
0
 10
-28.2596
 20
68.2077
 11
-28.3777
 21
68.3144
  0
LINE
  8
0
 10
-28.3777
 20
68.3144
 11
-28.4885
 21
68.4238
  0
LINE
  8
0
 10
-28.4885
 20
68.4238
 11
-28.5924
 21
68.5364
  0
LINE
  8
0
 10
-28.5924
 20
68.5364
 11
-28.6327
 21
68.5831
  0
LINE
  8
0
 10
-28.6327
 20
68.5831
 11
-28.7279
 21
68.7012
  0
LINE
  8
0
 10
-28.7279
 20
68.7012
 11
-28.8153
 21
68.8225
  0
LINE
  8
0
 10
-28.8153
 20
68.8225
 11
-28.8821
 21
68.9236
  0
LINE
  8
0
 10
-28.8821
 20
68.9236
 11
-28.9297
 21
69.0005
  0
LINE
  8
0
 10
-28.9297
 20
69.0005
 11
-29.0016
 21
69.1301
  0
LINE
  8
0
 10
-29.0016
 20
69.1301
 11
-29.0556
 21
69.239
  0
LINE
  8
0
 10
-29.0556
 20
69.239
 11
-29.1174
 21
69.3773
  0
LINE
  8
0
 10
-29.1174
 20
69.3773
 11
-29.1728
 21
69.5187
  0
LINE
  8
0
 10
-29.1728
 20
69.5187
 11
-29.2209
 21
69.6638
  0
LINE
  8
0
 10
-29.2209
 20
69.6638
 11
-29.2621
 21
69.8131
  0
LINE
  8
0
 10
-29.2621
 20
69.8131
 11
-29.2982
 21
69.966
  0
LINE
  8
0
 10
-29.2982
 20
69.966
 11
-29.3321
 21
70.1541
  0
LINE
  8
0
 10
-29.3321
 20
70.1541
 11
-29.3527
 21
70.3148
  0
LINE
  8
0
 10
-29.3527
 20
70.3148
 11
-29.3651
 21
70.4466
  0
LINE
  8
0
 10
-29.3651
 20
70.4466
 11
-29.3729
 21
70.5803
  0
LINE
  8
0
 10
-29.3729
 20
70.5803
 11
-29.3765
 21
70.6815
  0
LINE
  8
0
 10
-29.3765
 20
70.6815
 11
-29.3765
 21
70.8902
  0
LINE
  8
0
 10
-29.3765
 20
70.8902
 11
-29.3683
 21
71.0669
  0
LINE
  8
0
 10
-29.3683
 20
71.0669
 11
-29.3509
 21
71.2852
  0
LINE
  8
0
 10
-29.3509
 20
71.2852
 11
-29.3239
 21
71.5086
  0
LINE
  8
0
 10
-29.3239
 20
71.5086
 11
-29.295
 21
71.6995
  0
LINE
  8
0
 10
-29.295
 20
71.6995
 11
-29.2662
 21
71.8538
  0
LINE
  8
0
 10
-29.2662
 20
71.8538
 11
-29.2159
 21
72.0909
  0
LINE
  8
0
 10
-29.2159
 20
72.0909
 11
-29.1664
 21
72.2928
  0
LINE
  8
0
 10
-29.1664
 20
72.2928
 11
-29.0991
 21
72.5386
  0
LINE
  8
0
 10
-29.0991
 20
72.5386
 11
-29.0364
 21
72.7496
  0
LINE
  8
0
 10
-29.0364
 20
72.7496
 11
-28.9806
 21
72.919
  0
LINE
  8
0
 10
-28.9806
 20
72.919
 11
-28.8904
 21
73.1799
  0
LINE
  8
0
 10
-28.8904
 20
73.1799
 11
-28.8071
 21
73.4006
  0
LINE
  8
0
 10
-28.8071
 20
73.4006
 11
-28.6798
 21
73.7164
  0
LINE
  8
0
 10
-28.6798
 20
73.7164
 11
-28.5612
 21
73.9934
  0
LINE
  8
0
 10
-28.5612
 20
73.9934
 11
-28.4322
 21
74.2754
  0
LINE
  8
0
 10
-28.4322
 20
74.2754
 11
-28.2953
 21
74.5624
  0
LINE
  8
0
 10
-28.2953
 20
74.5624
 11
-28.1804
 21
74.7913
  0
LINE
  8
0
 10
-28.1804
 20
74.7913
 11
-27.9254
 21
74.7757
  0
LINE
  8
0
 10
-27.9254
 20
74.7757
 11
-27.6082
 21
74.751
  0
LINE
  8
0
 10
-27.6082
 20
74.751
 11
-27.3001
 21
74.7217
  0
LINE
  8
0
 10
-27.3001
 20
74.7217
 11
-27.0012
 21
74.686
  0
LINE
  8
0
 10
-27.0012
 20
74.686
 11
-26.6643
 21
74.6384
  0
LINE
  8
0
 10
-26.6643
 20
74.6384
 11
-26.4304
 21
74.5999
  0
LINE
  8
0
 10
-26.4304
 20
74.5999
 11
-26.1607
 21
74.5477
  0
LINE
  8
0
 10
-26.1607
 20
74.5477
 11
-25.9854
 21
74.5107
  0
LINE
  8
0
 10
-25.9854
 20
74.5107
 11
-25.7712
 21
74.4603
  0
LINE
  8
0
 10
-25.7712
 20
74.4603
 11
-25.5244
 21
74.3953
  0
LINE
  8
0
 10
-25.5244
 20
74.3953
 11
-25.3244
 21
74.3372
  0
LINE
  8
0
 10
-25.3244
 20
74.3372
 11
-25.0951
 21
74.2625
  0
LINE
  8
0
 10
-25.0951
 20
74.2625
 11
-24.9458
 21
74.209
  0
LINE
  8
0
 10
-24.9458
 20
74.209
 11
-24.7664
 21
74.1399
  0
LINE
  8
0
 10
-24.7664
 20
74.1399
 11
-24.5595
 21
74.0515
  0
LINE
  8
0
 10
-24.5595
 20
74.0515
 11
-24.3617
 21
73.9577
  0
LINE
  8
0
 10
-24.3617
 20
73.9577
 11
-24.2052
 21
73.8753
  0
LINE
  8
0
 10
-24.2052
 20
73.8753
 11
-24.0239
 21
73.7714
  0
LINE
  8
0
 10
-24.0239
 20
73.7714
 11
-23.9378
 21
73.7173
  0
LINE
  8
0
 10
-23.9378
 20
73.7173
 11
-23.8252
 21
73.6436
  0
LINE
  8
0
 10
-23.8252
 20
73.6436
 11
-23.7186
 21
73.5681
  0
LINE
  8
0
 10
-23.7186
 20
73.5681
 11
-23.5886
 21
73.4683
  0
LINE
  8
0
 10
-23.5886
 20
73.4683
 11
-23.4435
 21
73.3456
  0
LINE
  8
0
 10
-23.4435
 20
73.3456
 11
-23.3281
 21
73.2376
  0
LINE
  8
0
 10
-23.3281
 20
73.2376
 11
-23.2196
 21
73.1268
  0
LINE
  8
0
 10
-23.2196
 20
73.1268
 11
-23.118
 21
73.0119
  0
LINE
  8
0
 10
-23.118
 20
73.0119
 11
-23.0228
 21
72.8943
  0
LINE
  8
0
 10
-23.0228
 20
72.8943
 11
-22.9353
 21
72.773
  0
LINE
  8
0
 10
-22.9353
 20
72.773
 11
-22.8685
 21
72.6718
  0
LINE
  8
0
 10
-22.8685
 20
72.6718
 11
-22.7911
 21
72.5427
  0
LINE
  8
0
 10
-22.7911
 20
72.5427
 11
-22.7486
 21
72.464
  0
LINE
  8
0
 10
-22.7486
 20
72.464
 11
-22.695
 21
72.3564
  0
LINE
  8
0
 10
-22.695
 20
72.3564
 11
-22.6332
 21
72.2182
  0
LINE
  8
0
 10
-22.6332
 20
72.2182
 11
-22.5778
 21
72.0767
  0
LINE
  8
0
 10
-22.5778
 20
72.0767
 11
-22.5586
 21
72.0195
  0
LINE
  8
0
 10
-22.5586
 20
72.0195
 11
-22.5128
 21
71.8726
  0
LINE
  8
0
 10
-22.5128
 20
71.8726
 11
-22.473
 21
71.7215
  0
LINE
  8
0
 10
-22.473
 20
71.7215
 11
-22.4405
 21
71.5672
  0
LINE
  8
0
 10
-22.4405
 20
71.5672
 11
-22.419
 21
71.4418
  0
LINE
  8
0
 10
-22.419
 20
71.4418
 11
-22.4016
 21
71.3132
  0
LINE
  8
0
 10
-22.4016
 20
71.3132
 11
-22.3856
 21
71.1488
  0
LINE
  8
0
 10
-22.3856
 20
71.1488
 11
-22.3782
 21
71.0165
  0
LINE
  8
0
 10
-22.3782
 20
71.0165
 11
-22.3732
 21
70.8101
  0
LINE
  8
0
 10
-22.3732
 20
70.8101
 11
-22.3741
 21
70.7053
  0
LINE
  8
0
 10
-22.3741
 20
70.7053
 11
-22.3787
 21
70.5995
  0
LINE
  8
0
 10
-22.3787
 20
70.5995
 11
-22.3901
 21
70.4192
  0
LINE
  8
0
 10
-22.3901
 20
70.4192
 11
-22.4075
 21
70.2351
  0
LINE
  8
0
 10
-22.4075
 20
70.2351
 11
-22.4496
 21
69.9358
  0
LINE
  8
0
 10
-22.4496
 20
69.9358
 11
-22.4844
 21
69.7408
  0
LINE
  8
0
 10
-22.4844
 20
69.7408
 11
-22.5348
 21
69.5041
  0
LINE
  8
0
 10
-22.5348
 20
69.5041
 11
-22.5737
 21
69.3434
  0
LINE
  8
0
 10
-22.5737
 20
69.3434
 11
-22.6277
 21
69.1397
  0
LINE
  8
0
 10
-22.6277
 20
69.1397
 11
-22.7014
 21
68.8889
  0
LINE
  8
0
 10
-22.7014
 20
68.8889
 11
-22.7994
 21
68.5899
  0
LINE
  8
0
 10
-22.7994
 20
68.5899
 11
-22.9106
 21
68.2832
  0
LINE
  8
0
 10
-22.9106
 20
68.2832
 11
-23.0521
 21
67.9239
  0
LINE
  8
0
 10
-23.0521
 20
67.9239
 11
-23.2104
 21
67.5554
  0
LINE
  8
0
 10
-23.2104
 20
67.5554
 11
-23.3633
 21
67.2249
  0
LINE
  8
0
 10
-23.3633
 20
67.2249
 11
-23.5281
 21
66.8884
  0
LINE
  8
0
 10
-23.5281
 20
66.8884
 11
-23.7479
 21
67.1132
  0
LINE
  8
0
 10
-23.7479
 20
67.1132
 11
-23.6627
 21
66.8097
  0
LINE
  8
0
 10
-23.6627
 20
66.8097
 11
-24.0372
 21
66.8358
  0
LINE
  8
0
 10
-36.2521
 20
67.1132
 11
-36.4719
 21
66.8884
  0
LINE
  8
0
 10
-36.4719
 20
66.8884
 11
-36.6371
 21
67.2258
  0
LINE
  8
0
 10
-36.6371
 20
67.2258
 11
-36.7896
 21
67.5558
  0
LINE
  8
0
 10
-36.7896
 20
67.5558
 11
-36.9484
 21
67.9248
  0
LINE
  8
0
 10
-36.9484
 20
67.9248
 11
-37.0898
 21
68.2841
  0
LINE
  8
0
 10
-37.0898
 20
68.2841
 11
-37.2011
 21
68.5899
  0
LINE
  8
0
 10
-37.2011
 20
68.5899
 11
-37.2981
 21
68.8889
  0
LINE
  8
0
 10
-37.2981
 20
68.8889
 11
-37.3723
 21
69.1397
  0
LINE
  8
0
 10
-37.3723
 20
69.1397
 11
-37.4263
 21
69.3434
  0
LINE
  8
0
 10
-37.4263
 20
69.3434
 11
-37.4652
 21
69.5045
  0
LINE
  8
0
 10
-37.4652
 20
69.5045
 11
-37.5151
 21
69.7408
  0
LINE
  8
0
 10
-37.5151
 20
69.7408
 11
-37.5504
 21
69.9358
  0
LINE
  8
0
 10
-37.5504
 20
69.9358
 11
-37.5925
 21
70.2365
  0
LINE
  8
0
 10
-37.5925
 20
70.2365
 11
-37.6099
 21
70.4201
  0
LINE
  8
0
 10
-37.6099
 20
70.4201
 11
-37.6213
 21
70.6
  0
LINE
  8
0
 10
-37.6213
 20
70.6
 11
-37.6254
 21
70.7053
  0
LINE
  8
0
 10
-37.6254
 20
70.7053
 11
-37.6268
 21
70.811
  0
LINE
  8
0
 10
-37.6268
 20
70.811
 11
-37.6222
 21
71.0165
  0
LINE
  8
0
 10
-37.6222
 20
71.0165
 11
-37.6144
 21
71.1488
  0
LINE
  8
0
 10
-37.6144
 20
71.1488
 11
-37.5984
 21
71.3132
  0
LINE
  8
0
 10
-37.5984
 20
71.3132
 11
-37.581
 21
71.4418
  0
LINE
  8
0
 10
-37.581
 20
71.4418
 11
-37.5595
 21
71.5672
  0
LINE
  8
0
 10
-37.5595
 20
71.5672
 11
-37.527
 21
71.7215
  0
LINE
  8
0
 10
-37.527
 20
71.7215
 11
-37.4872
 21
71.8726
  0
LINE
  8
0
 10
-37.4872
 20
71.8726
 11
-37.4414
 21
72.0195
  0
LINE
  8
0
 10
-37.4414
 20
72.0195
 11
-37.4222
 21
72.0767
  0
LINE
  8
0
 10
-37.4222
 20
72.0767
 11
-37.3668
 21
72.2182
  0
LINE
  8
0
 10
-37.3668
 20
72.2182
 11
-37.305
 21
72.3564
  0
LINE
  8
0
 10
-37.305
 20
72.3564
 11
-37.2514
 21
72.464
  0
LINE
  8
0
 10
-37.2514
 20
72.464
 11
-37.2089
 21
72.5427
  0
LINE
  8
0
 10
-37.2089
 20
72.5427
 11
-37.1315
 21
72.6718
  0
LINE
  8
0
 10
-37.1315
 20
72.6718
 11
-37.0647
 21
72.773
  0
LINE
  8
0
 10
-37.0647
 20
72.773
 11
-36.9772
 21
72.8943
  0
LINE
  8
0
 10
-36.9772
 20
72.8943
 11
-36.882
 21
73.0119
  0
LINE
  8
0
 10
-36.882
 20
73.0119
 11
-36.7804
 21
73.1268
  0
LINE
  8
0
 10
-36.7804
 20
73.1268
 11
-36.6719
 21
73.2376
  0
LINE
  8
0
 10
-36.6719
 20
73.2376
 11
-36.5565
 21
73.3456
  0
LINE
  8
0
 10
-36.5565
 20
73.3456
 11
-36.4114
 21
73.4683
  0
LINE
  8
0
 10
-36.4114
 20
73.4683
 11
-36.2814
 21
73.5681
  0
LINE
  8
0
 10
-36.2814
 20
73.5681
 11
-36.1748
 21
73.6436
  0
LINE
  8
0
 10
-36.1748
 20
73.6436
 11
-36.0622
 21
73.7173
  0
LINE
  8
0
 10
-36.0622
 20
73.7173
 11
-35.9761
 21
73.7714
  0
LINE
  8
0
 10
-35.9761
 20
73.7714
 11
-35.7948
 21
73.8753
  0
LINE
  8
0
 10
-35.7948
 20
73.8753
 11
-35.6383
 21
73.9577
  0
LINE
  8
0
 10
-35.6383
 20
73.9577
 11
-35.4405
 21
74.0515
  0
LINE
  8
0
 10
-35.4405
 20
74.0515
 11
-35.2336
 21
74.1399
  0
LINE
  8
0
 10
-35.2336
 20
74.1399
 11
-35.0542
 21
74.209
  0
LINE
  8
0
 10
-35.0542
 20
74.209
 11
-34.9049
 21
74.263
  0
LINE
  8
0
 10
-34.9049
 20
74.263
 11
-34.6756
 21
74.3372
  0
LINE
  8
0
 10
-34.6756
 20
74.3372
 11
-34.4756
 21
74.3953
  0
LINE
  8
0
 10
-34.4756
 20
74.3953
 11
-34.2288
 21
74.4603
  0
LINE
  8
0
 10
-34.2288
 20
74.4603
 11
-34.0146
 21
74.5107
  0
LINE
  8
0
 10
-34.0146
 20
74.5107
 11
-33.8393
 21
74.5477
  0
LINE
  8
0
 10
-33.8393
 20
74.5477
 11
-33.5696
 21
74.5995
  0
LINE
  8
0
 10
-33.5696
 20
74.5995
 11
-33.3357
 21
74.6384
  0
LINE
  8
0
 10
-33.3357
 20
74.6384
 11
-32.9988
 21
74.686
  0
LINE
  8
0
 10
-32.9988
 20
74.686
 11
-32.6999
 21
74.7217
  0
LINE
  8
0
 10
-32.6999
 20
74.7217
 11
-32.3918
 21
74.751
  0
LINE
  8
0
 10
-32.3918
 20
74.751
 11
-32.0746
 21
74.7757
  0
LINE
  8
0
 10
-32.0746
 20
74.7757
 11
-31.8196
 21
74.7913
  0
LINE
  8
0
 10
-31.8196
 20
74.7913
 11
-31.7047
 21
74.5624
  0
LINE
  8
0
 10
-31.7047
 20
74.5624
 11
-31.5678
 21
74.2754
  0
LINE
  8
0
 10
-31.5678
 20
74.2754
 11
-31.4388
 21
73.9934
  0
LINE
  8
0
 10
-31.4388
 20
73.9934
 11
-31.3202
 21
73.7164
  0
LINE
  8
0
 10
-31.3202
 20
73.7164
 11
-31.1925
 21
73.4006
  0
LINE
  8
0
 10
-31.1925
 20
73.4006
 11
-31.1101
 21
73.1799
  0
LINE
  8
0
 10
-31.1101
 20
73.1799
 11
-31.019
 21
72.919
  0
LINE
  8
0
 10
-31.019
 20
72.919
 11
-30.9641
 21
72.7496
  0
LINE
  8
0
 10
-30.9641
 20
72.7496
 11
-30.9004
 21
72.5386
  0
LINE
  8
0
 10
-30.9004
 20
72.5386
 11
-30.8336
 21
72.2928
  0
LINE
  8
0
 10
-30.8336
 20
72.2928
 11
-30.7841
 21
72.0909
  0
LINE
  8
0
 10
-30.7841
 20
72.0909
 11
-30.7338
 21
71.8538
  0
LINE
  8
0
 10
-30.7338
 20
71.8538
 11
-30.7054
 21
71.6995
  0
LINE
  8
0
 10
-30.7054
 20
71.6995
 11
-30.6761
 21
71.5086
  0
LINE
  8
0
 10
-30.6761
 20
71.5086
 11
-30.6491
 21
71.2852
  0
LINE
  8
0
 10
-30.6491
 20
71.2852
 11
-30.6317
 21
71.0669
  0
LINE
  8
0
 10
-30.6317
 20
71.0669
 11
-30.6239
 21
70.8907
  0
LINE
  8
0
 10
-30.6239
 20
70.8907
 11
-30.623
 21
70.6815
  0
LINE
  8
0
 10
-30.623
 20
70.6815
 11
-30.6271
 21
70.5794
  0
LINE
  8
0
 10
-30.6271
 20
70.5794
 11
-30.6349
 21
70.4457
  0
LINE
  8
0
 10
-30.6349
 20
70.4457
 11
-30.6473
 21
70.3139
  0
LINE
  8
0
 10
-30.6473
 20
70.3139
 11
-30.6683
 21
70.1523
  0
LINE
  8
0
 10
-30.6683
 20
70.1523
 11
-30.7022
 21
69.966
  0
LINE
  8
0
 10
-30.7022
 20
69.966
 11
-30.7379
 21
69.8117
  0
LINE
  8
0
 10
-30.7379
 20
69.8117
 11
-30.7796
 21
69.6625
  0
LINE
  8
0
 10
-30.7796
 20
69.6625
 11
-30.8276
 21
69.5174
  0
LINE
  8
0
 10
-30.8276
 20
69.5174
 11
-30.883
 21
69.3759
  0
LINE
  8
0
 10
-30.883
 20
69.3759
 11
-30.9448
 21
69.2381
  0
LINE
  8
0
 10
-30.9448
 20
69.2381
 11
-30.9984
 21
69.1301
  0
LINE
  8
0
 10
-30.9984
 20
69.1301
 11
-31.0707
 21
68.9996
  0
LINE
  8
0
 10
-31.0707
 20
68.9996
 11
-31.1183
 21
68.9227
  0
LINE
  8
0
 10
-31.1183
 20
68.9227
 11
-31.1847
 21
68.8225
  0
LINE
  8
0
 10
-31.1847
 20
68.8225
 11
-31.273
 21
68.6998
  0
LINE
  8
0
 10
-31.273
 20
68.6998
 11
-31.3683
 21
68.5822
  0
LINE
  8
0
 10
-31.3683
 20
68.5822
 11
-31.4081
 21
68.5359
  0
LINE
  8
0
 10
-31.4081
 20
68.5359
 11
-31.5115
 21
68.4238
  0
LINE
  8
0
 10
-31.5115
 20
68.4238
 11
-31.6232
 21
68.3134
  0
LINE
  8
0
 10
-31.6232
 20
68.3134
 11
-31.7404
 21
68.2077
  0
LINE
  8
0
 10
-31.7404
 20
68.2077
 11
-31.8379
 21
68.1271
  0
LINE
  8
0
 10
-31.8379
 20
68.1271
 11
-31.9414
 21
68.047
  0
LINE
  8
0
 10
-31.9414
 20
68.047
 11
-32.0746
 21
67.9518
  0
LINE
  8
0
 10
-32.0746
 20
67.9518
 11
-32.1877
 21
67.8777
  0
LINE
  8
0
 10
-32.1877
 20
67.8777
 11
-32.363
 21
67.771
  0
LINE
  8
0
 10
-32.363
 20
67.771
 11
-32.4541
 21
67.7202
  0
LINE
  8
0
 10
-32.4541
 20
67.7202
 11
-32.5484
 21
67.6703
  0
LINE
  8
0
 10
-32.5484
 20
67.6703
 11
-32.71
 21
67.5902
  0
LINE
  8
0
 10
-32.71
 20
67.5902
 11
-32.8775
 21
67.5137
  0
LINE
  8
0
 10
-32.8775
 20
67.5137
 11
-33.1599
 21
67.3997
  0
LINE
  8
0
 10
-33.1599
 20
67.3997
 11
-33.3444
 21
67.3325
  0
LINE
  8
0
 10
-33.3444
 20
67.3325
 11
-33.5738
 21
67.2583
  0
LINE
  8
0
 10
-33.5738
 20
67.2583
 11
-33.7331
 21
67.2116
  0
LINE
  8
0
 10
-33.7331
 20
67.2116
 11
-33.9368
 21
67.1567
  0
LINE
  8
0
 10
-33.9368
 20
67.1567
 11
-34.1917
 21
67.0949
  0
LINE
  8
0
 10
-34.1917
 20
67.0949
 11
-34.4984
 21
67.0303
  0
LINE
  8
0
 10
-34.4984
 20
67.0303
 11
-34.8198
 21
66.9727
  0
LINE
  8
0
 10
-34.8198
 20
66.9727
 11
-35.202
 21
66.9159
  0
LINE
  8
0
 10
-35.202
 20
66.9159
 11
-35.6003
 21
66.8687
  0
LINE
  8
0
 10
-35.6003
 20
66.8687
 11
-35.9628
 21
66.8358
  0
LINE
  8
0
 10
-35.9628
 20
66.8358
 11
-36.3373
 21
66.8097
  0
LINE
  8
0
 10
-36.3373
 20
66.8097
 11
-36.2521
 21
67.1132
  0
LINE
  8
0
 10
5.96283
 20
66.8358
 11
5.60028
 21
66.8687
  0
LINE
  8
0
 10
5.60028
 20
66.8687
 11
5.20203
 21
66.9159
  0
LINE
  8
0
 10
5.20203
 20
66.9159
 11
4.81979
 21
66.9727
  0
LINE
  8
0
 10
4.81979
 20
66.9727
 11
4.49844
 21
67.0299
  0
LINE
  8
0
 10
4.49844
 20
67.0299
 11
4.19174
 21
67.0949
  0
LINE
  8
0
 10
4.19174
 20
67.0949
 11
3.93677
 21
67.1567
  0
LINE
  8
0
 10
3.93677
 20
67.1567
 11
3.73306
 21
67.2116
  0
LINE
  8
0
 10
3.73306
 20
67.2116
 11
3.57376
 21
67.2583
  0
LINE
  8
0
 10
3.57376
 20
67.2583
 11
3.34442
 21
67.3329
  0
LINE
  8
0
 10
3.34442
 20
67.3329
 11
3.15994
 21
67.3997
  0
LINE
  8
0
 10
3.15994
 20
67.3997
 11
2.87659
 21
67.5142
  0
LINE
  8
0
 10
2.87659
 20
67.5142
 11
2.70905
 21
67.5906
  0
LINE
  8
0
 10
2.70905
 20
67.5906
 11
2.54745
 21
67.6707
  0
LINE
  8
0
 10
2.54745
 20
67.6707
 11
2.45407
 21
67.7202
  0
LINE
  8
0
 10
2.45407
 20
67.7202
 11
2.36206
 21
67.7715
  0
LINE
  8
0
 10
2.36206
 20
67.7715
 11
2.18674
 21
67.8781
  0
LINE
  8
0
 10
2.18674
 20
67.8781
 11
2.07458
 21
67.9518
  0
LINE
  8
0
 10
2.07458
 20
67.9518
 11
1.94138
 21
68.047
  0
LINE
  8
0
 10
1.94138
 20
68.047
 11
1.83792
 21
68.1271
  0
LINE
  8
0
 10
1.83792
 20
68.1271
 11
1.74042
 21
68.2077
  0
LINE
  8
0
 10
1.74042
 20
68.2077
 11
1.62231
 21
68.3144
  0
LINE
  8
0
 10
1.62231
 20
68.3144
 11
1.51154
 21
68.4238
  0
LINE
  8
0
 10
1.51154
 20
68.4238
 11
1.40762
 21
68.5364
  0
LINE
  8
0
 10
1.40762
 20
68.5364
 11
1.36734
 21
68.5831
  0
LINE
  8
0
 10
1.36734
 20
68.5831
 11
1.27213
 21
68.7012
  0
LINE
  8
0
 10
1.27213
 20
68.7012
 11
1.18469
 21
68.8225
  0
LINE
  8
0
 10
1.18469
 20
68.8225
 11
1.11786
 21
68.9236
  0
LINE
  8
0
 10
1.11786
 20
68.9236
 11
1.07025
 21
69.0005
  0
LINE
  8
0
 10
1.07025
 20
69.0005
 11
0.998383
 21
69.1301
  0
LINE
  8
0
 10
0.998383
 20
69.1301
 11
0.944366
 21
69.239
  0
LINE
  8
0
 10
0.944366
 20
69.239
 11
0.882568
 21
69.3773
  0
LINE
  8
0
 10
0.882568
 20
69.3773
 11
0.827179
 21
69.5187
  0
LINE
  8
0
 10
0.827179
 20
69.5187
 11
0.779114
 21
69.6638
  0
LINE
  8
0
 10
0.779114
 20
69.6638
 11
0.737915
 21
69.8131
  0
LINE
  8
0
 10
0.737915
 20
69.8131
 11
0.701752
 21
69.966
  0
LINE
  8
0
 10
0.701752
 20
69.966
 11
0.667877
 21
70.1541
  0
LINE
  8
0
 10
0.667877
 20
70.1541
 11
0.647278
 21
70.3148
  0
LINE
  8
0
 10
0.647278
 20
70.3148
 11
0.634918
 21
70.4466
  0
LINE
  8
0
 10
0.634918
 20
70.4466
 11
0.627136
 21
70.5803
  0
LINE
  8
0
 10
0.627136
 20
70.5803
 11
0.623474
 21
70.6815
  0
LINE
  8
0
 10
0.623474
 20
70.6815
 11
0.623474
 21
70.8902
  0
LINE
  8
0
 10
0.623474
 20
70.8902
 11
0.631714
 21
71.0669
  0
LINE
  8
0
 10
0.631714
 20
71.0669
 11
0.649109
 21
71.2852
  0
LINE
  8
0
 10
0.649109
 20
71.2852
 11
0.676117
 21
71.5086
  0
LINE
  8
0
 10
0.676117
 20
71.5086
 11
0.704956
 21
71.6995
  0
LINE
  8
0
 10
0.704956
 20
71.6995
 11
0.733795
 21
71.8538
  0
LINE
  8
0
 10
0.733795
 20
71.8538
 11
0.784149
 21
72.0909
  0
LINE
  8
0
 10
0.784149
 20
72.0909
 11
0.833588
 21
72.2928
  0
LINE
  8
0
 10
0.833588
 20
72.2928
 11
0.900879
 21
72.5386
  0
LINE
  8
0
 10
0.900879
 20
72.5386
 11
0.963593
 21
72.7496
  0
LINE
  8
0
 10
0.963593
 20
72.7496
 11
1.01944
 21
72.919
  0
LINE
  8
0
 10
1.01944
 20
72.919
 11
1.10962
 21
73.1799
  0
LINE
  8
0
 10
1.10962
 20
73.1799
 11
1.19293
 21
73.4006
  0
LINE
  8
0
 10
1.19293
 20
73.4006
 11
1.32019
 21
73.7164
  0
LINE
  8
0
 10
1.32019
 20
73.7164
 11
1.43875
 21
73.9934
  0
LINE
  8
0
 10
1.43875
 20
73.9934
 11
1.56784
 21
74.2754
  0
LINE
  8
0
 10
1.56784
 20
74.2754
 11
1.70471
 21
74.5624
  0
LINE
  8
0
 10
1.70471
 20
74.5624
 11
1.81961
 21
74.7913
  0
LINE
  8
0
 10
1.81961
 20
74.7913
 11
2.07458
 21
74.7757
  0
LINE
  8
0
 10
2.07458
 20
74.7757
 11
2.39182
 21
74.751
  0
LINE
  8
0
 10
2.39182
 20
74.751
 11
2.69989
 21
74.7217
  0
LINE
  8
0
 10
2.69989
 20
74.7217
 11
2.99881
 21
74.686
  0
LINE
  8
0
 10
2.99881
 20
74.686
 11
3.33572
 21
74.6384
  0
LINE
  8
0
 10
3.33572
 20
74.6384
 11
3.56964
 21
74.5999
  0
LINE
  8
0
 10
3.56964
 20
74.5999
 11
3.83926
 21
74.5477
  0
LINE
  8
0
 10
3.83926
 20
74.5477
 11
4.01459
 21
74.5107
  0
LINE
  8
0
 10
4.01459
 20
74.5107
 11
4.22882
 21
74.4603
  0
LINE
  8
0
 10
4.22882
 20
74.4603
 11
4.47556
 21
74.3953
  0
LINE
  8
0
 10
4.47556
 20
74.3953
 11
4.6756
 21
74.3372
  0
LINE
  8
0
 10
4.6756
 20
74.3372
 11
4.90494
 21
74.2625
  0
LINE
  8
0
 10
4.90494
 20
74.2625
 11
5.05417
 21
74.209
  0
LINE
  8
0
 10
5.05417
 20
74.209
 11
5.23361
 21
74.1399
  0
LINE
  8
0
 10
5.23361
 20
74.1399
 11
5.44052
 21
74.0515
  0
LINE
  8
0
 10
5.44052
 20
74.0515
 11
5.63828
 21
73.9577
  0
LINE
  8
0
 10
5.63828
 20
73.9577
 11
5.79483
 21
73.8753
  0
LINE
  8
0
 10
5.79483
 20
73.8753
 11
5.9761
 21
73.7714
  0
LINE
  8
0
 10
5.9761
 20
73.7714
 11
6.06216
 21
73.7173
  0
LINE
  8
0
 10
6.06216
 20
73.7173
 11
6.17477
 21
73.6436
  0
LINE
  8
0
 10
6.17477
 20
73.6436
 11
6.28143
 21
73.5681
  0
LINE
  8
0
 10
6.28143
 20
73.5681
 11
6.41144
 21
73.4683
  0
LINE
  8
0
 10
6.41144
 20
73.4683
 11
6.55655
 21
73.3456
  0
LINE
  8
0
 10
6.55655
 20
73.3456
 11
6.67191
 21
73.2376
  0
LINE
  8
0
 10
6.67191
 20
73.2376
 11
6.7804
 21
73.1268
  0
LINE
  8
0
 10
6.7804
 20
73.1268
 11
6.88202
 21
73.0119
  0
LINE
  8
0
 10
6.88202
 20
73.0119
 11
6.97723
 21
72.8943
  0
LINE
  8
0
 10
6.97723
 20
72.8943
 11
7.06467
 21
72.773
  0
LINE
  8
0
 10
7.06467
 20
72.773
 11
7.1315
 21
72.6718
  0
LINE
  8
0
 10
7.1315
 20
72.6718
 11
7.20886
 21
72.5427
  0
LINE
  8
0
 10
7.20886
 20
72.5427
 11
7.25143
 21
72.464
  0
LINE
  8
0
 10
7.25143
 20
72.464
 11
7.30499
 21
72.3564
  0
LINE
  8
0
 10
7.30499
 20
72.3564
 11
7.36679
 21
72.2182
  0
LINE
  8
0
 10
7.36679
 20
72.2182
 11
7.42218
 21
72.0767
  0
LINE
  8
0
 10
7.42218
 20
72.0767
 11
7.44141
 21
72.0195
  0
LINE
  8
0
 10
7.44141
 20
72.0195
 11
7.48718
 21
71.8726
  0
LINE
  8
0
 10
7.48718
 20
71.8726
 11
7.52701
 21
71.7215
  0
LINE
  8
0
 10
7.52701
 20
71.7215
 11
7.55951
 21
71.5672
  0
LINE
  8
0
 10
7.55951
 20
71.5672
 11
7.58102
 21
71.4418
  0
LINE
  8
0
 10
7.58102
 20
71.4418
 11
7.59842
 21
71.3132
  0
LINE
  8
0
 10
7.59842
 20
71.3132
 11
7.61444
 21
71.1488
  0
LINE
  8
0
 10
7.61444
 20
71.1488
 11
7.62177
 21
71.0165
  0
LINE
  8
0
 10
7.62177
 20
71.0165
 11
7.6268
 21
70.8101
  0
LINE
  8
0
 10
7.6268
 20
70.8101
 11
7.62589
 21
70.7053
  0
LINE
  8
0
 10
7.62589
 20
70.7053
 11
7.62131
 21
70.5995
  0
LINE
  8
0
 10
7.62131
 20
70.5995
 11
7.60986
 21
70.4192
  0
LINE
  8
0
 10
7.60986
 20
70.4192
 11
7.59247
 21
70.2351
  0
LINE
  8
0
 10
7.59247
 20
70.2351
 11
7.55035
 21
69.9358
  0
LINE
  8
0
 10
7.55035
 20
69.9358
 11
7.51556
 21
69.7408
  0
LINE
  8
0
 10
7.51556
 20
69.7408
 11
7.46521
 21
69.5041
  0
LINE
  8
0
 10
7.46521
 20
69.5041
 11
7.4263
 21
69.3434
  0
LINE
  8
0
 10
7.4263
 20
69.3434
 11
7.37228
 21
69.1397
  0
LINE
  8
0
 10
7.37228
 20
69.1397
 11
7.29858
 21
68.8889
  0
LINE
  8
0
 10
7.29858
 20
68.8889
 11
7.20062
 21
68.5899
  0
LINE
  8
0
 10
7.20062
 20
68.5899
 11
7.08939
 21
68.2832
  0
LINE
  8
0
 10
7.08939
 20
68.2832
 11
6.94794
 21
67.9239
  0
LINE
  8
0
 10
6.94794
 20
67.9239
 11
6.78955
 21
67.5554
  0
LINE
  8
0
 10
6.78955
 20
67.5554
 11
6.63666
 21
67.2249
  0
LINE
  8
0
 10
6.63666
 20
67.2249
 11
6.47186
 21
66.8884
  0
LINE
  8
0
 10
6.47186
 20
66.8884
 11
6.25214
 21
67.1132
  0
LINE
  8
0
 10
6.25214
 20
67.1132
 11
6.33728
 21
66.8097
  0
LINE
  8
0
 10
6.33728
 20
66.8097
 11
5.96283
 21
66.8358
  0
LINE
  8
0
 10
23.7479
 20
67.1132
 11
23.5281
 21
66.8884
  0
LINE
  8
0
 10
23.5281
 20
66.8884
 11
23.3629
 21
67.2258
  0
LINE
  8
0
 10
23.3629
 20
67.2258
 11
23.2104
 21
67.5558
  0
LINE
  8
0
 10
23.2104
 20
67.5558
 11
23.0516
 21
67.9248
  0
LINE
  8
0
 10
23.0516
 20
67.9248
 11
22.9102
 21
68.2841
  0
LINE
  8
0
 10
22.9102
 20
68.2841
 11
22.7989
 21
68.5899
  0
LINE
  8
0
 10
22.7989
 20
68.5899
 11
22.7019
 21
68.8889
  0
LINE
  8
0
 10
22.7019
 20
68.8889
 11
22.6277
 21
69.1397
  0
LINE
  8
0
 10
22.6277
 20
69.1397
 11
22.5737
 21
69.3434
  0
LINE
  8
0
 10
22.5737
 20
69.3434
 11
22.5348
 21
69.5045
  0
LINE
  8
0
 10
22.5348
 20
69.5045
 11
22.4849
 21
69.7408
  0
LINE
  8
0
 10
22.4849
 20
69.7408
 11
22.4496
 21
69.9358
  0
LINE
  8
0
 10
22.4496
 20
69.9358
 11
22.4075
 21
70.2365
  0
LINE
  8
0
 10
22.4075
 20
70.2365
 11
22.3901
 21
70.4201
  0
LINE
  8
0
 10
22.3901
 20
70.4201
 11
22.3787
 21
70.6
  0
LINE
  8
0
 10
22.3787
 20
70.6
 11
22.3746
 21
70.7053
  0
LINE
  8
0
 10
22.3746
 20
70.7053
 11
22.3732
 21
70.811
  0
LINE
  8
0
 10
22.3732
 20
70.811
 11
22.3778
 21
71.0165
  0
LINE
  8
0
 10
22.3778
 20
71.0165
 11
22.3856
 21
71.1488
  0
LINE
  8
0
 10
22.3856
 20
71.1488
 11
22.4016
 21
71.3132
  0
LINE
  8
0
 10
22.4016
 20
71.3132
 11
22.419
 21
71.4418
  0
LINE
  8
0
 10
22.419
 20
71.4418
 11
22.4405
 21
71.5672
  0
LINE
  8
0
 10
22.4405
 20
71.5672
 11
22.473
 21
71.7215
  0
LINE
  8
0
 10
22.473
 20
71.7215
 11
22.5128
 21
71.8726
  0
LINE
  8
0
 10
22.5128
 20
71.8726
 11
22.5586
 21
72.0195
  0
LINE
  8
0
 10
22.5586
 20
72.0195
 11
22.5778
 21
72.0767
  0
LINE
  8
0
 10
22.5778
 20
72.0767
 11
22.6332
 21
72.2182
  0
LINE
  8
0
 10
22.6332
 20
72.2182
 11
22.695
 21
72.3564
  0
LINE
  8
0
 10
22.695
 20
72.3564
 11
22.7486
 21
72.464
  0
LINE
  8
0
 10
22.7486
 20
72.464
 11
22.7911
 21
72.5427
  0
LINE
  8
0
 10
22.7911
 20
72.5427
 11
22.8685
 21
72.6718
  0
LINE
  8
0
 10
22.8685
 20
72.6718
 11
22.9353
 21
72.773
  0
LINE
  8
0
 10
22.9353
 20
72.773
 11
23.0228
 21
72.8943
  0
LINE
  8
0
 10
23.0228
 20
72.8943
 11
23.118
 21
73.0119
  0
LINE
  8
0
 10
23.118
 20
73.0119
 11
23.2196
 21
73.1268
  0
LINE
  8
0
 10
23.2196
 20
73.1268
 11
23.3281
 21
73.2376
  0
LINE
  8
0
 10
23.3281
 20
73.2376
 11
23.4435
 21
73.3456
  0
LINE
  8
0
 10
23.4435
 20
73.3456
 11
23.5886
 21
73.4683
  0
LINE
  8
0
 10
23.5886
 20
73.4683
 11
23.7186
 21
73.5681
  0
LINE
  8
0
 10
23.7186
 20
73.5681
 11
23.8252
 21
73.6436
  0
LINE
  8
0
 10
23.8252
 20
73.6436
 11
23.9378
 21
73.7173
  0
LINE
  8
0
 10
23.9378
 20
73.7173
 11
24.0239
 21
73.7714
  0
LINE
  8
0
 10
24.0239
 20
73.7714
 11
24.2052
 21
73.8753
  0
LINE
  8
0
 10
24.2052
 20
73.8753
 11
24.3617
 21
73.9577
  0
LINE
  8
0
 10
24.3617
 20
73.9577
 11
24.5595
 21
74.0515
  0
LINE
  8
0
 10
24.5595
 20
74.0515
 11
24.7664
 21
74.1399
  0
LINE
  8
0
 10
24.7664
 20
74.1399
 11
24.9458
 21
74.209
  0
LINE
  8
0
 10
24.9458
 20
74.209
 11
25.0951
 21
74.263
  0
LINE
  8
0
 10
25.0951
 20
74.263
 11
25.3244
 21
74.3372
  0
LINE
  8
0
 10
25.3244
 20
74.3372
 11
25.5244
 21
74.3953
  0
LINE
  8
0
 10
25.5244
 20
74.3953
 11
25.7712
 21
74.4603
  0
LINE
  8
0
 10
25.7712
 20
74.4603
 11
25.9854
 21
74.5107
  0
LINE
  8
0
 10
25.9854
 20
74.5107
 11
26.1607
 21
74.5477
  0
LINE
  8
0
 10
26.1607
 20
74.5477
 11
26.4304
 21
74.5995
  0
LINE
  8
0
 10
26.4304
 20
74.5995
 11
26.6643
 21
74.6384
  0
LINE
  8
0
 10
26.6643
 20
74.6384
 11
27.0012
 21
74.686
  0
LINE
  8
0
 10
27.0012
 20
74.686
 11
27.3001
 21
74.7217
  0
LINE
  8
0
 10
27.3001
 20
74.7217
 11
27.6082
 21
74.751
  0
LINE
  8
0
 10
27.6082
 20
74.751
 11
27.9254
 21
74.7757
  0
LINE
  8
0
 10
27.9254
 20
74.7757
 11
28.1804
 21
74.7913
  0
LINE
  8
0
 10
28.1804
 20
74.7913
 11
28.2953
 21
74.5624
  0
LINE
  8
0
 10
28.2953
 20
74.5624
 11
28.4322
 21
74.2754
  0
LINE
  8
0
 10
28.4322
 20
74.2754
 11
28.5612
 21
73.9934
  0
LINE
  8
0
 10
28.5612
 20
73.9934
 11
28.6798
 21
73.7164
  0
LINE
  8
0
 10
28.6798
 20
73.7164
 11
28.8075
 21
73.4006
  0
LINE
  8
0
 10
28.8075
 20
73.4006
 11
28.8899
 21
73.1799
  0
LINE
  8
0
 10
28.8899
 20
73.1799
 11
28.981
 21
72.919
  0
LINE
  8
0
 10
28.981
 20
72.919
 11
29.0359
 21
72.7496
  0
LINE
  8
0
 10
29.0359
 20
72.7496
 11
29.0996
 21
72.5386
  0
LINE
  8
0
 10
29.0996
 20
72.5386
 11
29.1664
 21
72.2928
  0
LINE
  8
0
 10
29.1664
 20
72.2928
 11
29.2159
 21
72.0909
  0
LINE
  8
0
 10
29.2159
 20
72.0909
 11
29.2662
 21
71.8538
  0
LINE
  8
0
 10
29.2662
 20
71.8538
 11
29.2946
 21
71.6995
  0
LINE
  8
0
 10
29.2946
 20
71.6995
 11
29.3239
 21
71.5086
  0
LINE
  8
0
 10
29.3239
 20
71.5086
 11
29.3509
 21
71.2852
  0
LINE
  8
0
 10
29.3509
 20
71.2852
 11
29.3683
 21
71.0669
  0
LINE
  8
0
 10
29.3683
 20
71.0669
 11
29.3761
 21
70.8907
  0
LINE
  8
0
 10
29.3761
 20
70.8907
 11
29.377
 21
70.6815
  0
LINE
  8
0
 10
29.377
 20
70.6815
 11
29.3729
 21
70.5794
  0
LINE
  8
0
 10
29.3729
 20
70.5794
 11
29.3651
 21
70.4457
  0
LINE
  8
0
 10
29.3651
 20
70.4457
 11
29.3527
 21
70.3139
  0
LINE
  8
0
 10
29.3527
 20
70.3139
 11
29.3317
 21
70.1523
  0
LINE
  8
0
 10
29.3317
 20
70.1523
 11
29.2978
 21
69.966
  0
LINE
  8
0
 10
29.2978
 20
69.966
 11
29.2621
 21
69.8117
  0
LINE
  8
0
 10
29.2621
 20
69.8117
 11
29.2204
 21
69.6625
  0
LINE
  8
0
 10
29.2204
 20
69.6625
 11
29.1724
 21
69.5174
  0
LINE
  8
0
 10
29.1724
 20
69.5174
 11
29.117
 21
69.3759
  0
LINE
  8
0
 10
29.117
 20
69.3759
 11
29.0552
 21
69.2381
  0
LINE
  8
0
 10
29.0552
 20
69.2381
 11
29.0016
 21
69.1301
  0
LINE
  8
0
 10
29.0016
 20
69.1301
 11
28.9293
 21
68.9996
  0
LINE
  8
0
 10
28.9293
 20
68.9996
 11
28.8817
 21
68.9227
  0
LINE
  8
0
 10
28.8817
 20
68.9227
 11
28.8153
 21
68.8225
  0
LINE
  8
0
 10
28.8153
 20
68.8225
 11
28.727
 21
68.6998
  0
LINE
  8
0
 10
28.727
 20
68.6998
 11
28.6317
 21
68.5822
  0
LINE
  8
0
 10
28.6317
 20
68.5822
 11
28.5919
 21
68.5359
  0
LINE
  8
0
 10
28.5919
 20
68.5359
 11
28.4885
 21
68.4238
  0
LINE
  8
0
 10
28.4885
 20
68.4238
 11
28.3768
 21
68.3134
  0
LINE
  8
0
 10
28.3768
 20
68.3134
 11
28.2596
 21
68.2077
  0
LINE
  8
0
 10
28.2596
 20
68.2077
 11
28.1621
 21
68.1271
  0
LINE
  8
0
 10
28.1621
 20
68.1271
 11
28.0586
 21
68.047
  0
LINE
  8
0
 10
28.0586
 20
68.047
 11
27.9254
 21
67.9518
  0
LINE
  8
0
 10
27.9254
 20
67.9518
 11
27.8123
 21
67.8777
  0
LINE
  8
0
 10
27.8123
 20
67.8777
 11
27.637
 21
67.771
  0
LINE
  8
0
 10
27.637
 20
67.771
 11
27.5459
 21
67.7202
  0
LINE
  8
0
 10
27.5459
 20
67.7202
 11
27.4516
 21
67.6703
  0
LINE
  8
0
 10
27.4516
 20
67.6703
 11
27.29
 21
67.5902
  0
LINE
  8
0
 10
27.29
 20
67.5902
 11
27.1225
 21
67.5137
  0
LINE
  8
0
 10
27.1225
 20
67.5137
 11
26.8401
 21
67.3997
  0
LINE
  8
0
 10
26.8401
 20
67.3997
 11
26.6556
 21
67.3325
  0
LINE
  8
0
 10
26.6556
 20
67.3325
 11
26.4262
 21
67.2583
  0
LINE
  8
0
 10
26.4262
 20
67.2583
 11
26.2669
 21
67.2116
  0
LINE
  8
0
 10
26.2669
 20
67.2116
 11
26.0632
 21
67.1567
  0
LINE
  8
0
 10
26.0632
 20
67.1567
 11
25.8083
 21
67.0949
  0
LINE
  8
0
 10
25.8083
 20
67.0949
 11
25.5016
 21
67.0303
  0
LINE
  8
0
 10
25.5016
 20
67.0303
 11
25.1802
 21
66.9727
  0
LINE
  8
0
 10
25.1802
 20
66.9727
 11
24.798
 21
66.9159
  0
LINE
  8
0
 10
24.798
 20
66.9159
 11
24.3997
 21
66.8687
  0
LINE
  8
0
 10
24.3997
 20
66.8687
 11
24.0372
 21
66.8358
  0
LINE
  8
0
 10
24.0372
 20
66.8358
 11
23.6627
 21
66.8097
  0
LINE
  8
0
 10
23.6627
 20
66.8097
 11
23.7479
 21
67.1132
  0
LINE
  8
0
 10
-20.8282
 20
65.9166
 11
-21.0686
 21
67.7385
  0
LINE
  8
0
 10
-21.0686
 20
67.7385
 11
-19.9503
 21
69.1951
  0
LINE
  8
0
 10
-19.9503
 20
69.1951
 11
-18.1293
 21
69.4354
  0
LINE
  8
0
 10
-18.1293
 20
69.4354
 11
-16.6718
 21
68.3167
  0
LINE
  8
0
 10
-16.6718
 20
68.3167
 11
-16.4314
 21
66.4948
  0
LINE
  8
0
 10
-16.4314
 20
66.4948
 11
-17.5497
 21
65.0381
  0
LINE
  8
0
 10
-17.5497
 20
65.0381
 11
-19.3707
 21
64.7978
  0
LINE
  8
0
 10
-19.3707
 20
64.7978
 11
-20.8282
 21
65.9166
  0
LINE
  8
0
 10
-12.4503
 20
65.0381
 11
-13.5686
 21
66.4948
  0
LINE
  8
0
 10
-13.5686
 20
66.4948
 11
-13.3282
 21
68.3167
  0
LINE
  8
0
 10
-13.3282
 20
68.3167
 11
-11.8707
 21
69.4354
  0
LINE
  8
0
 10
-11.8707
 20
69.4354
 11
-10.0497
 21
69.1951
  0
LINE
  8
0
 10
-10.0497
 20
69.1951
 11
-8.93143
 21
67.7385
  0
LINE
  8
0
 10
-8.93143
 20
67.7385
 11
-9.17175
 21
65.9166
  0
LINE
  8
0
 10
-9.17175
 20
65.9166
 11
-10.6293
 21
64.7978
  0
LINE
  8
0
 10
-10.6293
 20
64.7978
 11
-12.4503
 21
65.0381
  0
LINE
  8
0
 10
9.17175
 20
65.9166
 11
8.93143
 21
67.7385
  0
LINE
  8
0
 10
8.93143
 20
67.7385
 11
10.0497
 21
69.1951
  0
LINE
  8
0
 10
10.0497
 20
69.1951
 11
11.8707
 21
69.4354
  0
LINE
  8
0
 10
11.8707
 20
69.4354
 11
13.3282
 21
68.3167
  0
LINE
  8
0
 10
13.3282
 20
68.3167
 11
13.5686
 21
66.4948
  0
LINE
  8
0
 10
13.5686
 20
66.4948
 11
12.4503
 21
65.0381
  0
LINE
  8
0
 10
12.4503
 20
65.0381
 11
10.6293
 21
64.7978
  0
LINE
  8
0
 10
10.6293
 20
64.7978
 11
9.17175
 21
65.9166
  0
LINE
  8
0
 10
17.5497
 20
65.0381
 11
16.4314
 21
66.4948
  0
LINE
  8
0
 10
16.4314
 20
66.4948
 11
16.6718
 21
68.3167
  0
LINE
  8
0
 10
16.6718
 20
68.3167
 11
18.1293
 21
69.4354
  0
LINE
  8
0
 10
18.1293
 20
69.4354
 11
19.9503
 21
69.1951
  0
LINE
  8
0
 10
19.9503
 20
69.1951
 11
21.0686
 21
67.7385
  0
LINE
  8
0
 10
21.0686
 20
67.7385
 11
20.8282
 21
65.9166
  0
LINE
  8
0
 10
20.8282
 20
65.9166
 11
19.3707
 21
64.7978
  0
LINE
  8
0
 10
19.3707
 20
64.7978
 11
17.5497
 21
65.0381
  0
LINE
  8
0
 10
39.1718
 20
65.9166
 11
38.9314
 21
67.7385
  0
LINE
  8
0
 10
38.9314
 20
67.7385
 11
39.9442
 21
69.0577
  0
LINE
  8
0
 10
39.9442
 20
69.0577
 11
41.2996
 21
64.8863
  0
LINE
  8
0
 10
41.2996
 20
64.8863
 11
40.6293
 21
64.7978
  0
LINE
  8
0
 10
40.6293
 20
64.7978
 11
39.1718
 21
65.9166
  0
LINE
  8
0
 10
-41.2996
 20
64.8863
 11
-39.9442
 21
69.0577
  0
LINE
  8
0
 10
-39.9442
 20
69.0577
 11
-38.9314
 21
67.7385
  0
LINE
  8
0
 10
-38.9314
 20
67.7385
 11
-39.1718
 21
65.9166
  0
LINE
  8
0
 10
-39.1718
 20
65.9166
 11
-40.6293
 21
64.7978
  0
LINE
  8
0
 10
-40.6293
 20
64.7978
 11
-41.2996
 21
64.8863
  0
LINE
  8
0
 10
31.6718
 20
61.5866
 11
31.4314
 21
63.4085
  0
LINE
  8
0
 10
31.4314
 20
63.4085
 11
32.5497
 21
64.8651
  0
LINE
  8
0
 10
32.5497
 20
64.8651
 11
34.3707
 21
65.1054
  0
LINE
  8
0
 10
34.3707
 20
65.1054
 11
35.8282
 21
63.9867
  0
LINE
  8
0
 10
35.8282
 20
63.9867
 11
36.0686
 21
62.1648
  0
LINE
  8
0
 10
36.0686
 20
62.1648
 11
34.9503
 21
60.7082
  0
LINE
  8
0
 10
34.9503
 20
60.7082
 11
33.1293
 21
60.4678
  0
LINE
  8
0
 10
33.1293
 20
60.4678
 11
31.6718
 21
61.5866
  0
LINE
  8
0
 10
25.0497
 20
60.7082
 11
23.9314
 21
62.1648
  0
LINE
  8
0
 10
23.9314
 20
62.1648
 11
24.1718
 21
63.9867
  0
LINE
  8
0
 10
24.1718
 20
63.9867
 11
25.6293
 21
65.1054
  0
LINE
  8
0
 10
25.6293
 20
65.1054
 11
27.4503
 21
64.8651
  0
LINE
  8
0
 10
27.4503
 20
64.8651
 11
28.5686
 21
63.4085
  0
LINE
  8
0
 10
28.5686
 20
63.4085
 11
28.3282
 21
61.5866
  0
LINE
  8
0
 10
28.3282
 20
61.5866
 11
26.8707
 21
60.4678
  0
LINE
  8
0
 10
26.8707
 20
60.4678
 11
25.0497
 21
60.7082
  0
LINE
  8
0
 10
1.67175
 20
61.5866
 11
1.43143
 21
63.4085
  0
LINE
  8
0
 10
1.43143
 20
63.4085
 11
2.54974
 21
64.8651
  0
LINE
  8
0
 10
2.54974
 20
64.8651
 11
4.37073
 21
65.1054
  0
LINE
  8
0
 10
4.37073
 20
65.1054
 11
5.82825
 21
63.9867
  0
LINE
  8
0
 10
5.82825
 20
63.9867
 11
6.06857
 21
62.1648
  0
LINE
  8
0
 10
6.06857
 20
62.1648
 11
4.95026
 21
60.7082
  0
LINE
  8
0
 10
4.95026
 20
60.7082
 11
3.12927
 21
60.4678
  0
LINE
  8
0
 10
3.12927
 20
60.4678
 11
1.67175
 21
61.5866
  0
LINE
  8
0
 10
-28.3282
 20
61.5866
 11
-28.5686
 21
63.4085
  0
LINE
  8
0
 10
-28.5686
 20
63.4085
 11
-27.4503
 21
64.8651
  0
LINE
  8
0
 10
-27.4503
 20
64.8651
 11
-25.6293
 21
65.1054
  0
LINE
  8
0
 10
-25.6293
 20
65.1054
 11
-24.1718
 21
63.9867
  0
LINE
  8
0
 10
-24.1718
 20
63.9867
 11
-23.9314
 21
62.1648
  0
LINE
  8
0
 10
-23.9314
 20
62.1648
 11
-25.0497
 21
60.7082
  0
LINE
  8
0
 10
-25.0497
 20
60.7082
 11
-26.8707
 21
60.4678
  0
LINE
  8
0
 10
-26.8707
 20
60.4678
 11
-28.3282
 21
61.5866
  0
LINE
  8
0
 10
-34.9503
 20
60.7082
 11
-36.0686
 21
62.1648
  0
LINE
  8
0
 10
-36.0686
 20
62.1648
 11
-35.8282
 21
63.9867
  0
LINE
  8
0
 10
-35.8282
 20
63.9867
 11
-34.3707
 21
65.1054
  0
LINE
  8
0
 10
-34.3707
 20
65.1054
 11
-32.5497
 21
64.8651
  0
LINE
  8
0
 10
-32.5497
 20
64.8651
 11
-31.4314
 21
63.4085
  0
LINE
  8
0
 10
-31.4314
 20
63.4085
 11
-31.6718
 21
61.5866
  0
LINE
  8
0
 10
-31.6718
 20
61.5866
 11
-33.1293
 21
60.4678
  0
LINE
  8
0
 10
-33.1293
 20
60.4678
 11
-34.9503
 21
60.7082
  0
LINE
  8
0
 10
-4.95026
 20
60.7082
 11
-6.06857
 21
62.1648
  0
LINE
  8
0
 10
-6.06857
 20
62.1648
 11
-5.82825
 21
63.9867
  0
LINE
  8
0
 10
-5.82825
 20
63.9867
 11
-4.37073
 21
65.1054
  0
LINE
  8
0
 10
-4.37073
 20
65.1054
 11
-2.54974
 21
64.8651
  0
LINE
  8
0
 10
-2.54974
 20
64.8651
 11
-1.43143
 21
63.4085
  0
LINE
  8
0
 10
-1.43143
 20
63.4085
 11
-1.67175
 21
61.5866
  0
LINE
  8
0
 10
-1.67175
 20
61.5866
 11
-3.12927
 21
60.4678
  0
LINE
  8
0
 10
-3.12927
 20
60.4678
 11
-4.95026
 21
60.7082
  0
LINE
  8
0
 10
-13.2953
 20
55.3409
 11
-13.4322
 21
55.6279
  0
LINE
  8
0
 10
-13.4322
 20
55.6279
 11
-13.5612
 21
55.9099
  0
LINE
  8
0
 10
-13.5612
 20
55.9099
 11
-13.6798
 21
56.1868
  0
LINE
  8
0
 10
-13.6798
 20
56.1868
 11
-13.8075
 21
56.5027
  0
LINE
  8
0
 10
-13.8075
 20
56.5027
 11
-13.8899
 21
56.7233
  0
LINE
  8
0
 10
-13.8899
 20
56.7233
 11
-13.981
 21
56.9843
  0
LINE
  8
0
 10
-13.981
 20
56.9843
 11
-14.0359
 21
57.1536
  0
LINE
  8
0
 10
-14.0359
 20
57.1536
 11
-14.0996
 21
57.3647
  0
LINE
  8
0
 10
-14.0996
 20
57.3647
 11
-14.1664
 21
57.6105
  0
LINE
  8
0
 10
-14.1664
 20
57.6105
 11
-14.2159
 21
57.8123
  0
LINE
  8
0
 10
-14.2159
 20
57.8123
 11
-14.2662
 21
58.0495
  0
LINE
  8
0
 10
-14.2662
 20
58.0495
 11
-14.2946
 21
58.2037
  0
LINE
  8
0
 10
-14.2946
 20
58.2037
 11
-14.3239
 21
58.3946
  0
LINE
  8
0
 10
-14.3239
 20
58.3946
 11
-14.3509
 21
58.618
  0
LINE
  8
0
 10
-14.3509
 20
58.618
 11
-14.3683
 21
58.8364
  0
LINE
  8
0
 10
-14.3683
 20
58.8364
 11
-14.3761
 21
59.0126
  0
LINE
  8
0
 10
-14.3761
 20
59.0126
 11
-14.377
 21
59.2218
  0
LINE
  8
0
 10
-14.377
 20
59.2218
 11
-14.3729
 21
59.323
  0
LINE
  8
0
 10
-14.3729
 20
59.323
 11
-14.3651
 21
59.4566
  0
LINE
  8
0
 10
-14.3651
 20
59.4566
 11
-14.3527
 21
59.5885
  0
LINE
  8
0
 10
-14.3527
 20
59.5885
 11
-14.3321
 21
59.7491
  0
LINE
  8
0
 10
-14.3321
 20
59.7491
 11
-14.2978
 21
59.9373
  0
LINE
  8
0
 10
-14.2978
 20
59.9373
 11
-14.2625
 21
60.0902
  0
LINE
  8
0
 10
-14.2625
 20
60.0902
 11
-14.2209
 21
60.2394
  0
LINE
  8
0
 10
-14.2209
 20
60.2394
 11
-14.1728
 21
60.3845
  0
LINE
  8
0
 10
-14.1728
 20
60.3845
 11
-14.1174
 21
60.526
  0
LINE
  8
0
 10
-14.1174
 20
60.526
 11
-14.0556
 21
60.6642
  0
LINE
  8
0
 10
-14.0556
 20
60.6642
 11
-14.0016
 21
60.7732
  0
LINE
  8
0
 10
-14.0016
 20
60.7732
 11
-13.9297
 21
60.9027
  0
LINE
  8
0
 10
-13.9297
 20
60.9027
 11
-13.8821
 21
60.9796
  0
LINE
  8
0
 10
-13.8821
 20
60.9796
 11
-13.8153
 21
61.0808
  0
LINE
  8
0
 10
-13.8153
 20
61.0808
 11
-13.7279
 21
61.2021
  0
LINE
  8
0
 10
-13.7279
 20
61.2021
 11
-13.6327
 21
61.3202
  0
LINE
  8
0
 10
-13.6327
 20
61.3202
 11
-13.5924
 21
61.3669
  0
LINE
  8
0
 10
-13.5924
 20
61.3669
 11
-13.4885
 21
61.4795
  0
LINE
  8
0
 10
-13.4885
 20
61.4795
 11
-13.3777
 21
61.5889
  0
LINE
  8
0
 10
-13.3777
 20
61.5889
 11
-13.2596
 21
61.6956
  0
LINE
  8
0
 10
-13.2596
 20
61.6956
 11
-13.1621
 21
61.7761
  0
LINE
  8
0
 10
-13.1621
 20
61.7761
 11
-13.0586
 21
61.8562
  0
LINE
  8
0
 10
-13.0586
 20
61.8562
 11
-12.9254
 21
61.9514
  0
LINE
  8
0
 10
-12.9254
 20
61.9514
 11
-12.8133
 21
62.0251
  0
LINE
  8
0
 10
-12.8133
 20
62.0251
 11
-12.6379
 21
62.1318
  0
LINE
  8
0
 10
-12.6379
 20
62.1318
 11
-12.5459
 21
62.1831
  0
LINE
  8
0
 10
-12.5459
 20
62.1831
 11
-12.4525
 21
62.2325
  0
LINE
  8
0
 10
-12.4525
 20
62.2325
 11
-12.291
 21
62.3126
  0
LINE
  8
0
 10
-12.291
 20
62.3126
 11
-12.1234
 21
62.3891
  0
LINE
  8
0
 10
-12.1234
 20
62.3891
 11
-11.8401
 21
62.5035
  0
LINE
  8
0
 10
-11.8401
 20
62.5035
 11
-11.6556
 21
62.5708
  0
LINE
  8
0
 10
-11.6556
 20
62.5708
 11
-11.4262
 21
62.645
  0
LINE
  8
0
 10
-11.4262
 20
62.645
 11
-11.2669
 21
62.6917
  0
LINE
  8
0
 10
-11.2669
 20
62.6917
 11
-11.0632
 21
62.7466
  0
LINE
  8
0
 10
-11.0632
 20
62.7466
 11
-10.8083
 21
62.8084
  0
LINE
  8
0
 10
-10.8083
 20
62.8084
 11
-10.5016
 21
62.8729
  0
LINE
  8
0
 10
-10.5016
 20
62.8729
 11
-10.1802
 21
62.9306
  0
LINE
  8
0
 10
-10.1802
 20
62.9306
 11
-9.79797
 21
62.9874
  0
LINE
  8
0
 10
-9.79797
 20
62.9874
 11
-9.39972
 21
63.0345
  0
LINE
  8
0
 10
-9.39972
 20
63.0345
 11
-9.03717
 21
63.0675
  0
LINE
  8
0
 10
-9.03717
 20
63.0675
 11
-8.66272
 21
63.0936
  0
LINE
  8
0
 10
-8.66272
 20
63.0936
 11
-8.74786
 21
62.7901
  0
LINE
  8
0
 10
-8.74786
 20
62.7901
 11
-8.52814
 21
63.0148
  0
LINE
  8
0
 10
-8.52814
 20
63.0148
 11
-8.36288
 21
62.6775
  0
LINE
  8
0
 10
-8.36288
 20
62.6775
 11
-8.21045
 21
62.3474
  0
LINE
  8
0
 10
-8.21045
 20
62.3474
 11
-8.05161
 21
61.9785
  0
LINE
  8
0
 10
-8.05161
 20
61.9785
 11
-7.91016
 21
61.6191
  0
LINE
  8
0
 10
-7.91016
 20
61.6191
 11
-7.79892
 21
61.3133
  0
LINE
  8
0
 10
-7.79892
 20
61.3133
 11
-7.70187
 21
61.0144
  0
LINE
  8
0
 10
-7.70187
 20
61.0144
 11
-7.62772
 21
60.7635
  0
LINE
  8
0
 10
-7.62772
 20
60.7635
 11
-7.5737
 21
60.5598
  0
LINE
  8
0
 10
-7.5737
 20
60.5598
 11
-7.53479
 21
60.3987
  0
LINE
  8
0
 10
-7.53479
 20
60.3987
 11
-7.48489
 21
60.1625
  0
LINE
  8
0
 10
-7.48489
 20
60.1625
 11
-7.44965
 21
59.9675
  0
LINE
  8
0
 10
-7.44965
 20
59.9675
 11
-7.40753
 21
59.6667
  0
LINE
  8
0
 10
-7.40753
 20
59.6667
 11
-7.39014
 21
59.4832
  0
LINE
  8
0
 10
-7.39014
 20
59.4832
 11
-7.37869
 21
59.3033
  0
LINE
  8
0
 10
-7.37869
 20
59.3033
 11
-7.37457
 21
59.198
  0
LINE
  8
0
 10
-7.37457
 20
59.198
 11
-7.3732
 21
59.0923
  0
LINE
  8
0
 10
-7.3732
 20
59.0923
 11
-7.37778
 21
58.8867
  0
LINE
  8
0
 10
-7.37778
 20
58.8867
 11
-7.38556
 21
58.7535
  0
LINE
  8
0
 10
-7.38556
 20
58.7535
 11
-7.40158
 21
58.5887
  0
LINE
  8
0
 10
-7.40158
 20
58.5887
 11
-7.41898
 21
58.4605
  0
LINE
  8
0
 10
-7.41898
 20
58.4605
 11
-7.44095
 21
58.3347
  0
LINE
  8
0
 10
-7.44095
 20
58.3347
 11
-7.47345
 21
58.1804
  0
LINE
  8
0
 10
-7.47345
 20
58.1804
 11
-7.51282
 21
58.0307
  0
LINE
  8
0
 10
-7.51282
 20
58.0307
 11
-7.55905
 21
57.8828
  0
LINE
  8
0
 10
-7.55905
 20
57.8828
 11
-7.57828
 21
57.8252
  0
LINE
  8
0
 10
-7.57828
 20
57.8252
 11
-7.63367
 21
57.6837
  0
LINE
  8
0
 10
-7.63367
 20
57.6837
 11
-7.69547
 21
57.5459
  0
LINE
  8
0
 10
-7.69547
 20
57.5459
 11
-7.74902
 21
57.4384
  0
LINE
  8
0
 10
-7.74902
 20
57.4384
 11
-7.79205
 21
57.3592
  0
LINE
  8
0
 10
-7.79205
 20
57.3592
 11
-7.86896
 21
57.2305
  0
LINE
  8
0
 10
-7.86896
 20
57.2305
 11
-7.93533
 21
57.1303
  0
LINE
  8
0
 10
-7.93533
 20
57.1303
 11
-8.02368
 21
57.0076
  0
LINE
  8
0
 10
-8.02368
 20
57.0076
 11
-8.11798
 21
56.8913
  0
LINE
  8
0
 10
-8.11798
 20
56.8913
 11
-8.22052
 21
56.7755
  0
LINE
  8
0
 10
-8.22052
 20
56.7755
 11
-8.32901
 21
56.6647
  0
LINE
  8
0
 10
-8.32901
 20
56.6647
 11
-8.44345
 21
56.5576
  0
LINE
  8
0
 10
-8.44345
 20
56.5576
 11
-8.58856
 21
56.4349
  0
LINE
  8
0
 10
-8.58856
 20
56.4349
 11
-8.71857
 21
56.3351
  0
LINE
  8
0
 10
-8.71857
 20
56.3351
 11
-8.82523
 21
56.2596
  0
LINE
  8
0
 10
-8.82523
 20
56.2596
 11
-8.93784
 21
56.1859
  0
LINE
  8
0
 10
-8.93784
 20
56.1859
 11
-9.02481
 21
56.1314
  0
LINE
  8
0
 10
-9.02481
 20
56.1314
 11
-9.20517
 21
56.028
  0
LINE
  8
0
 10
-9.20517
 20
56.028
 11
-9.36264
 21
55.9451
  0
LINE
  8
0
 10
-9.36264
 20
55.9451
 11
-9.56039
 21
55.8513
  0
LINE
  8
0
 10
-9.56039
 20
55.8513
 11
-9.76639
 21
55.7634
  0
LINE
  8
0
 10
-9.76639
 20
55.7634
 11
-9.94583
 21
55.6943
  0
LINE
  8
0
 10
-9.94583
 20
55.6943
 11
-10.0951
 21
55.6403
  0
LINE
  8
0
 10
-10.0951
 20
55.6403
 11
-10.3244
 21
55.5661
  0
LINE
  8
0
 10
-10.3244
 20
55.5661
 11
-10.5244
 21
55.508
  0
LINE
  8
0
 10
-10.5244
 20
55.508
 11
-10.7712
 21
55.443
  0
LINE
  8
0
 10
-10.7712
 20
55.443
 11
-10.9854
 21
55.3926
  0
LINE
  8
0
 10
-10.9854
 20
55.3926
 11
-11.1607
 21
55.3555
  0
LINE
  8
0
 10
-11.1607
 20
55.3555
 11
-11.4304
 21
55.3038
  0
LINE
  8
0
 10
-11.4304
 20
55.3038
 11
-11.6643
 21
55.2649
  0
LINE
  8
0
 10
-11.6643
 20
55.2649
 11
-12.0012
 21
55.2173
  0
LINE
  8
0
 10
-12.0012
 20
55.2173
 11
-12.3001
 21
55.1816
  0
LINE
  8
0
 10
-12.3001
 20
55.1816
 11
-12.6082
 21
55.1523
  0
LINE
  8
0
 10
-12.6082
 20
55.1523
 11
-12.9254
 21
55.1276
  0
LINE
  8
0
 10
-12.9254
 20
55.1276
 11
-13.1804
 21
55.112
  0
LINE
  8
0
 10
-13.1804
 20
55.112
 11
-13.2953
 21
55.3409
  0
LINE
  8
0
 10
12.9254
 20
55.1276
 11
12.6082
 21
55.1523
  0
LINE
  8
0
 10
12.6082
 20
55.1523
 11
12.3001
 21
55.1816
  0
LINE
  8
0
 10
12.3001
 20
55.1816
 11
12.0012
 21
55.2173
  0
LINE
  8
0
 10
12.0012
 20
55.2173
 11
11.6643
 21
55.2649
  0
LINE
  8
0
 10
11.6643
 20
55.2649
 11
11.4304
 21
55.3033
  0
LINE
  8
0
 10
11.4304
 20
55.3033
 11
11.1607
 21
55.3555
  0
LINE
  8
0
 10
11.1607
 20
55.3555
 11
10.9854
 21
55.3926
  0
LINE
  8
0
 10
10.9854
 20
55.3926
 11
10.7712
 21
55.443
  0
LINE
  8
0
 10
10.7712
 20
55.443
 11
10.5244
 21
55.508
  0
LINE
  8
0
 10
10.5244
 20
55.508
 11
10.3244
 21
55.5661
  0
LINE
  8
0
 10
10.3244
 20
55.5661
 11
10.0951
 21
55.6407
  0
LINE
  8
0
 10
10.0951
 20
55.6407
 11
9.94583
 21
55.6943
  0
LINE
  8
0
 10
9.94583
 20
55.6943
 11
9.76639
 21
55.7634
  0
LINE
  8
0
 10
9.76639
 20
55.7634
 11
9.55948
 21
55.8517
  0
LINE
  8
0
 10
9.55948
 20
55.8517
 11
9.36172
 21
55.9456
  0
LINE
  8
0
 10
9.36172
 20
55.9456
 11
9.20517
 21
56.028
  0
LINE
  8
0
 10
9.20517
 20
56.028
 11
9.0239
 21
56.1319
  0
LINE
  8
0
 10
9.0239
 20
56.1319
 11
8.93784
 21
56.1859
  0
LINE
  8
0
 10
8.93784
 20
56.1859
 11
8.82523
 21
56.2596
  0
LINE
  8
0
 10
8.82523
 20
56.2596
 11
8.71857
 21
56.3351
  0
LINE
  8
0
 10
8.71857
 20
56.3351
 11
8.58856
 21
56.4349
  0
LINE
  8
0
 10
8.58856
 20
56.4349
 11
8.44345
 21
56.5576
  0
LINE
  8
0
 10
8.44345
 20
56.5576
 11
8.32809
 21
56.6656
  0
LINE
  8
0
 10
8.32809
 20
56.6656
 11
8.2196
 21
56.7764
  0
LINE
  8
0
 10
8.2196
 20
56.7764
 11
8.11798
 21
56.8913
  0
LINE
  8
0
 10
8.11798
 20
56.8913
 11
8.02277
 21
57.009
  0
LINE
  8
0
 10
8.02277
 20
57.009
 11
7.93533
 21
57.1303
  0
LINE
  8
0
 10
7.93533
 20
57.1303
 11
7.8685
 21
57.2314
  0
LINE
  8
0
 10
7.8685
 20
57.2314
 11
7.79114
 21
57.3605
  0
LINE
  8
0
 10
7.79114
 20
57.3605
 11
7.74857
 21
57.4393
  0
LINE
  8
0
 10
7.74857
 20
57.4393
 11
7.69501
 21
57.5468
  0
LINE
  8
0
 10
7.69501
 20
57.5468
 11
7.63321
 21
57.6851
  0
LINE
  8
0
 10
7.63321
 20
57.6851
 11
7.57782
 21
57.8265
  0
LINE
  8
0
 10
7.57782
 20
57.8265
 11
7.55859
 21
57.8838
  0
LINE
  8
0
 10
7.55859
 20
57.8838
 11
7.51282
 21
58.0307
  0
LINE
  8
0
 10
7.51282
 20
58.0307
 11
7.47299
 21
58.1818
  0
LINE
  8
0
 10
7.47299
 20
58.1818
 11
7.44049
 21
58.336
  0
LINE
  8
0
 10
7.44049
 20
58.336
 11
7.41898
 21
58.4615
  0
LINE
  8
0
 10
7.41898
 20
58.4615
 11
7.40158
 21
58.5901
  0
LINE
  8
0
 10
7.40158
 20
58.5901
 11
7.38556
 21
58.7544
  0
LINE
  8
0
 10
7.38556
 20
58.7544
 11
7.37823
 21
58.8867
  0
LINE
  8
0
 10
7.37823
 20
58.8867
 11
7.3732
 21
59.0932
  0
LINE
  8
0
 10
7.3732
 20
59.0932
 11
7.37411
 21
59.198
  0
LINE
  8
0
 10
7.37411
 20
59.198
 11
7.37869
 21
59.3033
  0
LINE
  8
0
 10
7.37869
 20
59.3033
 11
7.39014
 21
59.4832
  0
LINE
  8
0
 10
7.39014
 20
59.4832
 11
7.40753
 21
59.6667
  0
LINE
  8
0
 10
7.40753
 20
59.6667
 11
7.44965
 21
59.9675
  0
LINE
  8
0
 10
7.44965
 20
59.9675
 11
7.48444
 21
60.1625
  0
LINE
  8
0
 10
7.48444
 20
60.1625
 11
7.53479
 21
60.3987
  0
LINE
  8
0
 10
7.53479
 20
60.3987
 11
7.5737
 21
60.5598
  0
LINE
  8
0
 10
7.5737
 20
60.5598
 11
7.62772
 21
60.7635
  0
LINE
  8
0
 10
7.62772
 20
60.7635
 11
7.70142
 21
61.0144
  0
LINE
  8
0
 10
7.70142
 20
61.0144
 11
7.79938
 21
61.3133
  0
LINE
  8
0
 10
7.79938
 20
61.3133
 11
7.91016
 21
61.6191
  0
LINE
  8
0
 10
7.91016
 20
61.6191
 11
8.05161
 21
61.9785
  0
LINE
  8
0
 10
8.05161
 20
61.9785
 11
8.21045
 21
62.3474
  0
LINE
  8
0
 10
8.21045
 20
62.3474
 11
8.36288
 21
62.6775
  0
LINE
  8
0
 10
8.36288
 20
62.6775
 11
8.52814
 21
63.0148
  0
LINE
  8
0
 10
8.52814
 20
63.0148
 11
8.74786
 21
62.7901
  0
LINE
  8
0
 10
8.74786
 20
62.7901
 11
8.66272
 21
63.0936
  0
LINE
  8
0
 10
8.66272
 20
63.0936
 11
9.03717
 21
63.0675
  0
LINE
  8
0
 10
9.03717
 20
63.0675
 11
9.39972
 21
63.0345
  0
LINE
  8
0
 10
9.39972
 20
63.0345
 11
9.79797
 21
62.9874
  0
LINE
  8
0
 10
9.79797
 20
62.9874
 11
10.1802
 21
62.9306
  0
LINE
  8
0
 10
10.1802
 20
62.9306
 11
10.5016
 21
62.8734
  0
LINE
  8
0
 10
10.5016
 20
62.8734
 11
10.8083
 21
62.8084
  0
LINE
  8
0
 10
10.8083
 20
62.8084
 11
11.0632
 21
62.7466
  0
LINE
  8
0
 10
11.0632
 20
62.7466
 11
11.2669
 21
62.6917
  0
LINE
  8
0
 10
11.2669
 20
62.6917
 11
11.4262
 21
62.645
  0
LINE
  8
0
 10
11.4262
 20
62.645
 11
11.6556
 21
62.5703
  0
LINE
  8
0
 10
11.6556
 20
62.5703
 11
11.8401
 21
62.5035
  0
LINE
  8
0
 10
11.8401
 20
62.5035
 11
12.1234
 21
62.3891
  0
LINE
  8
0
 10
12.1234
 20
62.3891
 11
12.291
 21
62.3126
  0
LINE
  8
0
 10
12.291
 20
62.3126
 11
12.4525
 21
62.2325
  0
LINE
  8
0
 10
12.4525
 20
62.2325
 11
12.5459
 21
62.1831
  0
LINE
  8
0
 10
12.5459
 20
62.1831
 11
12.6379
 21
62.1318
  0
LINE
  8
0
 10
12.6379
 20
62.1318
 11
12.8133
 21
62.0251
  0
LINE
  8
0
 10
12.8133
 20
62.0251
 11
12.9254
 21
61.9514
  0
LINE
  8
0
 10
12.9254
 20
61.9514
 11
13.0586
 21
61.8562
  0
LINE
  8
0
 10
13.0586
 20
61.8562
 11
13.1621
 21
61.7761
  0
LINE
  8
0
 10
13.1621
 20
61.7761
 11
13.2596
 21
61.6956
  0
LINE
  8
0
 10
13.2596
 20
61.6956
 11
13.3777
 21
61.5889
  0
LINE
  8
0
 10
13.3777
 20
61.5889
 11
13.4885
 21
61.4795
  0
LINE
  8
0
 10
13.4885
 20
61.4795
 11
13.5924
 21
61.3669
  0
LINE
  8
0
 10
13.5924
 20
61.3669
 11
13.6327
 21
61.3202
  0
LINE
  8
0
 10
13.6327
 20
61.3202
 11
13.7279
 21
61.2021
  0
LINE
  8
0
 10
13.7279
 20
61.2021
 11
13.8153
 21
61.0808
  0
LINE
  8
0
 10
13.8153
 20
61.0808
 11
13.8821
 21
60.9796
  0
LINE
  8
0
 10
13.8821
 20
60.9796
 11
13.9297
 21
60.9027
  0
LINE
  8
0
 10
13.9297
 20
60.9027
 11
14.0016
 21
60.7732
  0
LINE
  8
0
 10
14.0016
 20
60.7732
 11
14.0556
 21
60.6642
  0
LINE
  8
0
 10
14.0556
 20
60.6642
 11
14.1174
 21
60.526
  0
LINE
  8
0
 10
14.1174
 20
60.526
 11
14.1728
 21
60.3845
  0
LINE
  8
0
 10
14.1728
 20
60.3845
 11
14.2209
 21
60.2394
  0
LINE
  8
0
 10
14.2209
 20
60.2394
 11
14.2621
 21
60.0902
  0
LINE
  8
0
 10
14.2621
 20
60.0902
 11
14.2982
 21
59.9373
  0
LINE
  8
0
 10
14.2982
 20
59.9373
 11
14.3321
 21
59.7491
  0
LINE
  8
0
 10
14.3321
 20
59.7491
 11
14.3527
 21
59.5885
  0
LINE
  8
0
 10
14.3527
 20
59.5885
 11
14.3651
 21
59.4566
  0
LINE
  8
0
 10
14.3651
 20
59.4566
 11
14.3729
 21
59.323
  0
LINE
  8
0
 10
14.3729
 20
59.323
 11
14.3765
 21
59.2218
  0
LINE
  8
0
 10
14.3765
 20
59.2218
 11
14.3765
 21
59.0131
  0
LINE
  8
0
 10
14.3765
 20
59.0131
 11
14.3683
 21
58.8354
  0
LINE
  8
0
 10
14.3683
 20
58.8354
 11
14.3509
 21
58.6166
  0
LINE
  8
0
 10
14.3509
 20
58.6166
 11
14.3239
 21
58.3937
  0
LINE
  8
0
 10
14.3239
 20
58.3937
 11
14.295
 21
58.2037
  0
LINE
  8
0
 10
14.295
 20
58.2037
 11
14.2662
 21
58.0486
  0
LINE
  8
0
 10
14.2662
 20
58.0486
 11
14.2159
 21
57.8119
  0
LINE
  8
0
 10
14.2159
 20
57.8119
 11
14.1664
 21
57.6105
  0
LINE
  8
0
 10
14.1664
 20
57.6105
 11
14.0991
 21
57.3647
  0
LINE
  8
0
 10
14.0991
 20
57.3647
 11
14.0364
 21
57.1536
  0
LINE
  8
0
 10
14.0364
 20
57.1536
 11
13.9806
 21
56.9843
  0
LINE
  8
0
 10
13.9806
 20
56.9843
 11
13.8904
 21
56.7233
  0
LINE
  8
0
 10
13.8904
 20
56.7233
 11
13.8071
 21
56.5027
  0
LINE
  8
0
 10
13.8071
 20
56.5027
 11
13.6798
 21
56.1868
  0
LINE
  8
0
 10
13.6798
 20
56.1868
 11
13.5612
 21
55.9094
  0
LINE
  8
0
 10
13.5612
 20
55.9094
 11
13.4322
 21
55.6279
  0
LINE
  8
0
 10
13.4322
 20
55.6279
 11
13.2953
 21
55.3409
  0
LINE
  8
0
 10
13.2953
 20
55.3409
 11
13.1804
 21
55.112
  0
LINE
  8
0
 10
13.1804
 20
55.112
 11
12.9254
 21
55.1276
  0
LINE
  8
0
 10
-43.2953
 20
55.3409
 11
-43.4322
 21
55.6279
  0
LINE
  8
0
 10
-43.4322
 20
55.6279
 11
-43.5612
 21
55.9099
  0
LINE
  8
0
 10
-43.5612
 20
55.9099
 11
-43.6798
 21
56.1868
  0
LINE
  8
0
 10
-43.6798
 20
56.1868
 11
-43.8075
 21
56.5027
  0
LINE
  8
0
 10
-43.8075
 20
56.5027
 11
-43.8899
 21
56.7233
  0
LINE
  8
0
 10
-43.8899
 20
56.7233
 11
-43.922
 21
56.8153
  0
LINE
  8
0
 10
-43.922
 20
56.8153
 11
-42.1091
 21
62.3948
  0
LINE
  8
0
 10
-42.1091
 20
62.3948
 11
-41.8401
 21
62.5035
  0
LINE
  8
0
 10
-41.8401
 20
62.5035
 11
-41.6556
 21
62.5708
  0
LINE
  8
0
 10
-41.6556
 20
62.5708
 11
-41.4262
 21
62.645
  0
LINE
  8
0
 10
-41.4262
 20
62.645
 11
-41.2669
 21
62.6917
  0
LINE
  8
0
 10
-41.2669
 20
62.6917
 11
-41.0632
 21
62.7466
  0
LINE
  8
0
 10
-41.0632
 20
62.7466
 11
-40.8083
 21
62.8084
  0
LINE
  8
0
 10
-40.8083
 20
62.8084
 11
-40.5016
 21
62.8729
  0
LINE
  8
0
 10
-40.5016
 20
62.8729
 11
-40.1802
 21
62.9306
  0
LINE
  8
0
 10
-40.1802
 20
62.9306
 11
-39.798
 21
62.9874
  0
LINE
  8
0
 10
-39.798
 20
62.9874
 11
-39.3997
 21
63.0345
  0
LINE
  8
0
 10
-39.3997
 20
63.0345
 11
-39.0372
 21
63.0675
  0
LINE
  8
0
 10
-39.0372
 20
63.0675
 11
-38.6627
 21
63.0936
  0
LINE
  8
0
 10
-38.6627
 20
63.0936
 11
-38.7479
 21
62.7901
  0
LINE
  8
0
 10
-38.7479
 20
62.7901
 11
-38.5281
 21
63.0148
  0
LINE
  8
0
 10
-38.5281
 20
63.0148
 11
-38.3629
 21
62.6775
  0
LINE
  8
0
 10
-38.3629
 20
62.6775
 11
-38.2104
 21
62.3474
  0
LINE
  8
0
 10
-38.2104
 20
62.3474
 11
-38.0516
 21
61.9785
  0
LINE
  8
0
 10
-38.0516
 20
61.9785
 11
-37.9102
 21
61.6191
  0
LINE
  8
0
 10
-37.9102
 20
61.6191
 11
-37.7989
 21
61.3133
  0
LINE
  8
0
 10
-37.7989
 20
61.3133
 11
-37.7019
 21
61.0144
  0
LINE
  8
0
 10
-37.7019
 20
61.0144
 11
-37.6277
 21
60.7635
  0
LINE
  8
0
 10
-37.6277
 20
60.7635
 11
-37.5737
 21
60.5598
  0
LINE
  8
0
 10
-37.5737
 20
60.5598
 11
-37.5348
 21
60.3987
  0
LINE
  8
0
 10
-37.5348
 20
60.3987
 11
-37.4849
 21
60.1625
  0
LINE
  8
0
 10
-37.4849
 20
60.1625
 11
-37.4496
 21
59.9675
  0
LINE
  8
0
 10
-37.4496
 20
59.9675
 11
-37.4075
 21
59.6667
  0
LINE
  8
0
 10
-37.4075
 20
59.6667
 11
-37.3901
 21
59.4832
  0
LINE
  8
0
 10
-37.3901
 20
59.4832
 11
-37.3787
 21
59.3033
  0
LINE
  8
0
 10
-37.3787
 20
59.3033
 11
-37.3746
 21
59.198
  0
LINE
  8
0
 10
-37.3746
 20
59.198
 11
-37.3732
 21
59.0923
  0
LINE
  8
0
 10
-37.3732
 20
59.0923
 11
-37.3778
 21
58.8867
  0
LINE
  8
0
 10
-37.3778
 20
58.8867
 11
-37.3856
 21
58.7535
  0
LINE
  8
0
 10
-37.3856
 20
58.7535
 11
-37.4016
 21
58.5887
  0
LINE
  8
0
 10
-37.4016
 20
58.5887
 11
-37.419
 21
58.4605
  0
LINE
  8
0
 10
-37.419
 20
58.4605
 11
-37.4409
 21
58.3347
  0
LINE
  8
0
 10
-37.4409
 20
58.3347
 11
-37.4734
 21
58.1804
  0
LINE
  8
0
 10
-37.4734
 20
58.1804
 11
-37.5128
 21
58.0307
  0
LINE
  8
0
 10
-37.5128
 20
58.0307
 11
-37.5591
 21
57.8828
  0
LINE
  8
0
 10
-37.5591
 20
57.8828
 11
-37.5783
 21
57.8252
  0
LINE
  8
0
 10
-37.5783
 20
57.8252
 11
-37.6337
 21
57.6837
  0
LINE
  8
0
 10
-37.6337
 20
57.6837
 11
-37.6955
 21
57.5459
  0
LINE
  8
0
 10
-37.6955
 20
57.5459
 11
-37.749
 21
57.4384
  0
LINE
  8
0
 10
-37.749
 20
57.4384
 11
-37.7921
 21
57.3592
  0
LINE
  8
0
 10
-37.7921
 20
57.3592
 11
-37.869
 21
57.2305
  0
LINE
  8
0
 10
-37.869
 20
57.2305
 11
-37.9353
 21
57.1303
  0
LINE
  8
0
 10
-37.9353
 20
57.1303
 11
-38.0237
 21
57.0076
  0
LINE
  8
0
 10
-38.0237
 20
57.0076
 11
-38.118
 21
56.8913
  0
LINE
  8
0
 10
-38.118
 20
56.8913
 11
-38.2205
 21
56.7755
  0
LINE
  8
0
 10
-38.2205
 20
56.7755
 11
-38.329
 21
56.6647
  0
LINE
  8
0
 10
-38.329
 20
56.6647
 11
-38.4435
 21
56.5576
  0
LINE
  8
0
 10
-38.4435
 20
56.5576
 11
-38.5886
 21
56.4349
  0
LINE
  8
0
 10
-38.5886
 20
56.4349
 11
-38.7186
 21
56.3351
  0
LINE
  8
0
 10
-38.7186
 20
56.3351
 11
-38.8252
 21
56.2596
  0
LINE
  8
0
 10
-38.8252
 20
56.2596
 11
-38.9378
 21
56.1859
  0
LINE
  8
0
 10
-38.9378
 20
56.1859
 11
-39.0248
 21
56.1314
  0
LINE
  8
0
 10
-39.0248
 20
56.1314
 11
-39.2052
 21
56.028
  0
LINE
  8
0
 10
-39.2052
 20
56.028
 11
-39.3626
 21
55.9451
  0
LINE
  8
0
 10
-39.3626
 20
55.9451
 11
-39.5604
 21
55.8513
  0
LINE
  8
0
 10
-39.5604
 20
55.8513
 11
-39.7664
 21
55.7634
  0
LINE
  8
0
 10
-39.7664
 20
55.7634
 11
-39.9458
 21
55.6943
  0
LINE
  8
0
 10
-39.9458
 20
55.6943
 11
-40.0951
 21
55.6403
  0
LINE
  8
0
 10
-40.0951
 20
55.6403
 11
-40.3244
 21
55.5661
  0
LINE
  8
0
 10
-40.3244
 20
55.5661
 11
-40.5244
 21
55.508
  0
LINE
  8
0
 10
-40.5244
 20
55.508
 11
-40.7712
 21
55.443
  0
LINE
  8
0
 10
-40.7712
 20
55.443
 11
-40.9854
 21
55.3926
  0
LINE
  8
0
 10
-40.9854
 20
55.3926
 11
-41.1607
 21
55.3555
  0
LINE
  8
0
 10
-41.1607
 20
55.3555
 11
-41.4304
 21
55.3038
  0
LINE
  8
0
 10
-41.4304
 20
55.3038
 11
-41.6643
 21
55.2649
  0
LINE
  8
0
 10
-41.6643
 20
55.2649
 11
-42.0012
 21
55.2173
  0
LINE
  8
0
 10
-42.0012
 20
55.2173
 11
-42.3001
 21
55.1816
  0
LINE
  8
0
 10
-42.3001
 20
55.1816
 11
-42.6082
 21
55.1523
  0
LINE
  8
0
 10
-42.6082
 20
55.1523
 11
-42.9254
 21
55.1276
  0
LINE
  8
0
 10
-42.9254
 20
55.1276
 11
-43.1804
 21
55.112
  0
LINE
  8
0
 10
-43.1804
 20
55.112
 11
-43.2953
 21
55.3409
  0
LINE
  8
0
 10
-17.0746
 20
55.1276
 11
-17.3918
 21
55.1523
  0
LINE
  8
0
 10
-17.3918
 20
55.1523
 11
-17.6999
 21
55.1816
  0
LINE
  8
0
 10
-17.6999
 20
55.1816
 11
-17.9988
 21
55.2173
  0
LINE
  8
0
 10
-17.9988
 20
55.2173
 11
-18.3357
 21
55.2649
  0
LINE
  8
0
 10
-18.3357
 20
55.2649
 11
-18.5696
 21
55.3033
  0
LINE
  8
0
 10
-18.5696
 20
55.3033
 11
-18.8393
 21
55.3555
  0
LINE
  8
0
 10
-18.8393
 20
55.3555
 11
-19.0146
 21
55.3926
  0
LINE
  8
0
 10
-19.0146
 20
55.3926
 11
-19.2288
 21
55.443
  0
LINE
  8
0
 10
-19.2288
 20
55.443
 11
-19.4756
 21
55.508
  0
LINE
  8
0
 10
-19.4756
 20
55.508
 11
-19.6756
 21
55.5661
  0
LINE
  8
0
 10
-19.6756
 20
55.5661
 11
-19.9049
 21
55.6407
  0
LINE
  8
0
 10
-19.9049
 20
55.6407
 11
-20.0542
 21
55.6943
  0
LINE
  8
0
 10
-20.0542
 20
55.6943
 11
-20.2336
 21
55.7634
  0
LINE
  8
0
 10
-20.2336
 20
55.7634
 11
-20.4405
 21
55.8517
  0
LINE
  8
0
 10
-20.4405
 20
55.8517
 11
-20.6383
 21
55.9456
  0
LINE
  8
0
 10
-20.6383
 20
55.9456
 11
-20.7948
 21
56.028
  0
LINE
  8
0
 10
-20.7948
 20
56.028
 11
-20.9761
 21
56.1319
  0
LINE
  8
0
 10
-20.9761
 20
56.1319
 11
-21.0622
 21
56.1859
  0
LINE
  8
0
 10
-21.0622
 20
56.1859
 11
-21.1748
 21
56.2596
  0
LINE
  8
0
 10
-21.1748
 20
56.2596
 11
-21.2814
 21
56.3351
  0
LINE
  8
0
 10
-21.2814
 20
56.3351
 11
-21.4114
 21
56.4349
  0
LINE
  8
0
 10
-21.4114
 20
56.4349
 11
-21.5565
 21
56.5576
  0
LINE
  8
0
 10
-21.5565
 20
56.5576
 11
-21.6719
 21
56.6656
  0
LINE
  8
0
 10
-21.6719
 20
56.6656
 11
-21.7804
 21
56.7764
  0
LINE
  8
0
 10
-21.7804
 20
56.7764
 11
-21.882
 21
56.8913
  0
LINE
  8
0
 10
-21.882
 20
56.8913
 11
-21.9772
 21
57.009
  0
LINE
  8
0
 10
-21.9772
 20
57.009
 11
-22.0647
 21
57.1303
  0
LINE
  8
0
 10
-22.0647
 20
57.1303
 11
-22.1315
 21
57.2314
  0
LINE
  8
0
 10
-22.1315
 20
57.2314
 11
-22.2089
 21
57.3605
  0
LINE
  8
0
 10
-22.2089
 20
57.3605
 11
-22.2514
 21
57.4393
  0
LINE
  8
0
 10
-22.2514
 20
57.4393
 11
-22.305
 21
57.5468
  0
LINE
  8
0
 10
-22.305
 20
57.5468
 11
-22.3668
 21
57.6851
  0
LINE
  8
0
 10
-22.3668
 20
57.6851
 11
-22.4222
 21
57.8265
  0
LINE
  8
0
 10
-22.4222
 20
57.8265
 11
-22.4414
 21
57.8838
  0
LINE
  8
0
 10
-22.4414
 20
57.8838
 11
-22.4872
 21
58.0307
  0
LINE
  8
0
 10
-22.4872
 20
58.0307
 11
-22.527
 21
58.1818
  0
LINE
  8
0
 10
-22.527
 20
58.1818
 11
-22.5595
 21
58.336
  0
LINE
  8
0
 10
-22.5595
 20
58.336
 11
-22.581
 21
58.4615
  0
LINE
  8
0
 10
-22.581
 20
58.4615
 11
-22.5984
 21
58.5901
  0
LINE
  8
0
 10
-22.5984
 20
58.5901
 11
-22.6144
 21
58.7544
  0
LINE
  8
0
 10
-22.6144
 20
58.7544
 11
-22.6218
 21
58.8867
  0
LINE
  8
0
 10
-22.6218
 20
58.8867
 11
-22.6268
 21
59.0932
  0
LINE
  8
0
 10
-22.6268
 20
59.0932
 11
-22.6259
 21
59.198
  0
LINE
  8
0
 10
-22.6259
 20
59.198
 11
-22.6213
 21
59.3033
  0
LINE
  8
0
 10
-22.6213
 20
59.3033
 11
-22.6099
 21
59.4832
  0
LINE
  8
0
 10
-22.6099
 20
59.4832
 11
-22.5925
 21
59.6667
  0
LINE
  8
0
 10
-22.5925
 20
59.6667
 11
-22.5504
 21
59.9675
  0
LINE
  8
0
 10
-22.5504
 20
59.9675
 11
-22.5156
 21
60.1625
  0
LINE
  8
0
 10
-22.5156
 20
60.1625
 11
-22.4652
 21
60.3987
  0
LINE
  8
0
 10
-22.4652
 20
60.3987
 11
-22.4263
 21
60.5598
  0
LINE
  8
0
 10
-22.4263
 20
60.5598
 11
-22.3723
 21
60.7635
  0
LINE
  8
0
 10
-22.3723
 20
60.7635
 11
-22.2986
 21
61.0144
  0
LINE
  8
0
 10
-22.2986
 20
61.0144
 11
-22.2006
 21
61.3133
  0
LINE
  8
0
 10
-22.2006
 20
61.3133
 11
-22.0898
 21
61.6191
  0
LINE
  8
0
 10
-22.0898
 20
61.6191
 11
-21.9484
 21
61.9785
  0
LINE
  8
0
 10
-21.9484
 20
61.9785
 11
-21.7896
 21
62.3474
  0
LINE
  8
0
 10
-21.7896
 20
62.3474
 11
-21.6371
 21
62.6775
  0
LINE
  8
0
 10
-21.6371
 20
62.6775
 11
-21.4719
 21
63.0148
  0
LINE
  8
0
 10
-21.4719
 20
63.0148
 11
-21.2521
 21
62.7901
  0
LINE
  8
0
 10
-21.2521
 20
62.7901
 11
-21.3373
 21
63.0936
  0
LINE
  8
0
 10
-21.3373
 20
63.0936
 11
-20.9628
 21
63.0675
  0
LINE
  8
0
 10
-20.9628
 20
63.0675
 11
-20.6003
 21
63.0345
  0
LINE
  8
0
 10
-20.6003
 20
63.0345
 11
-20.202
 21
62.9874
  0
LINE
  8
0
 10
-20.202
 20
62.9874
 11
-19.8198
 21
62.9306
  0
LINE
  8
0
 10
-19.8198
 20
62.9306
 11
-19.4984
 21
62.8734
  0
LINE
  8
0
 10
-19.4984
 20
62.8734
 11
-19.1917
 21
62.8084
  0
LINE
  8
0
 10
-19.1917
 20
62.8084
 11
-18.9368
 21
62.7466
  0
LINE
  8
0
 10
-18.9368
 20
62.7466
 11
-18.7331
 21
62.6917
  0
LINE
  8
0
 10
-18.7331
 20
62.6917
 11
-18.5738
 21
62.645
  0
LINE
  8
0
 10
-18.5738
 20
62.645
 11
-18.3444
 21
62.5703
  0
LINE
  8
0
 10
-18.3444
 20
62.5703
 11
-18.1599
 21
62.5035
  0
LINE
  8
0
 10
-18.1599
 20
62.5035
 11
-17.8766
 21
62.3891
  0
LINE
  8
0
 10
-17.8766
 20
62.3891
 11
-17.709
 21
62.3126
  0
LINE
  8
0
 10
-17.709
 20
62.3126
 11
-17.5475
 21
62.2325
  0
LINE
  8
0
 10
-17.5475
 20
62.2325
 11
-17.4541
 21
62.1831
  0
LINE
  8
0
 10
-17.4541
 20
62.1831
 11
-17.3621
 21
62.1318
  0
LINE
  8
0
 10
-17.3621
 20
62.1318
 11
-17.1867
 21
62.0251
  0
LINE
  8
0
 10
-17.1867
 20
62.0251
 11
-17.0746
 21
61.9514
  0
LINE
  8
0
 10
-17.0746
 20
61.9514
 11
-16.9414
 21
61.8562
  0
LINE
  8
0
 10
-16.9414
 20
61.8562
 11
-16.8379
 21
61.7761
  0
LINE
  8
0
 10
-16.8379
 20
61.7761
 11
-16.7404
 21
61.6956
  0
LINE
  8
0
 10
-16.7404
 20
61.6956
 11
-16.6223
 21
61.5889
  0
LINE
  8
0
 10
-16.6223
 20
61.5889
 11
-16.5115
 21
61.4795
  0
LINE
  8
0
 10
-16.5115
 20
61.4795
 11
-16.4076
 21
61.3669
  0
LINE
  8
0
 10
-16.4076
 20
61.3669
 11
-16.3673
 21
61.3202
  0
LINE
  8
0
 10
-16.3673
 20
61.3202
 11
-16.2721
 21
61.2021
  0
LINE
  8
0
 10
-16.2721
 20
61.2021
 11
-16.1847
 21
61.0808
  0
LINE
  8
0
 10
-16.1847
 20
61.0808
 11
-16.1179
 21
60.9796
  0
LINE
  8
0
 10
-16.1179
 20
60.9796
 11
-16.0703
 21
60.9027
  0
LINE
  8
0
 10
-16.0703
 20
60.9027
 11
-15.9984
 21
60.7732
  0
LINE
  8
0
 10
-15.9984
 20
60.7732
 11
-15.9444
 21
60.6642
  0
LINE
  8
0
 10
-15.9444
 20
60.6642
 11
-15.8826
 21
60.526
  0
LINE
  8
0
 10
-15.8826
 20
60.526
 11
-15.8272
 21
60.3845
  0
LINE
  8
0
 10
-15.8272
 20
60.3845
 11
-15.7791
 21
60.2394
  0
LINE
  8
0
 10
-15.7791
 20
60.2394
 11
-15.7379
 21
60.0902
  0
LINE
  8
0
 10
-15.7379
 20
60.0902
 11
-15.7018
 21
59.9373
  0
LINE
  8
0
 10
-15.7018
 20
59.9373
 11
-15.6679
 21
59.7491
  0
LINE
  8
0
 10
-15.6679
 20
59.7491
 11
-15.6473
 21
59.5885
  0
LINE
  8
0
 10
-15.6473
 20
59.5885
 11
-15.6349
 21
59.4566
  0
LINE
  8
0
 10
-15.6349
 20
59.4566
 11
-15.6271
 21
59.323
  0
LINE
  8
0
 10
-15.6271
 20
59.323
 11
-15.6235
 21
59.2218
  0
LINE
  8
0
 10
-15.6235
 20
59.2218
 11
-15.6235
 21
59.0131
  0
LINE
  8
0
 10
-15.6235
 20
59.0131
 11
-15.6317
 21
58.8354
  0
LINE
  8
0
 10
-15.6317
 20
58.8354
 11
-15.6491
 21
58.6166
  0
LINE
  8
0
 10
-15.6491
 20
58.6166
 11
-15.6761
 21
58.3937
  0
LINE
  8
0
 10
-15.6761
 20
58.3937
 11
-15.705
 21
58.2037
  0
LINE
  8
0
 10
-15.705
 20
58.2037
 11
-15.7338
 21
58.0486
  0
LINE
  8
0
 10
-15.7338
 20
58.0486
 11
-15.7841
 21
57.8119
  0
LINE
  8
0
 10
-15.7841
 20
57.8119
 11
-15.8336
 21
57.6105
  0
LINE
  8
0
 10
-15.8336
 20
57.6105
 11
-15.9009
 21
57.3647
  0
LINE
  8
0
 10
-15.9009
 20
57.3647
 11
-15.9636
 21
57.1536
  0
LINE
  8
0
 10
-15.9636
 20
57.1536
 11
-16.0194
 21
56.9843
  0
LINE
  8
0
 10
-16.0194
 20
56.9843
 11
-16.1096
 21
56.7233
  0
LINE
  8
0
 10
-16.1096
 20
56.7233
 11
-16.1929
 21
56.5027
  0
LINE
  8
0
 10
-16.1929
 20
56.5027
 11
-16.3202
 21
56.1868
  0
LINE
  8
0
 10
-16.3202
 20
56.1868
 11
-16.4388
 21
55.9094
  0
LINE
  8
0
 10
-16.4388
 20
55.9094
 11
-16.5678
 21
55.6279
  0
LINE
  8
0
 10
-16.5678
 20
55.6279
 11
-16.7047
 21
55.3409
  0
LINE
  8
0
 10
-16.7047
 20
55.3409
 11
-16.8196
 21
55.112
  0
LINE
  8
0
 10
-16.8196
 20
55.112
 11
-17.0746
 21
55.1276
  0
LINE
  8
0
 10
42.9254
 20
55.1276
 11
42.6082
 21
55.1523
  0
LINE
  8
0
 10
42.6082
 20
55.1523
 11
42.3001
 21
55.1816
  0
LINE
  8
0
 10
42.3001
 20
55.1816
 11
42.0012
 21
55.2173
  0
LINE
  8
0
 10
42.0012
 20
55.2173
 11
41.6643
 21
55.2649
  0
LINE
  8
0
 10
41.6643
 20
55.2649
 11
41.4304
 21
55.3033
  0
LINE
  8
0
 10
41.4304
 20
55.3033
 11
41.1607
 21
55.3555
  0
LINE
  8
0
 10
41.1607
 20
55.3555
 11
40.9854
 21
55.3926
  0
LINE
  8
0
 10
40.9854
 20
55.3926
 11
40.7712
 21
55.443
  0
LINE
  8
0
 10
40.7712
 20
55.443
 11
40.5244
 21
55.508
  0
LINE
  8
0
 10
40.5244
 20
55.508
 11
40.3244
 21
55.5661
  0
LINE
  8
0
 10
40.3244
 20
55.5661
 11
40.0951
 21
55.6407
  0
LINE
  8
0
 10
40.0951
 20
55.6407
 11
39.9458
 21
55.6943
  0
LINE
  8
0
 10
39.9458
 20
55.6943
 11
39.7664
 21
55.7634
  0
LINE
  8
0
 10
39.7664
 20
55.7634
 11
39.5595
 21
55.8517
  0
LINE
  8
0
 10
39.5595
 20
55.8517
 11
39.3617
 21
55.9456
  0
LINE
  8
0
 10
39.3617
 20
55.9456
 11
39.2052
 21
56.028
  0
LINE
  8
0
 10
39.2052
 20
56.028
 11
39.0239
 21
56.1319
  0
LINE
  8
0
 10
39.0239
 20
56.1319
 11
38.9378
 21
56.1859
  0
LINE
  8
0
 10
38.9378
 20
56.1859
 11
38.8252
 21
56.2596
  0
LINE
  8
0
 10
38.8252
 20
56.2596
 11
38.7186
 21
56.3351
  0
LINE
  8
0
 10
38.7186
 20
56.3351
 11
38.5886
 21
56.4349
  0
LINE
  8
0
 10
38.5886
 20
56.4349
 11
38.4435
 21
56.5576
  0
LINE
  8
0
 10
38.4435
 20
56.5576
 11
38.3281
 21
56.6656
  0
LINE
  8
0
 10
38.3281
 20
56.6656
 11
38.2196
 21
56.7764
  0
LINE
  8
0
 10
38.2196
 20
56.7764
 11
38.118
 21
56.8913
  0
LINE
  8
0
 10
38.118
 20
56.8913
 11
38.0228
 21
57.009
  0
LINE
  8
0
 10
38.0228
 20
57.009
 11
37.9353
 21
57.1303
  0
LINE
  8
0
 10
37.9353
 20
57.1303
 11
37.8685
 21
57.2314
  0
LINE
  8
0
 10
37.8685
 20
57.2314
 11
37.7911
 21
57.3605
  0
LINE
  8
0
 10
37.7911
 20
57.3605
 11
37.7486
 21
57.4393
  0
LINE
  8
0
 10
37.7486
 20
57.4393
 11
37.695
 21
57.5468
  0
LINE
  8
0
 10
37.695
 20
57.5468
 11
37.6332
 21
57.6851
  0
LINE
  8
0
 10
37.6332
 20
57.6851
 11
37.5778
 21
57.8265
  0
LINE
  8
0
 10
37.5778
 20
57.8265
 11
37.5586
 21
57.8838
  0
LINE
  8
0
 10
37.5586
 20
57.8838
 11
37.5128
 21
58.0307
  0
LINE
  8
0
 10
37.5128
 20
58.0307
 11
37.473
 21
58.1818
  0
LINE
  8
0
 10
37.473
 20
58.1818
 11
37.4405
 21
58.336
  0
LINE
  8
0
 10
37.4405
 20
58.336
 11
37.419
 21
58.4615
  0
LINE
  8
0
 10
37.419
 20
58.4615
 11
37.4016
 21
58.5901
  0
LINE
  8
0
 10
37.4016
 20
58.5901
 11
37.3856
 21
58.7544
  0
LINE
  8
0
 10
37.3856
 20
58.7544
 11
37.3782
 21
58.8867
  0
LINE
  8
0
 10
37.3782
 20
58.8867
 11
37.3732
 21
59.0932
  0
LINE
  8
0
 10
37.3732
 20
59.0932
 11
37.3741
 21
59.198
  0
LINE
  8
0
 10
37.3741
 20
59.198
 11
37.3787
 21
59.3033
  0
LINE
  8
0
 10
37.3787
 20
59.3033
 11
37.3901
 21
59.4832
  0
LINE
  8
0
 10
37.3901
 20
59.4832
 11
37.4075
 21
59.6667
  0
LINE
  8
0
 10
37.4075
 20
59.6667
 11
37.4496
 21
59.9675
  0
LINE
  8
0
 10
37.4496
 20
59.9675
 11
37.4844
 21
60.1625
  0
LINE
  8
0
 10
37.4844
 20
60.1625
 11
37.5348
 21
60.3987
  0
LINE
  8
0
 10
37.5348
 20
60.3987
 11
37.5737
 21
60.5598
  0
LINE
  8
0
 10
37.5737
 20
60.5598
 11
37.6277
 21
60.7635
  0
LINE
  8
0
 10
37.6277
 20
60.7635
 11
37.7014
 21
61.0144
  0
LINE
  8
0
 10
37.7014
 20
61.0144
 11
37.7994
 21
61.3133
  0
LINE
  8
0
 10
37.7994
 20
61.3133
 11
37.9102
 21
61.6191
  0
LINE
  8
0
 10
37.9102
 20
61.6191
 11
38.0516
 21
61.9785
  0
LINE
  8
0
 10
38.0516
 20
61.9785
 11
38.2104
 21
62.3474
  0
LINE
  8
0
 10
38.2104
 20
62.3474
 11
38.3629
 21
62.6775
  0
LINE
  8
0
 10
38.3629
 20
62.6775
 11
38.5281
 21
63.0148
  0
LINE
  8
0
 10
38.5281
 20
63.0148
 11
38.7479
 21
62.7901
  0
LINE
  8
0
 10
38.7479
 20
62.7901
 11
38.6627
 21
63.0936
  0
LINE
  8
0
 10
38.6627
 20
63.0936
 11
39.0372
 21
63.0675
  0
LINE
  8
0
 10
39.0372
 20
63.0675
 11
39.3997
 21
63.0345
  0
LINE
  8
0
 10
39.3997
 20
63.0345
 11
39.798
 21
62.9874
  0
LINE
  8
0
 10
39.798
 20
62.9874
 11
40.1802
 21
62.9306
  0
LINE
  8
0
 10
40.1802
 20
62.9306
 11
40.5016
 21
62.8734
  0
LINE
  8
0
 10
40.5016
 20
62.8734
 11
40.8083
 21
62.8084
  0
LINE
  8
0
 10
40.8083
 20
62.8084
 11
41.0632
 21
62.7466
  0
LINE
  8
0
 10
41.0632
 20
62.7466
 11
41.2669
 21
62.6917
  0
LINE
  8
0
 10
41.2669
 20
62.6917
 11
41.4262
 21
62.645
  0
LINE
  8
0
 10
41.4262
 20
62.645
 11
41.6556
 21
62.5703
  0
LINE
  8
0
 10
41.6556
 20
62.5703
 11
41.8401
 21
62.5035
  0
LINE
  8
0
 10
41.8401
 20
62.5035
 11
42.1091
 21
62.3948
  0
LINE
  8
0
 10
42.1091
 20
62.3948
 11
43.9221
 21
56.8151
  0
LINE
  8
0
 10
43.9221
 20
56.8151
 11
43.8904
 21
56.7233
  0
LINE
  8
0
 10
43.8904
 20
56.7233
 11
43.8071
 21
56.5027
  0
LINE
  8
0
 10
43.8071
 20
56.5027
 11
43.6798
 21
56.1868
  0
LINE
  8
0
 10
43.6798
 20
56.1868
 11
43.5612
 21
55.9094
  0
LINE
  8
0
 10
43.5612
 20
55.9094
 11
43.4322
 21
55.6279
  0
LINE
  8
0
 10
43.4322
 20
55.6279
 11
43.2953
 21
55.3409
  0
LINE
  8
0
 10
43.2953
 20
55.3409
 11
43.1804
 21
55.112
  0
LINE
  8
0
 10
43.1804
 20
55.112
 11
42.9254
 21
55.1276
  0
LINE
  8
0
 10
16.7047
 20
55.3409
 11
16.5678
 21
55.6279
  0
LINE
  8
0
 10
16.5678
 20
55.6279
 11
16.4388
 21
55.9099
  0
LINE
  8
0
 10
16.4388
 20
55.9099
 11
16.3202
 21
56.1868
  0
LINE
  8
0
 10
16.3202
 20
56.1868
 11
16.1925
 21
56.5027
  0
LINE
  8
0
 10
16.1925
 20
56.5027
 11
16.1101
 21
56.7233
  0
LINE
  8
0
 10
16.1101
 20
56.7233
 11
16.019
 21
56.9843
  0
LINE
  8
0
 10
16.019
 20
56.9843
 11
15.9641
 21
57.1536
  0
LINE
  8
0
 10
15.9641
 20
57.1536
 11
15.9004
 21
57.3647
  0
LINE
  8
0
 10
15.9004
 20
57.3647
 11
15.8336
 21
57.6105
  0
LINE
  8
0
 10
15.8336
 20
57.6105
 11
15.7841
 21
57.8123
  0
LINE
  8
0
 10
15.7841
 20
57.8123
 11
15.7338
 21
58.0495
  0
LINE
  8
0
 10
15.7338
 20
58.0495
 11
15.7054
 21
58.2037
  0
LINE
  8
0
 10
15.7054
 20
58.2037
 11
15.6761
 21
58.3946
  0
LINE
  8
0
 10
15.6761
 20
58.3946
 11
15.6491
 21
58.618
  0
LINE
  8
0
 10
15.6491
 20
58.618
 11
15.6317
 21
58.8364
  0
LINE
  8
0
 10
15.6317
 20
58.8364
 11
15.6239
 21
59.0126
  0
LINE
  8
0
 10
15.6239
 20
59.0126
 11
15.623
 21
59.2218
  0
LINE
  8
0
 10
15.623
 20
59.2218
 11
15.6271
 21
59.323
  0
LINE
  8
0
 10
15.6271
 20
59.323
 11
15.6349
 21
59.4566
  0
LINE
  8
0
 10
15.6349
 20
59.4566
 11
15.6473
 21
59.5885
  0
LINE
  8
0
 10
15.6473
 20
59.5885
 11
15.6679
 21
59.7491
  0
LINE
  8
0
 10
15.6679
 20
59.7491
 11
15.7022
 21
59.9373
  0
LINE
  8
0
 10
15.7022
 20
59.9373
 11
15.7375
 21
60.0902
  0
LINE
  8
0
 10
15.7375
 20
60.0902
 11
15.7791
 21
60.2394
  0
LINE
  8
0
 10
15.7791
 20
60.2394
 11
15.8272
 21
60.3845
  0
LINE
  8
0
 10
15.8272
 20
60.3845
 11
15.8826
 21
60.526
  0
LINE
  8
0
 10
15.8826
 20
60.526
 11
15.9444
 21
60.6642
  0
LINE
  8
0
 10
15.9444
 20
60.6642
 11
15.9984
 21
60.7732
  0
LINE
  8
0
 10
15.9984
 20
60.7732
 11
16.0703
 21
60.9027
  0
LINE
  8
0
 10
16.0703
 20
60.9027
 11
16.1179
 21
60.9796
  0
LINE
  8
0
 10
16.1179
 20
60.9796
 11
16.1847
 21
61.0808
  0
LINE
  8
0
 10
16.1847
 20
61.0808
 11
16.2721
 21
61.2021
  0
LINE
  8
0
 10
16.2721
 20
61.2021
 11
16.3673
 21
61.3202
  0
LINE
  8
0
 10
16.3673
 20
61.3202
 11
16.4076
 21
61.3669
  0
LINE
  8
0
 10
16.4076
 20
61.3669
 11
16.5115
 21
61.4795
  0
LINE
  8
0
 10
16.5115
 20
61.4795
 11
16.6223
 21
61.5889
  0
LINE
  8
0
 10
16.6223
 20
61.5889
 11
16.7404
 21
61.6956
  0
LINE
  8
0
 10
16.7404
 20
61.6956
 11
16.8379
 21
61.7761
  0
LINE
  8
0
 10
16.8379
 20
61.7761
 11
16.9414
 21
61.8562
  0
LINE
  8
0
 10
16.9414
 20
61.8562
 11
17.0746
 21
61.9514
  0
LINE
  8
0
 10
17.0746
 20
61.9514
 11
17.1867
 21
62.0251
  0
LINE
  8
0
 10
17.1867
 20
62.0251
 11
17.3621
 21
62.1318
  0
LINE
  8
0
 10
17.3621
 20
62.1318
 11
17.4541
 21
62.1831
  0
LINE
  8
0
 10
17.4541
 20
62.1831
 11
17.5475
 21
62.2325
  0
LINE
  8
0
 10
17.5475
 20
62.2325
 11
17.709
 21
62.3126
  0
LINE
  8
0
 10
17.709
 20
62.3126
 11
17.8766
 21
62.3891
  0
LINE
  8
0
 10
17.8766
 20
62.3891
 11
18.1599
 21
62.5035
  0
LINE
  8
0
 10
18.1599
 20
62.5035
 11
18.3444
 21
62.5708
  0
LINE
  8
0
 10
18.3444
 20
62.5708
 11
18.5738
 21
62.645
  0
LINE
  8
0
 10
18.5738
 20
62.645
 11
18.7331
 21
62.6917
  0
LINE
  8
0
 10
18.7331
 20
62.6917
 11
18.9368
 21
62.7466
  0
LINE
  8
0
 10
18.9368
 20
62.7466
 11
19.1917
 21
62.8084
  0
LINE
  8
0
 10
19.1917
 20
62.8084
 11
19.4984
 21
62.8729
  0
LINE
  8
0
 10
19.4984
 20
62.8729
 11
19.8198
 21
62.9306
  0
LINE
  8
0
 10
19.8198
 20
62.9306
 11
20.202
 21
62.9874
  0
LINE
  8
0
 10
20.202
 20
62.9874
 11
20.6003
 21
63.0345
  0
LINE
  8
0
 10
20.6003
 20
63.0345
 11
20.9628
 21
63.0675
  0
LINE
  8
0
 10
20.9628
 20
63.0675
 11
21.3373
 21
63.0936
  0
LINE
  8
0
 10
21.3373
 20
63.0936
 11
21.2521
 21
62.7901
  0
LINE
  8
0
 10
21.2521
 20
62.7901
 11
21.4719
 21
63.0148
  0
LINE
  8
0
 10
21.4719
 20
63.0148
 11
21.6371
 21
62.6775
  0
LINE
  8
0
 10
21.6371
 20
62.6775
 11
21.7896
 21
62.3474
  0
LINE
  8
0
 10
21.7896
 20
62.3474
 11
21.9484
 21
61.9785
  0
LINE
  8
0
 10
21.9484
 20
61.9785
 11
22.0898
 21
61.6191
  0
LINE
  8
0
 10
22.0898
 20
61.6191
 11
22.2011
 21
61.3133
  0
LINE
  8
0
 10
22.2011
 20
61.3133
 11
22.2981
 21
61.0144
  0
LINE
  8
0
 10
22.2981
 20
61.0144
 11
22.3723
 21
60.7635
  0
LINE
  8
0
 10
22.3723
 20
60.7635
 11
22.4263
 21
60.5598
  0
LINE
  8
0
 10
22.4263
 20
60.5598
 11
22.4652
 21
60.3987
  0
LINE
  8
0
 10
22.4652
 20
60.3987
 11
22.5151
 21
60.1625
  0
LINE
  8
0
 10
22.5151
 20
60.1625
 11
22.5504
 21
59.9675
  0
LINE
  8
0
 10
22.5504
 20
59.9675
 11
22.5925
 21
59.6667
  0
LINE
  8
0
 10
22.5925
 20
59.6667
 11
22.6099
 21
59.4832
  0
LINE
  8
0
 10
22.6099
 20
59.4832
 11
22.6213
 21
59.3033
  0
LINE
  8
0
 10
22.6213
 20
59.3033
 11
22.6254
 21
59.198
  0
LINE
  8
0
 10
22.6254
 20
59.198
 11
22.6268
 21
59.0923
  0
LINE
  8
0
 10
22.6268
 20
59.0923
 11
22.6222
 21
58.8867
  0
LINE
  8
0
 10
22.6222
 20
58.8867
 11
22.6144
 21
58.7535
  0
LINE
  8
0
 10
22.6144
 20
58.7535
 11
22.5984
 21
58.5887
  0
LINE
  8
0
 10
22.5984
 20
58.5887
 11
22.581
 21
58.4605
  0
LINE
  8
0
 10
22.581
 20
58.4605
 11
22.5591
 21
58.3347
  0
LINE
  8
0
 10
22.5591
 20
58.3347
 11
22.5266
 21
58.1804
  0
LINE
  8
0
 10
22.5266
 20
58.1804
 11
22.4872
 21
58.0307
  0
LINE
  8
0
 10
22.4872
 20
58.0307
 11
22.4409
 21
57.8828
  0
LINE
  8
0
 10
22.4409
 20
57.8828
 11
22.4217
 21
57.8252
  0
LINE
  8
0
 10
22.4217
 20
57.8252
 11
22.3663
 21
57.6837
  0
LINE
  8
0
 10
22.3663
 20
57.6837
 11
22.3045
 21
57.5459
  0
LINE
  8
0
 10
22.3045
 20
57.5459
 11
22.251
 21
57.4384
  0
LINE
  8
0
 10
22.251
 20
57.4384
 11
22.2079
 21
57.3592
  0
LINE
  8
0
 10
22.2079
 20
57.3592
 11
22.131
 21
57.2305
  0
LINE
  8
0
 10
22.131
 20
57.2305
 11
22.0647
 21
57.1303
  0
LINE
  8
0
 10
22.0647
 20
57.1303
 11
21.9763
 21
57.0076
  0
LINE
  8
0
 10
21.9763
 20
57.0076
 11
21.882
 21
56.8913
  0
LINE
  8
0
 10
21.882
 20
56.8913
 11
21.7795
 21
56.7755
  0
LINE
  8
0
 10
21.7795
 20
56.7755
 11
21.671
 21
56.6647
  0
LINE
  8
0
 10
21.671
 20
56.6647
 11
21.5565
 21
56.5576
  0
LINE
  8
0
 10
21.5565
 20
56.5576
 11
21.4114
 21
56.4349
  0
LINE
  8
0
 10
21.4114
 20
56.4349
 11
21.2814
 21
56.3351
  0
LINE
  8
0
 10
21.2814
 20
56.3351
 11
21.1748
 21
56.2596
  0
LINE
  8
0
 10
21.1748
 20
56.2596
 11
21.0622
 21
56.1859
  0
LINE
  8
0
 10
21.0622
 20
56.1859
 11
20.9752
 21
56.1314
  0
LINE
  8
0
 10
20.9752
 20
56.1314
 11
20.7948
 21
56.028
  0
LINE
  8
0
 10
20.7948
 20
56.028
 11
20.6374
 21
55.9451
  0
LINE
  8
0
 10
20.6374
 20
55.9451
 11
20.4396
 21
55.8513
  0
LINE
  8
0
 10
20.4396
 20
55.8513
 11
20.2336
 21
55.7634
  0
LINE
  8
0
 10
20.2336
 20
55.7634
 11
20.0542
 21
55.6943
  0
LINE
  8
0
 10
20.0542
 20
55.6943
 11
19.9049
 21
55.6403
  0
LINE
  8
0
 10
19.9049
 20
55.6403
 11
19.6756
 21
55.5661
  0
LINE
  8
0
 10
19.6756
 20
55.5661
 11
19.4756
 21
55.508
  0
LINE
  8
0
 10
19.4756
 20
55.508
 11
19.2288
 21
55.443
  0
LINE
  8
0
 10
19.2288
 20
55.443
 11
19.0146
 21
55.3926
  0
LINE
  8
0
 10
19.0146
 20
55.3926
 11
18.8393
 21
55.3555
  0
LINE
  8
0
 10
18.8393
 20
55.3555
 11
18.5696
 21
55.3038
  0
LINE
  8
0
 10
18.5696
 20
55.3038
 11
18.3357
 21
55.2649
  0
LINE
  8
0
 10
18.3357
 20
55.2649
 11
17.9988
 21
55.2173
  0
LINE
  8
0
 10
17.9988
 20
55.2173
 11
17.6999
 21
55.1816
  0
LINE
  8
0
 10
17.6999
 20
55.1816
 11
17.3918
 21
55.1523
  0
LINE
  8
0
 10
17.3918
 20
55.1523
 11
17.0746
 21
55.1276
  0
LINE
  8
0
 10
17.0746
 20
55.1276
 11
16.8196
 21
55.112
  0
LINE
  8
0
 10
16.8196
 20
55.112
 11
16.7047
 21
55.3409
  0
LINE
  8
0
 10
-31.6974
 20
54.5943
 11
-32.4001
 21
56.2912
  0
LINE
  8
0
 10
-32.4001
 20
56.2912
 11
-31.6974
 21
57.9881
  0
LINE
  8
0
 10
-31.6974
 20
57.9881
 11
-30
 21
58.6913
  0
LINE
  8
0
 10
-30
 20
58.6913
 11
-28.3026
 21
57.9881
  0
LINE
  8
0
 10
-28.3026
 20
57.9881
 11
-27.5999
 21
56.2912
  0
LINE
  8
0
 10
-27.5999
 20
56.2912
 11
-28.3026
 21
54.5943
  0
LINE
  8
0
 10
-28.3026
 20
54.5943
 11
-30
 21
53.8911
  0
LINE
  8
0
 10
-30
 20
53.8911
 11
-31.6974
 21
54.5943
  0
LINE
  8
0
 10
-1.69739
 20
54.5943
 11
-2.40005
 21
56.2912
  0
LINE
  8
0
 10
-2.40005
 20
56.2912
 11
-1.69739
 21
57.9881
  0
LINE
  8
0
 10
-1.69739
 20
57.9881
 11
0
 21
58.6913
  0
LINE
  8
0
 10
0
 20
58.6913
 11
1.69739
 21
57.9881
  0
LINE
  8
0
 10
1.69739
 20
57.9881
 11
2.40005
 21
56.2912
  0
LINE
  8
0
 10
2.40005
 20
56.2912
 11
1.69739
 21
54.5943
  0
LINE
  8
0
 10
1.69739
 20
54.5943
 11
0
 21
53.8911
  0
LINE
  8
0
 10
0
 20
53.8911
 11
-1.69739
 21
54.5943
  0
LINE
  8
0
 10
28.3026
 20
54.5943
 11
27.5999
 21
56.2912
  0
LINE
  8
0
 10
27.5999
 20
56.2912
 11
28.3026
 21
57.9881
  0
LINE
  8
0
 10
28.3026
 20
57.9881
 11
30
 21
58.6913
  0
LINE
  8
0
 10
30
 20
58.6913
 11
31.6974
 21
57.9881
  0
LINE
  8
0
 10
31.6974
 20
57.9881
 11
32.4001
 21
56.2912
  0
LINE
  8
0
 10
32.4001
 20
56.2912
 11
31.6974
 21
54.5943
  0
LINE
  8
0
 10
31.6974
 20
54.5943
 11
30
 21
53.8911
  0
LINE
  8
0
 10
30
 20
53.8911
 11
28.3026
 21
54.5943
  0
LINE
  8
0
 10
36.6298
 20
48.42
 11
36.5112
 21
48.4273
  0
LINE
  8
0
 10
36.5112
 20
48.4273
 11
36.3611
 21
48.4428
  0
LINE
  8
0
 10
36.3611
 20
48.4428
 11
36.2096
 21
48.4657
  0
LINE
  8
0
 10
36.2096
 20
48.4657
 11
36.1501
 21
48.4776
  0
LINE
  8
0
 10
36.1501
 20
48.4776
 11
35.9995
 21
48.5115
  0
LINE
  8
0
 10
35.9995
 20
48.5115
 11
35.8493
 21
48.5527
  0
LINE
  8
0
 10
35.8493
 20
48.5527
 11
35.6992
 21
48.6012
  0
LINE
  8
0
 10
35.6992
 20
48.6012
 11
35.5806
 21
48.6456
  0
LINE
  8
0
 10
35.5806
 20
48.6456
 11
35.4597
 21
48.6955
  0
LINE
  8
0
 10
35.4597
 20
48.6955
 11
35.3096
 21
48.7637
  0
LINE
  8
0
 10
35.3096
 20
48.7637
 11
35.1897
 21
48.8237
  0
LINE
  8
0
 10
35.1897
 20
48.8237
 11
35.0098
 21
48.9221
  0
LINE
  8
0
 10
35.0098
 20
48.9221
 11
34.9205
 21
48.9757
  0
LINE
  8
0
 10
34.9205
 20
48.9757
 11
34.8299
 21
49.0324
  0
LINE
  8
0
 10
34.8299
 20
49.0324
 11
34.6797
 21
49.1322
  0
LINE
  8
0
 10
34.6797
 20
49.1322
 11
34.5305
 21
49.2384
  0
LINE
  8
0
 10
34.5305
 20
49.2384
 11
34.2897
 21
49.4266
  0
LINE
  8
0
 10
34.2897
 20
49.4266
 11
34.1405
 21
49.5529
  0
LINE
  8
0
 10
34.1405
 20
49.5529
 11
33.9601
 21
49.7154
  0
LINE
  8
0
 10
33.9601
 20
49.7154
 11
33.8397
 21
49.8289
  0
LINE
  8
0
 10
33.8397
 20
49.8289
 11
33.6896
 21
49.9782
  0
LINE
  8
0
 10
33.6896
 20
49.9782
 11
33.5106
 21
50.1672
  0
LINE
  8
0
 10
33.5106
 20
50.1672
 11
33.3
 21
50.4021
  0
LINE
  8
0
 10
33.3
 20
50.4021
 11
33.0899
 21
50.6502
  0
LINE
  8
0
 10
33.0899
 20
50.6502
 11
32.8505
 21
50.9523
  0
LINE
  8
0
 10
32.8505
 20
50.9523
 11
32.6102
 21
51.2741
  0
LINE
  8
0
 10
32.6102
 20
51.2741
 11
32.4001
 21
51.5721
  0
LINE
  8
0
 10
32.4001
 20
51.5721
 11
32.1904
 21
51.8829
  0
LINE
  8
0
 10
32.1904
 20
51.8829
 11
32.4966
 21
51.9612
  0
LINE
  8
0
 10
32.4966
 20
51.9612
 11
32.1904
 21
52.0395
  0
LINE
  8
0
 10
32.1904
 20
52.0395
 11
32.4001
 21
52.3503
  0
LINE
  8
0
 10
32.4001
 20
52.3503
 11
32.6102
 21
52.6483
  0
LINE
  8
0
 10
32.6102
 20
52.6483
 11
32.8505
 21
52.9701
  0
LINE
  8
0
 10
32.8505
 20
52.9701
 11
33.0899
 21
53.2722
  0
LINE
  8
0
 10
33.0899
 20
53.2722
 11
33.3
 21
53.5204
  0
LINE
  8
0
 10
33.3
 20
53.5204
 11
33.5101
 21
53.7556
  0
LINE
  8
0
 10
33.5101
 20
53.7556
 11
33.6896
 21
53.9442
  0
LINE
  8
0
 10
33.6896
 20
53.9442
 11
33.8397
 21
54.093
  0
LINE
  8
0
 10
33.8397
 20
54.093
 11
33.9597
 21
54.207
  0
LINE
  8
0
 10
33.9597
 20
54.207
 11
34.1405
 21
54.3695
  0
LINE
  8
0
 10
34.1405
 20
54.3695
 11
34.2897
 21
54.4958
  0
LINE
  8
0
 10
34.2897
 20
54.4958
 11
34.5305
 21
54.684
  0
LINE
  8
0
 10
34.5305
 20
54.684
 11
34.6797
 21
54.7902
  0
LINE
  8
0
 10
34.6797
 20
54.7902
 11
34.8299
 21
54.89
  0
LINE
  8
0
 10
34.8299
 20
54.89
 11
34.92
 21
54.9472
  0
LINE
  8
0
 10
34.92
 20
54.9472
 11
35.0102
 21
55.0003
  0
LINE
  8
0
 10
35.0102
 20
55.0003
 11
35.1897
 21
55.0987
  0
LINE
  8
0
 10
35.1897
 20
55.0987
 11
35.3096
 21
55.1587
  0
LINE
  8
0
 10
35.3096
 20
55.1587
 11
35.4597
 21
55.2269
  0
LINE
  8
0
 10
35.4597
 20
55.2269
 11
35.5806
 21
55.2773
  0
LINE
  8
0
 10
35.5806
 20
55.2773
 11
35.6996
 21
55.3212
  0
LINE
  8
0
 10
35.6996
 20
55.3212
 11
35.8493
 21
55.3697
  0
LINE
  8
0
 10
35.8493
 20
55.3697
 11
35.9995
 21
55.4109
  0
LINE
  8
0
 10
35.9995
 20
55.4109
 11
36.1505
 21
55.4448
  0
LINE
  8
0
 10
36.1505
 20
55.4448
 11
36.2096
 21
55.4562
  0
LINE
  8
0
 10
36.2096
 20
55.4562
 11
36.3611
 21
55.4796
  0
LINE
  8
0
 10
36.3611
 20
55.4796
 11
36.5112
 21
55.4951
  0
LINE
  8
0
 10
36.5112
 20
55.4951
 11
36.6298
 21
55.502
  0
LINE
  8
0
 10
36.6298
 20
55.502
 11
36.7209
 21
55.5048
  0
LINE
  8
0
 10
36.7209
 20
55.5048
 11
36.8706
 21
55.5029
  0
LINE
  8
0
 10
36.8706
 20
55.5029
 11
36.9891
 21
55.4951
  0
LINE
  8
0
 10
36.9891
 20
55.4951
 11
37.1393
 21
55.4796
  0
LINE
  8
0
 10
37.1393
 20
55.4796
 11
37.2913
 21
55.4562
  0
LINE
  8
0
 10
37.2913
 20
55.4562
 11
37.4409
 21
55.4256
  0
LINE
  8
0
 10
37.4409
 20
55.4256
 11
37.5897
 21
55.3871
  0
LINE
  8
0
 10
37.5897
 20
55.3871
 11
37.7412
 21
55.3409
  0
LINE
  8
0
 10
37.7412
 20
55.3409
 11
37.9198
 21
55.2768
  0
LINE
  8
0
 10
37.9198
 20
55.2768
 11
38.0708
 21
55.2145
  0
LINE
  8
0
 10
38.0708
 20
55.2145
 11
38.1898
 21
55.1591
  0
LINE
  8
0
 10
38.1898
 20
55.1591
 11
38.3107
 21
55.0987
  0
LINE
  8
0
 10
38.3107
 20
55.0987
 11
38.4009
 21
55.0507
  0
LINE
  8
0
 10
38.4009
 20
55.0507
 11
38.5808
 21
54.9467
  0
LINE
  8
0
 10
38.5808
 20
54.9467
 11
38.7296
 21
54.852
  0
LINE
  8
0
 10
38.7296
 20
54.852
 11
38.9108
 21
54.7266
  0
LINE
  8
0
 10
38.9108
 20
54.7266
 11
39.0898
 21
54.5924
  0
LINE
  8
0
 10
39.0898
 20
54.5924
 11
39.2409
 21
54.4716
  0
LINE
  8
0
 10
39.2409
 20
54.4716
 11
39.3599
 21
54.3695
  0
LINE
  8
0
 10
39.3599
 20
54.3695
 11
39.5412
 21
54.2075
  0
LINE
  8
0
 10
39.5412
 20
54.2075
 11
39.6899
 21
54.0646
  0
LINE
  8
0
 10
39.6899
 20
54.0646
 11
39.8703
 21
53.882
  0
LINE
  8
0
 10
39.8703
 20
53.882
 11
40.0204
 21
53.7222
  0
LINE
  8
0
 10
40.0204
 20
53.7222
 11
40.1404
 21
53.589
  0
LINE
  8
0
 10
40.1404
 20
53.589
 11
40.3203
 21
53.3803
  0
LINE
  8
0
 10
40.3203
 20
53.3803
 11
40.4704
 21
53.1981
  0
LINE
  8
0
 10
40.4704
 20
53.1981
 11
40.6801
 21
52.9308
  0
LINE
  8
0
 10
40.6801
 20
52.9308
 11
40.8609
 21
52.6895
  0
LINE
  8
0
 10
40.8609
 20
52.6895
 11
41.0408
 21
52.4373
  0
LINE
  8
0
 10
41.0408
 20
52.4373
 11
41.2202
 21
52.1745
  0
LINE
  8
0
 10
41.2202
 20
52.1745
 11
41.3617
 21
51.9617
  0
LINE
  8
0
 10
41.3617
 20
51.9617
 11
41.2202
 21
51.7479
  0
LINE
  8
0
 10
41.2202
 20
51.7479
 11
41.0399
 21
51.4847
  0
LINE
  8
0
 10
41.0399
 20
51.4847
 11
40.8604
 21
51.2325
  0
LINE
  8
0
 10
40.8604
 20
51.2325
 11
40.6801
 21
50.9917
  0
LINE
  8
0
 10
40.6801
 20
50.9917
 11
40.4704
 21
50.7243
  0
LINE
  8
0
 10
40.4704
 20
50.7243
 11
40.3198
 21
50.5417
  0
LINE
  8
0
 10
40.3198
 20
50.5417
 11
40.1399
 21
50.3329
  0
LINE
  8
0
 10
40.1399
 20
50.3329
 11
40.02
 21
50.1997
  0
LINE
  8
0
 10
40.02
 20
50.1997
 11
39.8698
 21
50.04
  0
LINE
  8
0
 10
39.8698
 20
50.04
 11
39.6899
 21
49.8578
  0
LINE
  8
0
 10
39.6899
 20
49.8578
 11
39.5407
 21
49.7154
  0
LINE
  8
0
 10
39.5407
 20
49.7154
 11
39.3599
 21
49.5529
  0
LINE
  8
0
 10
39.3599
 20
49.5529
 11
39.2404
 21
49.4504
  0
LINE
  8
0
 10
39.2404
 20
49.4504
 11
39.0898
 21
49.33
  0
LINE
  8
0
 10
39.0898
 20
49.33
 11
38.9108
 21
49.1959
  0
LINE
  8
0
 10
38.9108
 20
49.1959
 11
38.7296
 21
49.0704
  0
LINE
  8
0
 10
38.7296
 20
49.0704
 11
38.5808
 21
48.9761
  0
LINE
  8
0
 10
38.5808
 20
48.9761
 11
38.4
 21
48.8713
  0
LINE
  8
0
 10
38.4
 20
48.8713
 11
38.3098
 21
48.8232
  0
LINE
  8
0
 10
38.3098
 20
48.8232
 11
38.1898
 21
48.7628
  0
LINE
  8
0
 10
38.1898
 20
48.7628
 11
38.0708
 21
48.7083
  0
LINE
  8
0
 10
38.0708
 20
48.7083
 11
37.9198
 21
48.6456
  0
LINE
  8
0
 10
37.9198
 20
48.6456
 11
37.7399
 21
48.5811
  0
LINE
  8
0
 10
37.7399
 20
48.5811
 11
37.5897
 21
48.5349
  0
LINE
  8
0
 10
37.5897
 20
48.5349
 11
37.4409
 21
48.4969
  0
LINE
  8
0
 10
37.4409
 20
48.4969
 11
37.2913
 21
48.4662
  0
LINE
  8
0
 10
37.2913
 20
48.4662
 11
37.1393
 21
48.4428
  0
LINE
  8
0
 10
37.1393
 20
48.4428
 11
36.9891
 21
48.4273
  0
LINE
  8
0
 10
36.9891
 20
48.4273
 11
36.8706
 21
48.42
  0
LINE
  8
0
 10
36.8706
 20
48.42
 11
36.7209
 21
48.4177
  0
LINE
  8
0
 10
36.7209
 20
48.4177
 11
36.6298
 21
48.42
  0
LINE
  8
0
 10
23.1294
 20
48.4195
 11
23.0109
 21
48.4273
  0
LINE
  8
0
 10
23.0109
 20
48.4273
 11
22.8607
 21
48.4428
  0
LINE
  8
0
 10
22.8607
 20
48.4428
 11
22.7087
 21
48.4662
  0
LINE
  8
0
 10
22.7087
 20
48.4662
 11
22.5591
 21
48.4969
  0
LINE
  8
0
 10
22.5591
 20
48.4969
 11
22.4103
 21
48.5353
  0
LINE
  8
0
 10
22.4103
 20
48.5353
 11
22.2588
 21
48.5815
  0
LINE
  8
0
 10
22.2588
 20
48.5815
 11
22.0802
 21
48.6456
  0
LINE
  8
0
 10
22.0802
 20
48.6456
 11
21.9292
 21
48.7079
  0
LINE
  8
0
 10
21.9292
 20
48.7079
 11
21.8102
 21
48.7633
  0
LINE
  8
0
 10
21.8102
 20
48.7633
 11
21.6893
 21
48.8237
  0
LINE
  8
0
 10
21.6893
 20
48.8237
 11
21.5991
 21
48.8718
  0
LINE
  8
0
 10
21.5991
 20
48.8718
 11
21.4192
 21
48.9757
  0
LINE
  8
0
 10
21.4192
 20
48.9757
 11
21.2704
 21
49.0704
  0
LINE
  8
0
 10
21.2704
 20
49.0704
 11
21.0892
 21
49.1959
  0
LINE
  8
0
 10
21.0892
 20
49.1959
 11
20.9102
 21
49.33
  0
LINE
  8
0
 10
20.9102
 20
49.33
 11
20.7591
 21
49.4508
  0
LINE
  8
0
 10
20.7591
 20
49.4508
 11
20.6401
 21
49.5529
  0
LINE
  8
0
 10
20.6401
 20
49.5529
 11
20.4588
 21
49.715
  0
LINE
  8
0
 10
20.4588
 20
49.715
 11
20.3101
 21
49.8578
  0
LINE
  8
0
 10
20.3101
 20
49.8578
 11
20.1297
 21
50.0404
  0
LINE
  8
0
 10
20.1297
 20
50.0404
 11
19.9796
 21
50.2002
  0
LINE
  8
0
 10
19.9796
 20
50.2002
 11
19.8596
 21
50.3334
  0
LINE
  8
0
 10
19.8596
 20
50.3334
 11
19.6797
 21
50.5421
  0
LINE
  8
0
 10
19.6797
 20
50.5421
 11
19.5296
 21
50.7243
  0
LINE
  8
0
 10
19.5296
 20
50.7243
 11
19.3199
 21
50.9917
  0
LINE
  8
0
 10
19.3199
 20
50.9917
 11
19.1391
 21
51.2329
  0
LINE
  8
0
 10
19.1391
 20
51.2329
 11
18.9592
 21
51.4851
  0
LINE
  8
0
 10
18.9592
 20
51.4851
 11
18.7798
 21
51.7479
  0
LINE
  8
0
 10
18.7798
 20
51.7479
 11
18.6383
 21
51.9608
  0
LINE
  8
0
 10
18.6383
 20
51.9608
 11
18.7798
 21
52.1745
  0
LINE
  8
0
 10
18.7798
 20
52.1745
 11
18.9601
 21
52.4377
  0
LINE
  8
0
 10
18.9601
 20
52.4377
 11
19.1391
 21
52.6895
  0
LINE
  8
0
 10
19.1391
 20
52.6895
 11
19.3199
 21
52.9308
  0
LINE
  8
0
 10
19.3199
 20
52.9308
 11
19.5296
 21
53.1981
  0
LINE
  8
0
 10
19.5296
 20
53.1981
 11
19.6797
 21
53.3803
  0
LINE
  8
0
 10
19.6797
 20
53.3803
 11
19.8596
 21
53.589
  0
LINE
  8
0
 10
19.8596
 20
53.589
 11
19.9796
 21
53.7222
  0
LINE
  8
0
 10
19.9796
 20
53.7222
 11
20.1297
 21
53.882
  0
LINE
  8
0
 10
20.1297
 20
53.882
 11
20.3101
 21
54.0646
  0
LINE
  8
0
 10
20.3101
 20
54.0646
 11
20.4593
 21
54.207
  0
LINE
  8
0
 10
20.4593
 20
54.207
 11
20.6401
 21
54.3695
  0
LINE
  8
0
 10
20.6401
 20
54.3695
 11
20.7591
 21
54.4716
  0
LINE
  8
0
 10
20.7591
 20
54.4716
 11
20.9102
 21
54.5924
  0
LINE
  8
0
 10
20.9102
 20
54.5924
 11
21.0892
 21
54.7266
  0
LINE
  8
0
 10
21.0892
 20
54.7266
 11
21.2704
 21
54.852
  0
LINE
  8
0
 10
21.2704
 20
54.852
 11
21.4192
 21
54.9463
  0
LINE
  8
0
 10
21.4192
 20
54.9463
 11
21.5991
 21
55.0507
  0
LINE
  8
0
 10
21.5991
 20
55.0507
 11
21.6893
 21
55.0987
  0
LINE
  8
0
 10
21.6893
 20
55.0987
 11
21.8102
 21
55.1596
  0
LINE
  8
0
 10
21.8102
 20
55.1596
 11
21.9292
 21
55.2141
  0
LINE
  8
0
 10
21.9292
 20
55.2141
 11
22.0802
 21
55.2768
  0
LINE
  8
0
 10
22.0802
 20
55.2768
 11
22.2588
 21
55.3409
  0
LINE
  8
0
 10
22.2588
 20
55.3409
 11
22.4103
 21
55.3876
  0
LINE
  8
0
 10
22.4103
 20
55.3876
 11
22.5591
 21
55.4256
  0
LINE
  8
0
 10
22.5591
 20
55.4256
 11
22.7087
 21
55.4562
  0
LINE
  8
0
 10
22.7087
 20
55.4562
 11
22.8607
 21
55.4796
  0
LINE
  8
0
 10
22.8607
 20
55.4796
 11
23.0109
 21
55.4951
  0
LINE
  8
0
 10
23.0109
 20
55.4951
 11
23.1294
 21
55.5025
  0
LINE
  8
0
 10
23.1294
 20
55.5025
 11
23.2791
 21
55.5048
  0
LINE
  8
0
 10
23.2791
 20
55.5048
 11
23.3702
 21
55.5025
  0
LINE
  8
0
 10
23.3702
 20
55.5025
 11
23.4888
 21
55.4951
  0
LINE
  8
0
 10
23.4888
 20
55.4951
 11
23.6389
 21
55.4796
  0
LINE
  8
0
 10
23.6389
 20
55.4796
 11
23.7904
 21
55.4567
  0
LINE
  8
0
 10
23.7904
 20
55.4567
 11
23.8499
 21
55.4448
  0
LINE
  8
0
 10
23.8499
 20
55.4448
 11
24.0005
 21
55.4109
  0
LINE
  8
0
 10
24.0005
 20
55.4109
 11
24.1507
 21
55.3697
  0
LINE
  8
0
 10
24.1507
 20
55.3697
 11
24.3008
 21
55.3212
  0
LINE
  8
0
 10
24.3008
 20
55.3212
 11
24.4194
 21
55.2768
  0
LINE
  8
0
 10
24.4194
 20
55.2768
 11
24.5403
 21
55.2269
  0
LINE
  8
0
 10
24.5403
 20
55.2269
 11
24.6904
 21
55.1587
  0
LINE
  8
0
 10
24.6904
 20
55.1587
 11
24.8103
 21
55.0987
  0
LINE
  8
0
 10
24.8103
 20
55.0987
 11
24.9902
 21
55.0003
  0
LINE
  8
0
 10
24.9902
 20
55.0003
 11
25.0795
 21
54.9467
  0
LINE
  8
0
 10
25.0795
 20
54.9467
 11
25.1701
 21
54.89
  0
LINE
  8
0
 10
25.1701
 20
54.89
 11
25.3203
 21
54.7902
  0
LINE
  8
0
 10
25.3203
 20
54.7902
 11
25.4695
 21
54.684
  0
LINE
  8
0
 10
25.4695
 20
54.684
 11
25.7103
 21
54.4958
  0
LINE
  8
0
 10
25.7103
 20
54.4958
 11
25.8595
 21
54.3695
  0
LINE
  8
0
 10
25.8595
 20
54.3695
 11
26.0399
 21
54.207
  0
LINE
  8
0
 10
26.0399
 20
54.207
 11
26.1603
 21
54.0935
  0
LINE
  8
0
 10
26.1603
 20
54.0935
 11
26.3104
 21
53.9442
  0
LINE
  8
0
 10
26.3104
 20
53.9442
 11
26.4894
 21
53.7552
  0
LINE
  8
0
 10
26.4894
 20
53.7552
 11
26.7
 21
53.5204
  0
LINE
  8
0
 10
26.7
 20
53.5204
 11
26.9101
 21
53.2722
  0
LINE
  8
0
 10
26.9101
 20
53.2722
 11
27.1495
 21
52.9701
  0
LINE
  8
0
 10
27.1495
 20
52.9701
 11
27.3898
 21
52.6483
  0
LINE
  8
0
 10
27.3898
 20
52.6483
 11
27.5999
 21
52.3503
  0
LINE
  8
0
 10
27.5999
 20
52.3503
 11
27.8096
 21
52.0395
  0
LINE
  8
0
 10
27.8096
 20
52.0395
 11
27.5034
 21
51.9612
  0
LINE
  8
0
 10
27.5034
 20
51.9612
 11
27.8096
 21
51.8829
  0
LINE
  8
0
 10
27.8096
 20
51.8829
 11
27.5999
 21
51.5721
  0
LINE
  8
0
 10
27.5999
 20
51.5721
 11
27.3894
 21
51.2737
  0
LINE
  8
0
 10
27.3894
 20
51.2737
 11
27.1495
 21
50.9523
  0
LINE
  8
0
 10
27.1495
 20
50.9523
 11
26.9096
 21
50.6497
  0
LINE
  8
0
 10
26.9096
 20
50.6497
 11
26.7
 21
50.4021
  0
LINE
  8
0
 10
26.7
 20
50.4021
 11
26.4899
 21
50.1668
  0
LINE
  8
0
 10
26.4899
 20
50.1668
 11
26.31
 21
49.9777
  0
LINE
  8
0
 10
26.31
 20
49.9777
 11
26.1603
 21
49.8294
  0
LINE
  8
0
 10
26.1603
 20
49.8294
 11
26.0399
 21
49.715
  0
LINE
  8
0
 10
26.0399
 20
49.715
 11
25.8595
 21
49.5529
  0
LINE
  8
0
 10
25.8595
 20
49.5529
 11
25.7103
 21
49.4266
  0
LINE
  8
0
 10
25.7103
 20
49.4266
 11
25.4695
 21
49.2384
  0
LINE
  8
0
 10
25.4695
 20
49.2384
 11
25.3203
 21
49.1322
  0
LINE
  8
0
 10
25.3203
 20
49.1322
 11
25.1701
 21
49.0324
  0
LINE
  8
0
 10
25.1701
 20
49.0324
 11
25.08
 21
48.9752
  0
LINE
  8
0
 10
25.08
 20
48.9752
 11
24.9898
 21
48.9221
  0
LINE
  8
0
 10
24.9898
 20
48.9221
 11
24.8103
 21
48.8237
  0
LINE
  8
0
 10
24.8103
 20
48.8237
 11
24.6895
 21
48.7633
  0
LINE
  8
0
 10
24.6895
 20
48.7633
 11
24.5393
 21
48.6951
  0
LINE
  8
0
 10
24.5393
 20
48.6951
 11
24.4194
 21
48.6452
  0
LINE
  8
0
 10
24.4194
 20
48.6452
 11
24.299
 21
48.6008
  0
LINE
  8
0
 10
24.299
 20
48.6008
 11
24.1507
 21
48.5527
  0
LINE
  8
0
 10
24.1507
 20
48.5527
 11
24.0005
 21
48.5115
  0
LINE
  8
0
 10
24.0005
 20
48.5115
 11
23.8495
 21
48.4776
  0
LINE
  8
0
 10
23.8495
 20
48.4776
 11
23.7904
 21
48.4662
  0
LINE
  8
0
 10
23.7904
 20
48.4662
 11
23.6389
 21
48.4428
  0
LINE
  8
0
 10
23.6389
 20
48.4428
 11
23.4888
 21
48.4273
  0
LINE
  8
0
 10
23.4888
 20
48.4273
 11
23.3702
 21
48.4204
  0
LINE
  8
0
 10
23.3702
 20
48.4204
 11
23.2791
 21
48.4177
  0
LINE
  8
0
 10
23.2791
 20
48.4177
 11
23.1294
 21
48.4195
  0
LINE
  8
0
 10
-36.8706
 20
48.4195
 11
-36.9891
 21
48.4273
  0
LINE
  8
0
 10
-36.9891
 20
48.4273
 11
-37.1393
 21
48.4428
  0
LINE
  8
0
 10
-37.1393
 20
48.4428
 11
-37.2913
 21
48.4662
  0
LINE
  8
0
 10
-37.2913
 20
48.4662
 11
-37.4409
 21
48.4969
  0
LINE
  8
0
 10
-37.4409
 20
48.4969
 11
-37.5897
 21
48.5353
  0
LINE
  8
0
 10
-37.5897
 20
48.5353
 11
-37.7412
 21
48.5815
  0
LINE
  8
0
 10
-37.7412
 20
48.5815
 11
-37.9198
 21
48.6456
  0
LINE
  8
0
 10
-37.9198
 20
48.6456
 11
-38.0708
 21
48.7079
  0
LINE
  8
0
 10
-38.0708
 20
48.7079
 11
-38.1898
 21
48.7633
  0
LINE
  8
0
 10
-38.1898
 20
48.7633
 11
-38.3107
 21
48.8237
  0
LINE
  8
0
 10
-38.3107
 20
48.8237
 11
-38.4009
 21
48.8718
  0
LINE
  8
0
 10
-38.4009
 20
48.8718
 11
-38.5808
 21
48.9757
  0
LINE
  8
0
 10
-38.5808
 20
48.9757
 11
-38.7296
 21
49.0704
  0
LINE
  8
0
 10
-38.7296
 20
49.0704
 11
-38.9108
 21
49.1959
  0
LINE
  8
0
 10
-38.9108
 20
49.1959
 11
-39.0898
 21
49.33
  0
LINE
  8
0
 10
-39.0898
 20
49.33
 11
-39.2409
 21
49.4508
  0
LINE
  8
0
 10
-39.2409
 20
49.4508
 11
-39.3599
 21
49.5529
  0
LINE
  8
0
 10
-39.3599
 20
49.5529
 11
-39.5412
 21
49.715
  0
LINE
  8
0
 10
-39.5412
 20
49.715
 11
-39.6899
 21
49.8578
  0
LINE
  8
0
 10
-39.6899
 20
49.8578
 11
-39.8703
 21
50.0404
  0
LINE
  8
0
 10
-39.8703
 20
50.0404
 11
-40.0204
 21
50.2002
  0
LINE
  8
0
 10
-40.0204
 20
50.2002
 11
-40.1404
 21
50.3334
  0
LINE
  8
0
 10
-40.1404
 20
50.3334
 11
-40.3203
 21
50.5421
  0
LINE
  8
0
 10
-40.3203
 20
50.5421
 11
-40.4704
 21
50.7243
  0
LINE
  8
0
 10
-40.4704
 20
50.7243
 11
-40.6801
 21
50.9917
  0
LINE
  8
0
 10
-40.6801
 20
50.9917
 11
-40.8609
 21
51.2329
  0
LINE
  8
0
 10
-40.8609
 20
51.2329
 11
-41.0408
 21
51.4851
  0
LINE
  8
0
 10
-41.0408
 20
51.4851
 11
-41.2202
 21
51.7479
  0
LINE
  8
0
 10
-41.2202
 20
51.7479
 11
-41.3617
 21
51.9608
  0
LINE
  8
0
 10
-41.3617
 20
51.9608
 11
-41.2202
 21
52.1745
  0
LINE
  8
0
 10
-41.2202
 20
52.1745
 11
-41.0399
 21
52.4377
  0
LINE
  8
0
 10
-41.0399
 20
52.4377
 11
-40.8609
 21
52.6895
  0
LINE
  8
0
 10
-40.8609
 20
52.6895
 11
-40.6801
 21
52.9308
  0
LINE
  8
0
 10
-40.6801
 20
52.9308
 11
-40.4704
 21
53.1981
  0
LINE
  8
0
 10
-40.4704
 20
53.1981
 11
-40.3203
 21
53.3803
  0
LINE
  8
0
 10
-40.3203
 20
53.3803
 11
-40.1404
 21
53.589
  0
LINE
  8
0
 10
-40.1404
 20
53.589
 11
-40.0204
 21
53.7222
  0
LINE
  8
0
 10
-40.0204
 20
53.7222
 11
-39.8703
 21
53.882
  0
LINE
  8
0
 10
-39.8703
 20
53.882
 11
-39.6899
 21
54.0646
  0
LINE
  8
0
 10
-39.6899
 20
54.0646
 11
-39.5407
 21
54.207
  0
LINE
  8
0
 10
-39.5407
 20
54.207
 11
-39.3599
 21
54.3695
  0
LINE
  8
0
 10
-39.3599
 20
54.3695
 11
-39.2409
 21
54.4716
  0
LINE
  8
0
 10
-39.2409
 20
54.4716
 11
-39.0898
 21
54.5924
  0
LINE
  8
0
 10
-39.0898
 20
54.5924
 11
-38.9108
 21
54.7266
  0
LINE
  8
0
 10
-38.9108
 20
54.7266
 11
-38.7296
 21
54.852
  0
LINE
  8
0
 10
-38.7296
 20
54.852
 11
-38.5808
 21
54.9463
  0
LINE
  8
0
 10
-38.5808
 20
54.9463
 11
-38.4009
 21
55.0507
  0
LINE
  8
0
 10
-38.4009
 20
55.0507
 11
-38.3107
 21
55.0987
  0
LINE
  8
0
 10
-38.3107
 20
55.0987
 11
-38.1898
 21
55.1596
  0
LINE
  8
0
 10
-38.1898
 20
55.1596
 11
-38.0708
 21
55.2141
  0
LINE
  8
0
 10
-38.0708
 20
55.2141
 11
-37.9198
 21
55.2768
  0
LINE
  8
0
 10
-37.9198
 20
55.2768
 11
-37.7412
 21
55.3409
  0
LINE
  8
0
 10
-37.7412
 20
55.3409
 11
-37.5897
 21
55.3876
  0
LINE
  8
0
 10
-37.5897
 20
55.3876
 11
-37.4409
 21
55.4256
  0
LINE
  8
0
 10
-37.4409
 20
55.4256
 11
-37.2913
 21
55.4562
  0
LINE
  8
0
 10
-37.2913
 20
55.4562
 11
-37.1393
 21
55.4796
  0
LINE
  8
0
 10
-37.1393
 20
55.4796
 11
-36.9891
 21
55.4951
  0
LINE
  8
0
 10
-36.9891
 20
55.4951
 11
-36.8706
 21
55.5025
  0
LINE
  8
0
 10
-36.8706
 20
55.5025
 11
-36.7209
 21
55.5048
  0
LINE
  8
0
 10
-36.7209
 20
55.5048
 11
-36.6298
 21
55.5025
  0
LINE
  8
0
 10
-36.6298
 20
55.5025
 11
-36.5112
 21
55.4951
  0
LINE
  8
0
 10
-36.5112
 20
55.4951
 11
-36.3611
 21
55.4796
  0
LINE
  8
0
 10
-36.3611
 20
55.4796
 11
-36.2096
 21
55.4567
  0
LINE
  8
0
 10
-36.2096
 20
55.4567
 11
-36.1501
 21
55.4448
  0
LINE
  8
0
 10
-36.1501
 20
55.4448
 11
-35.9995
 21
55.4109
  0
LINE
  8
0
 10
-35.9995
 20
55.4109
 11
-35.8493
 21
55.3697
  0
LINE
  8
0
 10
-35.8493
 20
55.3697
 11
-35.6992
 21
55.3212
  0
LINE
  8
0
 10
-35.6992
 20
55.3212
 11
-35.5806
 21
55.2768
  0
LINE
  8
0
 10
-35.5806
 20
55.2768
 11
-35.4597
 21
55.2269
  0
LINE
  8
0
 10
-35.4597
 20
55.2269
 11
-35.3096
 21
55.1587
  0
LINE
  8
0
 10
-35.3096
 20
55.1587
 11
-35.1897
 21
55.0987
  0
LINE
  8
0
 10
-35.1897
 20
55.0987
 11
-35.0098
 21
55.0003
  0
LINE
  8
0
 10
-35.0098
 20
55.0003
 11
-34.9205
 21
54.9467
  0
LINE
  8
0
 10
-34.9205
 20
54.9467
 11
-34.8299
 21
54.89
  0
LINE
  8
0
 10
-34.8299
 20
54.89
 11
-34.6797
 21
54.7902
  0
LINE
  8
0
 10
-34.6797
 20
54.7902
 11
-34.5305
 21
54.684
  0
LINE
  8
0
 10
-34.5305
 20
54.684
 11
-34.2897
 21
54.4958
  0
LINE
  8
0
 10
-34.2897
 20
54.4958
 11
-34.1405
 21
54.3695
  0
LINE
  8
0
 10
-34.1405
 20
54.3695
 11
-33.9601
 21
54.207
  0
LINE
  8
0
 10
-33.9601
 20
54.207
 11
-33.8397
 21
54.0935
  0
LINE
  8
0
 10
-33.8397
 20
54.0935
 11
-33.6896
 21
53.9442
  0
LINE
  8
0
 10
-33.6896
 20
53.9442
 11
-33.5106
 21
53.7552
  0
LINE
  8
0
 10
-33.5106
 20
53.7552
 11
-33.3
 21
53.5204
  0
LINE
  8
0
 10
-33.3
 20
53.5204
 11
-33.0899
 21
53.2722
  0
LINE
  8
0
 10
-33.0899
 20
53.2722
 11
-32.8505
 21
52.9701
  0
LINE
  8
0
 10
-32.8505
 20
52.9701
 11
-32.6102
 21
52.6483
  0
LINE
  8
0
 10
-32.6102
 20
52.6483
 11
-32.4001
 21
52.3503
  0
LINE
  8
0
 10
-32.4001
 20
52.3503
 11
-32.1904
 21
52.0395
  0
LINE
  8
0
 10
-32.1904
 20
52.0395
 11
-32.4966
 21
51.9612
  0
LINE
  8
0
 10
-32.4966
 20
51.9612
 11
-32.1904
 21
51.8829
  0
LINE
  8
0
 10
-32.1904
 20
51.8829
 11
-32.4001
 21
51.5721
  0
LINE
  8
0
 10
-32.4001
 20
51.5721
 11
-32.6106
 21
51.2737
  0
LINE
  8
0
 10
-32.6106
 20
51.2737
 11
-32.8505
 21
50.9523
  0
LINE
  8
0
 10
-32.8505
 20
50.9523
 11
-33.0904
 21
50.6497
  0
LINE
  8
0
 10
-33.0904
 20
50.6497
 11
-33.3
 21
50.4021
  0
LINE
  8
0
 10
-33.3
 20
50.4021
 11
-33.5101
 21
50.1668
  0
LINE
  8
0
 10
-33.5101
 20
50.1668
 11
-33.69
 21
49.9777
  0
LINE
  8
0
 10
-33.69
 20
49.9777
 11
-33.8397
 21
49.8294
  0
LINE
  8
0
 10
-33.8397
 20
49.8294
 11
-33.9601
 21
49.715
  0
LINE
  8
0
 10
-33.9601
 20
49.715
 11
-34.1405
 21
49.5529
  0
LINE
  8
0
 10
-34.1405
 20
49.5529
 11
-34.2897
 21
49.4266
  0
LINE
  8
0
 10
-34.2897
 20
49.4266
 11
-34.5305
 21
49.2384
  0
LINE
  8
0
 10
-34.5305
 20
49.2384
 11
-34.6797
 21
49.1322
  0
LINE
  8
0
 10
-34.6797
 20
49.1322
 11
-34.8299
 21
49.0324
  0
LINE
  8
0
 10
-34.8299
 20
49.0324
 11
-34.92
 21
48.9752
  0
LINE
  8
0
 10
-34.92
 20
48.9752
 11
-35.0102
 21
48.9221
  0
LINE
  8
0
 10
-35.0102
 20
48.9221
 11
-35.1897
 21
48.8237
  0
LINE
  8
0
 10
-35.1897
 20
48.8237
 11
-35.3105
 21
48.7633
  0
LINE
  8
0
 10
-35.3105
 20
48.7633
 11
-35.4607
 21
48.6951
  0
LINE
  8
0
 10
-35.4607
 20
48.6951
 11
-35.5806
 21
48.6452
  0
LINE
  8
0
 10
-35.5806
 20
48.6452
 11
-35.701
 21
48.6008
  0
LINE
  8
0
 10
-35.701
 20
48.6008
 11
-35.8493
 21
48.5527
  0
LINE
  8
0
 10
-35.8493
 20
48.5527
 11
-35.9995
 21
48.5115
  0
LINE
  8
0
 10
-35.9995
 20
48.5115
 11
-36.1505
 21
48.4776
  0
LINE
  8
0
 10
-36.1505
 20
48.4776
 11
-36.2096
 21
48.4662
  0
LINE
  8
0
 10
-36.2096
 20
48.4662
 11
-36.3611
 21
48.4428
  0
LINE
  8
0
 10
-36.3611
 20
48.4428
 11
-36.5112
 21
48.4273
  0
LINE
  8
0
 10
-36.5112
 20
48.4273
 11
-36.6298
 21
48.4204
  0
LINE
  8
0
 10
-36.6298
 20
48.4204
 11
-36.7209
 21
48.4177
  0
LINE
  8
0
 10
-36.7209
 20
48.4177
 11
-36.8706
 21
48.4195
  0
LINE
  8
0
 10
6.62979
 20
48.42
 11
6.51123
 21
48.4273
  0
LINE
  8
0
 10
6.51123
 20
48.4273
 11
6.36108
 21
48.4428
  0
LINE
  8
0
 10
6.36108
 20
48.4428
 11
6.20956
 21
48.4657
  0
LINE
  8
0
 10
6.20956
 20
48.4657
 11
6.15005
 21
48.4776
  0
LINE
  8
0
 10
6.15005
 20
48.4776
 11
5.99945
 21
48.5115
  0
LINE
  8
0
 10
5.99945
 20
48.5115
 11
5.8493
 21
48.5527
  0
LINE
  8
0
 10
5.8493
 20
48.5527
 11
5.69916
 21
48.6012
  0
LINE
  8
0
 10
5.69916
 20
48.6012
 11
5.5806
 21
48.6456
  0
LINE
  8
0
 10
5.5806
 20
48.6456
 11
5.45975
 21
48.6955
  0
LINE
  8
0
 10
5.45975
 20
48.6955
 11
5.3096
 21
48.7637
  0
LINE
  8
0
 10
5.3096
 20
48.7637
 11
5.18967
 21
48.8237
  0
LINE
  8
0
 10
5.18967
 20
48.8237
 11
5.00977
 21
48.9221
  0
LINE
  8
0
 10
5.00977
 20
48.9221
 11
4.9205
 21
48.9757
  0
LINE
  8
0
 10
4.9205
 20
48.9757
 11
4.82986
 21
49.0324
  0
LINE
  8
0
 10
4.82986
 20
49.0324
 11
4.67972
 21
49.1322
  0
LINE
  8
0
 10
4.67972
 20
49.1322
 11
4.53049
 21
49.2384
  0
LINE
  8
0
 10
4.53049
 20
49.2384
 11
4.2897
 21
49.4266
  0
LINE
  8
0
 10
4.2897
 20
49.4266
 11
4.14047
 21
49.5529
  0
LINE
  8
0
 10
4.14047
 20
49.5529
 11
3.96011
 21
49.7154
  0
LINE
  8
0
 10
3.96011
 20
49.7154
 11
3.83972
 21
49.8289
  0
LINE
  8
0
 10
3.83972
 20
49.8289
 11
3.68958
 21
49.9782
  0
LINE
  8
0
 10
3.68958
 20
49.9782
 11
3.51059
 21
50.1672
  0
LINE
  8
0
 10
3.51059
 20
50.1672
 11
3.30002
 21
50.4021
  0
LINE
  8
0
 10
3.30002
 20
50.4021
 11
3.0899
 21
50.6502
  0
LINE
  8
0
 10
3.0899
 20
50.6502
 11
2.85049
 21
50.9523
  0
LINE
  8
0
 10
2.85049
 20
50.9523
 11
2.61017
 21
51.2741
  0
LINE
  8
0
 10
2.61017
 20
51.2741
 11
2.40005
 21
51.5721
  0
LINE
  8
0
 10
2.40005
 20
51.5721
 11
2.1904
 21
51.8829
  0
LINE
  8
0
 10
2.1904
 20
51.8829
 11
2.49664
 21
51.9612
  0
LINE
  8
0
 10
2.49664
 20
51.9612
 11
2.1904
 21
52.0395
  0
LINE
  8
0
 10
2.1904
 20
52.0395
 11
2.40005
 21
52.3503
  0
LINE
  8
0
 10
2.40005
 20
52.3503
 11
2.61017
 21
52.6483
  0
LINE
  8
0
 10
2.61017
 20
52.6483
 11
2.85049
 21
52.9701
  0
LINE
  8
0
 10
2.85049
 20
52.9701
 11
3.0899
 21
53.2722
  0
LINE
  8
0
 10
3.0899
 20
53.2722
 11
3.30002
 21
53.5204
  0
LINE
  8
0
 10
3.30002
 20
53.5204
 11
3.51013
 21
53.7556
  0
LINE
  8
0
 10
3.51013
 20
53.7556
 11
3.68958
 21
53.9442
  0
LINE
  8
0
 10
3.68958
 20
53.9442
 11
3.83972
 21
54.093
  0
LINE
  8
0
 10
3.83972
 20
54.093
 11
3.95966
 21
54.207
  0
LINE
  8
0
 10
3.95966
 20
54.207
 11
4.14047
 21
54.3695
  0
LINE
  8
0
 10
4.14047
 20
54.3695
 11
4.2897
 21
54.4958
  0
LINE
  8
0
 10
4.2897
 20
54.4958
 11
4.53049
 21
54.684
  0
LINE
  8
0
 10
4.53049
 20
54.684
 11
4.67972
 21
54.7902
  0
LINE
  8
0
 10
4.67972
 20
54.7902
 11
4.82986
 21
54.89
  0
LINE
  8
0
 10
4.82986
 20
54.89
 11
4.92004
 21
54.9472
  0
LINE
  8
0
 10
4.92004
 20
54.9472
 11
5.01022
 21
55.0003
  0
LINE
  8
0
 10
5.01022
 20
55.0003
 11
5.18967
 21
55.0987
  0
LINE
  8
0
 10
5.18967
 20
55.0987
 11
5.3096
 21
55.1587
  0
LINE
  8
0
 10
5.3096
 20
55.1587
 11
5.45975
 21
55.2269
  0
LINE
  8
0
 10
5.45975
 20
55.2269
 11
5.5806
 21
55.2773
  0
LINE
  8
0
 10
5.5806
 20
55.2773
 11
5.69962
 21
55.3212
  0
LINE
  8
0
 10
5.69962
 20
55.3212
 11
5.8493
 21
55.3697
  0
LINE
  8
0
 10
5.8493
 20
55.3697
 11
5.99945
 21
55.4109
  0
LINE
  8
0
 10
5.99945
 20
55.4109
 11
6.15051
 21
55.4448
  0
LINE
  8
0
 10
6.15051
 20
55.4448
 11
6.20956
 21
55.4562
  0
LINE
  8
0
 10
6.20956
 20
55.4562
 11
6.36108
 21
55.4796
  0
LINE
  8
0
 10
6.36108
 20
55.4796
 11
6.51123
 21
55.4951
  0
LINE
  8
0
 10
6.51123
 20
55.4951
 11
6.62979
 21
55.502
  0
LINE
  8
0
 10
6.62979
 20
55.502
 11
6.72089
 21
55.5048
  0
LINE
  8
0
 10
6.72089
 20
55.5048
 11
6.87057
 21
55.5029
  0
LINE
  8
0
 10
6.87057
 20
55.5029
 11
6.98914
 21
55.4951
  0
LINE
  8
0
 10
6.98914
 20
55.4951
 11
7.13928
 21
55.4796
  0
LINE
  8
0
 10
7.13928
 20
55.4796
 11
7.29126
 21
55.4562
  0
LINE
  8
0
 10
7.29126
 20
55.4562
 11
7.44095
 21
55.4256
  0
LINE
  8
0
 10
7.44095
 20
55.4256
 11
7.58972
 21
55.3871
  0
LINE
  8
0
 10
7.58972
 20
55.3871
 11
7.74124
 21
55.3409
  0
LINE
  8
0
 10
7.74124
 20
55.3409
 11
7.91977
 21
55.2768
  0
LINE
  8
0
 10
7.91977
 20
55.2768
 11
8.07083
 21
55.2145
  0
LINE
  8
0
 10
8.07083
 20
55.2145
 11
8.18985
 21
55.1591
  0
LINE
  8
0
 10
8.18985
 20
55.1591
 11
8.3107
 21
55.0987
  0
LINE
  8
0
 10
8.3107
 20
55.0987
 11
8.40088
 21
55.0507
  0
LINE
  8
0
 10
8.40088
 20
55.0507
 11
8.58078
 21
54.9467
  0
LINE
  8
0
 10
8.58078
 20
54.9467
 11
8.72955
 21
54.852
  0
LINE
  8
0
 10
8.72955
 20
54.852
 11
8.91083
 21
54.7266
  0
LINE
  8
0
 10
8.91083
 20
54.7266
 11
9.08981
 21
54.5924
  0
LINE
  8
0
 10
9.08981
 20
54.5924
 11
9.24088
 21
54.4716
  0
LINE
  8
0
 10
9.24088
 20
54.4716
 11
9.35989
 21
54.3695
  0
LINE
  8
0
 10
9.35989
 20
54.3695
 11
9.54117
 21
54.2075
  0
LINE
  8
0
 10
9.54117
 20
54.2075
 11
9.68994
 21
54.0646
  0
LINE
  8
0
 10
9.68994
 20
54.0646
 11
9.8703
 21
53.882
  0
LINE
  8
0
 10
9.8703
 20
53.882
 11
10.0204
 21
53.7222
  0
LINE
  8
0
 10
10.0204
 20
53.7222
 11
10.1404
 21
53.589
  0
LINE
  8
0
 10
10.1404
 20
53.589
 11
10.3203
 21
53.3803
  0
LINE
  8
0
 10
10.3203
 20
53.3803
 11
10.4704
 21
53.1981
  0
LINE
  8
0
 10
10.4704
 20
53.1981
 11
10.6801
 21
52.9308
  0
LINE
  8
0
 10
10.6801
 20
52.9308
 11
10.8609
 21
52.6895
  0
LINE
  8
0
 10
10.8609
 20
52.6895
 11
11.0408
 21
52.4373
  0
LINE
  8
0
 10
11.0408
 20
52.4373
 11
11.2202
 21
52.1745
  0
LINE
  8
0
 10
11.2202
 20
52.1745
 11
11.3617
 21
51.9617
  0
LINE
  8
0
 10
11.3617
 20
51.9617
 11
11.2202
 21
51.7479
  0
LINE
  8
0
 10
11.2202
 20
51.7479
 11
11.0399
 21
51.4847
  0
LINE
  8
0
 10
11.0399
 20
51.4847
 11
10.8604
 21
51.2325
  0
LINE
  8
0
 10
10.8604
 20
51.2325
 11
10.6801
 21
50.9917
  0
LINE
  8
0
 10
10.6801
 20
50.9917
 11
10.4704
 21
50.7243
  0
LINE
  8
0
 10
10.4704
 20
50.7243
 11
10.3198
 21
50.5417
  0
LINE
  8
0
 10
10.3198
 20
50.5417
 11
10.1399
 21
50.3329
  0
LINE
  8
0
 10
10.1399
 20
50.3329
 11
10.02
 21
50.1997
  0
LINE
  8
0
 10
10.02
 20
50.1997
 11
9.86984
 21
50.04
  0
LINE
  8
0
 10
9.86984
 20
50.04
 11
9.68994
 21
49.8578
  0
LINE
  8
0
 10
9.68994
 20
49.8578
 11
9.54071
 21
49.7154
  0
LINE
  8
0
 10
9.54071
 20
49.7154
 11
9.35989
 21
49.5529
  0
LINE
  8
0
 10
9.35989
 20
49.5529
 11
9.24042
 21
49.4504
  0
LINE
  8
0
 10
9.24042
 20
49.4504
 11
9.08981
 21
49.33
  0
LINE
  8
0
 10
9.08981
 20
49.33
 11
8.91083
 21
49.1959
  0
LINE
  8
0
 10
8.91083
 20
49.1959
 11
8.72955
 21
49.0704
  0
LINE
  8
0
 10
8.72955
 20
49.0704
 11
8.58078
 21
48.9761
  0
LINE
  8
0
 10
8.58078
 20
48.9761
 11
8.39996
 21
48.8713
  0
LINE
  8
0
 10
8.39996
 20
48.8713
 11
8.30978
 21
48.8232
  0
LINE
  8
0
 10
8.30978
 20
48.8232
 11
8.18985
 21
48.7628
  0
LINE
  8
0
 10
8.18985
 20
48.7628
 11
8.07083
 21
48.7083
  0
LINE
  8
0
 10
8.07083
 20
48.7083
 11
7.91977
 21
48.6456
  0
LINE
  8
0
 10
7.91977
 20
48.6456
 11
7.73987
 21
48.5811
  0
LINE
  8
0
 10
7.73987
 20
48.5811
 11
7.58972
 21
48.5349
  0
LINE
  8
0
 10
7.58972
 20
48.5349
 11
7.44095
 21
48.4969
  0
LINE
  8
0
 10
7.44095
 20
48.4969
 11
7.29126
 21
48.4662
  0
LINE
  8
0
 10
7.29126
 20
48.4662
 11
7.13928
 21
48.4428
  0
LINE
  8
0
 10
7.13928
 20
48.4428
 11
6.98914
 21
48.4273
  0
LINE
  8
0
 10
6.98914
 20
48.4273
 11
6.87057
 21
48.42
  0
LINE
  8
0
 10
6.87057
 20
48.42
 11
6.72089
 21
48.4177
  0
LINE
  8
0
 10
6.72089
 20
48.4177
 11
6.62979
 21
48.42
  0
LINE
  8
0
 10
-6.87057
 20
48.4195
 11
-6.98914
 21
48.4273
  0
LINE
  8
0
 10
-6.98914
 20
48.4273
 11
-7.13928
 21
48.4428
  0
LINE
  8
0
 10
-7.13928
 20
48.4428
 11
-7.29126
 21
48.4662
  0
LINE
  8
0
 10
-7.29126
 20
48.4662
 11
-7.44095
 21
48.4969
  0
LINE
  8
0
 10
-7.44095
 20
48.4969
 11
-7.58972
 21
48.5353
  0
LINE
  8
0
 10
-7.58972
 20
48.5353
 11
-7.74124
 21
48.5815
  0
LINE
  8
0
 10
-7.74124
 20
48.5815
 11
-7.91977
 21
48.6456
  0
LINE
  8
0
 10
-7.91977
 20
48.6456
 11
-8.07083
 21
48.7079
  0
LINE
  8
0
 10
-8.07083
 20
48.7079
 11
-8.18985
 21
48.7633
  0
LINE
  8
0
 10
-8.18985
 20
48.7633
 11
-8.3107
 21
48.8237
  0
LINE
  8
0
 10
-8.3107
 20
48.8237
 11
-8.40088
 21
48.8718
  0
LINE
  8
0
 10
-8.40088
 20
48.8718
 11
-8.58078
 21
48.9757
  0
LINE
  8
0
 10
-8.58078
 20
48.9757
 11
-8.72955
 21
49.0704
  0
LINE
  8
0
 10
-8.72955
 20
49.0704
 11
-8.91083
 21
49.1959
  0
LINE
  8
0
 10
-8.91083
 20
49.1959
 11
-9.08981
 21
49.33
  0
LINE
  8
0
 10
-9.08981
 20
49.33
 11
-9.24088
 21
49.4508
  0
LINE
  8
0
 10
-9.24088
 20
49.4508
 11
-9.35989
 21
49.5529
  0
LINE
  8
0
 10
-9.35989
 20
49.5529
 11
-9.54117
 21
49.715
  0
LINE
  8
0
 10
-9.54117
 20
49.715
 11
-9.68994
 21
49.8578
  0
LINE
  8
0
 10
-9.68994
 20
49.8578
 11
-9.8703
 21
50.0404
  0
LINE
  8
0
 10
-9.8703
 20
50.0404
 11
-10.0204
 21
50.2002
  0
LINE
  8
0
 10
-10.0204
 20
50.2002
 11
-10.1404
 21
50.3334
  0
LINE
  8
0
 10
-10.1404
 20
50.3334
 11
-10.3203
 21
50.5421
  0
LINE
  8
0
 10
-10.3203
 20
50.5421
 11
-10.4704
 21
50.7243
  0
LINE
  8
0
 10
-10.4704
 20
50.7243
 11
-10.6801
 21
50.9917
  0
LINE
  8
0
 10
-10.6801
 20
50.9917
 11
-10.8609
 21
51.2329
  0
LINE
  8
0
 10
-10.8609
 20
51.2329
 11
-11.0408
 21
51.4851
  0
LINE
  8
0
 10
-11.0408
 20
51.4851
 11
-11.2202
 21
51.7479
  0
LINE
  8
0
 10
-11.2202
 20
51.7479
 11
-11.3617
 21
51.9608
  0
LINE
  8
0
 10
-11.3617
 20
51.9608
 11
-11.2202
 21
52.1745
  0
LINE
  8
0
 10
-11.2202
 20
52.1745
 11
-11.0399
 21
52.4377
  0
LINE
  8
0
 10
-11.0399
 20
52.4377
 11
-10.8609
 21
52.6895
  0
LINE
  8
0
 10
-10.8609
 20
52.6895
 11
-10.6801
 21
52.9308
  0
LINE
  8
0
 10
-10.6801
 20
52.9308
 11
-10.4704
 21
53.1981
  0
LINE
  8
0
 10
-10.4704
 20
53.1981
 11
-10.3203
 21
53.3803
  0
LINE
  8
0
 10
-10.3203
 20
53.3803
 11
-10.1404
 21
53.589
  0
LINE
  8
0
 10
-10.1404
 20
53.589
 11
-10.0204
 21
53.7222
  0
LINE
  8
0
 10
-10.0204
 20
53.7222
 11
-9.8703
 21
53.882
  0
LINE
  8
0
 10
-9.8703
 20
53.882
 11
-9.68994
 21
54.0646
  0
LINE
  8
0
 10
-9.68994
 20
54.0646
 11
-9.54071
 21
54.207
  0
LINE
  8
0
 10
-9.54071
 20
54.207
 11
-9.35989
 21
54.3695
  0
LINE
  8
0
 10
-9.35989
 20
54.3695
 11
-9.24088
 21
54.4716
  0
LINE
  8
0
 10
-9.24088
 20
54.4716
 11
-9.08981
 21
54.5924
  0
LINE
  8
0
 10
-9.08981
 20
54.5924
 11
-8.91083
 21
54.7266
  0
LINE
  8
0
 10
-8.91083
 20
54.7266
 11
-8.72955
 21
54.852
  0
LINE
  8
0
 10
-8.72955
 20
54.852
 11
-8.58078
 21
54.9463
  0
LINE
  8
0
 10
-8.58078
 20
54.9463
 11
-8.40088
 21
55.0507
  0
LINE
  8
0
 10
-8.40088
 20
55.0507
 11
-8.3107
 21
55.0987
  0
LINE
  8
0
 10
-8.3107
 20
55.0987
 11
-8.18985
 21
55.1596
  0
LINE
  8
0
 10
-8.18985
 20
55.1596
 11
-8.07083
 21
55.2141
  0
LINE
  8
0
 10
-8.07083
 20
55.2141
 11
-7.91977
 21
55.2768
  0
LINE
  8
0
 10
-7.91977
 20
55.2768
 11
-7.74124
 21
55.3409
  0
LINE
  8
0
 10
-7.74124
 20
55.3409
 11
-7.58972
 21
55.3876
  0
LINE
  8
0
 10
-7.58972
 20
55.3876
 11
-7.44095
 21
55.4256
  0
LINE
  8
0
 10
-7.44095
 20
55.4256
 11
-7.29126
 21
55.4562
  0
LINE
  8
0
 10
-7.29126
 20
55.4562
 11
-7.13928
 21
55.4796
  0
LINE
  8
0
 10
-7.13928
 20
55.4796
 11
-6.98914
 21
55.4951
  0
LINE
  8
0
 10
-6.98914
 20
55.4951
 11
-6.87057
 21
55.5025
  0
LINE
  8
0
 10
-6.87057
 20
55.5025
 11
-6.72089
 21
55.5048
  0
LINE
  8
0
 10
-6.72089
 20
55.5048
 11
-6.62979
 21
55.5025
  0
LINE
  8
0
 10
-6.62979
 20
55.5025
 11
-6.51123
 21
55.4951
  0
LINE
  8
0
 10
-6.51123
 20
55.4951
 11
-6.36108
 21
55.4796
  0
LINE
  8
0
 10
-6.36108
 20
55.4796
 11
-6.20956
 21
55.4567
  0
LINE
  8
0
 10
-6.20956
 20
55.4567
 11
-6.15005
 21
55.4448
  0
LINE
  8
0
 10
-6.15005
 20
55.4448
 11
-5.99945
 21
55.4109
  0
LINE
  8
0
 10
-5.99945
 20
55.4109
 11
-5.8493
 21
55.3697
  0
LINE
  8
0
 10
-5.8493
 20
55.3697
 11
-5.69916
 21
55.3212
  0
LINE
  8
0
 10
-5.69916
 20
55.3212
 11
-5.5806
 21
55.2768
  0
LINE
  8
0
 10
-5.5806
 20
55.2768
 11
-5.45975
 21
55.2269
  0
LINE
  8
0
 10
-5.45975
 20
55.2269
 11
-5.3096
 21
55.1587
  0
LINE
  8
0
 10
-5.3096
 20
55.1587
 11
-5.18967
 21
55.0987
  0
LINE
  8
0
 10
-5.18967
 20
55.0987
 11
-5.00977
 21
55.0003
  0
LINE
  8
0
 10
-5.00977
 20
55.0003
 11
-4.9205
 21
54.9467
  0
LINE
  8
0
 10
-4.9205
 20
54.9467
 11
-4.82986
 21
54.89
  0
LINE
  8
0
 10
-4.82986
 20
54.89
 11
-4.67972
 21
54.7902
  0
LINE
  8
0
 10
-4.67972
 20
54.7902
 11
-4.53049
 21
54.684
  0
LINE
  8
0
 10
-4.53049
 20
54.684
 11
-4.2897
 21
54.4958
  0
LINE
  8
0
 10
-4.2897
 20
54.4958
 11
-4.14047
 21
54.3695
  0
LINE
  8
0
 10
-4.14047
 20
54.3695
 11
-3.96011
 21
54.207
  0
LINE
  8
0
 10
-3.96011
 20
54.207
 11
-3.83972
 21
54.0935
  0
LINE
  8
0
 10
-3.83972
 20
54.0935
 11
-3.68958
 21
53.9442
  0
LINE
  8
0
 10
-3.68958
 20
53.9442
 11
-3.51059
 21
53.7552
  0
LINE
  8
0
 10
-3.51059
 20
53.7552
 11
-3.30002
 21
53.5204
  0
LINE
  8
0
 10
-3.30002
 20
53.5204
 11
-3.0899
 21
53.2722
  0
LINE
  8
0
 10
-3.0899
 20
53.2722
 11
-2.85049
 21
52.9701
  0
LINE
  8
0
 10
-2.85049
 20
52.9701
 11
-2.61017
 21
52.6483
  0
LINE
  8
0
 10
-2.61017
 20
52.6483
 11
-2.40005
 21
52.3503
  0
LINE
  8
0
 10
-2.40005
 20
52.3503
 11
-2.1904
 21
52.0395
  0
LINE
  8
0
 10
-2.1904
 20
52.0395
 11
-2.49664
 21
51.9612
  0
LINE
  8
0
 10
-2.49664
 20
51.9612
 11
-2.1904
 21
51.8829
  0
LINE
  8
0
 10
-2.1904
 20
51.8829
 11
-2.40005
 21
51.5721
  0
LINE
  8
0
 10
-2.40005
 20
51.5721
 11
-2.61063
 21
51.2737
  0
LINE
  8
0
 10
-2.61063
 20
51.2737
 11
-2.85049
 21
50.9523
  0
LINE
  8
0
 10
-2.85049
 20
50.9523
 11
-3.09036
 21
50.6497
  0
LINE
  8
0
 10
-3.09036
 20
50.6497
 11
-3.30002
 21
50.4021
  0
LINE
  8
0
 10
-3.30002
 20
50.4021
 11
-3.51013
 21
50.1668
  0
LINE
  8
0
 10
-3.51013
 20
50.1668
 11
-3.69003
 21
49.9777
  0
LINE
  8
0
 10
-3.69003
 20
49.9777
 11
-3.83972
 21
49.8294
  0
LINE
  8
0
 10
-3.83972
 20
49.8294
 11
-3.96011
 21
49.715
  0
LINE
  8
0
 10
-3.96011
 20
49.715
 11
-4.14047
 21
49.5529
  0
LINE
  8
0
 10
-4.14047
 20
49.5529
 11
-4.2897
 21
49.4266
  0
LINE
  8
0
 10
-4.2897
 20
49.4266
 11
-4.53049
 21
49.2384
  0
LINE
  8
0
 10
-4.53049
 20
49.2384
 11
-4.67972
 21
49.1322
  0
LINE
  8
0
 10
-4.67972
 20
49.1322
 11
-4.82986
 21
49.0324
  0
LINE
  8
0
 10
-4.82986
 20
49.0324
 11
-4.92004
 21
48.9752
  0
LINE
  8
0
 10
-4.92004
 20
48.9752
 11
-5.01022
 21
48.9221
  0
LINE
  8
0
 10
-5.01022
 20
48.9221
 11
-5.18967
 21
48.8237
  0
LINE
  8
0
 10
-5.18967
 20
48.8237
 11
-5.31052
 21
48.7633
  0
LINE
  8
0
 10
-5.31052
 20
48.7633
 11
-5.46066
 21
48.6951
  0
LINE
  8
0
 10
-5.46066
 20
48.6951
 11
-5.5806
 21
48.6452
  0
LINE
  8
0
 10
-5.5806
 20
48.6452
 11
-5.70099
 21
48.6008
  0
LINE
  8
0
 10
-5.70099
 20
48.6008
 11
-5.8493
 21
48.5527
  0
LINE
  8
0
 10
-5.8493
 20
48.5527
 11
-5.99945
 21
48.5115
  0
LINE
  8
0
 10
-5.99945
 20
48.5115
 11
-6.15051
 21
48.4776
  0
LINE
  8
0
 10
-6.15051
 20
48.4776
 11
-6.20956
 21
48.4662
  0
LINE
  8
0
 10
-6.20956
 20
48.4662
 11
-6.36108
 21
48.4428
  0
LINE
  8
0
 10
-6.36108
 20
48.4428
 11
-6.51123
 21
48.4273
  0
LINE
  8
0
 10
-6.51123
 20
48.4273
 11
-6.62979
 21
48.4204
  0
LINE
  8
0
 10
-6.62979
 20
48.4204
 11
-6.72089
 21
48.4177
  0
LINE
  8
0
 10
-6.72089
 20
48.4177
 11
-6.87057
 21
48.4195
  0
LINE
  8
0
 10
-23.3702
 20
48.42
 11
-23.4888
 21
48.4273
  0
LINE
  8
0
 10
-23.4888
 20
48.4273
 11
-23.6389
 21
48.4428
  0
LINE
  8
0
 10
-23.6389
 20
48.4428
 11
-23.7904
 21
48.4657
  0
LINE
  8
0
 10
-23.7904
 20
48.4657
 11
-23.8499
 21
48.4776
  0
LINE
  8
0
 10
-23.8499
 20
48.4776
 11
-24.0005
 21
48.5115
  0
LINE
  8
0
 10
-24.0005
 20
48.5115
 11
-24.1507
 21
48.5527
  0
LINE
  8
0
 10
-24.1507
 20
48.5527
 11
-24.3008
 21
48.6012
  0
LINE
  8
0
 10
-24.3008
 20
48.6012
 11
-24.4194
 21
48.6456
  0
LINE
  8
0
 10
-24.4194
 20
48.6456
 11
-24.5403
 21
48.6955
  0
LINE
  8
0
 10
-24.5403
 20
48.6955
 11
-24.6904
 21
48.7637
  0
LINE
  8
0
 10
-24.6904
 20
48.7637
 11
-24.8103
 21
48.8237
  0
LINE
  8
0
 10
-24.8103
 20
48.8237
 11
-24.9902
 21
48.9221
  0
LINE
  8
0
 10
-24.9902
 20
48.9221
 11
-25.0795
 21
48.9757
  0
LINE
  8
0
 10
-25.0795
 20
48.9757
 11
-25.1701
 21
49.0324
  0
LINE
  8
0
 10
-25.1701
 20
49.0324
 11
-25.3203
 21
49.1322
  0
LINE
  8
0
 10
-25.3203
 20
49.1322
 11
-25.4695
 21
49.2384
  0
LINE
  8
0
 10
-25.4695
 20
49.2384
 11
-25.7103
 21
49.4266
  0
LINE
  8
0
 10
-25.7103
 20
49.4266
 11
-25.8595
 21
49.5529
  0
LINE
  8
0
 10
-25.8595
 20
49.5529
 11
-26.0399
 21
49.7154
  0
LINE
  8
0
 10
-26.0399
 20
49.7154
 11
-26.1603
 21
49.8289
  0
LINE
  8
0
 10
-26.1603
 20
49.8289
 11
-26.3104
 21
49.9782
  0
LINE
  8
0
 10
-26.3104
 20
49.9782
 11
-26.4894
 21
50.1672
  0
LINE
  8
0
 10
-26.4894
 20
50.1672
 11
-26.7
 21
50.4021
  0
LINE
  8
0
 10
-26.7
 20
50.4021
 11
-26.9101
 21
50.6502
  0
LINE
  8
0
 10
-26.9101
 20
50.6502
 11
-27.1495
 21
50.9523
  0
LINE
  8
0
 10
-27.1495
 20
50.9523
 11
-27.3898
 21
51.2741
  0
LINE
  8
0
 10
-27.3898
 20
51.2741
 11
-27.5999
 21
51.5721
  0
LINE
  8
0
 10
-27.5999
 20
51.5721
 11
-27.8096
 21
51.8829
  0
LINE
  8
0
 10
-27.8096
 20
51.8829
 11
-27.5034
 21
51.9612
  0
LINE
  8
0
 10
-27.5034
 20
51.9612
 11
-27.8096
 21
52.0395
  0
LINE
  8
0
 10
-27.8096
 20
52.0395
 11
-27.5999
 21
52.3503
  0
LINE
  8
0
 10
-27.5999
 20
52.3503
 11
-27.3898
 21
52.6483
  0
LINE
  8
0
 10
-27.3898
 20
52.6483
 11
-27.1495
 21
52.9701
  0
LINE
  8
0
 10
-27.1495
 20
52.9701
 11
-26.9101
 21
53.2722
  0
LINE
  8
0
 10
-26.9101
 20
53.2722
 11
-26.7
 21
53.5204
  0
LINE
  8
0
 10
-26.7
 20
53.5204
 11
-26.4899
 21
53.7556
  0
LINE
  8
0
 10
-26.4899
 20
53.7556
 11
-26.3104
 21
53.9442
  0
LINE
  8
0
 10
-26.3104
 20
53.9442
 11
-26.1603
 21
54.093
  0
LINE
  8
0
 10
-26.1603
 20
54.093
 11
-26.0403
 21
54.207
  0
LINE
  8
0
 10
-26.0403
 20
54.207
 11
-25.8595
 21
54.3695
  0
LINE
  8
0
 10
-25.8595
 20
54.3695
 11
-25.7103
 21
54.4958
  0
LINE
  8
0
 10
-25.7103
 20
54.4958
 11
-25.4695
 21
54.684
  0
LINE
  8
0
 10
-25.4695
 20
54.684
 11
-25.3203
 21
54.7902
  0
LINE
  8
0
 10
-25.3203
 20
54.7902
 11
-25.1701
 21
54.89
  0
LINE
  8
0
 10
-25.1701
 20
54.89
 11
-25.08
 21
54.9472
  0
LINE
  8
0
 10
-25.08
 20
54.9472
 11
-24.9898
 21
55.0003
  0
LINE
  8
0
 10
-24.9898
 20
55.0003
 11
-24.8103
 21
55.0987
  0
LINE
  8
0
 10
-24.8103
 20
55.0987
 11
-24.6904
 21
55.1587
  0
LINE
  8
0
 10
-24.6904
 20
55.1587
 11
-24.5403
 21
55.2269
  0
LINE
  8
0
 10
-24.5403
 20
55.2269
 11
-24.4194
 21
55.2773
  0
LINE
  8
0
 10
-24.4194
 20
55.2773
 11
-24.3004
 21
55.3212
  0
LINE
  8
0
 10
-24.3004
 20
55.3212
 11
-24.1507
 21
55.3697
  0
LINE
  8
0
 10
-24.1507
 20
55.3697
 11
-24.0005
 21
55.4109
  0
LINE
  8
0
 10
-24.0005
 20
55.4109
 11
-23.8495
 21
55.4448
  0
LINE
  8
0
 10
-23.8495
 20
55.4448
 11
-23.7904
 21
55.4562
  0
LINE
  8
0
 10
-23.7904
 20
55.4562
 11
-23.6389
 21
55.4796
  0
LINE
  8
0
 10
-23.6389
 20
55.4796
 11
-23.4888
 21
55.4951
  0
LINE
  8
0
 10
-23.4888
 20
55.4951
 11
-23.3702
 21
55.502
  0
LINE
  8
0
 10
-23.3702
 20
55.502
 11
-23.2791
 21
55.5048
  0
LINE
  8
0
 10
-23.2791
 20
55.5048
 11
-23.1294
 21
55.5029
  0
LINE
  8
0
 10
-23.1294
 20
55.5029
 11
-23.0109
 21
55.4951
  0
LINE
  8
0
 10
-23.0109
 20
55.4951
 11
-22.8607
 21
55.4796
  0
LINE
  8
0
 10
-22.8607
 20
55.4796
 11
-22.7087
 21
55.4562
  0
LINE
  8
0
 10
-22.7087
 20
55.4562
 11
-22.5591
 21
55.4256
  0
LINE
  8
0
 10
-22.5591
 20
55.4256
 11
-22.4103
 21
55.3871
  0
LINE
  8
0
 10
-22.4103
 20
55.3871
 11
-22.2588
 21
55.3409
  0
LINE
  8
0
 10
-22.2588
 20
55.3409
 11
-22.0802
 21
55.2768
  0
LINE
  8
0
 10
-22.0802
 20
55.2768
 11
-21.9292
 21
55.2145
  0
LINE
  8
0
 10
-21.9292
 20
55.2145
 11
-21.8102
 21
55.1591
  0
LINE
  8
0
 10
-21.8102
 20
55.1591
 11
-21.6893
 21
55.0987
  0
LINE
  8
0
 10
-21.6893
 20
55.0987
 11
-21.5991
 21
55.0507
  0
LINE
  8
0
 10
-21.5991
 20
55.0507
 11
-21.4192
 21
54.9467
  0
LINE
  8
0
 10
-21.4192
 20
54.9467
 11
-21.2704
 21
54.852
  0
LINE
  8
0
 10
-21.2704
 20
54.852
 11
-21.0892
 21
54.7266
  0
LINE
  8
0
 10
-21.0892
 20
54.7266
 11
-20.9102
 21
54.5924
  0
LINE
  8
0
 10
-20.9102
 20
54.5924
 11
-20.7591
 21
54.4716
  0
LINE
  8
0
 10
-20.7591
 20
54.4716
 11
-20.6401
 21
54.3695
  0
LINE
  8
0
 10
-20.6401
 20
54.3695
 11
-20.4588
 21
54.2075
  0
LINE
  8
0
 10
-20.4588
 20
54.2075
 11
-20.3101
 21
54.0646
  0
LINE
  8
0
 10
-20.3101
 20
54.0646
 11
-20.1297
 21
53.882
  0
LINE
  8
0
 10
-20.1297
 20
53.882
 11
-19.9796
 21
53.7222
  0
LINE
  8
0
 10
-19.9796
 20
53.7222
 11
-19.8596
 21
53.589
  0
LINE
  8
0
 10
-19.8596
 20
53.589
 11
-19.6797
 21
53.3803
  0
LINE
  8
0
 10
-19.6797
 20
53.3803
 11
-19.5296
 21
53.1981
  0
LINE
  8
0
 10
-19.5296
 20
53.1981
 11
-19.3199
 21
52.9308
  0
LINE
  8
0
 10
-19.3199
 20
52.9308
 11
-19.1391
 21
52.6895
  0
LINE
  8
0
 10
-19.1391
 20
52.6895
 11
-18.9592
 21
52.4373
  0
LINE
  8
0
 10
-18.9592
 20
52.4373
 11
-18.7798
 21
52.1745
  0
LINE
  8
0
 10
-18.7798
 20
52.1745
 11
-18.6383
 21
51.9617
  0
LINE
  8
0
 10
-18.6383
 20
51.9617
 11
-18.7798
 21
51.7479
  0
LINE
  8
0
 10
-18.7798
 20
51.7479
 11
-18.9601
 21
51.4847
  0
LINE
  8
0
 10
-18.9601
 20
51.4847
 11
-19.1396
 21
51.2325
  0
LINE
  8
0
 10
-19.1396
 20
51.2325
 11
-19.3199
 21
50.9917
  0
LINE
  8
0
 10
-19.3199
 20
50.9917
 11
-19.5296
 21
50.7243
  0
LINE
  8
0
 10
-19.5296
 20
50.7243
 11
-19.6802
 21
50.5417
  0
LINE
  8
0
 10
-19.6802
 20
50.5417
 11
-19.8601
 21
50.3329
  0
LINE
  8
0
 10
-19.8601
 20
50.3329
 11
-19.98
 21
50.1997
  0
LINE
  8
0
 10
-19.98
 20
50.1997
 11
-20.1302
 21
50.04
  0
LINE
  8
0
 10
-20.1302
 20
50.04
 11
-20.3101
 21
49.8578
  0
LINE
  8
0
 10
-20.3101
 20
49.8578
 11
-20.4593
 21
49.7154
  0
LINE
  8
0
 10
-20.4593
 20
49.7154
 11
-20.6401
 21
49.5529
  0
LINE
  8
0
 10
-20.6401
 20
49.5529
 11
-20.7596
 21
49.4504
  0
LINE
  8
0
 10
-20.7596
 20
49.4504
 11
-20.9102
 21
49.33
  0
LINE
  8
0
 10
-20.9102
 20
49.33
 11
-21.0892
 21
49.1959
  0
LINE
  8
0
 10
-21.0892
 20
49.1959
 11
-21.2704
 21
49.0704
  0
LINE
  8
0
 10
-21.2704
 20
49.0704
 11
-21.4192
 21
48.9761
  0
LINE
  8
0
 10
-21.4192
 20
48.9761
 11
-21.6
 21
48.8713
  0
LINE
  8
0
 10
-21.6
 20
48.8713
 11
-21.6902
 21
48.8232
  0
LINE
  8
0
 10
-21.6902
 20
48.8232
 11
-21.8102
 21
48.7628
  0
LINE
  8
0
 10
-21.8102
 20
48.7628
 11
-21.9292
 21
48.7083
  0
LINE
  8
0
 10
-21.9292
 20
48.7083
 11
-22.0802
 21
48.6456
  0
LINE
  8
0
 10
-22.0802
 20
48.6456
 11
-22.2601
 21
48.5811
  0
LINE
  8
0
 10
-22.2601
 20
48.5811
 11
-22.4103
 21
48.5349
  0
LINE
  8
0
 10
-22.4103
 20
48.5349
 11
-22.5591
 21
48.4969
  0
LINE
  8
0
 10
-22.5591
 20
48.4969
 11
-22.7087
 21
48.4662
  0
LINE
  8
0
 10
-22.7087
 20
48.4662
 11
-22.8607
 21
48.4428
  0
LINE
  8
0
 10
-22.8607
 20
48.4428
 11
-23.0109
 21
48.4273
  0
LINE
  8
0
 10
-23.0109
 20
48.4273
 11
-23.1294
 21
48.42
  0
LINE
  8
0
 10
-23.1294
 20
48.42
 11
-23.2791
 21
48.4177
  0
LINE
  8
0
 10
-23.2791
 20
48.4177
 11
-23.3702
 21
48.42
  0
LINE
  8
0
 10
-31.6974
 20
45.9343
 11
-32.4001
 21
47.6312
  0
LINE
  8
0
 10
-32.4001
 20
47.6312
 11
-31.6974
 21
49.3282
  0
LINE
  8
0
 10
-31.6974
 20
49.3282
 11
-30
 21
50.0313
  0
LINE
  8
0
 10
-30
 20
50.0313
 11
-28.3026
 21
49.3282
  0
LINE
  8
0
 10
-28.3026
 20
49.3282
 11
-27.5999
 21
47.6312
  0
LINE
  8
0
 10
-27.5999
 20
47.6312
 11
-28.3026
 21
45.9343
  0
LINE
  8
0
 10
-28.3026
 20
45.9343
 11
-30
 21
45.2312
  0
LINE
  8
0
 10
-30
 20
45.2312
 11
-31.6974
 21
45.9343
  0
LINE
  8
0
 10
-1.69739
 20
45.9343
 11
-2.40005
 21
47.6312
  0
LINE
  8
0
 10
-2.40005
 20
47.6312
 11
-1.69739
 21
49.3282
  0
LINE
  8
0
 10
-1.69739
 20
49.3282
 11
0
 21
50.0313
  0
LINE
  8
0
 10
0
 20
50.0313
 11
1.69739
 21
49.3282
  0
LINE
  8
0
 10
1.69739
 20
49.3282
 11
2.40005
 21
47.6312
  0
LINE
  8
0
 10
2.40005
 20
47.6312
 11
1.69739
 21
45.9343
  0
LINE
  8
0
 10
1.69739
 20
45.9343
 11
0
 21
45.2312
  0
LINE
  8
0
 10
0
 20
45.2312
 11
-1.69739
 21
45.9343
  0
LINE
  8
0
 10
28.3026
 20
45.9343
 11
27.5999
 21
47.6312
  0
LINE
  8
0
 10
27.5999
 20
47.6312
 11
28.3026
 21
49.3282
  0
LINE
  8
0
 10
28.3026
 20
49.3282
 11
30
 21
50.0313
  0
LINE
  8
0
 10
30
 20
50.0313
 11
31.6974
 21
49.3282
  0
LINE
  8
0
 10
31.6974
 20
49.3282
 11
32.4001
 21
47.6312
  0
LINE
  8
0
 10
32.4001
 20
47.6312
 11
31.6974
 21
45.9343
  0
LINE
  8
0
 10
31.6974
 20
45.9343
 11
30
 21
45.2312
  0
LINE
  8
0
 10
30
 20
45.2312
 11
28.3026
 21
45.9343
  0
LINE
  8
0
 10
-9.03717
 20
40.8549
 11
-9.39972
 21
40.8879
  0
LINE
  8
0
 10
-9.39972
 20
40.8879
 11
-9.79797
 21
40.9351
  0
LINE
  8
0
 10
-9.79797
 20
40.9351
 11
-10.1802
 21
40.9918
  0
LINE
  8
0
 10
-10.1802
 20
40.9918
 11
-10.5016
 21
41.049
  0
LINE
  8
0
 10
-10.5016
 20
41.049
 11
-10.8083
 21
41.114
  0
LINE
  8
0
 10
-10.8083
 20
41.114
 11
-11.0632
 21
41.1758
  0
LINE
  8
0
 10
-11.0632
 20
41.1758
 11
-11.2669
 21
41.2308
  0
LINE
  8
0
 10
-11.2669
 20
41.2308
 11
-11.4262
 21
41.2775
  0
LINE
  8
0
 10
-11.4262
 20
41.2775
 11
-11.6556
 21
41.3521
  0
LINE
  8
0
 10
-11.6556
 20
41.3521
 11
-11.8401
 21
41.4189
  0
LINE
  8
0
 10
-11.8401
 20
41.4189
 11
-12.1234
 21
41.5334
  0
LINE
  8
0
 10
-12.1234
 20
41.5334
 11
-12.291
 21
41.6098
  0
LINE
  8
0
 10
-12.291
 20
41.6098
 11
-12.4525
 21
41.6899
  0
LINE
  8
0
 10
-12.4525
 20
41.6899
 11
-12.5459
 21
41.7393
  0
LINE
  8
0
 10
-12.5459
 20
41.7393
 11
-12.6379
 21
41.7906
  0
LINE
  8
0
 10
-12.6379
 20
41.7906
 11
-12.8133
 21
41.8973
  0
LINE
  8
0
 10
-12.8133
 20
41.8973
 11
-12.9254
 21
41.971
  0
LINE
  8
0
 10
-12.9254
 20
41.971
 11
-13.0586
 21
42.0662
  0
LINE
  8
0
 10
-13.0586
 20
42.0662
 11
-13.1621
 21
42.1463
  0
LINE
  8
0
 10
-13.1621
 20
42.1463
 11
-13.2596
 21
42.2269
  0
LINE
  8
0
 10
-13.2596
 20
42.2269
 11
-13.3777
 21
42.3335
  0
LINE
  8
0
 10
-13.3777
 20
42.3335
 11
-13.4885
 21
42.4429
  0
LINE
  8
0
 10
-13.4885
 20
42.4429
 11
-13.5924
 21
42.5555
  0
LINE
  8
0
 10
-13.5924
 20
42.5555
 11
-13.6327
 21
42.6022
  0
LINE
  8
0
 10
-13.6327
 20
42.6022
 11
-13.7279
 21
42.7203
  0
LINE
  8
0
 10
-13.7279
 20
42.7203
 11
-13.8153
 21
42.8416
  0
LINE
  8
0
 10
-13.8153
 20
42.8416
 11
-13.8821
 21
42.9428
  0
LINE
  8
0
 10
-13.8821
 20
42.9428
 11
-13.9297
 21
43.0197
  0
LINE
  8
0
 10
-13.9297
 20
43.0197
 11
-14.0016
 21
43.1493
  0
LINE
  8
0
 10
-14.0016
 20
43.1493
 11
-14.0556
 21
43.2582
  0
LINE
  8
0
 10
-14.0556
 20
43.2582
 11
-14.1174
 21
43.3965
  0
LINE
  8
0
 10
-14.1174
 20
43.3965
 11
-14.1728
 21
43.5379
  0
LINE
  8
0
 10
-14.1728
 20
43.5379
 11
-14.2209
 21
43.683
  0
LINE
  8
0
 10
-14.2209
 20
43.683
 11
-14.2621
 21
43.8322
  0
LINE
  8
0
 10
-14.2621
 20
43.8322
 11
-14.2982
 21
43.9851
  0
LINE
  8
0
 10
-14.2982
 20
43.9851
 11
-14.3321
 21
44.1733
  0
LINE
  8
0
 10
-14.3321
 20
44.1733
 11
-14.3527
 21
44.334
  0
LINE
  8
0
 10
-14.3527
 20
44.334
 11
-14.3651
 21
44.4658
  0
LINE
  8
0
 10
-14.3651
 20
44.4658
 11
-14.3729
 21
44.5995
  0
LINE
  8
0
 10
-14.3729
 20
44.5995
 11
-14.3765
 21
44.7006
  0
LINE
  8
0
 10
-14.3765
 20
44.7006
 11
-14.3765
 21
44.9094
  0
LINE
  8
0
 10
-14.3765
 20
44.9094
 11
-14.3683
 21
45.0861
  0
LINE
  8
0
 10
-14.3683
 20
45.0861
 11
-14.3509
 21
45.3044
  0
LINE
  8
0
 10
-14.3509
 20
45.3044
 11
-14.3239
 21
45.5278
  0
LINE
  8
0
 10
-14.3239
 20
45.5278
 11
-14.295
 21
45.7187
  0
LINE
  8
0
 10
-14.295
 20
45.7187
 11
-14.2662
 21
45.873
  0
LINE
  8
0
 10
-14.2662
 20
45.873
 11
-14.2159
 21
46.1101
  0
LINE
  8
0
 10
-14.2159
 20
46.1101
 11
-14.1664
 21
46.312
  0
LINE
  8
0
 10
-14.1664
 20
46.312
 11
-14.0991
 21
46.5578
  0
LINE
  8
0
 10
-14.0991
 20
46.5578
 11
-14.0364
 21
46.7688
  0
LINE
  8
0
 10
-14.0364
 20
46.7688
 11
-13.9806
 21
46.9382
  0
LINE
  8
0
 10
-13.9806
 20
46.9382
 11
-13.8904
 21
47.1991
  0
LINE
  8
0
 10
-13.8904
 20
47.1991
 11
-13.8071
 21
47.4197
  0
LINE
  8
0
 10
-13.8071
 20
47.4197
 11
-13.6798
 21
47.7356
  0
LINE
  8
0
 10
-13.6798
 20
47.7356
 11
-13.5612
 21
48.0125
  0
LINE
  8
0
 10
-13.5612
 20
48.0125
 11
-13.4322
 21
48.2945
  0
LINE
  8
0
 10
-13.4322
 20
48.2945
 11
-13.2953
 21
48.5815
  0
LINE
  8
0
 10
-13.2953
 20
48.5815
 11
-13.1804
 21
48.8104
  0
LINE
  8
0
 10
-13.1804
 20
48.8104
 11
-12.9254
 21
48.7949
  0
LINE
  8
0
 10
-12.9254
 20
48.7949
 11
-12.6082
 21
48.7701
  0
LINE
  8
0
 10
-12.6082
 20
48.7701
 11
-12.3001
 21
48.7408
  0
LINE
  8
0
 10
-12.3001
 20
48.7408
 11
-12.0012
 21
48.7051
  0
LINE
  8
0
 10
-12.0012
 20
48.7051
 11
-11.6643
 21
48.6575
  0
LINE
  8
0
 10
-11.6643
 20
48.6575
 11
-11.4304
 21
48.6191
  0
LINE
  8
0
 10
-11.4304
 20
48.6191
 11
-11.1607
 21
48.5669
  0
LINE
  8
0
 10
-11.1607
 20
48.5669
 11
-10.9854
 21
48.5298
  0
LINE
  8
0
 10
-10.9854
 20
48.5298
 11
-10.7712
 21
48.4795
  0
LINE
  8
0
 10
-10.7712
 20
48.4795
 11
-10.5244
 21
48.4145
  0
LINE
  8
0
 10
-10.5244
 20
48.4145
 11
-10.3244
 21
48.3563
  0
LINE
  8
0
 10
-10.3244
 20
48.3563
 11
-10.0951
 21
48.2817
  0
LINE
  8
0
 10
-10.0951
 20
48.2817
 11
-9.94583
 21
48.2281
  0
LINE
  8
0
 10
-9.94583
 20
48.2281
 11
-9.76639
 21
48.159
  0
LINE
  8
0
 10
-9.76639
 20
48.159
 11
-9.55948
 21
48.0707
  0
LINE
  8
0
 10
-9.55948
 20
48.0707
 11
-9.36172
 21
47.9768
  0
LINE
  8
0
 10
-9.36172
 20
47.9768
 11
-9.20517
 21
47.8944
  0
LINE
  8
0
 10
-9.20517
 20
47.8944
 11
-9.0239
 21
47.7905
  0
LINE
  8
0
 10
-9.0239
 20
47.7905
 11
-8.93784
 21
47.7365
  0
LINE
  8
0
 10
-8.93784
 20
47.7365
 11
-8.82523
 21
47.6628
  0
LINE
  8
0
 10
-8.82523
 20
47.6628
 11
-8.71857
 21
47.5873
  0
LINE
  8
0
 10
-8.71857
 20
47.5873
 11
-8.58856
 21
47.4875
  0
LINE
  8
0
 10
-8.58856
 20
47.4875
 11
-8.44345
 21
47.3648
  0
LINE
  8
0
 10
-8.44345
 20
47.3648
 11
-8.32809
 21
47.2568
  0
LINE
  8
0
 10
-8.32809
 20
47.2568
 11
-8.2196
 21
47.146
  0
LINE
  8
0
 10
-8.2196
 20
47.146
 11
-8.11798
 21
47.0311
  0
LINE
  8
0
 10
-8.11798
 20
47.0311
 11
-8.02277
 21
46.9135
  0
LINE
  8
0
 10
-8.02277
 20
46.9135
 11
-7.93533
 21
46.7921
  0
LINE
  8
0
 10
-7.93533
 20
46.7921
 11
-7.8685
 21
46.691
  0
LINE
  8
0
 10
-7.8685
 20
46.691
 11
-7.79114
 21
46.5619
  0
LINE
  8
0
 10
-7.79114
 20
46.5619
 11
-7.74857
 21
46.4832
  0
LINE
  8
0
 10
-7.74857
 20
46.4832
 11
-7.69501
 21
46.3756
  0
LINE
  8
0
 10
-7.69501
 20
46.3756
 11
-7.63321
 21
46.2373
  0
LINE
  8
0
 10
-7.63321
 20
46.2373
 11
-7.57782
 21
46.0959
  0
LINE
  8
0
 10
-7.57782
 20
46.0959
 11
-7.55859
 21
46.0387
  0
LINE
  8
0
 10
-7.55859
 20
46.0387
 11
-7.51282
 21
45.8917
  0
LINE
  8
0
 10
-7.51282
 20
45.8917
 11
-7.47299
 21
45.7407
  0
LINE
  8
0
 10
-7.47299
 20
45.7407
 11
-7.44049
 21
45.5864
  0
LINE
  8
0
 10
-7.44049
 20
45.5864
 11
-7.41898
 21
45.461
  0
LINE
  8
0
 10
-7.41898
 20
45.461
 11
-7.40158
 21
45.3323
  0
LINE
  8
0
 10
-7.40158
 20
45.3323
 11
-7.38556
 21
45.168
  0
LINE
  8
0
 10
-7.38556
 20
45.168
 11
-7.37823
 21
45.0357
  0
LINE
  8
0
 10
-7.37823
 20
45.0357
 11
-7.3732
 21
44.8293
  0
LINE
  8
0
 10
-7.3732
 20
44.8293
 11
-7.37411
 21
44.7244
  0
LINE
  8
0
 10
-7.37411
 20
44.7244
 11
-7.37869
 21
44.6187
  0
LINE
  8
0
 10
-7.37869
 20
44.6187
 11
-7.39014
 21
44.4383
  0
LINE
  8
0
 10
-7.39014
 20
44.4383
 11
-7.40753
 21
44.2543
  0
LINE
  8
0
 10
-7.40753
 20
44.2543
 11
-7.44965
 21
43.9549
  0
LINE
  8
0
 10
-7.44965
 20
43.9549
 11
-7.48444
 21
43.7599
  0
LINE
  8
0
 10
-7.48444
 20
43.7599
 11
-7.53479
 21
43.5233
  0
LINE
  8
0
 10
-7.53479
 20
43.5233
 11
-7.5737
 21
43.3626
  0
LINE
  8
0
 10
-7.5737
 20
43.3626
 11
-7.62772
 21
43.1589
  0
LINE
  8
0
 10
-7.62772
 20
43.1589
 11
-7.70142
 21
42.908
  0
LINE
  8
0
 10
-7.70142
 20
42.908
 11
-7.79938
 21
42.6091
  0
LINE
  8
0
 10
-7.79938
 20
42.6091
 11
-7.91061
 21
42.3024
  0
LINE
  8
0
 10
-7.91061
 20
42.3024
 11
-8.05206
 21
41.9431
  0
LINE
  8
0
 10
-8.05206
 20
41.9431
 11
-8.21045
 21
41.5746
  0
LINE
  8
0
 10
-8.21045
 20
41.5746
 11
-8.36334
 21
41.244
  0
LINE
  8
0
 10
-8.36334
 20
41.244
 11
-8.52814
 21
40.9076
  0
LINE
  8
0
 10
-8.52814
 20
40.9076
 11
-8.74786
 21
41.1324
  0
LINE
  8
0
 10
-8.74786
 20
41.1324
 11
-8.66272
 21
40.8289
  0
LINE
  8
0
 10
-8.66272
 20
40.8289
 11
-9.03717
 21
40.8549
  0
LINE
  8
0
 10
20.9628
 20
40.8549
 11
20.6003
 21
40.8879
  0
LINE
  8
0
 10
20.6003
 20
40.8879
 11
20.202
 21
40.9351
  0
LINE
  8
0
 10
20.202
 20
40.9351
 11
19.8198
 21
40.9918
  0
LINE
  8
0
 10
19.8198
 20
40.9918
 11
19.4984
 21
41.049
  0
LINE
  8
0
 10
19.4984
 20
41.049
 11
19.1917
 21
41.114
  0
LINE
  8
0
 10
19.1917
 20
41.114
 11
18.9368
 21
41.1758
  0
LINE
  8
0
 10
18.9368
 20
41.1758
 11
18.7331
 21
41.2308
  0
LINE
  8
0
 10
18.7331
 20
41.2308
 11
18.5738
 21
41.2775
  0
LINE
  8
0
 10
18.5738
 20
41.2775
 11
18.3444
 21
41.3521
  0
LINE
  8
0
 10
18.3444
 20
41.3521
 11
18.1599
 21
41.4189
  0
LINE
  8
0
 10
18.1599
 20
41.4189
 11
17.8766
 21
41.5334
  0
LINE
  8
0
 10
17.8766
 20
41.5334
 11
17.709
 21
41.6098
  0
LINE
  8
0
 10
17.709
 20
41.6098
 11
17.5475
 21
41.6899
  0
LINE
  8
0
 10
17.5475
 20
41.6899
 11
17.4541
 21
41.7393
  0
LINE
  8
0
 10
17.4541
 20
41.7393
 11
17.3621
 21
41.7906
  0
LINE
  8
0
 10
17.3621
 20
41.7906
 11
17.1867
 21
41.8973
  0
LINE
  8
0
 10
17.1867
 20
41.8973
 11
17.0746
 21
41.971
  0
LINE
  8
0
 10
17.0746
 20
41.971
 11
16.9414
 21
42.0662
  0
LINE
  8
0
 10
16.9414
 20
42.0662
 11
16.8379
 21
42.1463
  0
LINE
  8
0
 10
16.8379
 20
42.1463
 11
16.7404
 21
42.2269
  0
LINE
  8
0
 10
16.7404
 20
42.2269
 11
16.6223
 21
42.3335
  0
LINE
  8
0
 10
16.6223
 20
42.3335
 11
16.5115
 21
42.4429
  0
LINE
  8
0
 10
16.5115
 20
42.4429
 11
16.4076
 21
42.5555
  0
LINE
  8
0
 10
16.4076
 20
42.5555
 11
16.3673
 21
42.6022
  0
LINE
  8
0
 10
16.3673
 20
42.6022
 11
16.2721
 21
42.7203
  0
LINE
  8
0
 10
16.2721
 20
42.7203
 11
16.1847
 21
42.8416
  0
LINE
  8
0
 10
16.1847
 20
42.8416
 11
16.1179
 21
42.9428
  0
LINE
  8
0
 10
16.1179
 20
42.9428
 11
16.0703
 21
43.0197
  0
LINE
  8
0
 10
16.0703
 20
43.0197
 11
15.9984
 21
43.1493
  0
LINE
  8
0
 10
15.9984
 20
43.1493
 11
15.9444
 21
43.2582
  0
LINE
  8
0
 10
15.9444
 20
43.2582
 11
15.8826
 21
43.3965
  0
LINE
  8
0
 10
15.8826
 20
43.3965
 11
15.8272
 21
43.5379
  0
LINE
  8
0
 10
15.8272
 20
43.5379
 11
15.7791
 21
43.683
  0
LINE
  8
0
 10
15.7791
 20
43.683
 11
15.7379
 21
43.8322
  0
LINE
  8
0
 10
15.7379
 20
43.8322
 11
15.7018
 21
43.9851
  0
LINE
  8
0
 10
15.7018
 20
43.9851
 11
15.6679
 21
44.1733
  0
LINE
  8
0
 10
15.6679
 20
44.1733
 11
15.6473
 21
44.334
  0
LINE
  8
0
 10
15.6473
 20
44.334
 11
15.6349
 21
44.4658
  0
LINE
  8
0
 10
15.6349
 20
44.4658
 11
15.6271
 21
44.5995
  0
LINE
  8
0
 10
15.6271
 20
44.5995
 11
15.6235
 21
44.7006
  0
LINE
  8
0
 10
15.6235
 20
44.7006
 11
15.6235
 21
44.9094
  0
LINE
  8
0
 10
15.6235
 20
44.9094
 11
15.6317
 21
45.0861
  0
LINE
  8
0
 10
15.6317
 20
45.0861
 11
15.6491
 21
45.3044
  0
LINE
  8
0
 10
15.6491
 20
45.3044
 11
15.6761
 21
45.5278
  0
LINE
  8
0
 10
15.6761
 20
45.5278
 11
15.705
 21
45.7187
  0
LINE
  8
0
 10
15.705
 20
45.7187
 11
15.7338
 21
45.873
  0
LINE
  8
0
 10
15.7338
 20
45.873
 11
15.7841
 21
46.1101
  0
LINE
  8
0
 10
15.7841
 20
46.1101
 11
15.8336
 21
46.312
  0
LINE
  8
0
 10
15.8336
 20
46.312
 11
15.9009
 21
46.5578
  0
LINE
  8
0
 10
15.9009
 20
46.5578
 11
15.9636
 21
46.7688
  0
LINE
  8
0
 10
15.9636
 20
46.7688
 11
16.0194
 21
46.9382
  0
LINE
  8
0
 10
16.0194
 20
46.9382
 11
16.1096
 21
47.1991
  0
LINE
  8
0
 10
16.1096
 20
47.1991
 11
16.1929
 21
47.4197
  0
LINE
  8
0
 10
16.1929
 20
47.4197
 11
16.3202
 21
47.7356
  0
LINE
  8
0
 10
16.3202
 20
47.7356
 11
16.4388
 21
48.0125
  0
LINE
  8
0
 10
16.4388
 20
48.0125
 11
16.5678
 21
48.2945
  0
LINE
  8
0
 10
16.5678
 20
48.2945
 11
16.7047
 21
48.5815
  0
LINE
  8
0
 10
16.7047
 20
48.5815
 11
16.8196
 21
48.8104
  0
LINE
  8
0
 10
16.8196
 20
48.8104
 11
17.0746
 21
48.7949
  0
LINE
  8
0
 10
17.0746
 20
48.7949
 11
17.3918
 21
48.7701
  0
LINE
  8
0
 10
17.3918
 20
48.7701
 11
17.6999
 21
48.7408
  0
LINE
  8
0
 10
17.6999
 20
48.7408
 11
17.9988
 21
48.7051
  0
LINE
  8
0
 10
17.9988
 20
48.7051
 11
18.3357
 21
48.6575
  0
LINE
  8
0
 10
18.3357
 20
48.6575
 11
18.5696
 21
48.6191
  0
LINE
  8
0
 10
18.5696
 20
48.6191
 11
18.8393
 21
48.5669
  0
LINE
  8
0
 10
18.8393
 20
48.5669
 11
19.0146
 21
48.5298
  0
LINE
  8
0
 10
19.0146
 20
48.5298
 11
19.2288
 21
48.4795
  0
LINE
  8
0
 10
19.2288
 20
48.4795
 11
19.4756
 21
48.4145
  0
LINE
  8
0
 10
19.4756
 20
48.4145
 11
19.6756
 21
48.3563
  0
LINE
  8
0
 10
19.6756
 20
48.3563
 11
19.9049
 21
48.2817
  0
LINE
  8
0
 10
19.9049
 20
48.2817
 11
20.0542
 21
48.2281
  0
LINE
  8
0
 10
20.0542
 20
48.2281
 11
20.2336
 21
48.159
  0
LINE
  8
0
 10
20.2336
 20
48.159
 11
20.4405
 21
48.0707
  0
LINE
  8
0
 10
20.4405
 20
48.0707
 11
20.6383
 21
47.9768
  0
LINE
  8
0
 10
20.6383
 20
47.9768
 11
20.7948
 21
47.8944
  0
LINE
  8
0
 10
20.7948
 20
47.8944
 11
20.9761
 21
47.7905
  0
LINE
  8
0
 10
20.9761
 20
47.7905
 11
21.0622
 21
47.7365
  0
LINE
  8
0
 10
21.0622
 20
47.7365
 11
21.1748
 21
47.6628
  0
LINE
  8
0
 10
21.1748
 20
47.6628
 11
21.2814
 21
47.5873
  0
LINE
  8
0
 10
21.2814
 20
47.5873
 11
21.4114
 21
47.4875
  0
LINE
  8
0
 10
21.4114
 20
47.4875
 11
21.5565
 21
47.3648
  0
LINE
  8
0
 10
21.5565
 20
47.3648
 11
21.6719
 21
47.2568
  0
LINE
  8
0
 10
21.6719
 20
47.2568
 11
21.7804
 21
47.146
  0
LINE
  8
0
 10
21.7804
 20
47.146
 11
21.882
 21
47.0311
  0
LINE
  8
0
 10
21.882
 20
47.0311
 11
21.9772
 21
46.9135
  0
LINE
  8
0
 10
21.9772
 20
46.9135
 11
22.0647
 21
46.7921
  0
LINE
  8
0
 10
22.0647
 20
46.7921
 11
22.1315
 21
46.691
  0
LINE
  8
0
 10
22.1315
 20
46.691
 11
22.2089
 21
46.5619
  0
LINE
  8
0
 10
22.2089
 20
46.5619
 11
22.2514
 21
46.4832
  0
LINE
  8
0
 10
22.2514
 20
46.4832
 11
22.305
 21
46.3756
  0
LINE
  8
0
 10
22.305
 20
46.3756
 11
22.3668
 21
46.2373
  0
LINE
  8
0
 10
22.3668
 20
46.2373
 11
22.4222
 21
46.0959
  0
LINE
  8
0
 10
22.4222
 20
46.0959
 11
22.4414
 21
46.0387
  0
LINE
  8
0
 10
22.4414
 20
46.0387
 11
22.4872
 21
45.8917
  0
LINE
  8
0
 10
22.4872
 20
45.8917
 11
22.527
 21
45.7407
  0
LINE
  8
0
 10
22.527
 20
45.7407
 11
22.5595
 21
45.5864
  0
LINE
  8
0
 10
22.5595
 20
45.5864
 11
22.581
 21
45.461
  0
LINE
  8
0
 10
22.581
 20
45.461
 11
22.5984
 21
45.3323
  0
LINE
  8
0
 10
22.5984
 20
45.3323
 11
22.6144
 21
45.168
  0
LINE
  8
0
 10
22.6144
 20
45.168
 11
22.6218
 21
45.0357
  0
LINE
  8
0
 10
22.6218
 20
45.0357
 11
22.6268
 21
44.8293
  0
LINE
  8
0
 10
22.6268
 20
44.8293
 11
22.6259
 21
44.7244
  0
LINE
  8
0
 10
22.6259
 20
44.7244
 11
22.6213
 21
44.6187
  0
LINE
  8
0
 10
22.6213
 20
44.6187
 11
22.6099
 21
44.4383
  0
LINE
  8
0
 10
22.6099
 20
44.4383
 11
22.5925
 21
44.2543
  0
LINE
  8
0
 10
22.5925
 20
44.2543
 11
22.5504
 21
43.9549
  0
LINE
  8
0
 10
22.5504
 20
43.9549
 11
22.5156
 21
43.7599
  0
LINE
  8
0
 10
22.5156
 20
43.7599
 11
22.4652
 21
43.5233
  0
LINE
  8
0
 10
22.4652
 20
43.5233
 11
22.4263
 21
43.3626
  0
LINE
  8
0
 10
22.4263
 20
43.3626
 11
22.3723
 21
43.1589
  0
LINE
  8
0
 10
22.3723
 20
43.1589
 11
22.2986
 21
42.908
  0
LINE
  8
0
 10
22.2986
 20
42.908
 11
22.2006
 21
42.6091
  0
LINE
  8
0
 10
22.2006
 20
42.6091
 11
22.0894
 21
42.3024
  0
LINE
  8
0
 10
22.0894
 20
42.3024
 11
21.9479
 21
41.9431
  0
LINE
  8
0
 10
21.9479
 20
41.9431
 11
21.7896
 21
41.5746
  0
LINE
  8
0
 10
21.7896
 20
41.5746
 11
21.6367
 21
41.244
  0
LINE
  8
0
 10
21.6367
 20
41.244
 11
21.4719
 21
40.9076
  0
LINE
  8
0
 10
21.4719
 20
40.9076
 11
21.2521
 21
41.1324
  0
LINE
  8
0
 10
21.2521
 20
41.1324
 11
21.3373
 21
40.8289
  0
LINE
  8
0
 10
21.3373
 20
40.8289
 11
20.9628
 21
40.8549
  0
LINE
  8
0
 10
-39.0372
 20
40.8549
 11
-39.3997
 21
40.8879
  0
LINE
  8
0
 10
-39.3997
 20
40.8879
 11
-39.798
 21
40.9351
  0
LINE
  8
0
 10
-39.798
 20
40.9351
 11
-40.1802
 21
40.9918
  0
LINE
  8
0
 10
-40.1802
 20
40.9918
 11
-40.5016
 21
41.049
  0
LINE
  8
0
 10
-40.5016
 20
41.049
 11
-40.8083
 21
41.114
  0
LINE
  8
0
 10
-40.8083
 20
41.114
 11
-41.0632
 21
41.1758
  0
LINE
  8
0
 10
-41.0632
 20
41.1758
 11
-41.2669
 21
41.2308
  0
LINE
  8
0
 10
-41.2669
 20
41.2308
 11
-41.4262
 21
41.2775
  0
LINE
  8
0
 10
-41.4262
 20
41.2775
 11
-41.6556
 21
41.3521
  0
LINE
  8
0
 10
-41.6556
 20
41.3521
 11
-41.8401
 21
41.4189
  0
LINE
  8
0
 10
-41.8401
 20
41.4189
 11
-42.1234
 21
41.5334
  0
LINE
  8
0
 10
-42.1234
 20
41.5334
 11
-42.291
 21
41.6098
  0
LINE
  8
0
 10
-42.291
 20
41.6098
 11
-42.4525
 21
41.6899
  0
LINE
  8
0
 10
-42.4525
 20
41.6899
 11
-42.5459
 21
41.7393
  0
LINE
  8
0
 10
-42.5459
 20
41.7393
 11
-42.6379
 21
41.7906
  0
LINE
  8
0
 10
-42.6379
 20
41.7906
 11
-42.8133
 21
41.8973
  0
LINE
  8
0
 10
-42.8133
 20
41.8973
 11
-42.9254
 21
41.971
  0
LINE
  8
0
 10
-42.9254
 20
41.971
 11
-43.0586
 21
42.0662
  0
LINE
  8
0
 10
-43.0586
 20
42.0662
 11
-43.1621
 21
42.1463
  0
LINE
  8
0
 10
-43.1621
 20
42.1463
 11
-43.2596
 21
42.2269
  0
LINE
  8
0
 10
-43.2596
 20
42.2269
 11
-43.3777
 21
42.3335
  0
LINE
  8
0
 10
-43.3777
 20
42.3335
 11
-43.4885
 21
42.4429
  0
LINE
  8
0
 10
-43.4885
 20
42.4429
 11
-43.5924
 21
42.5555
  0
LINE
  8
0
 10
-43.5924
 20
42.5555
 11
-43.6327
 21
42.6022
  0
LINE
  8
0
 10
-43.6327
 20
42.6022
 11
-43.7279
 21
42.7203
  0
LINE
  8
0
 10
-43.7279
 20
42.7203
 11
-43.8153
 21
42.8416
  0
LINE
  8
0
 10
-43.8153
 20
42.8416
 11
-43.8821
 21
42.9428
  0
LINE
  8
0
 10
-43.8821
 20
42.9428
 11
-43.9297
 21
43.0197
  0
LINE
  8
0
 10
-43.9297
 20
43.0197
 11
-44.0016
 21
43.1493
  0
LINE
  8
0
 10
-44.0016
 20
43.1493
 11
-44.0556
 21
43.2582
  0
LINE
  8
0
 10
-44.0556
 20
43.2582
 11
-44.1174
 21
43.3965
  0
LINE
  8
0
 10
-44.1174
 20
43.3965
 11
-44.1728
 21
43.5379
  0
LINE
  8
0
 10
-44.1728
 20
43.5379
 11
-44.2209
 21
43.683
  0
LINE
  8
0
 10
-44.2209
 20
43.683
 11
-44.2621
 21
43.8322
  0
LINE
  8
0
 10
-44.2621
 20
43.8322
 11
-44.2982
 21
43.9851
  0
LINE
  8
0
 10
-44.2982
 20
43.9851
 11
-44.3321
 21
44.1733
  0
LINE
  8
0
 10
-44.3321
 20
44.1733
 11
-44.3527
 21
44.334
  0
LINE
  8
0
 10
-44.3527
 20
44.334
 11
-44.3651
 21
44.4658
  0
LINE
  8
0
 10
-44.3651
 20
44.4658
 11
-44.3729
 21
44.5995
  0
LINE
  8
0
 10
-44.3729
 20
44.5995
 11
-44.3765
 21
44.7006
  0
LINE
  8
0
 10
-44.3765
 20
44.7006
 11
-44.3765
 21
44.9094
  0
LINE
  8
0
 10
-44.3765
 20
44.9094
 11
-44.3683
 21
45.0861
  0
LINE
  8
0
 10
-44.3683
 20
45.0861
 11
-44.3509
 21
45.3044
  0
LINE
  8
0
 10
-44.3509
 20
45.3044
 11
-44.3239
 21
45.5278
  0
LINE
  8
0
 10
-44.3239
 20
45.5278
 11
-44.295
 21
45.7187
  0
LINE
  8
0
 10
-44.295
 20
45.7187
 11
-44.2662
 21
45.873
  0
LINE
  8
0
 10
-44.2662
 20
45.873
 11
-44.2159
 21
46.1101
  0
LINE
  8
0
 10
-44.2159
 20
46.1101
 11
-44.1664
 21
46.312
  0
LINE
  8
0
 10
-44.1664
 20
46.312
 11
-44.0991
 21
46.5578
  0
LINE
  8
0
 10
-44.0991
 20
46.5578
 11
-44.0364
 21
46.7688
  0
LINE
  8
0
 10
-44.0364
 20
46.7688
 11
-43.9806
 21
46.9382
  0
LINE
  8
0
 10
-43.9806
 20
46.9382
 11
-43.8904
 21
47.1991
  0
LINE
  8
0
 10
-43.8904
 20
47.1991
 11
-43.8071
 21
47.4197
  0
LINE
  8
0
 10
-43.8071
 20
47.4197
 11
-43.6798
 21
47.7356
  0
LINE
  8
0
 10
-43.6798
 20
47.7356
 11
-43.5612
 21
48.0125
  0
LINE
  8
0
 10
-43.5612
 20
48.0125
 11
-43.4322
 21
48.2945
  0
LINE
  8
0
 10
-43.4322
 20
48.2945
 11
-43.2953
 21
48.5815
  0
LINE
  8
0
 10
-43.2953
 20
48.5815
 11
-43.1804
 21
48.8104
  0
LINE
  8
0
 10
-43.1804
 20
48.8104
 11
-42.9254
 21
48.7949
  0
LINE
  8
0
 10
-42.9254
 20
48.7949
 11
-42.6082
 21
48.7701
  0
LINE
  8
0
 10
-42.6082
 20
48.7701
 11
-42.3001
 21
48.7408
  0
LINE
  8
0
 10
-42.3001
 20
48.7408
 11
-42.0012
 21
48.7051
  0
LINE
  8
0
 10
-42.0012
 20
48.7051
 11
-41.6643
 21
48.6575
  0
LINE
  8
0
 10
-41.6643
 20
48.6575
 11
-41.4304
 21
48.6191
  0
LINE
  8
0
 10
-41.4304
 20
48.6191
 11
-41.1607
 21
48.5669
  0
LINE
  8
0
 10
-41.1607
 20
48.5669
 11
-40.9854
 21
48.5298
  0
LINE
  8
0
 10
-40.9854
 20
48.5298
 11
-40.7712
 21
48.4795
  0
LINE
  8
0
 10
-40.7712
 20
48.4795
 11
-40.5244
 21
48.4145
  0
LINE
  8
0
 10
-40.5244
 20
48.4145
 11
-40.3244
 21
48.3563
  0
LINE
  8
0
 10
-40.3244
 20
48.3563
 11
-40.0951
 21
48.2817
  0
LINE
  8
0
 10
-40.0951
 20
48.2817
 11
-39.9458
 21
48.2281
  0
LINE
  8
0
 10
-39.9458
 20
48.2281
 11
-39.7664
 21
48.159
  0
LINE
  8
0
 10
-39.7664
 20
48.159
 11
-39.5595
 21
48.0707
  0
LINE
  8
0
 10
-39.5595
 20
48.0707
 11
-39.3617
 21
47.9768
  0
LINE
  8
0
 10
-39.3617
 20
47.9768
 11
-39.2052
 21
47.8944
  0
LINE
  8
0
 10
-39.2052
 20
47.8944
 11
-39.0239
 21
47.7905
  0
LINE
  8
0
 10
-39.0239
 20
47.7905
 11
-38.9378
 21
47.7365
  0
LINE
  8
0
 10
-38.9378
 20
47.7365
 11
-38.8252
 21
47.6628
  0
LINE
  8
0
 10
-38.8252
 20
47.6628
 11
-38.7186
 21
47.5873
  0
LINE
  8
0
 10
-38.7186
 20
47.5873
 11
-38.5886
 21
47.4875
  0
LINE
  8
0
 10
-38.5886
 20
47.4875
 11
-38.4435
 21
47.3648
  0
LINE
  8
0
 10
-38.4435
 20
47.3648
 11
-38.3281
 21
47.2568
  0
LINE
  8
0
 10
-38.3281
 20
47.2568
 11
-38.2196
 21
47.146
  0
LINE
  8
0
 10
-38.2196
 20
47.146
 11
-38.118
 21
47.0311
  0
LINE
  8
0
 10
-38.118
 20
47.0311
 11
-38.0228
 21
46.9135
  0
LINE
  8
0
 10
-38.0228
 20
46.9135
 11
-37.9353
 21
46.7921
  0
LINE
  8
0
 10
-37.9353
 20
46.7921
 11
-37.8685
 21
46.691
  0
LINE
  8
0
 10
-37.8685
 20
46.691
 11
-37.7911
 21
46.5619
  0
LINE
  8
0
 10
-37.7911
 20
46.5619
 11
-37.7486
 21
46.4832
  0
LINE
  8
0
 10
-37.7486
 20
46.4832
 11
-37.695
 21
46.3756
  0
LINE
  8
0
 10
-37.695
 20
46.3756
 11
-37.6332
 21
46.2373
  0
LINE
  8
0
 10
-37.6332
 20
46.2373
 11
-37.5778
 21
46.0959
  0
LINE
  8
0
 10
-37.5778
 20
46.0959
 11
-37.5586
 21
46.0387
  0
LINE
  8
0
 10
-37.5586
 20
46.0387
 11
-37.5128
 21
45.8917
  0
LINE
  8
0
 10
-37.5128
 20
45.8917
 11
-37.473
 21
45.7407
  0
LINE
  8
0
 10
-37.473
 20
45.7407
 11
-37.4405
 21
45.5864
  0
LINE
  8
0
 10
-37.4405
 20
45.5864
 11
-37.419
 21
45.461
  0
LINE
  8
0
 10
-37.419
 20
45.461
 11
-37.4016
 21
45.3323
  0
LINE
  8
0
 10
-37.4016
 20
45.3323
 11
-37.3856
 21
45.168
  0
LINE
  8
0
 10
-37.3856
 20
45.168
 11
-37.3782
 21
45.0357
  0
LINE
  8
0
 10
-37.3782
 20
45.0357
 11
-37.3732
 21
44.8293
  0
LINE
  8
0
 10
-37.3732
 20
44.8293
 11
-37.3741
 21
44.7244
  0
LINE
  8
0
 10
-37.3741
 20
44.7244
 11
-37.3787
 21
44.6187
  0
LINE
  8
0
 10
-37.3787
 20
44.6187
 11
-37.3901
 21
44.4383
  0
LINE
  8
0
 10
-37.3901
 20
44.4383
 11
-37.4075
 21
44.2543
  0
LINE
  8
0
 10
-37.4075
 20
44.2543
 11
-37.4496
 21
43.9549
  0
LINE
  8
0
 10
-37.4496
 20
43.9549
 11
-37.4844
 21
43.7599
  0
LINE
  8
0
 10
-37.4844
 20
43.7599
 11
-37.5348
 21
43.5233
  0
LINE
  8
0
 10
-37.5348
 20
43.5233
 11
-37.5737
 21
43.3626
  0
LINE
  8
0
 10
-37.5737
 20
43.3626
 11
-37.6277
 21
43.1589
  0
LINE
  8
0
 10
-37.6277
 20
43.1589
 11
-37.7014
 21
42.908
  0
LINE
  8
0
 10
-37.7014
 20
42.908
 11
-37.7994
 21
42.6091
  0
LINE
  8
0
 10
-37.7994
 20
42.6091
 11
-37.9106
 21
42.3024
  0
LINE
  8
0
 10
-37.9106
 20
42.3024
 11
-38.0521
 21
41.9431
  0
LINE
  8
0
 10
-38.0521
 20
41.9431
 11
-38.2104
 21
41.5746
  0
LINE
  8
0
 10
-38.2104
 20
41.5746
 11
-38.3633
 21
41.244
  0
LINE
  8
0
 10
-38.3633
 20
41.244
 11
-38.5281
 21
40.9076
  0
LINE
  8
0
 10
-38.5281
 20
40.9076
 11
-38.7479
 21
41.1324
  0
LINE
  8
0
 10
-38.7479
 20
41.1324
 11
-38.6627
 21
40.8289
  0
LINE
  8
0
 10
-38.6627
 20
40.8289
 11
-39.0372
 21
40.8549
  0
LINE
  8
0
 10
-21.2521
 20
41.1324
 11
-21.4719
 21
40.9076
  0
LINE
  8
0
 10
-21.4719
 20
40.9076
 11
-21.6371
 21
41.245
  0
LINE
  8
0
 10
-21.6371
 20
41.245
 11
-21.7896
 21
41.575
  0
LINE
  8
0
 10
-21.7896
 20
41.575
 11
-21.9484
 21
41.944
  0
LINE
  8
0
 10
-21.9484
 20
41.944
 11
-22.0898
 21
42.3033
  0
LINE
  8
0
 10
-22.0898
 20
42.3033
 11
-22.2011
 21
42.6091
  0
LINE
  8
0
 10
-22.2011
 20
42.6091
 11
-22.2981
 21
42.908
  0
LINE
  8
0
 10
-22.2981
 20
42.908
 11
-22.3723
 21
43.1589
  0
LINE
  8
0
 10
-22.3723
 20
43.1589
 11
-22.4263
 21
43.3626
  0
LINE
  8
0
 10
-22.4263
 20
43.3626
 11
-22.4652
 21
43.5237
  0
LINE
  8
0
 10
-22.4652
 20
43.5237
 11
-22.5151
 21
43.7599
  0
LINE
  8
0
 10
-22.5151
 20
43.7599
 11
-22.5504
 21
43.9549
  0
LINE
  8
0
 10
-22.5504
 20
43.9549
 11
-22.5925
 21
44.2557
  0
LINE
  8
0
 10
-22.5925
 20
44.2557
 11
-22.6099
 21
44.4392
  0
LINE
  8
0
 10
-22.6099
 20
44.4392
 11
-22.6213
 21
44.6191
  0
LINE
  8
0
 10
-22.6213
 20
44.6191
 11
-22.6254
 21
44.7244
  0
LINE
  8
0
 10
-22.6254
 20
44.7244
 11
-22.6268
 21
44.8302
  0
LINE
  8
0
 10
-22.6268
 20
44.8302
 11
-22.6222
 21
45.0357
  0
LINE
  8
0
 10
-22.6222
 20
45.0357
 11
-22.6144
 21
45.168
  0
LINE
  8
0
 10
-22.6144
 20
45.168
 11
-22.5984
 21
45.3323
  0
LINE
  8
0
 10
-22.5984
 20
45.3323
 11
-22.581
 21
45.461
  0
LINE
  8
0
 10
-22.581
 20
45.461
 11
-22.5595
 21
45.5864
  0
LINE
  8
0
 10
-22.5595
 20
45.5864
 11
-22.527
 21
45.7407
  0
LINE
  8
0
 10
-22.527
 20
45.7407
 11
-22.4872
 21
45.8917
  0
LINE
  8
0
 10
-22.4872
 20
45.8917
 11
-22.4414
 21
46.0387
  0
LINE
  8
0
 10
-22.4414
 20
46.0387
 11
-22.4222
 21
46.0959
  0
LINE
  8
0
 10
-22.4222
 20
46.0959
 11
-22.3668
 21
46.2373
  0
LINE
  8
0
 10
-22.3668
 20
46.2373
 11
-22.305
 21
46.3756
  0
LINE
  8
0
 10
-22.305
 20
46.3756
 11
-22.2514
 21
46.4832
  0
LINE
  8
0
 10
-22.2514
 20
46.4832
 11
-22.2089
 21
46.5619
  0
LINE
  8
0
 10
-22.2089
 20
46.5619
 11
-22.1315
 21
46.691
  0
LINE
  8
0
 10
-22.1315
 20
46.691
 11
-22.0647
 21
46.7921
  0
LINE
  8
0
 10
-22.0647
 20
46.7921
 11
-21.9772
 21
46.9135
  0
LINE
  8
0
 10
-21.9772
 20
46.9135
 11
-21.882
 21
47.0311
  0
LINE
  8
0
 10
-21.882
 20
47.0311
 11
-21.7804
 21
47.146
  0
LINE
  8
0
 10
-21.7804
 20
47.146
 11
-21.6719
 21
47.2568
  0
LINE
  8
0
 10
-21.6719
 20
47.2568
 11
-21.5565
 21
47.3648
  0
LINE
  8
0
 10
-21.5565
 20
47.3648
 11
-21.4114
 21
47.4875
  0
LINE
  8
0
 10
-21.4114
 20
47.4875
 11
-21.2814
 21
47.5873
  0
LINE
  8
0
 10
-21.2814
 20
47.5873
 11
-21.1748
 21
47.6628
  0
LINE
  8
0
 10
-21.1748
 20
47.6628
 11
-21.0622
 21
47.7365
  0
LINE
  8
0
 10
-21.0622
 20
47.7365
 11
-20.9761
 21
47.7905
  0
LINE
  8
0
 10
-20.9761
 20
47.7905
 11
-20.7948
 21
47.8944
  0
LINE
  8
0
 10
-20.7948
 20
47.8944
 11
-20.6383
 21
47.9768
  0
LINE
  8
0
 10
-20.6383
 20
47.9768
 11
-20.4405
 21
48.0707
  0
LINE
  8
0
 10
-20.4405
 20
48.0707
 11
-20.2336
 21
48.159
  0
LINE
  8
0
 10
-20.2336
 20
48.159
 11
-20.0542
 21
48.2281
  0
LINE
  8
0
 10
-20.0542
 20
48.2281
 11
-19.9049
 21
48.2822
  0
LINE
  8
0
 10
-19.9049
 20
48.2822
 11
-19.6756
 21
48.3563
  0
LINE
  8
0
 10
-19.6756
 20
48.3563
 11
-19.4756
 21
48.4145
  0
LINE
  8
0
 10
-19.4756
 20
48.4145
 11
-19.2288
 21
48.4795
  0
LINE
  8
0
 10
-19.2288
 20
48.4795
 11
-19.0146
 21
48.5298
  0
LINE
  8
0
 10
-19.0146
 20
48.5298
 11
-18.8393
 21
48.5669
  0
LINE
  8
0
 10
-18.8393
 20
48.5669
 11
-18.5696
 21
48.6186
  0
LINE
  8
0
 10
-18.5696
 20
48.6186
 11
-18.3357
 21
48.6575
  0
LINE
  8
0
 10
-18.3357
 20
48.6575
 11
-17.9988
 21
48.7051
  0
LINE
  8
0
 10
-17.9988
 20
48.7051
 11
-17.6999
 21
48.7408
  0
LINE
  8
0
 10
-17.6999
 20
48.7408
 11
-17.3918
 21
48.7701
  0
LINE
  8
0
 10
-17.3918
 20
48.7701
 11
-17.0746
 21
48.7949
  0
LINE
  8
0
 10
-17.0746
 20
48.7949
 11
-16.8196
 21
48.8104
  0
LINE
  8
0
 10
-16.8196
 20
48.8104
 11
-16.7047
 21
48.5815
  0
LINE
  8
0
 10
-16.7047
 20
48.5815
 11
-16.5678
 21
48.2945
  0
LINE
  8
0
 10
-16.5678
 20
48.2945
 11
-16.4388
 21
48.0125
  0
LINE
  8
0
 10
-16.4388
 20
48.0125
 11
-16.3202
 21
47.7356
  0
LINE
  8
0
 10
-16.3202
 20
47.7356
 11
-16.1925
 21
47.4197
  0
LINE
  8
0
 10
-16.1925
 20
47.4197
 11
-16.1101
 21
47.1991
  0
LINE
  8
0
 10
-16.1101
 20
47.1991
 11
-16.019
 21
46.9382
  0
LINE
  8
0
 10
-16.019
 20
46.9382
 11
-15.9641
 21
46.7688
  0
LINE
  8
0
 10
-15.9641
 20
46.7688
 11
-15.9004
 21
46.5578
  0
LINE
  8
0
 10
-15.9004
 20
46.5578
 11
-15.8336
 21
46.312
  0
LINE
  8
0
 10
-15.8336
 20
46.312
 11
-15.7841
 21
46.1101
  0
LINE
  8
0
 10
-15.7841
 20
46.1101
 11
-15.7338
 21
45.873
  0
LINE
  8
0
 10
-15.7338
 20
45.873
 11
-15.7054
 21
45.7187
  0
LINE
  8
0
 10
-15.7054
 20
45.7187
 11
-15.6761
 21
45.5278
  0
LINE
  8
0
 10
-15.6761
 20
45.5278
 11
-15.6491
 21
45.3044
  0
LINE
  8
0
 10
-15.6491
 20
45.3044
 11
-15.6317
 21
45.0861
  0
LINE
  8
0
 10
-15.6317
 20
45.0861
 11
-15.6239
 21
44.9098
  0
LINE
  8
0
 10
-15.6239
 20
44.9098
 11
-15.623
 21
44.7006
  0
LINE
  8
0
 10
-15.623
 20
44.7006
 11
-15.6271
 21
44.5985
  0
LINE
  8
0
 10
-15.6271
 20
44.5985
 11
-15.6349
 21
44.4649
  0
LINE
  8
0
 10
-15.6349
 20
44.4649
 11
-15.6473
 21
44.333
  0
LINE
  8
0
 10
-15.6473
 20
44.333
 11
-15.6683
 21
44.1714
  0
LINE
  8
0
 10
-15.6683
 20
44.1714
 11
-15.7022
 21
43.9851
  0
LINE
  8
0
 10
-15.7022
 20
43.9851
 11
-15.7379
 21
43.8309
  0
LINE
  8
0
 10
-15.7379
 20
43.8309
 11
-15.7796
 21
43.6816
  0
LINE
  8
0
 10
-15.7796
 20
43.6816
 11
-15.8276
 21
43.5365
  0
LINE
  8
0
 10
-15.8276
 20
43.5365
 11
-15.883
 21
43.3951
  0
LINE
  8
0
 10
-15.883
 20
43.3951
 11
-15.9448
 21
43.2573
  0
LINE
  8
0
 10
-15.9448
 20
43.2573
 11
-15.9984
 21
43.1493
  0
LINE
  8
0
 10
-15.9984
 20
43.1493
 11
-16.0707
 21
43.0188
  0
LINE
  8
0
 10
-16.0707
 20
43.0188
 11
-16.1183
 21
42.9419
  0
LINE
  8
0
 10
-16.1183
 20
42.9419
 11
-16.1847
 21
42.8416
  0
LINE
  8
0
 10
-16.1847
 20
42.8416
 11
-16.273
 21
42.719
  0
LINE
  8
0
 10
-16.273
 20
42.719
 11
-16.3683
 21
42.6013
  0
LINE
  8
0
 10
-16.3683
 20
42.6013
 11
-16.4081
 21
42.5551
  0
LINE
  8
0
 10
-16.4081
 20
42.5551
 11
-16.5115
 21
42.4429
  0
LINE
  8
0
 10
-16.5115
 20
42.4429
 11
-16.6232
 21
42.3326
  0
LINE
  8
0
 10
-16.6232
 20
42.3326
 11
-16.7404
 21
42.2269
  0
LINE
  8
0
 10
-16.7404
 20
42.2269
 11
-16.8379
 21
42.1463
  0
LINE
  8
0
 10
-16.8379
 20
42.1463
 11
-16.9414
 21
42.0662
  0
LINE
  8
0
 10
-16.9414
 20
42.0662
 11
-17.0746
 21
41.971
  0
LINE
  8
0
 10
-17.0746
 20
41.971
 11
-17.1877
 21
41.8968
  0
LINE
  8
0
 10
-17.1877
 20
41.8968
 11
-17.363
 21
41.7902
  0
LINE
  8
0
 10
-17.363
 20
41.7902
 11
-17.4541
 21
41.7393
  0
LINE
  8
0
 10
-17.4541
 20
41.7393
 11
-17.5484
 21
41.6895
  0
LINE
  8
0
 10
-17.5484
 20
41.6895
 11
-17.71
 21
41.6093
  0
LINE
  8
0
 10
-17.71
 20
41.6093
 11
-17.8775
 21
41.5329
  0
LINE
  8
0
 10
-17.8775
 20
41.5329
 11
-18.1599
 21
41.4189
  0
LINE
  8
0
 10
-18.1599
 20
41.4189
 11
-18.3444
 21
41.3516
  0
LINE
  8
0
 10
-18.3444
 20
41.3516
 11
-18.5738
 21
41.2775
  0
LINE
  8
0
 10
-18.5738
 20
41.2775
 11
-18.7331
 21
41.2308
  0
LINE
  8
0
 10
-18.7331
 20
41.2308
 11
-18.9368
 21
41.1758
  0
LINE
  8
0
 10
-18.9368
 20
41.1758
 11
-19.1917
 21
41.114
  0
LINE
  8
0
 10
-19.1917
 20
41.114
 11
-19.4984
 21
41.0495
  0
LINE
  8
0
 10
-19.4984
 20
41.0495
 11
-19.8198
 21
40.9918
  0
LINE
  8
0
 10
-19.8198
 20
40.9918
 11
-20.202
 21
40.9351
  0
LINE
  8
0
 10
-20.202
 20
40.9351
 11
-20.6003
 21
40.8879
  0
LINE
  8
0
 10
-20.6003
 20
40.8879
 11
-20.9628
 21
40.8549
  0
LINE
  8
0
 10
-20.9628
 20
40.8549
 11
-21.3373
 21
40.8289
  0
LINE
  8
0
 10
-21.3373
 20
40.8289
 11
-21.2521
 21
41.1324
  0
LINE
  8
0
 10
8.74786
 20
41.1324
 11
8.52814
 21
40.9076
  0
LINE
  8
0
 10
8.52814
 20
40.9076
 11
8.36288
 21
41.245
  0
LINE
  8
0
 10
8.36288
 20
41.245
 11
8.21045
 21
41.575
  0
LINE
  8
0
 10
8.21045
 20
41.575
 11
8.05161
 21
41.944
  0
LINE
  8
0
 10
8.05161
 20
41.944
 11
7.91016
 21
42.3033
  0
LINE
  8
0
 10
7.91016
 20
42.3033
 11
7.79892
 21
42.6091
  0
LINE
  8
0
 10
7.79892
 20
42.6091
 11
7.70187
 21
42.908
  0
LINE
  8
0
 10
7.70187
 20
42.908
 11
7.62772
 21
43.1589
  0
LINE
  8
0
 10
7.62772
 20
43.1589
 11
7.5737
 21
43.3626
  0
LINE
  8
0
 10
7.5737
 20
43.3626
 11
7.53479
 21
43.5237
  0
LINE
  8
0
 10
7.53479
 20
43.5237
 11
7.48489
 21
43.7599
  0
LINE
  8
0
 10
7.48489
 20
43.7599
 11
7.44965
 21
43.9549
  0
LINE
  8
0
 10
7.44965
 20
43.9549
 11
7.40753
 21
44.2557
  0
LINE
  8
0
 10
7.40753
 20
44.2557
 11
7.39014
 21
44.4392
  0
LINE
  8
0
 10
7.39014
 20
44.4392
 11
7.37869
 21
44.6191
  0
LINE
  8
0
 10
7.37869
 20
44.6191
 11
7.37457
 21
44.7244
  0
LINE
  8
0
 10
7.37457
 20
44.7244
 11
7.3732
 21
44.8302
  0
LINE
  8
0
 10
7.3732
 20
44.8302
 11
7.37778
 21
45.0357
  0
LINE
  8
0
 10
7.37778
 20
45.0357
 11
7.38556
 21
45.168
  0
LINE
  8
0
 10
7.38556
 20
45.168
 11
7.40158
 21
45.3323
  0
LINE
  8
0
 10
7.40158
 20
45.3323
 11
7.41898
 21
45.461
  0
LINE
  8
0
 10
7.41898
 20
45.461
 11
7.44049
 21
45.5864
  0
LINE
  8
0
 10
7.44049
 20
45.5864
 11
7.47299
 21
45.7407
  0
LINE
  8
0
 10
7.47299
 20
45.7407
 11
7.51282
 21
45.8917
  0
LINE
  8
0
 10
7.51282
 20
45.8917
 11
7.55859
 21
46.0387
  0
LINE
  8
0
 10
7.55859
 20
46.0387
 11
7.57782
 21
46.0959
  0
LINE
  8
0
 10
7.57782
 20
46.0959
 11
7.63321
 21
46.2373
  0
LINE
  8
0
 10
7.63321
 20
46.2373
 11
7.69501
 21
46.3756
  0
LINE
  8
0
 10
7.69501
 20
46.3756
 11
7.74857
 21
46.4832
  0
LINE
  8
0
 10
7.74857
 20
46.4832
 11
7.79114
 21
46.5619
  0
LINE
  8
0
 10
7.79114
 20
46.5619
 11
7.8685
 21
46.691
  0
LINE
  8
0
 10
7.8685
 20
46.691
 11
7.93533
 21
46.7921
  0
LINE
  8
0
 10
7.93533
 20
46.7921
 11
8.02277
 21
46.9135
  0
LINE
  8
0
 10
8.02277
 20
46.9135
 11
8.11798
 21
47.0311
  0
LINE
  8
0
 10
8.11798
 20
47.0311
 11
8.2196
 21
47.146
  0
LINE
  8
0
 10
8.2196
 20
47.146
 11
8.32809
 21
47.2568
  0
LINE
  8
0
 10
8.32809
 20
47.2568
 11
8.44345
 21
47.3648
  0
LINE
  8
0
 10
8.44345
 20
47.3648
 11
8.58856
 21
47.4875
  0
LINE
  8
0
 10
8.58856
 20
47.4875
 11
8.71857
 21
47.5873
  0
LINE
  8
0
 10
8.71857
 20
47.5873
 11
8.82523
 21
47.6628
  0
LINE
  8
0
 10
8.82523
 20
47.6628
 11
8.93784
 21
47.7365
  0
LINE
  8
0
 10
8.93784
 20
47.7365
 11
9.0239
 21
47.7905
  0
LINE
  8
0
 10
9.0239
 20
47.7905
 11
9.20517
 21
47.8944
  0
LINE
  8
0
 10
9.20517
 20
47.8944
 11
9.36172
 21
47.9768
  0
LINE
  8
0
 10
9.36172
 20
47.9768
 11
9.55948
 21
48.0707
  0
LINE
  8
0
 10
9.55948
 20
48.0707
 11
9.76639
 21
48.159
  0
LINE
  8
0
 10
9.76639
 20
48.159
 11
9.94583
 21
48.2281
  0
LINE
  8
0
 10
9.94583
 20
48.2281
 11
10.0951
 21
48.2822
  0
LINE
  8
0
 10
10.0951
 20
48.2822
 11
10.3244
 21
48.3563
  0
LINE
  8
0
 10
10.3244
 20
48.3563
 11
10.5244
 21
48.4145
  0
LINE
  8
0
 10
10.5244
 20
48.4145
 11
10.7712
 21
48.4795
  0
LINE
  8
0
 10
10.7712
 20
48.4795
 11
10.9854
 21
48.5298
  0
LINE
  8
0
 10
10.9854
 20
48.5298
 11
11.1607
 21
48.5669
  0
LINE
  8
0
 10
11.1607
 20
48.5669
 11
11.4304
 21
48.6186
  0
LINE
  8
0
 10
11.4304
 20
48.6186
 11
11.6643
 21
48.6575
  0
LINE
  8
0
 10
11.6643
 20
48.6575
 11
12.0012
 21
48.7051
  0
LINE
  8
0
 10
12.0012
 20
48.7051
 11
12.3001
 21
48.7408
  0
LINE
  8
0
 10
12.3001
 20
48.7408
 11
12.6082
 21
48.7701
  0
LINE
  8
0
 10
12.6082
 20
48.7701
 11
12.9254
 21
48.7949
  0
LINE
  8
0
 10
12.9254
 20
48.7949
 11
13.1804
 21
48.8104
  0
LINE
  8
0
 10
13.1804
 20
48.8104
 11
13.2953
 21
48.5815
  0
LINE
  8
0
 10
13.2953
 20
48.5815
 11
13.4322
 21
48.2945
  0
LINE
  8
0
 10
13.4322
 20
48.2945
 11
13.5612
 21
48.0125
  0
LINE
  8
0
 10
13.5612
 20
48.0125
 11
13.6798
 21
47.7356
  0
LINE
  8
0
 10
13.6798
 20
47.7356
 11
13.8075
 21
47.4197
  0
LINE
  8
0
 10
13.8075
 20
47.4197
 11
13.8899
 21
47.1991
  0
LINE
  8
0
 10
13.8899
 20
47.1991
 11
13.981
 21
46.9382
  0
LINE
  8
0
 10
13.981
 20
46.9382
 11
14.0359
 21
46.7688
  0
LINE
  8
0
 10
14.0359
 20
46.7688
 11
14.0996
 21
46.5578
  0
LINE
  8
0
 10
14.0996
 20
46.5578
 11
14.1664
 21
46.312
  0
LINE
  8
0
 10
14.1664
 20
46.312
 11
14.2159
 21
46.1101
  0
LINE
  8
0
 10
14.2159
 20
46.1101
 11
14.2662
 21
45.873
  0
LINE
  8
0
 10
14.2662
 20
45.873
 11
14.2946
 21
45.7187
  0
LINE
  8
0
 10
14.2946
 20
45.7187
 11
14.3239
 21
45.5278
  0
LINE
  8
0
 10
14.3239
 20
45.5278
 11
14.3509
 21
45.3044
  0
LINE
  8
0
 10
14.3509
 20
45.3044
 11
14.3683
 21
45.0861
  0
LINE
  8
0
 10
14.3683
 20
45.0861
 11
14.3761
 21
44.9098
  0
LINE
  8
0
 10
14.3761
 20
44.9098
 11
14.377
 21
44.7006
  0
LINE
  8
0
 10
14.377
 20
44.7006
 11
14.3729
 21
44.5985
  0
LINE
  8
0
 10
14.3729
 20
44.5985
 11
14.3651
 21
44.4649
  0
LINE
  8
0
 10
14.3651
 20
44.4649
 11
14.3527
 21
44.333
  0
LINE
  8
0
 10
14.3527
 20
44.333
 11
14.3317
 21
44.1714
  0
LINE
  8
0
 10
14.3317
 20
44.1714
 11
14.2978
 21
43.9851
  0
LINE
  8
0
 10
14.2978
 20
43.9851
 11
14.2621
 21
43.8309
  0
LINE
  8
0
 10
14.2621
 20
43.8309
 11
14.2204
 21
43.6816
  0
LINE
  8
0
 10
14.2204
 20
43.6816
 11
14.1724
 21
43.5365
  0
LINE
  8
0
 10
14.1724
 20
43.5365
 11
14.117
 21
43.3951
  0
LINE
  8
0
 10
14.117
 20
43.3951
 11
14.0552
 21
43.2573
  0
LINE
  8
0
 10
14.0552
 20
43.2573
 11
14.0016
 21
43.1493
  0
LINE
  8
0
 10
14.0016
 20
43.1493
 11
13.9293
 21
43.0188
  0
LINE
  8
0
 10
13.9293
 20
43.0188
 11
13.8817
 21
42.9419
  0
LINE
  8
0
 10
13.8817
 20
42.9419
 11
13.8153
 21
42.8416
  0
LINE
  8
0
 10
13.8153
 20
42.8416
 11
13.727
 21
42.719
  0
LINE
  8
0
 10
13.727
 20
42.719
 11
13.6317
 21
42.6013
  0
LINE
  8
0
 10
13.6317
 20
42.6013
 11
13.5919
 21
42.5551
  0
LINE
  8
0
 10
13.5919
 20
42.5551
 11
13.4885
 21
42.4429
  0
LINE
  8
0
 10
13.4885
 20
42.4429
 11
13.3768
 21
42.3326
  0
LINE
  8
0
 10
13.3768
 20
42.3326
 11
13.2596
 21
42.2269
  0
LINE
  8
0
 10
13.2596
 20
42.2269
 11
13.1621
 21
42.1463
  0
LINE
  8
0
 10
13.1621
 20
42.1463
 11
13.0586
 21
42.0662
  0
LINE
  8
0
 10
13.0586
 20
42.0662
 11
12.9254
 21
41.971
  0
LINE
  8
0
 10
12.9254
 20
41.971
 11
12.8123
 21
41.8968
  0
LINE
  8
0
 10
12.8123
 20
41.8968
 11
12.637
 21
41.7902
  0
LINE
  8
0
 10
12.637
 20
41.7902
 11
12.5459
 21
41.7393
  0
LINE
  8
0
 10
12.5459
 20
41.7393
 11
12.4516
 21
41.6895
  0
LINE
  8
0
 10
12.4516
 20
41.6895
 11
12.29
 21
41.6093
  0
LINE
  8
0
 10
12.29
 20
41.6093
 11
12.1225
 21
41.5329
  0
LINE
  8
0
 10
12.1225
 20
41.5329
 11
11.8401
 21
41.4189
  0
LINE
  8
0
 10
11.8401
 20
41.4189
 11
11.6556
 21
41.3516
  0
LINE
  8
0
 10
11.6556
 20
41.3516
 11
11.4262
 21
41.2775
  0
LINE
  8
0
 10
11.4262
 20
41.2775
 11
11.2669
 21
41.2308
  0
LINE
  8
0
 10
11.2669
 20
41.2308
 11
11.0632
 21
41.1758
  0
LINE
  8
0
 10
11.0632
 20
41.1758
 11
10.8083
 21
41.114
  0
LINE
  8
0
 10
10.8083
 20
41.114
 11
10.5016
 21
41.0495
  0
LINE
  8
0
 10
10.5016
 20
41.0495
 11
10.1802
 21
40.9918
  0
LINE
  8
0
 10
10.1802
 20
40.9918
 11
9.79797
 21
40.9351
  0
LINE
  8
0
 10
9.79797
 20
40.9351
 11
9.39972
 21
40.8879
  0
LINE
  8
0
 10
9.39972
 20
40.8879
 11
9.03717
 21
40.8549
  0
LINE
  8
0
 10
9.03717
 20
40.8549
 11
8.66272
 21
40.8289
  0
LINE
  8
0
 10
8.66272
 20
40.8289
 11
8.74786
 21
41.1324
  0
LINE
  8
0
 10
38.7479
 20
41.1324
 11
38.5281
 21
40.9076
  0
LINE
  8
0
 10
38.5281
 20
40.9076
 11
38.3629
 21
41.245
  0
LINE
  8
0
 10
38.3629
 20
41.245
 11
38.2104
 21
41.575
  0
LINE
  8
0
 10
38.2104
 20
41.575
 11
38.0516
 21
41.944
  0
LINE
  8
0
 10
38.0516
 20
41.944
 11
37.9102
 21
42.3033
  0
LINE
  8
0
 10
37.9102
 20
42.3033
 11
37.7989
 21
42.6091
  0
LINE
  8
0
 10
37.7989
 20
42.6091
 11
37.7019
 21
42.908
  0
LINE
  8
0
 10
37.7019
 20
42.908
 11
37.6277
 21
43.1589
  0
LINE
  8
0
 10
37.6277
 20
43.1589
 11
37.5737
 21
43.3626
  0
LINE
  8
0
 10
37.5737
 20
43.3626
 11
37.5348
 21
43.5237
  0
LINE
  8
0
 10
37.5348
 20
43.5237
 11
37.4849
 21
43.7599
  0
LINE
  8
0
 10
37.4849
 20
43.7599
 11
37.4496
 21
43.9549
  0
LINE
  8
0
 10
37.4496
 20
43.9549
 11
37.4075
 21
44.2557
  0
LINE
  8
0
 10
37.4075
 20
44.2557
 11
37.3901
 21
44.4392
  0
LINE
  8
0
 10
37.3901
 20
44.4392
 11
37.3787
 21
44.6191
  0
LINE
  8
0
 10
37.3787
 20
44.6191
 11
37.3746
 21
44.7244
  0
LINE
  8
0
 10
37.3746
 20
44.7244
 11
37.3732
 21
44.8302
  0
LINE
  8
0
 10
37.3732
 20
44.8302
 11
37.3778
 21
45.0357
  0
LINE
  8
0
 10
37.3778
 20
45.0357
 11
37.3856
 21
45.168
  0
LINE
  8
0
 10
37.3856
 20
45.168
 11
37.4016
 21
45.3323
  0
LINE
  8
0
 10
37.4016
 20
45.3323
 11
37.419
 21
45.461
  0
LINE
  8
0
 10
37.419
 20
45.461
 11
37.4405
 21
45.5864
  0
LINE
  8
0
 10
37.4405
 20
45.5864
 11
37.473
 21
45.7407
  0
LINE
  8
0
 10
37.473
 20
45.7407
 11
37.5128
 21
45.8917
  0
LINE
  8
0
 10
37.5128
 20
45.8917
 11
37.5586
 21
46.0387
  0
LINE
  8
0
 10
37.5586
 20
46.0387
 11
37.5778
 21
46.0959
  0
LINE
  8
0
 10
37.5778
 20
46.0959
 11
37.6332
 21
46.2373
  0
LINE
  8
0
 10
37.6332
 20
46.2373
 11
37.695
 21
46.3756
  0
LINE
  8
0
 10
37.695
 20
46.3756
 11
37.7486
 21
46.4832
  0
LINE
  8
0
 10
37.7486
 20
46.4832
 11
37.7911
 21
46.5619
  0
LINE
  8
0
 10
37.7911
 20
46.5619
 11
37.8685
 21
46.691
  0
LINE
  8
0
 10
37.8685
 20
46.691
 11
37.9353
 21
46.7921
  0
LINE
  8
0
 10
37.9353
 20
46.7921
 11
38.0228
 21
46.9135
  0
LINE
  8
0
 10
38.0228
 20
46.9135
 11
38.118
 21
47.0311
  0
LINE
  8
0
 10
38.118
 20
47.0311
 11
38.2196
 21
47.146
  0
LINE
  8
0
 10
38.2196
 20
47.146
 11
38.3281
 21
47.2568
  0
LINE
  8
0
 10
38.3281
 20
47.2568
 11
38.4435
 21
47.3648
  0
LINE
  8
0
 10
38.4435
 20
47.3648
 11
38.5886
 21
47.4875
  0
LINE
  8
0
 10
38.5886
 20
47.4875
 11
38.7186
 21
47.5873
  0
LINE
  8
0
 10
38.7186
 20
47.5873
 11
38.8252
 21
47.6628
  0
LINE
  8
0
 10
38.8252
 20
47.6628
 11
38.9378
 21
47.7365
  0
LINE
  8
0
 10
38.9378
 20
47.7365
 11
39.0239
 21
47.7905
  0
LINE
  8
0
 10
39.0239
 20
47.7905
 11
39.2052
 21
47.8944
  0
LINE
  8
0
 10
39.2052
 20
47.8944
 11
39.3617
 21
47.9768
  0
LINE
  8
0
 10
39.3617
 20
47.9768
 11
39.5595
 21
48.0707
  0
LINE
  8
0
 10
39.5595
 20
48.0707
 11
39.7664
 21
48.159
  0
LINE
  8
0
 10
39.7664
 20
48.159
 11
39.9458
 21
48.2281
  0
LINE
  8
0
 10
39.9458
 20
48.2281
 11
40.0951
 21
48.2822
  0
LINE
  8
0
 10
40.0951
 20
48.2822
 11
40.3244
 21
48.3563
  0
LINE
  8
0
 10
40.3244
 20
48.3563
 11
40.5244
 21
48.4145
  0
LINE
  8
0
 10
40.5244
 20
48.4145
 11
40.7712
 21
48.4795
  0
LINE
  8
0
 10
40.7712
 20
48.4795
 11
40.9854
 21
48.5298
  0
LINE
  8
0
 10
40.9854
 20
48.5298
 11
41.1607
 21
48.5669
  0
LINE
  8
0
 10
41.1607
 20
48.5669
 11
41.4304
 21
48.6186
  0
LINE
  8
0
 10
41.4304
 20
48.6186
 11
41.6643
 21
48.6575
  0
LINE
  8
0
 10
41.6643
 20
48.6575
 11
42.0012
 21
48.7051
  0
LINE
  8
0
 10
42.0012
 20
48.7051
 11
42.3001
 21
48.7408
  0
LINE
  8
0
 10
42.3001
 20
48.7408
 11
42.6082
 21
48.7701
  0
LINE
  8
0
 10
42.6082
 20
48.7701
 11
42.9254
 21
48.7949
  0
LINE
  8
0
 10
42.9254
 20
48.7949
 11
43.1804
 21
48.8104
  0
LINE
  8
0
 10
43.1804
 20
48.8104
 11
43.2953
 21
48.5815
  0
LINE
  8
0
 10
43.2953
 20
48.5815
 11
43.4322
 21
48.2945
  0
LINE
  8
0
 10
43.4322
 20
48.2945
 11
43.5612
 21
48.0125
  0
LINE
  8
0
 10
43.5612
 20
48.0125
 11
43.6798
 21
47.7356
  0
LINE
  8
0
 10
43.6798
 20
47.7356
 11
43.8075
 21
47.4197
  0
LINE
  8
0
 10
43.8075
 20
47.4197
 11
43.8899
 21
47.1991
  0
LINE
  8
0
 10
43.8899
 20
47.1991
 11
43.981
 21
46.9382
  0
LINE
  8
0
 10
43.981
 20
46.9382
 11
44.0359
 21
46.7688
  0
LINE
  8
0
 10
44.0359
 20
46.7688
 11
44.0996
 21
46.5578
  0
LINE
  8
0
 10
44.0996
 20
46.5578
 11
44.1664
 21
46.312
  0
LINE
  8
0
 10
44.1664
 20
46.312
 11
44.2159
 21
46.1101
  0
LINE
  8
0
 10
44.2159
 20
46.1101
 11
44.2662
 21
45.873
  0
LINE
  8
0
 10
44.2662
 20
45.873
 11
44.2946
 21
45.7187
  0
LINE
  8
0
 10
44.2946
 20
45.7187
 11
44.3239
 21
45.5278
  0
LINE
  8
0
 10
44.3239
 20
45.5278
 11
44.3509
 21
45.3044
  0
LINE
  8
0
 10
44.3509
 20
45.3044
 11
44.3683
 21
45.0861
  0
LINE
  8
0
 10
44.3683
 20
45.0861
 11
44.3761
 21
44.9098
  0
LINE
  8
0
 10
44.3761
 20
44.9098
 11
44.377
 21
44.7006
  0
LINE
  8
0
 10
44.377
 20
44.7006
 11
44.3729
 21
44.5985
  0
LINE
  8
0
 10
44.3729
 20
44.5985
 11
44.3651
 21
44.4649
  0
LINE
  8
0
 10
44.3651
 20
44.4649
 11
44.3527
 21
44.333
  0
LINE
  8
0
 10
44.3527
 20
44.333
 11
44.3317
 21
44.1714
  0
LINE
  8
0
 10
44.3317
 20
44.1714
 11
44.2978
 21
43.9851
  0
LINE
  8
0
 10
44.2978
 20
43.9851
 11
44.2621
 21
43.8309
  0
LINE
  8
0
 10
44.2621
 20
43.8309
 11
44.2204
 21
43.6816
  0
LINE
  8
0
 10
44.2204
 20
43.6816
 11
44.1724
 21
43.5365
  0
LINE
  8
0
 10
44.1724
 20
43.5365
 11
44.117
 21
43.3951
  0
LINE
  8
0
 10
44.117
 20
43.3951
 11
44.0552
 21
43.2573
  0
LINE
  8
0
 10
44.0552
 20
43.2573
 11
44.0016
 21
43.1493
  0
LINE
  8
0
 10
44.0016
 20
43.1493
 11
43.9293
 21
43.0188
  0
LINE
  8
0
 10
43.9293
 20
43.0188
 11
43.8817
 21
42.9419
  0
LINE
  8
0
 10
43.8817
 20
42.9419
 11
43.8153
 21
42.8416
  0
LINE
  8
0
 10
43.8153
 20
42.8416
 11
43.727
 21
42.719
  0
LINE
  8
0
 10
43.727
 20
42.719
 11
43.6317
 21
42.6013
  0
LINE
  8
0
 10
43.6317
 20
42.6013
 11
43.5919
 21
42.5551
  0
LINE
  8
0
 10
43.5919
 20
42.5551
 11
43.4885
 21
42.4429
  0
LINE
  8
0
 10
43.4885
 20
42.4429
 11
43.3768
 21
42.3326
  0
LINE
  8
0
 10
43.3768
 20
42.3326
 11
43.2596
 21
42.2269
  0
LINE
  8
0
 10
43.2596
 20
42.2269
 11
43.1621
 21
42.1463
  0
LINE
  8
0
 10
43.1621
 20
42.1463
 11
43.0586
 21
42.0662
  0
LINE
  8
0
 10
43.0586
 20
42.0662
 11
42.9254
 21
41.971
  0
LINE
  8
0
 10
42.9254
 20
41.971
 11
42.8123
 21
41.8968
  0
LINE
  8
0
 10
42.8123
 20
41.8968
 11
42.637
 21
41.7902
  0
LINE
  8
0
 10
42.637
 20
41.7902
 11
42.5459
 21
41.7393
  0
LINE
  8
0
 10
42.5459
 20
41.7393
 11
42.4516
 21
41.6895
  0
LINE
  8
0
 10
42.4516
 20
41.6895
 11
42.29
 21
41.6093
  0
LINE
  8
0
 10
42.29
 20
41.6093
 11
42.1225
 21
41.5329
  0
LINE
  8
0
 10
42.1225
 20
41.5329
 11
41.8401
 21
41.4189
  0
LINE
  8
0
 10
41.8401
 20
41.4189
 11
41.6556
 21
41.3516
  0
LINE
  8
0
 10
41.6556
 20
41.3516
 11
41.4262
 21
41.2775
  0
LINE
  8
0
 10
41.4262
 20
41.2775
 11
41.2669
 21
41.2308
  0
LINE
  8
0
 10
41.2669
 20
41.2308
 11
41.0632
 21
41.1758
  0
LINE
  8
0
 10
41.0632
 20
41.1758
 11
40.8083
 21
41.114
  0
LINE
  8
0
 10
40.8083
 20
41.114
 11
40.5016
 21
41.0495
  0
LINE
  8
0
 10
40.5016
 20
41.0495
 11
40.1802
 21
40.9918
  0
LINE
  8
0
 10
40.1802
 20
40.9918
 11
39.798
 21
40.9351
  0
LINE
  8
0
 10
39.798
 20
40.9351
 11
39.3997
 21
40.8879
  0
LINE
  8
0
 10
39.3997
 20
40.8879
 11
39.0372
 21
40.8549
  0
LINE
  8
0
 10
39.0372
 20
40.8549
 11
38.6627
 21
40.8289
  0
LINE
  8
0
 10
38.6627
 20
40.8289
 11
38.7479
 21
41.1324
  0
LINE
  8
0
 10
-46.6409
 20
48.4476
 11
-46.5678
 21
48.2945
  0
LINE
  8
0
 10
-46.5678
 20
48.2945
 11
-46.4388
 21
48.0125
  0
LINE
  8
0
 10
-46.4388
 20
48.0125
 11
-46.3202
 21
47.7356
  0
LINE
  8
0
 10
-46.3202
 20
47.7356
 11
-46.1925
 21
47.4197
  0
LINE
  8
0
 10
-46.1925
 20
47.4197
 11
-46.1101
 21
47.1991
  0
LINE
  8
0
 10
-46.1101
 20
47.1991
 11
-46.019
 21
46.9382
  0
LINE
  8
0
 10
-46.019
 20
46.9382
 11
-45.9641
 21
46.7688
  0
LINE
  8
0
 10
-45.9641
 20
46.7688
 11
-45.9004
 21
46.5578
  0
LINE
  8
0
 10
-45.9004
 20
46.5578
 11
-45.8336
 21
46.312
  0
LINE
  8
0
 10
-45.8336
 20
46.312
 11
-45.7841
 21
46.1101
  0
LINE
  8
0
 10
-45.7841
 20
46.1101
 11
-45.7338
 21
45.873
  0
LINE
  8
0
 10
-45.7338
 20
45.873
 11
-45.7054
 21
45.7187
  0
LINE
  8
0
 10
-45.7054
 20
45.7187
 11
-45.6761
 21
45.5278
  0
LINE
  8
0
 10
-45.6761
 20
45.5278
 11
-45.6491
 21
45.3044
  0
LINE
  8
0
 10
-45.6491
 20
45.3044
 11
-45.6317
 21
45.0861
  0
LINE
  8
0
 10
-45.6317
 20
45.0861
 11
-45.6239
 21
44.9098
  0
LINE
  8
0
 10
-45.6239
 20
44.9098
 11
-45.623
 21
44.7006
  0
LINE
  8
0
 10
-45.623
 20
44.7006
 11
-45.6271
 21
44.5985
  0
LINE
  8
0
 10
-45.6271
 20
44.5985
 11
-45.6349
 21
44.4649
  0
LINE
  8
0
 10
-45.6349
 20
44.4649
 11
-45.6473
 21
44.333
  0
LINE
  8
0
 10
-45.6473
 20
44.333
 11
-45.6683
 21
44.1714
  0
LINE
  8
0
 10
-45.6683
 20
44.1714
 11
-45.7022
 21
43.9851
  0
LINE
  8
0
 10
-45.7022
 20
43.9851
 11
-45.7379
 21
43.8309
  0
LINE
  8
0
 10
-45.7379
 20
43.8309
 11
-45.7796
 21
43.6816
  0
LINE
  8
0
 10
-45.7796
 20
43.6816
 11
-45.8276
 21
43.5365
  0
LINE
  8
0
 10
-45.8276
 20
43.5365
 11
-45.883
 21
43.3951
  0
LINE
  8
0
 10
-45.883
 20
43.3951
 11
-45.9448
 21
43.2573
  0
LINE
  8
0
 10
-45.9448
 20
43.2573
 11
-45.9984
 21
43.1493
  0
LINE
  8
0
 10
-45.9984
 20
43.1493
 11
-46.0707
 21
43.0188
  0
LINE
  8
0
 10
-46.0707
 20
43.0188
 11
-46.1183
 21
42.9419
  0
LINE
  8
0
 10
-46.1183
 20
42.9419
 11
-46.1847
 21
42.8416
  0
LINE
  8
0
 10
-46.1847
 20
42.8416
 11
-46.273
 21
42.719
  0
LINE
  8
0
 10
-46.273
 20
42.719
 11
-46.3683
 21
42.6013
  0
LINE
  8
0
 10
-46.3683
 20
42.6013
 11
-46.4081
 21
42.5551
  0
LINE
  8
0
 10
-46.4081
 20
42.5551
 11
-46.5115
 21
42.4429
  0
LINE
  8
0
 10
-46.5115
 20
42.4429
 11
-46.6232
 21
42.3326
  0
LINE
  8
0
 10
-46.6232
 20
42.3326
 11
-46.7404
 21
42.2269
  0
LINE
  8
0
 10
-46.7404
 20
42.2269
 11
-46.8379
 21
42.1463
  0
LINE
  8
0
 10
-46.8379
 20
42.1463
 11
-46.9414
 21
42.0662
  0
LINE
  8
0
 10
-46.9414
 20
42.0662
 11
-47.0746
 21
41.971
  0
LINE
  8
0
 10
-47.0746
 20
41.971
 11
-47.1877
 21
41.8968
  0
LINE
  8
0
 10
-47.1877
 20
41.8968
 11
-47.363
 21
41.7902
  0
LINE
  8
0
 10
-47.363
 20
41.7902
 11
-47.4541
 21
41.7393
  0
LINE
  8
0
 10
-47.4541
 20
41.7393
 11
-47.5484
 21
41.6895
  0
LINE
  8
0
 10
-47.5484
 20
41.6895
 11
-47.71
 21
41.6093
  0
LINE
  8
0
 10
-47.71
 20
41.6093
 11
-47.8775
 21
41.5329
  0
LINE
  8
0
 10
-47.8775
 20
41.5329
 11
-48.1599
 21
41.4189
  0
LINE
  8
0
 10
-48.1599
 20
41.4189
 11
-48.3444
 21
41.3516
  0
LINE
  8
0
 10
-48.3444
 20
41.3516
 11
-48.5738
 21
41.2775
  0
LINE
  8
0
 10
-48.5738
 20
41.2775
 11
-48.7331
 21
41.2308
  0
LINE
  8
0
 10
-48.7331
 20
41.2308
 11
-48.9368
 21
41.1758
  0
LINE
  8
0
 10
-48.9368
 20
41.1758
 11
-49.0093
 21
41.1583
  0
LINE
  8
0
 10
-49.0093
 20
41.1583
 11
-46.6409
 21
48.4476
  0
LINE
  8
0
 10
48.9368
 20
41.1758
 11
48.7331
 21
41.2308
  0
LINE
  8
0
 10
48.7331
 20
41.2308
 11
48.5738
 21
41.2775
  0
LINE
  8
0
 10
48.5738
 20
41.2775
 11
48.3444
 21
41.3521
  0
LINE
  8
0
 10
48.3444
 20
41.3521
 11
48.1599
 21
41.4189
  0
LINE
  8
0
 10
48.1599
 20
41.4189
 11
47.8766
 21
41.5334
  0
LINE
  8
0
 10
47.8766
 20
41.5334
 11
47.709
 21
41.6098
  0
LINE
  8
0
 10
47.709
 20
41.6098
 11
47.5475
 21
41.6899
  0
LINE
  8
0
 10
47.5475
 20
41.6899
 11
47.4541
 21
41.7393
  0
LINE
  8
0
 10
47.4541
 20
41.7393
 11
47.3621
 21
41.7906
  0
LINE
  8
0
 10
47.3621
 20
41.7906
 11
47.1867
 21
41.8973
  0
LINE
  8
0
 10
47.1867
 20
41.8973
 11
47.0746
 21
41.971
  0
LINE
  8
0
 10
47.0746
 20
41.971
 11
46.9414
 21
42.0662
  0
LINE
  8
0
 10
46.9414
 20
42.0662
 11
46.8379
 21
42.1463
  0
LINE
  8
0
 10
46.8379
 20
42.1463
 11
46.7404
 21
42.2269
  0
LINE
  8
0
 10
46.7404
 20
42.2269
 11
46.6223
 21
42.3335
  0
LINE
  8
0
 10
46.6223
 20
42.3335
 11
46.5115
 21
42.4429
  0
LINE
  8
0
 10
46.5115
 20
42.4429
 11
46.4076
 21
42.5555
  0
LINE
  8
0
 10
46.4076
 20
42.5555
 11
46.3673
 21
42.6022
  0
LINE
  8
0
 10
46.3673
 20
42.6022
 11
46.2721
 21
42.7203
  0
LINE
  8
0
 10
46.2721
 20
42.7203
 11
46.1847
 21
42.8416
  0
LINE
  8
0
 10
46.1847
 20
42.8416
 11
46.1179
 21
42.9428
  0
LINE
  8
0
 10
46.1179
 20
42.9428
 11
46.0703
 21
43.0197
  0
LINE
  8
0
 10
46.0703
 20
43.0197
 11
45.9984
 21
43.1493
  0
LINE
  8
0
 10
45.9984
 20
43.1493
 11
45.9444
 21
43.2582
  0
LINE
  8
0
 10
45.9444
 20
43.2582
 11
45.8826
 21
43.3965
  0
LINE
  8
0
 10
45.8826
 20
43.3965
 11
45.8272
 21
43.5379
  0
LINE
  8
0
 10
45.8272
 20
43.5379
 11
45.7791
 21
43.683
  0
LINE
  8
0
 10
45.7791
 20
43.683
 11
45.7379
 21
43.8322
  0
LINE
  8
0
 10
45.7379
 20
43.8322
 11
45.7018
 21
43.9851
  0
LINE
  8
0
 10
45.7018
 20
43.9851
 11
45.6679
 21
44.1733
  0
LINE
  8
0
 10
45.6679
 20
44.1733
 11
45.6473
 21
44.334
  0
LINE
  8
0
 10
45.6473
 20
44.334
 11
45.6349
 21
44.4658
  0
LINE
  8
0
 10
45.6349
 20
44.4658
 11
45.6271
 21
44.5995
  0
LINE
  8
0
 10
45.6271
 20
44.5995
 11
45.6235
 21
44.7006
  0
LINE
  8
0
 10
45.6235
 20
44.7006
 11
45.6235
 21
44.9094
  0
LINE
  8
0
 10
45.6235
 20
44.9094
 11
45.6317
 21
45.0861
  0
LINE
  8
0
 10
45.6317
 20
45.0861
 11
45.6491
 21
45.3044
  0
LINE
  8
0
 10
45.6491
 20
45.3044
 11
45.6761
 21
45.5278
  0
LINE
  8
0
 10
45.6761
 20
45.5278
 11
45.705
 21
45.7187
  0
LINE
  8
0
 10
45.705
 20
45.7187
 11
45.7338
 21
45.873
  0
LINE
  8
0
 10
45.7338
 20
45.873
 11
45.7841
 21
46.1101
  0
LINE
  8
0
 10
45.7841
 20
46.1101
 11
45.8336
 21
46.312
  0
LINE
  8
0
 10
45.8336
 20
46.312
 11
45.9009
 21
46.5578
  0
LINE
  8
0
 10
45.9009
 20
46.5578
 11
45.9636
 21
46.7688
  0
LINE
  8
0
 10
45.9636
 20
46.7688
 11
46.0194
 21
46.9382
  0
LINE
  8
0
 10
46.0194
 20
46.9382
 11
46.1096
 21
47.1991
  0
LINE
  8
0
 10
46.1096
 20
47.1991
 11
46.1929
 21
47.4197
  0
LINE
  8
0
 10
46.1929
 20
47.4197
 11
46.3202
 21
47.7356
  0
LINE
  8
0
 10
46.3202
 20
47.7356
 11
46.4388
 21
48.0125
  0
LINE
  8
0
 10
46.4388
 20
48.0125
 11
46.5678
 21
48.2945
  0
LINE
  8
0
 10
46.5678
 20
48.2945
 11
46.6409
 21
48.4476
  0
LINE
  8
0
 10
46.6409
 20
48.4476
 11
49.0093
 21
41.1583
  0
LINE
  8
0
 10
49.0093
 20
41.1583
 11
48.9368
 21
41.1758
  0
LINE
  8
0
 10
2.54974
 20
39.0573
 11
1.43143
 21
40.5139
  0
LINE
  8
0
 10
1.43143
 20
40.5139
 11
1.67175
 21
42.3358
  0
LINE
  8
0
 10
1.67175
 20
42.3358
 11
3.12927
 21
43.4546
  0
LINE
  8
0
 10
3.12927
 20
43.4546
 11
4.95026
 21
43.2143
  0
LINE
  8
0
 10
4.95026
 20
43.2143
 11
6.06857
 21
41.7577
  0
LINE
  8
0
 10
6.06857
 20
41.7577
 11
5.82825
 21
39.9358
  0
LINE
  8
0
 10
5.82825
 20
39.9358
 11
4.37073
 21
38.817
  0
LINE
  8
0
 10
4.37073
 20
38.817
 11
2.54974
 21
39.0573
  0
LINE
  8
0
 10
-35.8282
 20
39.9358
 11
-36.0686
 21
41.7577
  0
LINE
  8
0
 10
-36.0686
 20
41.7577
 11
-34.9503
 21
43.2143
  0
LINE
  8
0
 10
-34.9503
 20
43.2143
 11
-33.1293
 21
43.4546
  0
LINE
  8
0
 10
-33.1293
 20
43.4546
 11
-31.6718
 21
42.3358
  0
LINE
  8
0
 10
-31.6718
 20
42.3358
 11
-31.4314
 21
40.5139
  0
LINE
  8
0
 10
-31.4314
 20
40.5139
 11
-32.5497
 21
39.0573
  0
LINE
  8
0
 10
-32.5497
 20
39.0573
 11
-34.3707
 21
38.817
  0
LINE
  8
0
 10
-34.3707
 20
38.817
 11
-35.8282
 21
39.9358
  0
LINE
  8
0
 10
-27.4503
 20
39.0573
 11
-28.5686
 21
40.5139
  0
LINE
  8
0
 10
-28.5686
 20
40.5139
 11
-28.3282
 21
42.3358
  0
LINE
  8
0
 10
-28.3282
 20
42.3358
 11
-26.8707
 21
43.4546
  0
LINE
  8
0
 10
-26.8707
 20
43.4546
 11
-25.0497
 21
43.2143
  0
LINE
  8
0
 10
-25.0497
 20
43.2143
 11
-23.9314
 21
41.7577
  0
LINE
  8
0
 10
-23.9314
 20
41.7577
 11
-24.1718
 21
39.9358
  0
LINE
  8
0
 10
-24.1718
 20
39.9358
 11
-25.6293
 21
38.817
  0
LINE
  8
0
 10
-25.6293
 20
38.817
 11
-27.4503
 21
39.0573
  0
LINE
  8
0
 10
-5.82825
 20
39.9358
 11
-6.06857
 21
41.7577
  0
LINE
  8
0
 10
-6.06857
 20
41.7577
 11
-4.95026
 21
43.2143
  0
LINE
  8
0
 10
-4.95026
 20
43.2143
 11
-3.12927
 21
43.4546
  0
LINE
  8
0
 10
-3.12927
 20
43.4546
 11
-1.67175
 21
42.3358
  0
LINE
  8
0
 10
-1.67175
 20
42.3358
 11
-1.43143
 21
40.5139
  0
LINE
  8
0
 10
-1.43143
 20
40.5139
 11
-2.54974
 21
39.0573
  0
LINE
  8
0
 10
-2.54974
 20
39.0573
 11
-4.37073
 21
38.817
  0
LINE
  8
0
 10
-4.37073
 20
38.817
 11
-5.82825
 21
39.9358
  0
LINE
  8
0
 10
32.5497
 20
39.0573
 11
31.4314
 21
40.5139
  0
LINE
  8
0
 10
31.4314
 20
40.5139
 11
31.6718
 21
42.3358
  0
LINE
  8
0
 10
31.6718
 20
42.3358
 11
33.1293
 21
43.4546
  0
LINE
  8
0
 10
33.1293
 20
43.4546
 11
34.9503
 21
43.2143
  0
LINE
  8
0
 10
34.9503
 20
43.2143
 11
36.0686
 21
41.7577
  0
LINE
  8
0
 10
36.0686
 20
41.7577
 11
35.8282
 21
39.9358
  0
LINE
  8
0
 10
35.8282
 20
39.9358
 11
34.3707
 21
38.817
  0
LINE
  8
0
 10
34.3707
 20
38.817
 11
32.5497
 21
39.0573
  0
LINE
  8
0
 10
24.1718
 20
39.9358
 11
23.9314
 21
41.7577
  0
LINE
  8
0
 10
23.9314
 20
41.7577
 11
25.0497
 21
43.2143
  0
LINE
  8
0
 10
25.0497
 20
43.2143
 11
26.8707
 21
43.4546
  0
LINE
  8
0
 10
26.8707
 20
43.4546
 11
28.3282
 21
42.3358
  0
LINE
  8
0
 10
28.3282
 20
42.3358
 11
28.5686
 21
40.5139
  0
LINE
  8
0
 10
28.5686
 20
40.5139
 11
27.4503
 21
39.0573
  0
LINE
  8
0
 10
27.4503
 20
39.0573
 11
25.6293
 21
38.817
  0
LINE
  8
0
 10
25.6293
 20
38.817
 11
24.1718
 21
39.9358
  0
LINE
  8
0
 10
-43.3282
 20
35.6058
 11
-43.5686
 21
37.4277
  0
LINE
  8
0
 10
-43.5686
 20
37.4277
 11
-42.4503
 21
38.8843
  0
LINE
  8
0
 10
-42.4503
 20
38.8843
 11
-40.6293
 21
39.1246
  0
LINE
  8
0
 10
-40.6293
 20
39.1246
 11
-39.1718
 21
38.0058
  0
LINE
  8
0
 10
-39.1718
 20
38.0058
 11
-38.9314
 21
36.1839
  0
LINE
  8
0
 10
-38.9314
 20
36.1839
 11
-40.0497
 21
34.7273
  0
LINE
  8
0
 10
-40.0497
 20
34.7273
 11
-41.8707
 21
34.487
  0
LINE
  8
0
 10
-41.8707
 20
34.487
 11
-43.3282
 21
35.6058
  0
LINE
  8
0
 10
46.6718
 20
35.6058
 11
46.4314
 21
37.4277
  0
LINE
  8
0
 10
46.4314
 20
37.4277
 11
47.5497
 21
38.8843
  0
LINE
  8
0
 10
47.5497
 20
38.8843
 11
49.3707
 21
39.1246
  0
LINE
  8
0
 10
49.3707
 20
39.1246
 11
49.7696
 21
38.8185
  0
LINE
  8
0
 10
49.7696
 20
38.8185
 11
50.7573
 21
35.7785
  0
LINE
  8
0
 10
50.7573
 20
35.7785
 11
49.9503
 21
34.7273
  0
LINE
  8
0
 10
49.9503
 20
34.7273
 11
48.1293
 21
34.487
  0
LINE
  8
0
 10
48.1293
 20
34.487
 11
46.6718
 21
35.6058
  0
LINE
  8
0
 10
40.0497
 20
34.7273
 11
38.9314
 21
36.1839
  0
LINE
  8
0
 10
38.9314
 20
36.1839
 11
39.1718
 21
38.0058
  0
LINE
  8
0
 10
39.1718
 20
38.0058
 11
40.6293
 21
39.1246
  0
LINE
  8
0
 10
40.6293
 20
39.1246
 11
42.4503
 21
38.8843
  0
LINE
  8
0
 10
42.4503
 20
38.8843
 11
43.5686
 21
37.4277
  0
LINE
  8
0
 10
43.5686
 20
37.4277
 11
43.3282
 21
35.6058
  0
LINE
  8
0
 10
43.3282
 20
35.6058
 11
41.8707
 21
34.487
  0
LINE
  8
0
 10
41.8707
 20
34.487
 11
40.0497
 21
34.7273
  0
LINE
  8
0
 10
16.6718
 20
35.6058
 11
16.4314
 21
37.4277
  0
LINE
  8
0
 10
16.4314
 20
37.4277
 11
17.5497
 21
38.8843
  0
LINE
  8
0
 10
17.5497
 20
38.8843
 11
19.3707
 21
39.1246
  0
LINE
  8
0
 10
19.3707
 20
39.1246
 11
20.8282
 21
38.0058
  0
LINE
  8
0
 10
20.8282
 20
38.0058
 11
21.0686
 21
36.1839
  0
LINE
  8
0
 10
21.0686
 20
36.1839
 11
19.9503
 21
34.7273
  0
LINE
  8
0
 10
19.9503
 20
34.7273
 11
18.1293
 21
34.487
  0
LINE
  8
0
 10
18.1293
 20
34.487
 11
16.6718
 21
35.6058
  0
LINE
  8
0
 10
-49.9503
 20
34.7273
 11
-50.7573
 21
35.7785
  0
LINE
  8
0
 10
-50.7573
 20
35.7785
 11
-49.7696
 21
38.8185
  0
LINE
  8
0
 10
-49.7696
 20
38.8185
 11
-49.3707
 21
39.1246
  0
LINE
  8
0
 10
-49.3707
 20
39.1246
 11
-47.5497
 21
38.8843
  0
LINE
  8
0
 10
-47.5497
 20
38.8843
 11
-46.4314
 21
37.4277
  0
LINE
  8
0
 10
-46.4314
 20
37.4277
 11
-46.6718
 21
35.6058
  0
LINE
  8
0
 10
-46.6718
 20
35.6058
 11
-48.1293
 21
34.487
  0
LINE
  8
0
 10
-48.1293
 20
34.487
 11
-49.9503
 21
34.7273
  0
LINE
  8
0
 10
10.0497
 20
34.7273
 11
8.93143
 21
36.1839
  0
LINE
  8
0
 10
8.93143
 20
36.1839
 11
9.17175
 21
38.0058
  0
LINE
  8
0
 10
9.17175
 20
38.0058
 11
10.6293
 21
39.1246
  0
LINE
  8
0
 10
10.6293
 20
39.1246
 11
12.4503
 21
38.8843
  0
LINE
  8
0
 10
12.4503
 20
38.8843
 11
13.5686
 21
37.4277
  0
LINE
  8
0
 10
13.5686
 20
37.4277
 11
13.3282
 21
35.6058
  0
LINE
  8
0
 10
13.3282
 20
35.6058
 11
11.8707
 21
34.487
  0
LINE
  8
0
 10
11.8707
 20
34.487
 11
10.0497
 21
34.7273
  0
LINE
  8
0
 10
-13.3282
 20
35.6058
 11
-13.5686
 21
37.4277
  0
LINE
  8
0
 10
-13.5686
 20
37.4277
 11
-12.4503
 21
38.8843
  0
LINE
  8
0
 10
-12.4503
 20
38.8843
 11
-10.6293
 21
39.1246
  0
LINE
  8
0
 10
-10.6293
 20
39.1246
 11
-9.17175
 21
38.0058
  0
LINE
  8
0
 10
-9.17175
 20
38.0058
 11
-8.93143
 21
36.1839
  0
LINE
  8
0
 10
-8.93143
 20
36.1839
 11
-10.0497
 21
34.7273
  0
LINE
  8
0
 10
-10.0497
 20
34.7273
 11
-11.8707
 21
34.487
  0
LINE
  8
0
 10
-11.8707
 20
34.487
 11
-13.3282
 21
35.6058
  0
LINE
  8
0
 10
-19.9503
 20
34.7273
 11
-21.0686
 21
36.1839
  0
LINE
  8
0
 10
-21.0686
 20
36.1839
 11
-20.8282
 21
38.0058
  0
LINE
  8
0
 10
-20.8282
 20
38.0058
 11
-19.3707
 21
39.1246
  0
LINE
  8
0
 10
-19.3707
 20
39.1246
 11
-17.5497
 21
38.8843
  0
LINE
  8
0
 10
-17.5497
 20
38.8843
 11
-16.4314
 21
37.4277
  0
LINE
  8
0
 10
-16.4314
 20
37.4277
 11
-16.6718
 21
35.6058
  0
LINE
  8
0
 10
-16.6718
 20
35.6058
 11
-18.1293
 21
34.487
  0
LINE
  8
0
 10
-18.1293
 20
34.487
 11
-19.9503
 21
34.7273
  0
LINE
  8
0
 10
31.7047
 20
29.36
 11
31.5678
 21
29.6471
  0
LINE
  8
0
 10
31.5678
 20
29.6471
 11
31.4388
 21
29.929
  0
LINE
  8
0
 10
31.4388
 20
29.929
 11
31.3202
 21
30.206
  0
LINE
  8
0
 10
31.3202
 20
30.206
 11
31.1925
 21
30.5219
  0
LINE
  8
0
 10
31.1925
 20
30.5219
 11
31.1101
 21
30.7425
  0
LINE
  8
0
 10
31.1101
 20
30.7425
 11
31.019
 21
31.0034
  0
LINE
  8
0
 10
31.019
 20
31.0034
 11
30.9641
 21
31.1728
  0
LINE
  8
0
 10
30.9641
 20
31.1728
 11
30.9004
 21
31.3838
  0
LINE
  8
0
 10
30.9004
 20
31.3838
 11
30.8336
 21
31.6296
  0
LINE
  8
0
 10
30.8336
 20
31.6296
 11
30.7841
 21
31.8315
  0
LINE
  8
0
 10
30.7841
 20
31.8315
 11
30.7338
 21
32.0686
  0
LINE
  8
0
 10
30.7338
 20
32.0686
 11
30.7054
 21
32.2229
  0
LINE
  8
0
 10
30.7054
 20
32.2229
 11
30.6761
 21
32.4138
  0
LINE
  8
0
 10
30.6761
 20
32.4138
 11
30.6491
 21
32.6372
  0
LINE
  8
0
 10
30.6491
 20
32.6372
 11
30.6317
 21
32.8555
  0
LINE
  8
0
 10
30.6317
 20
32.8555
 11
30.6239
 21
33.0318
  0
LINE
  8
0
 10
30.6239
 20
33.0318
 11
30.623
 21
33.241
  0
LINE
  8
0
 10
30.623
 20
33.241
 11
30.6271
 21
33.3421
  0
LINE
  8
0
 10
30.6271
 20
33.3421
 11
30.6349
 21
33.4758
  0
LINE
  8
0
 10
30.6349
 20
33.4758
 11
30.6473
 21
33.6076
  0
LINE
  8
0
 10
30.6473
 20
33.6076
 11
30.6679
 21
33.7683
  0
LINE
  8
0
 10
30.6679
 20
33.7683
 11
30.7022
 21
33.9565
  0
LINE
  8
0
 10
30.7022
 20
33.9565
 11
30.7375
 21
34.1093
  0
LINE
  8
0
 10
30.7375
 20
34.1093
 11
30.7791
 21
34.2586
  0
LINE
  8
0
 10
30.7791
 20
34.2586
 11
30.8272
 21
34.4037
  0
LINE
  8
0
 10
30.8272
 20
34.4037
 11
30.8826
 21
34.5451
  0
LINE
  8
0
 10
30.8826
 20
34.5451
 11
30.9444
 21
34.6834
  0
LINE
  8
0
 10
30.9444
 20
34.6834
 11
30.9984
 21
34.7923
  0
LINE
  8
0
 10
30.9984
 20
34.7923
 11
31.0703
 21
34.9219
  0
LINE
  8
0
 10
31.0703
 20
34.9219
 11
31.1179
 21
34.9988
  0
LINE
  8
0
 10
31.1179
 20
34.9988
 11
31.1847
 21
35.0999
  0
LINE
  8
0
 10
31.1847
 20
35.0999
 11
31.2721
 21
35.2213
  0
LINE
  8
0
 10
31.2721
 20
35.2213
 11
31.3673
 21
35.3394
  0
LINE
  8
0
 10
31.3673
 20
35.3394
 11
31.4076
 21
35.386
  0
LINE
  8
0
 10
31.4076
 20
35.386
 11
31.5115
 21
35.4987
  0
LINE
  8
0
 10
31.5115
 20
35.4987
 11
31.6223
 21
35.6081
  0
LINE
  8
0
 10
31.6223
 20
35.6081
 11
31.7404
 21
35.7147
  0
LINE
  8
0
 10
31.7404
 20
35.7147
 11
31.8379
 21
35.7953
  0
LINE
  8
0
 10
31.8379
 20
35.7953
 11
31.9414
 21
35.8754
  0
LINE
  8
0
 10
31.9414
 20
35.8754
 11
32.0746
 21
35.9706
  0
LINE
  8
0
 10
32.0746
 20
35.9706
 11
32.1867
 21
36.0443
  0
LINE
  8
0
 10
32.1867
 20
36.0443
 11
32.3621
 21
36.151
  0
LINE
  8
0
 10
32.3621
 20
36.151
 11
32.4541
 21
36.2022
  0
LINE
  8
0
 10
32.4541
 20
36.2022
 11
32.5475
 21
36.2517
  0
LINE
  8
0
 10
32.5475
 20
36.2517
 11
32.709
 21
36.3318
  0
LINE
  8
0
 10
32.709
 20
36.3318
 11
32.8766
 21
36.4082
  0
LINE
  8
0
 10
32.8766
 20
36.4082
 11
33.1599
 21
36.5227
  0
LINE
  8
0
 10
33.1599
 20
36.5227
 11
33.3444
 21
36.59
  0
LINE
  8
0
 10
33.3444
 20
36.59
 11
33.5738
 21
36.6641
  0
LINE
  8
0
 10
33.5738
 20
36.6641
 11
33.7331
 21
36.7108
  0
LINE
  8
0
 10
33.7331
 20
36.7108
 11
33.9368
 21
36.7657
  0
LINE
  8
0
 10
33.9368
 20
36.7657
 11
34.1917
 21
36.8275
  0
LINE
  8
0
 10
34.1917
 20
36.8275
 11
34.4984
 21
36.8921
  0
LINE
  8
0
 10
34.4984
 20
36.8921
 11
34.8198
 21
36.9498
  0
LINE
  8
0
 10
34.8198
 20
36.9498
 11
35.202
 21
37.0065
  0
LINE
  8
0
 10
35.202
 20
37.0065
 11
35.6003
 21
37.0537
  0
LINE
  8
0
 10
35.6003
 20
37.0537
 11
35.9628
 21
37.0866
  0
LINE
  8
0
 10
35.9628
 20
37.0866
 11
36.3373
 21
37.1127
  0
LINE
  8
0
 10
36.3373
 20
37.1127
 11
36.2521
 21
36.8092
  0
LINE
  8
0
 10
36.2521
 20
36.8092
 11
36.4719
 21
37.034
  0
LINE
  8
0
 10
36.4719
 20
37.034
 11
36.6371
 21
36.6966
  0
LINE
  8
0
 10
36.6371
 20
36.6966
 11
36.7896
 21
36.3666
  0
LINE
  8
0
 10
36.7896
 20
36.3666
 11
36.9484
 21
35.9976
  0
LINE
  8
0
 10
36.9484
 20
35.9976
 11
37.0898
 21
35.6383
  0
LINE
  8
0
 10
37.0898
 20
35.6383
 11
37.2011
 21
35.3325
  0
LINE
  8
0
 10
37.2011
 20
35.3325
 11
37.2981
 21
35.0336
  0
LINE
  8
0
 10
37.2981
 20
35.0336
 11
37.3723
 21
34.7827
  0
LINE
  8
0
 10
37.3723
 20
34.7827
 11
37.4263
 21
34.579
  0
LINE
  8
0
 10
37.4263
 20
34.579
 11
37.4652
 21
34.4179
  0
LINE
  8
0
 10
37.4652
 20
34.4179
 11
37.5151
 21
34.1817
  0
LINE
  8
0
 10
37.5151
 20
34.1817
 11
37.5504
 21
33.9867
  0
LINE
  8
0
 10
37.5504
 20
33.9867
 11
37.5925
 21
33.6859
  0
LINE
  8
0
 10
37.5925
 20
33.6859
 11
37.6099
 21
33.5023
  0
LINE
  8
0
 10
37.6099
 20
33.5023
 11
37.6213
 21
33.3224
  0
LINE
  8
0
 10
37.6213
 20
33.3224
 11
37.6254
 21
33.2172
  0
LINE
  8
0
 10
37.6254
 20
33.2172
 11
37.6268
 21
33.1114
  0
LINE
  8
0
 10
37.6268
 20
33.1114
 11
37.6222
 21
32.9059
  0
LINE
  8
0
 10
37.6222
 20
32.9059
 11
37.6144
 21
32.7727
  0
LINE
  8
0
 10
37.6144
 20
32.7727
 11
37.5984
 21
32.6079
  0
LINE
  8
0
 10
37.5984
 20
32.6079
 11
37.581
 21
32.4797
  0
LINE
  8
0
 10
37.581
 20
32.4797
 11
37.5591
 21
32.3538
  0
LINE
  8
0
 10
37.5591
 20
32.3538
 11
37.5266
 21
32.1996
  0
LINE
  8
0
 10
37.5266
 20
32.1996
 11
37.4872
 21
32.0499
  0
LINE
  8
0
 10
37.4872
 20
32.0499
 11
37.4409
 21
31.902
  0
LINE
  8
0
 10
37.4409
 20
31.902
 11
37.4217
 21
31.8443
  0
LINE
  8
0
 10
37.4217
 20
31.8443
 11
37.3663
 21
31.7029
  0
LINE
  8
0
 10
37.3663
 20
31.7029
 11
37.3045
 21
31.5651
  0
LINE
  8
0
 10
37.3045
 20
31.5651
 11
37.251
 21
31.4575
  0
LINE
  8
0
 10
37.251
 20
31.4575
 11
37.2079
 21
31.3783
  0
LINE
  8
0
 10
37.2079
 20
31.3783
 11
37.131
 21
31.2497
  0
LINE
  8
0
 10
37.131
 20
31.2497
 11
37.0647
 21
31.1494
  0
LINE
  8
0
 10
37.0647
 20
31.1494
 11
36.9763
 21
31.0268
  0
LINE
  8
0
 10
36.9763
 20
31.0268
 11
36.882
 21
30.9105
  0
LINE
  8
0
 10
36.882
 20
30.9105
 11
36.7795
 21
30.7947
  0
LINE
  8
0
 10
36.7795
 20
30.7947
 11
36.671
 21
30.6839
  0
LINE
  8
0
 10
36.671
 20
30.6839
 11
36.5565
 21
30.5768
  0
LINE
  8
0
 10
36.5565
 20
30.5768
 11
36.4114
 21
30.4541
  0
LINE
  8
0
 10
36.4114
 20
30.4541
 11
36.2814
 21
30.3543
  0
LINE
  8
0
 10
36.2814
 20
30.3543
 11
36.1748
 21
30.2788
  0
LINE
  8
0
 10
36.1748
 20
30.2788
 11
36.0622
 21
30.2051
  0
LINE
  8
0
 10
36.0622
 20
30.2051
 11
35.9752
 21
30.1506
  0
LINE
  8
0
 10
35.9752
 20
30.1506
 11
35.7948
 21
30.0471
  0
LINE
  8
0
 10
35.7948
 20
30.0471
 11
35.6374
 21
29.9643
  0
LINE
  8
0
 10
35.6374
 20
29.9643
 11
35.4396
 21
29.8705
  0
LINE
  8
0
 10
35.4396
 20
29.8705
 11
35.2336
 21
29.7826
  0
LINE
  8
0
 10
35.2336
 20
29.7826
 11
35.0542
 21
29.7134
  0
LINE
  8
0
 10
35.0542
 20
29.7134
 11
34.9049
 21
29.6594
  0
LINE
  8
0
 10
34.9049
 20
29.6594
 11
34.6756
 21
29.5853
  0
LINE
  8
0
 10
34.6756
 20
29.5853
 11
34.4756
 21
29.5271
  0
LINE
  8
0
 10
34.4756
 20
29.5271
 11
34.2288
 21
29.4621
  0
LINE
  8
0
 10
34.2288
 20
29.4621
 11
34.0146
 21
29.4118
  0
LINE
  8
0
 10
34.0146
 20
29.4118
 11
33.8393
 21
29.3747
  0
LINE
  8
0
 10
33.8393
 20
29.3747
 11
33.5696
 21
29.323
  0
LINE
  8
0
 10
33.5696
 20
29.323
 11
33.3357
 21
29.2841
  0
LINE
  8
0
 10
33.3357
 20
29.2841
 11
32.9988
 21
29.2365
  0
LINE
  8
0
 10
32.9988
 20
29.2365
 11
32.6999
 21
29.2007
  0
LINE
  8
0
 10
32.6999
 20
29.2007
 11
32.3918
 21
29.1714
  0
LINE
  8
0
 10
32.3918
 20
29.1714
 11
32.0746
 21
29.1467
  0
LINE
  8
0
 10
32.0746
 20
29.1467
 11
31.8196
 21
29.1312
  0
LINE
  8
0
 10
31.8196
 20
29.1312
 11
31.7047
 21
29.36
  0
LINE
  8
0
 10
27.9254
 20
29.1467
 11
27.6082
 21
29.1714
  0
LINE
  8
0
 10
27.6082
 20
29.1714
 11
27.3001
 21
29.2007
  0
LINE
  8
0
 10
27.3001
 20
29.2007
 11
27.0012
 21
29.2365
  0
LINE
  8
0
 10
27.0012
 20
29.2365
 11
26.6643
 21
29.2841
  0
LINE
  8
0
 10
26.6643
 20
29.2841
 11
26.4304
 21
29.3225
  0
LINE
  8
0
 10
26.4304
 20
29.3225
 11
26.1607
 21
29.3747
  0
LINE
  8
0
 10
26.1607
 20
29.3747
 11
25.9854
 21
29.4118
  0
LINE
  8
0
 10
25.9854
 20
29.4118
 11
25.7712
 21
29.4621
  0
LINE
  8
0
 10
25.7712
 20
29.4621
 11
25.5244
 21
29.5271
  0
LINE
  8
0
 10
25.5244
 20
29.5271
 11
25.3244
 21
29.5853
  0
LINE
  8
0
 10
25.3244
 20
29.5853
 11
25.0951
 21
29.6599
  0
LINE
  8
0
 10
25.0951
 20
29.6599
 11
24.9458
 21
29.7134
  0
LINE
  8
0
 10
24.9458
 20
29.7134
 11
24.7664
 21
29.7826
  0
LINE
  8
0
 10
24.7664
 20
29.7826
 11
24.5595
 21
29.8709
  0
LINE
  8
0
 10
24.5595
 20
29.8709
 11
24.3617
 21
29.9648
  0
LINE
  8
0
 10
24.3617
 20
29.9648
 11
24.2052
 21
30.0471
  0
LINE
  8
0
 10
24.2052
 20
30.0471
 11
24.0239
 21
30.1511
  0
LINE
  8
0
 10
24.0239
 20
30.1511
 11
23.9378
 21
30.2051
  0
LINE
  8
0
 10
23.9378
 20
30.2051
 11
23.8252
 21
30.2788
  0
LINE
  8
0
 10
23.8252
 20
30.2788
 11
23.7186
 21
30.3543
  0
LINE
  8
0
 10
23.7186
 20
30.3543
 11
23.5886
 21
30.4541
  0
LINE
  8
0
 10
23.5886
 20
30.4541
 11
23.4435
 21
30.5768
  0
LINE
  8
0
 10
23.4435
 20
30.5768
 11
23.3281
 21
30.6848
  0
LINE
  8
0
 10
23.3281
 20
30.6848
 11
23.2196
 21
30.7956
  0
LINE
  8
0
 10
23.2196
 20
30.7956
 11
23.118
 21
30.9105
  0
LINE
  8
0
 10
23.118
 20
30.9105
 11
23.0228
 21
31.0281
  0
LINE
  8
0
 10
23.0228
 20
31.0281
 11
22.9353
 21
31.1494
  0
LINE
  8
0
 10
22.9353
 20
31.1494
 11
22.8685
 21
31.2506
  0
LINE
  8
0
 10
22.8685
 20
31.2506
 11
22.7911
 21
31.3797
  0
LINE
  8
0
 10
22.7911
 20
31.3797
 11
22.7486
 21
31.4584
  0
LINE
  8
0
 10
22.7486
 20
31.4584
 11
22.695
 21
31.566
  0
LINE
  8
0
 10
22.695
 20
31.566
 11
22.6332
 21
31.7043
  0
LINE
  8
0
 10
22.6332
 20
31.7043
 11
22.5778
 21
31.8457
  0
LINE
  8
0
 10
22.5778
 20
31.8457
 11
22.5586
 21
31.9029
  0
LINE
  8
0
 10
22.5586
 20
31.9029
 11
22.5128
 21
32.0499
  0
LINE
  8
0
 10
22.5128
 20
32.0499
 11
22.473
 21
32.2009
  0
LINE
  8
0
 10
22.473
 20
32.2009
 11
22.4405
 21
32.3552
  0
LINE
  8
0
 10
22.4405
 20
32.3552
 11
22.419
 21
32.4806
  0
LINE
  8
0
 10
22.419
 20
32.4806
 11
22.4016
 21
32.6093
  0
LINE
  8
0
 10
22.4016
 20
32.6093
 11
22.3856
 21
32.7736
  0
LINE
  8
0
 10
22.3856
 20
32.7736
 11
22.3782
 21
32.9059
  0
LINE
  8
0
 10
22.3782
 20
32.9059
 11
22.3732
 21
33.1123
  0
LINE
  8
0
 10
22.3732
 20
33.1123
 11
22.3741
 21
33.2172
  0
LINE
  8
0
 10
22.3741
 20
33.2172
 11
22.3787
 21
33.3224
  0
LINE
  8
0
 10
22.3787
 20
33.3224
 11
22.3901
 21
33.5023
  0
LINE
  8
0
 10
22.3901
 20
33.5023
 11
22.4075
 21
33.6859
  0
LINE
  8
0
 10
22.4075
 20
33.6859
 11
22.4496
 21
33.9867
  0
LINE
  8
0
 10
22.4496
 20
33.9867
 11
22.4844
 21
34.1817
  0
LINE
  8
0
 10
22.4844
 20
34.1817
 11
22.5348
 21
34.4179
  0
LINE
  8
0
 10
22.5348
 20
34.4179
 11
22.5737
 21
34.579
  0
LINE
  8
0
 10
22.5737
 20
34.579
 11
22.6277
 21
34.7827
  0
LINE
  8
0
 10
22.6277
 20
34.7827
 11
22.7014
 21
35.0336
  0
LINE
  8
0
 10
22.7014
 20
35.0336
 11
22.7994
 21
35.3325
  0
LINE
  8
0
 10
22.7994
 20
35.3325
 11
22.9102
 21
35.6383
  0
LINE
  8
0
 10
22.9102
 20
35.6383
 11
23.0516
 21
35.9976
  0
LINE
  8
0
 10
23.0516
 20
35.9976
 11
23.2104
 21
36.3666
  0
LINE
  8
0
 10
23.2104
 20
36.3666
 11
23.3629
 21
36.6966
  0
LINE
  8
0
 10
23.3629
 20
36.6966
 11
23.5281
 21
37.034
  0
LINE
  8
0
 10
23.5281
 20
37.034
 11
23.7479
 21
36.8092
  0
LINE
  8
0
 10
23.7479
 20
36.8092
 11
23.6627
 21
37.1127
  0
LINE
  8
0
 10
23.6627
 20
37.1127
 11
24.0372
 21
37.0866
  0
LINE
  8
0
 10
24.0372
 20
37.0866
 11
24.3997
 21
37.0537
  0
LINE
  8
0
 10
24.3997
 20
37.0537
 11
24.798
 21
37.0065
  0
LINE
  8
0
 10
24.798
 20
37.0065
 11
25.1802
 21
36.9498
  0
LINE
  8
0
 10
25.1802
 20
36.9498
 11
25.5016
 21
36.8925
  0
LINE
  8
0
 10
25.5016
 20
36.8925
 11
25.8083
 21
36.8275
  0
LINE
  8
0
 10
25.8083
 20
36.8275
 11
26.0632
 21
36.7657
  0
LINE
  8
0
 10
26.0632
 20
36.7657
 11
26.2669
 21
36.7108
  0
LINE
  8
0
 10
26.2669
 20
36.7108
 11
26.4262
 21
36.6641
  0
LINE
  8
0
 10
26.4262
 20
36.6641
 11
26.6556
 21
36.5895
  0
LINE
  8
0
 10
26.6556
 20
36.5895
 11
26.8401
 21
36.5227
  0
LINE
  8
0
 10
26.8401
 20
36.5227
 11
27.1234
 21
36.4082
  0
LINE
  8
0
 10
27.1234
 20
36.4082
 11
27.291
 21
36.3318
  0
LINE
  8
0
 10
27.291
 20
36.3318
 11
27.4525
 21
36.2517
  0
LINE
  8
0
 10
27.4525
 20
36.2517
 11
27.5459
 21
36.2022
  0
LINE
  8
0
 10
27.5459
 20
36.2022
 11
27.6379
 21
36.151
  0
LINE
  8
0
 10
27.6379
 20
36.151
 11
27.8133
 21
36.0443
  0
LINE
  8
0
 10
27.8133
 20
36.0443
 11
27.9254
 21
35.9706
  0
LINE
  8
0
 10
27.9254
 20
35.9706
 11
28.0586
 21
35.8754
  0
LINE
  8
0
 10
28.0586
 20
35.8754
 11
28.1621
 21
35.7953
  0
LINE
  8
0
 10
28.1621
 20
35.7953
 11
28.2596
 21
35.7147
  0
LINE
  8
0
 10
28.2596
 20
35.7147
 11
28.3777
 21
35.6081
  0
LINE
  8
0
 10
28.3777
 20
35.6081
 11
28.4885
 21
35.4987
  0
LINE
  8
0
 10
28.4885
 20
35.4987
 11
28.5924
 21
35.386
  0
LINE
  8
0
 10
28.5924
 20
35.386
 11
28.6327
 21
35.3394
  0
LINE
  8
0
 10
28.6327
 20
35.3394
 11
28.7279
 21
35.2213
  0
LINE
  8
0
 10
28.7279
 20
35.2213
 11
28.8153
 21
35.0999
  0
LINE
  8
0
 10
28.8153
 20
35.0999
 11
28.8821
 21
34.9988
  0
LINE
  8
0
 10
28.8821
 20
34.9988
 11
28.9297
 21
34.9219
  0
LINE
  8
0
 10
28.9297
 20
34.9219
 11
29.0016
 21
34.7923
  0
LINE
  8
0
 10
29.0016
 20
34.7923
 11
29.0556
 21
34.6834
  0
LINE
  8
0
 10
29.0556
 20
34.6834
 11
29.1174
 21
34.5451
  0
LINE
  8
0
 10
29.1174
 20
34.5451
 11
29.1728
 21
34.4037
  0
LINE
  8
0
 10
29.1728
 20
34.4037
 11
29.2209
 21
34.2586
  0
LINE
  8
0
 10
29.2209
 20
34.2586
 11
29.2621
 21
34.1093
  0
LINE
  8
0
 10
29.2621
 20
34.1093
 11
29.2982
 21
33.9565
  0
LINE
  8
0
 10
29.2982
 20
33.9565
 11
29.3321
 21
33.7683
  0
LINE
  8
0
 10
29.3321
 20
33.7683
 11
29.3527
 21
33.6076
  0
LINE
  8
0
 10
29.3527
 20
33.6076
 11
29.3651
 21
33.4758
  0
LINE
  8
0
 10
29.3651
 20
33.4758
 11
29.3729
 21
33.3421
  0
LINE
  8
0
 10
29.3729
 20
33.3421
 11
29.3765
 21
33.241
  0
LINE
  8
0
 10
29.3765
 20
33.241
 11
29.3765
 21
33.0322
  0
LINE
  8
0
 10
29.3765
 20
33.0322
 11
29.3683
 21
32.8546
  0
LINE
  8
0
 10
29.3683
 20
32.8546
 11
29.3509
 21
32.6358
  0
LINE
  8
0
 10
29.3509
 20
32.6358
 11
29.3239
 21
32.4129
  0
LINE
  8
0
 10
29.3239
 20
32.4129
 11
29.295
 21
32.2229
  0
LINE
  8
0
 10
29.295
 20
32.2229
 11
29.2662
 21
32.0677
  0
LINE
  8
0
 10
29.2662
 20
32.0677
 11
29.2159
 21
31.8311
  0
LINE
  8
0
 10
29.2159
 20
31.8311
 11
29.1664
 21
31.6296
  0
LINE
  8
0
 10
29.1664
 20
31.6296
 11
29.0991
 21
31.3838
  0
LINE
  8
0
 10
29.0991
 20
31.3838
 11
29.0364
 21
31.1728
  0
LINE
  8
0
 10
29.0364
 20
31.1728
 11
28.9806
 21
31.0034
  0
LINE
  8
0
 10
28.9806
 20
31.0034
 11
28.8904
 21
30.7425
  0
LINE
  8
0
 10
28.8904
 20
30.7425
 11
28.8071
 21
30.5219
  0
LINE
  8
0
 10
28.8071
 20
30.5219
 11
28.6798
 21
30.206
  0
LINE
  8
0
 10
28.6798
 20
30.206
 11
28.5612
 21
29.9286
  0
LINE
  8
0
 10
28.5612
 20
29.9286
 11
28.4322
 21
29.6471
  0
LINE
  8
0
 10
28.4322
 20
29.6471
 11
28.2953
 21
29.36
  0
LINE
  8
0
 10
28.2953
 20
29.36
 11
28.1804
 21
29.1312
  0
LINE
  8
0
 10
28.1804
 20
29.1312
 11
27.9254
 21
29.1467
  0
LINE
  8
0
 10
-28.2953
 20
29.36
 11
-28.4322
 21
29.6471
  0
LINE
  8
0
 10
-28.4322
 20
29.6471
 11
-28.5612
 21
29.929
  0
LINE
  8
0
 10
-28.5612
 20
29.929
 11
-28.6798
 21
30.206
  0
LINE
  8
0
 10
-28.6798
 20
30.206
 11
-28.8075
 21
30.5219
  0
LINE
  8
0
 10
-28.8075
 20
30.5219
 11
-28.8899
 21
30.7425
  0
LINE
  8
0
 10
-28.8899
 20
30.7425
 11
-28.981
 21
31.0034
  0
LINE
  8
0
 10
-28.981
 20
31.0034
 11
-29.0359
 21
31.1728
  0
LINE
  8
0
 10
-29.0359
 20
31.1728
 11
-29.0996
 21
31.3838
  0
LINE
  8
0
 10
-29.0996
 20
31.3838
 11
-29.1664
 21
31.6296
  0
LINE
  8
0
 10
-29.1664
 20
31.6296
 11
-29.2159
 21
31.8315
  0
LINE
  8
0
 10
-29.2159
 20
31.8315
 11
-29.2662
 21
32.0686
  0
LINE
  8
0
 10
-29.2662
 20
32.0686
 11
-29.2946
 21
32.2229
  0
LINE
  8
0
 10
-29.2946
 20
32.2229
 11
-29.3239
 21
32.4138
  0
LINE
  8
0
 10
-29.3239
 20
32.4138
 11
-29.3509
 21
32.6372
  0
LINE
  8
0
 10
-29.3509
 20
32.6372
 11
-29.3683
 21
32.8555
  0
LINE
  8
0
 10
-29.3683
 20
32.8555
 11
-29.3761
 21
33.0318
  0
LINE
  8
0
 10
-29.3761
 20
33.0318
 11
-29.377
 21
33.241
  0
LINE
  8
0
 10
-29.377
 20
33.241
 11
-29.3729
 21
33.3421
  0
LINE
  8
0
 10
-29.3729
 20
33.3421
 11
-29.3651
 21
33.4758
  0
LINE
  8
0
 10
-29.3651
 20
33.4758
 11
-29.3527
 21
33.6076
  0
LINE
  8
0
 10
-29.3527
 20
33.6076
 11
-29.3321
 21
33.7683
  0
LINE
  8
0
 10
-29.3321
 20
33.7683
 11
-29.2978
 21
33.9565
  0
LINE
  8
0
 10
-29.2978
 20
33.9565
 11
-29.2625
 21
34.1093
  0
LINE
  8
0
 10
-29.2625
 20
34.1093
 11
-29.2209
 21
34.2586
  0
LINE
  8
0
 10
-29.2209
 20
34.2586
 11
-29.1728
 21
34.4037
  0
LINE
  8
0
 10
-29.1728
 20
34.4037
 11
-29.1174
 21
34.5451
  0
LINE
  8
0
 10
-29.1174
 20
34.5451
 11
-29.0556
 21
34.6834
  0
LINE
  8
0
 10
-29.0556
 20
34.6834
 11
-29.0016
 21
34.7923
  0
LINE
  8
0
 10
-29.0016
 20
34.7923
 11
-28.9297
 21
34.9219
  0
LINE
  8
0
 10
-28.9297
 20
34.9219
 11
-28.8821
 21
34.9988
  0
LINE
  8
0
 10
-28.8821
 20
34.9988
 11
-28.8153
 21
35.0999
  0
LINE
  8
0
 10
-28.8153
 20
35.0999
 11
-28.7279
 21
35.2213
  0
LINE
  8
0
 10
-28.7279
 20
35.2213
 11
-28.6327
 21
35.3394
  0
LINE
  8
0
 10
-28.6327
 20
35.3394
 11
-28.5924
 21
35.386
  0
LINE
  8
0
 10
-28.5924
 20
35.386
 11
-28.4885
 21
35.4987
  0
LINE
  8
0
 10
-28.4885
 20
35.4987
 11
-28.3777
 21
35.6081
  0
LINE
  8
0
 10
-28.3777
 20
35.6081
 11
-28.2596
 21
35.7147
  0
LINE
  8
0
 10
-28.2596
 20
35.7147
 11
-28.1621
 21
35.7953
  0
LINE
  8
0
 10
-28.1621
 20
35.7953
 11
-28.0586
 21
35.8754
  0
LINE
  8
0
 10
-28.0586
 20
35.8754
 11
-27.9254
 21
35.9706
  0
LINE
  8
0
 10
-27.9254
 20
35.9706
 11
-27.8133
 21
36.0443
  0
LINE
  8
0
 10
-27.8133
 20
36.0443
 11
-27.6379
 21
36.151
  0
LINE
  8
0
 10
-27.6379
 20
36.151
 11
-27.5459
 21
36.2022
  0
LINE
  8
0
 10
-27.5459
 20
36.2022
 11
-27.4525
 21
36.2517
  0
LINE
  8
0
 10
-27.4525
 20
36.2517
 11
-27.291
 21
36.3318
  0
LINE
  8
0
 10
-27.291
 20
36.3318
 11
-27.1234
 21
36.4082
  0
LINE
  8
0
 10
-27.1234
 20
36.4082
 11
-26.8401
 21
36.5227
  0
LINE
  8
0
 10
-26.8401
 20
36.5227
 11
-26.6556
 21
36.59
  0
LINE
  8
0
 10
-26.6556
 20
36.59
 11
-26.4262
 21
36.6641
  0
LINE
  8
0
 10
-26.4262
 20
36.6641
 11
-26.2669
 21
36.7108
  0
LINE
  8
0
 10
-26.2669
 20
36.7108
 11
-26.0632
 21
36.7657
  0
LINE
  8
0
 10
-26.0632
 20
36.7657
 11
-25.8083
 21
36.8275
  0
LINE
  8
0
 10
-25.8083
 20
36.8275
 11
-25.5016
 21
36.8921
  0
LINE
  8
0
 10
-25.5016
 20
36.8921
 11
-25.1802
 21
36.9498
  0
LINE
  8
0
 10
-25.1802
 20
36.9498
 11
-24.798
 21
37.0065
  0
LINE
  8
0
 10
-24.798
 20
37.0065
 11
-24.3997
 21
37.0537
  0
LINE
  8
0
 10
-24.3997
 20
37.0537
 11
-24.0372
 21
37.0866
  0
LINE
  8
0
 10
-24.0372
 20
37.0866
 11
-23.6627
 21
37.1127
  0
LINE
  8
0
 10
-23.6627
 20
37.1127
 11
-23.7479
 21
36.8092
  0
LINE
  8
0
 10
-23.7479
 20
36.8092
 11
-23.5281
 21
37.034
  0
LINE
  8
0
 10
-23.5281
 20
37.034
 11
-23.3629
 21
36.6966
  0
LINE
  8
0
 10
-23.3629
 20
36.6966
 11
-23.2104
 21
36.3666
  0
LINE
  8
0
 10
-23.2104
 20
36.3666
 11
-23.0516
 21
35.9976
  0
LINE
  8
0
 10
-23.0516
 20
35.9976
 11
-22.9102
 21
35.6383
  0
LINE
  8
0
 10
-22.9102
 20
35.6383
 11
-22.7989
 21
35.3325
  0
LINE
  8
0
 10
-22.7989
 20
35.3325
 11
-22.7019
 21
35.0336
  0
LINE
  8
0
 10
-22.7019
 20
35.0336
 11
-22.6277
 21
34.7827
  0
LINE
  8
0
 10
-22.6277
 20
34.7827
 11
-22.5737
 21
34.579
  0
LINE
  8
0
 10
-22.5737
 20
34.579
 11
-22.5348
 21
34.4179
  0
LINE
  8
0
 10
-22.5348
 20
34.4179
 11
-22.4849
 21
34.1817
  0
LINE
  8
0
 10
-22.4849
 20
34.1817
 11
-22.4496
 21
33.9867
  0
LINE
  8
0
 10
-22.4496
 20
33.9867
 11
-22.4075
 21
33.6859
  0
LINE
  8
0
 10
-22.4075
 20
33.6859
 11
-22.3901
 21
33.5023
  0
LINE
  8
0
 10
-22.3901
 20
33.5023
 11
-22.3787
 21
33.3224
  0
LINE
  8
0
 10
-22.3787
 20
33.3224
 11
-22.3746
 21
33.2172
  0
LINE
  8
0
 10
-22.3746
 20
33.2172
 11
-22.3732
 21
33.1114
  0
LINE
  8
0
 10
-22.3732
 20
33.1114
 11
-22.3778
 21
32.9059
  0
LINE
  8
0
 10
-22.3778
 20
32.9059
 11
-22.3856
 21
32.7727
  0
LINE
  8
0
 10
-22.3856
 20
32.7727
 11
-22.4016
 21
32.6079
  0
LINE
  8
0
 10
-22.4016
 20
32.6079
 11
-22.419
 21
32.4797
  0
LINE
  8
0
 10
-22.419
 20
32.4797
 11
-22.4409
 21
32.3538
  0
LINE
  8
0
 10
-22.4409
 20
32.3538
 11
-22.4734
 21
32.1996
  0
LINE
  8
0
 10
-22.4734
 20
32.1996
 11
-22.5128
 21
32.0499
  0
LINE
  8
0
 10
-22.5128
 20
32.0499
 11
-22.5591
 21
31.902
  0
LINE
  8
0
 10
-22.5591
 20
31.902
 11
-22.5783
 21
31.8443
  0
LINE
  8
0
 10
-22.5783
 20
31.8443
 11
-22.6337
 21
31.7029
  0
LINE
  8
0
 10
-22.6337
 20
31.7029
 11
-22.6955
 21
31.5651
  0
LINE
  8
0
 10
-22.6955
 20
31.5651
 11
-22.749
 21
31.4575
  0
LINE
  8
0
 10
-22.749
 20
31.4575
 11
-22.7921
 21
31.3783
  0
LINE
  8
0
 10
-22.7921
 20
31.3783
 11
-22.869
 21
31.2497
  0
LINE
  8
0
 10
-22.869
 20
31.2497
 11
-22.9353
 21
31.1494
  0
LINE
  8
0
 10
-22.9353
 20
31.1494
 11
-23.0237
 21
31.0268
  0
LINE
  8
0
 10
-23.0237
 20
31.0268
 11
-23.118
 21
30.9105
  0
LINE
  8
0
 10
-23.118
 20
30.9105
 11
-23.2205
 21
30.7947
  0
LINE
  8
0
 10
-23.2205
 20
30.7947
 11
-23.329
 21
30.6839
  0
LINE
  8
0
 10
-23.329
 20
30.6839
 11
-23.4435
 21
30.5768
  0
LINE
  8
0
 10
-23.4435
 20
30.5768
 11
-23.5886
 21
30.4541
  0
LINE
  8
0
 10
-23.5886
 20
30.4541
 11
-23.7186
 21
30.3543
  0
LINE
  8
0
 10
-23.7186
 20
30.3543
 11
-23.8252
 21
30.2788
  0
LINE
  8
0
 10
-23.8252
 20
30.2788
 11
-23.9378
 21
30.2051
  0
LINE
  8
0
 10
-23.9378
 20
30.2051
 11
-24.0248
 21
30.1506
  0
LINE
  8
0
 10
-24.0248
 20
30.1506
 11
-24.2052
 21
30.0471
  0
LINE
  8
0
 10
-24.2052
 20
30.0471
 11
-24.3626
 21
29.9643
  0
LINE
  8
0
 10
-24.3626
 20
29.9643
 11
-24.5604
 21
29.8705
  0
LINE
  8
0
 10
-24.5604
 20
29.8705
 11
-24.7664
 21
29.7826
  0
LINE
  8
0
 10
-24.7664
 20
29.7826
 11
-24.9458
 21
29.7134
  0
LINE
  8
0
 10
-24.9458
 20
29.7134
 11
-25.0951
 21
29.6594
  0
LINE
  8
0
 10
-25.0951
 20
29.6594
 11
-25.3244
 21
29.5853
  0
LINE
  8
0
 10
-25.3244
 20
29.5853
 11
-25.5244
 21
29.5271
  0
LINE
  8
0
 10
-25.5244
 20
29.5271
 11
-25.7712
 21
29.4621
  0
LINE
  8
0
 10
-25.7712
 20
29.4621
 11
-25.9854
 21
29.4118
  0
LINE
  8
0
 10
-25.9854
 20
29.4118
 11
-26.1607
 21
29.3747
  0
LINE
  8
0
 10
-26.1607
 20
29.3747
 11
-26.4304
 21
29.323
  0
LINE
  8
0
 10
-26.4304
 20
29.323
 11
-26.6643
 21
29.2841
  0
LINE
  8
0
 10
-26.6643
 20
29.2841
 11
-27.0012
 21
29.2365
  0
LINE
  8
0
 10
-27.0012
 20
29.2365
 11
-27.3001
 21
29.2007
  0
LINE
  8
0
 10
-27.3001
 20
29.2007
 11
-27.6082
 21
29.1714
  0
LINE
  8
0
 10
-27.6082
 20
29.1714
 11
-27.9254
 21
29.1467
  0
LINE
  8
0
 10
-27.9254
 20
29.1467
 11
-28.1804
 21
29.1312
  0
LINE
  8
0
 10
-28.1804
 20
29.1312
 11
-28.2953
 21
29.36
  0
LINE
  8
0
 10
1.70471
 20
29.36
 11
1.56784
 21
29.6471
  0
LINE
  8
0
 10
1.56784
 20
29.6471
 11
1.43875
 21
29.929
  0
LINE
  8
0
 10
1.43875
 20
29.929
 11
1.32019
 21
30.206
  0
LINE
  8
0
 10
1.32019
 20
30.206
 11
1.19247
 21
30.5219
  0
LINE
  8
0
 10
1.19247
 20
30.5219
 11
1.11008
 21
30.7425
  0
LINE
  8
0
 10
1.11008
 20
30.7425
 11
1.01898
 21
31.0034
  0
LINE
  8
0
 10
1.01898
 20
31.0034
 11
0.96405
 21
31.1728
  0
LINE
  8
0
 10
0.96405
 20
31.1728
 11
0.900421
 21
31.3838
  0
LINE
  8
0
 10
0.900421
 20
31.3838
 11
0.833588
 21
31.6296
  0
LINE
  8
0
 10
0.833588
 20
31.6296
 11
0.784149
 21
31.8315
  0
LINE
  8
0
 10
0.784149
 20
31.8315
 11
0.733795
 21
32.0686
  0
LINE
  8
0
 10
0.733795
 20
32.0686
 11
0.705414
 21
32.2229
  0
LINE
  8
0
 10
0.705414
 20
32.2229
 11
0.676117
 21
32.4138
  0
LINE
  8
0
 10
0.676117
 20
32.4138
 11
0.649109
 21
32.6372
  0
LINE
  8
0
 10
0.649109
 20
32.6372
 11
0.631714
 21
32.8555
  0
LINE
  8
0
 10
0.631714
 20
32.8555
 11
0.623932
 21
33.0318
  0
LINE
  8
0
 10
0.623932
 20
33.0318
 11
0.623016
 21
33.241
  0
LINE
  8
0
 10
0.623016
 20
33.241
 11
0.627136
 21
33.3421
  0
LINE
  8
0
 10
0.627136
 20
33.3421
 11
0.634918
 21
33.4758
  0
LINE
  8
0
 10
0.634918
 20
33.4758
 11
0.647278
 21
33.6076
  0
LINE
  8
0
 10
0.647278
 20
33.6076
 11
0.667877
 21
33.7683
  0
LINE
  8
0
 10
0.667877
 20
33.7683
 11
0.702209
 21
33.9565
  0
LINE
  8
0
 10
0.702209
 20
33.9565
 11
0.737457
 21
34.1093
  0
LINE
  8
0
 10
0.737457
 20
34.1093
 11
0.779114
 21
34.2586
  0
LINE
  8
0
 10
0.779114
 20
34.2586
 11
0.827179
 21
34.4037
  0
LINE
  8
0
 10
0.827179
 20
34.4037
 11
0.882568
 21
34.5451
  0
LINE
  8
0
 10
0.882568
 20
34.5451
 11
0.944366
 21
34.6834
  0
LINE
  8
0
 10
0.944366
 20
34.6834
 11
0.998383
 21
34.7923
  0
LINE
  8
0
 10
0.998383
 20
34.7923
 11
1.07025
 21
34.9219
  0
LINE
  8
0
 10
1.07025
 20
34.9219
 11
1.11786
 21
34.9988
  0
LINE
  8
0
 10
1.11786
 20
34.9988
 11
1.18469
 21
35.0999
  0
LINE
  8
0
 10
1.18469
 20
35.0999
 11
1.27213
 21
35.2213
  0
LINE
  8
0
 10
1.27213
 20
35.2213
 11
1.36734
 21
35.3394
  0
LINE
  8
0
 10
1.36734
 20
35.3394
 11
1.40762
 21
35.386
  0
LINE
  8
0
 10
1.40762
 20
35.386
 11
1.51154
 21
35.4987
  0
LINE
  8
0
 10
1.51154
 20
35.4987
 11
1.62231
 21
35.6081
  0
LINE
  8
0
 10
1.62231
 20
35.6081
 11
1.74042
 21
35.7147
  0
LINE
  8
0
 10
1.74042
 20
35.7147
 11
1.83792
 21
35.7953
  0
LINE
  8
0
 10
1.83792
 20
35.7953
 11
1.94138
 21
35.8754
  0
LINE
  8
0
 10
1.94138
 20
35.8754
 11
2.07458
 21
35.9706
  0
LINE
  8
0
 10
2.07458
 20
35.9706
 11
2.18674
 21
36.0443
  0
LINE
  8
0
 10
2.18674
 20
36.0443
 11
2.36206
 21
36.151
  0
LINE
  8
0
 10
2.36206
 20
36.151
 11
2.45407
 21
36.2022
  0
LINE
  8
0
 10
2.45407
 20
36.2022
 11
2.54745
 21
36.2517
  0
LINE
  8
0
 10
2.54745
 20
36.2517
 11
2.70905
 21
36.3318
  0
LINE
  8
0
 10
2.70905
 20
36.3318
 11
2.87659
 21
36.4082
  0
LINE
  8
0
 10
2.87659
 20
36.4082
 11
3.15994
 21
36.5227
  0
LINE
  8
0
 10
3.15994
 20
36.5227
 11
3.34442
 21
36.59
  0
LINE
  8
0
 10
3.34442
 20
36.59
 11
3.57376
 21
36.6641
  0
LINE
  8
0
 10
3.57376
 20
36.6641
 11
3.73306
 21
36.7108
  0
LINE
  8
0
 10
3.73306
 20
36.7108
 11
3.93677
 21
36.7657
  0
LINE
  8
0
 10
3.93677
 20
36.7657
 11
4.19174
 21
36.8275
  0
LINE
  8
0
 10
4.19174
 20
36.8275
 11
4.49844
 21
36.8921
  0
LINE
  8
0
 10
4.49844
 20
36.8921
 11
4.81979
 21
36.9498
  0
LINE
  8
0
 10
4.81979
 20
36.9498
 11
5.20203
 21
37.0065
  0
LINE
  8
0
 10
5.20203
 20
37.0065
 11
5.60028
 21
37.0537
  0
LINE
  8
0
 10
5.60028
 20
37.0537
 11
5.96283
 21
37.0866
  0
LINE
  8
0
 10
5.96283
 20
37.0866
 11
6.33728
 21
37.1127
  0
LINE
  8
0
 10
6.33728
 20
37.1127
 11
6.25214
 21
36.8092
  0
LINE
  8
0
 10
6.25214
 20
36.8092
 11
6.47186
 21
37.034
  0
LINE
  8
0
 10
6.47186
 20
37.034
 11
6.63712
 21
36.6966
  0
LINE
  8
0
 10
6.63712
 20
36.6966
 11
6.78955
 21
36.3666
  0
LINE
  8
0
 10
6.78955
 20
36.3666
 11
6.94839
 21
35.9976
  0
LINE
  8
0
 10
6.94839
 20
35.9976
 11
7.08984
 21
35.6383
  0
LINE
  8
0
 10
7.08984
 20
35.6383
 11
7.20108
 21
35.3325
  0
LINE
  8
0
 10
7.20108
 20
35.3325
 11
7.29813
 21
35.0336
  0
LINE
  8
0
 10
7.29813
 20
35.0336
 11
7.37228
 21
34.7827
  0
LINE
  8
0
 10
7.37228
 20
34.7827
 11
7.4263
 21
34.579
  0
LINE
  8
0
 10
7.4263
 20
34.579
 11
7.46521
 21
34.4179
  0
LINE
  8
0
 10
7.46521
 20
34.4179
 11
7.51511
 21
34.1817
  0
LINE
  8
0
 10
7.51511
 20
34.1817
 11
7.55035
 21
33.9867
  0
LINE
  8
0
 10
7.55035
 20
33.9867
 11
7.59247
 21
33.6859
  0
LINE
  8
0
 10
7.59247
 20
33.6859
 11
7.60986
 21
33.5023
  0
LINE
  8
0
 10
7.60986
 20
33.5023
 11
7.62131
 21
33.3224
  0
LINE
  8
0
 10
7.62131
 20
33.3224
 11
7.62543
 21
33.2172
  0
LINE
  8
0
 10
7.62543
 20
33.2172
 11
7.6268
 21
33.1114
  0
LINE
  8
0
 10
7.6268
 20
33.1114
 11
7.62222
 21
32.9059
  0
LINE
  8
0
 10
7.62222
 20
32.9059
 11
7.61444
 21
32.7727
  0
LINE
  8
0
 10
7.61444
 20
32.7727
 11
7.59842
 21
32.6079
  0
LINE
  8
0
 10
7.59842
 20
32.6079
 11
7.58102
 21
32.4797
  0
LINE
  8
0
 10
7.58102
 20
32.4797
 11
7.55905
 21
32.3538
  0
LINE
  8
0
 10
7.55905
 20
32.3538
 11
7.52655
 21
32.1996
  0
LINE
  8
0
 10
7.52655
 20
32.1996
 11
7.48718
 21
32.0499
  0
LINE
  8
0
 10
7.48718
 20
32.0499
 11
7.44095
 21
31.902
  0
LINE
  8
0
 10
7.44095
 20
31.902
 11
7.42172
 21
31.8443
  0
LINE
  8
0
 10
7.42172
 20
31.8443
 11
7.36633
 21
31.7029
  0
LINE
  8
0
 10
7.36633
 20
31.7029
 11
7.30453
 21
31.5651
  0
LINE
  8
0
 10
7.30453
 20
31.5651
 11
7.25098
 21
31.4575
  0
LINE
  8
0
 10
7.25098
 20
31.4575
 11
7.20795
 21
31.3783
  0
LINE
  8
0
 10
7.20795
 20
31.3783
 11
7.13104
 21
31.2497
  0
LINE
  8
0
 10
7.13104
 20
31.2497
 11
7.06467
 21
31.1494
  0
LINE
  8
0
 10
7.06467
 20
31.1494
 11
6.97632
 21
31.0268
  0
LINE
  8
0
 10
6.97632
 20
31.0268
 11
6.88202
 21
30.9105
  0
LINE
  8
0
 10
6.88202
 20
30.9105
 11
6.77948
 21
30.7947
  0
LINE
  8
0
 10
6.77948
 20
30.7947
 11
6.67099
 21
30.6839
  0
LINE
  8
0
 10
6.67099
 20
30.6839
 11
6.55655
 21
30.5768
  0
LINE
  8
0
 10
6.55655
 20
30.5768
 11
6.41144
 21
30.4541
  0
LINE
  8
0
 10
6.41144
 20
30.4541
 11
6.28143
 21
30.3543
  0
LINE
  8
0
 10
6.28143
 20
30.3543
 11
6.17477
 21
30.2788
  0
LINE
  8
0
 10
6.17477
 20
30.2788
 11
6.06216
 21
30.2051
  0
LINE
  8
0
 10
6.06216
 20
30.2051
 11
5.97519
 21
30.1506
  0
LINE
  8
0
 10
5.97519
 20
30.1506
 11
5.79483
 21
30.0471
  0
LINE
  8
0
 10
5.79483
 20
30.0471
 11
5.63736
 21
29.9643
  0
LINE
  8
0
 10
5.63736
 20
29.9643
 11
5.43961
 21
29.8705
  0
LINE
  8
0
 10
5.43961
 20
29.8705
 11
5.23361
 21
29.7826
  0
LINE
  8
0
 10
5.23361
 20
29.7826
 11
5.05417
 21
29.7134
  0
LINE
  8
0
 10
5.05417
 20
29.7134
 11
4.90494
 21
29.6594
  0
LINE
  8
0
 10
4.90494
 20
29.6594
 11
4.6756
 21
29.5853
  0
LINE
  8
0
 10
4.6756
 20
29.5853
 11
4.47556
 21
29.5271
  0
LINE
  8
0
 10
4.47556
 20
29.5271
 11
4.22882
 21
29.4621
  0
LINE
  8
0
 10
4.22882
 20
29.4621
 11
4.01459
 21
29.4118
  0
LINE
  8
0
 10
4.01459
 20
29.4118
 11
3.83926
 21
29.3747
  0
LINE
  8
0
 10
3.83926
 20
29.3747
 11
3.56964
 21
29.323
  0
LINE
  8
0
 10
3.56964
 20
29.323
 11
3.33572
 21
29.2841
  0
LINE
  8
0
 10
3.33572
 20
29.2841
 11
2.99881
 21
29.2365
  0
LINE
  8
0
 10
2.99881
 20
29.2365
 11
2.69989
 21
29.2007
  0
LINE
  8
0
 10
2.69989
 20
29.2007
 11
2.39182
 21
29.1714
  0
LINE
  8
0
 10
2.39182
 20
29.1714
 11
2.07458
 21
29.1467
  0
LINE
  8
0
 10
2.07458
 20
29.1467
 11
1.81961
 21
29.1312
  0
LINE
  8
0
 10
1.81961
 20
29.1312
 11
1.70471
 21
29.36
  0
LINE
  8
0
 10
-2.07458
 20
29.1467
 11
-2.39182
 21
29.1714
  0
LINE
  8
0
 10
-2.39182
 20
29.1714
 11
-2.69989
 21
29.2007
  0
LINE
  8
0
 10
-2.69989
 20
29.2007
 11
-2.99881
 21
29.2365
  0
LINE
  8
0
 10
-2.99881
 20
29.2365
 11
-3.33572
 21
29.2841
  0
LINE
  8
0
 10
-3.33572
 20
29.2841
 11
-3.56964
 21
29.3225
  0
LINE
  8
0
 10
-3.56964
 20
29.3225
 11
-3.83926
 21
29.3747
  0
LINE
  8
0
 10
-3.83926
 20
29.3747
 11
-4.01459
 21
29.4118
  0
LINE
  8
0
 10
-4.01459
 20
29.4118
 11
-4.22882
 21
29.4621
  0
LINE
  8
0
 10
-4.22882
 20
29.4621
 11
-4.47556
 21
29.5271
  0
LINE
  8
0
 10
-4.47556
 20
29.5271
 11
-4.6756
 21
29.5853
  0
LINE
  8
0
 10
-4.6756
 20
29.5853
 11
-4.90494
 21
29.6599
  0
LINE
  8
0
 10
-4.90494
 20
29.6599
 11
-5.05417
 21
29.7134
  0
LINE
  8
0
 10
-5.05417
 20
29.7134
 11
-5.23361
 21
29.7826
  0
LINE
  8
0
 10
-5.23361
 20
29.7826
 11
-5.44052
 21
29.8709
  0
LINE
  8
0
 10
-5.44052
 20
29.8709
 11
-5.63828
 21
29.9648
  0
LINE
  8
0
 10
-5.63828
 20
29.9648
 11
-5.79483
 21
30.0471
  0
LINE
  8
0
 10
-5.79483
 20
30.0471
 11
-5.9761
 21
30.1511
  0
LINE
  8
0
 10
-5.9761
 20
30.1511
 11
-6.06216
 21
30.2051
  0
LINE
  8
0
 10
-6.06216
 20
30.2051
 11
-6.17477
 21
30.2788
  0
LINE
  8
0
 10
-6.17477
 20
30.2788
 11
-6.28143
 21
30.3543
  0
LINE
  8
0
 10
-6.28143
 20
30.3543
 11
-6.41144
 21
30.4541
  0
LINE
  8
0
 10
-6.41144
 20
30.4541
 11
-6.55655
 21
30.5768
  0
LINE
  8
0
 10
-6.55655
 20
30.5768
 11
-6.67191
 21
30.6848
  0
LINE
  8
0
 10
-6.67191
 20
30.6848
 11
-6.7804
 21
30.7956
  0
LINE
  8
0
 10
-6.7804
 20
30.7956
 11
-6.88202
 21
30.9105
  0
LINE
  8
0
 10
-6.88202
 20
30.9105
 11
-6.97723
 21
31.0281
  0
LINE
  8
0
 10
-6.97723
 20
31.0281
 11
-7.06467
 21
31.1494
  0
LINE
  8
0
 10
-7.06467
 20
31.1494
 11
-7.1315
 21
31.2506
  0
LINE
  8
0
 10
-7.1315
 20
31.2506
 11
-7.20886
 21
31.3797
  0
LINE
  8
0
 10
-7.20886
 20
31.3797
 11
-7.25143
 21
31.4584
  0
LINE
  8
0
 10
-7.25143
 20
31.4584
 11
-7.30499
 21
31.566
  0
LINE
  8
0
 10
-7.30499
 20
31.566
 11
-7.36679
 21
31.7043
  0
LINE
  8
0
 10
-7.36679
 20
31.7043
 11
-7.42218
 21
31.8457
  0
LINE
  8
0
 10
-7.42218
 20
31.8457
 11
-7.44141
 21
31.9029
  0
LINE
  8
0
 10
-7.44141
 20
31.9029
 11
-7.48718
 21
32.0499
  0
LINE
  8
0
 10
-7.48718
 20
32.0499
 11
-7.52701
 21
32.2009
  0
LINE
  8
0
 10
-7.52701
 20
32.2009
 11
-7.55951
 21
32.3552
  0
LINE
  8
0
 10
-7.55951
 20
32.3552
 11
-7.58102
 21
32.4806
  0
LINE
  8
0
 10
-7.58102
 20
32.4806
 11
-7.59842
 21
32.6093
  0
LINE
  8
0
 10
-7.59842
 20
32.6093
 11
-7.61444
 21
32.7736
  0
LINE
  8
0
 10
-7.61444
 20
32.7736
 11
-7.62177
 21
32.9059
  0
LINE
  8
0
 10
-7.62177
 20
32.9059
 11
-7.6268
 21
33.1123
  0
LINE
  8
0
 10
-7.6268
 20
33.1123
 11
-7.62589
 21
33.2172
  0
LINE
  8
0
 10
-7.62589
 20
33.2172
 11
-7.62131
 21
33.3224
  0
LINE
  8
0
 10
-7.62131
 20
33.3224
 11
-7.60986
 21
33.5023
  0
LINE
  8
0
 10
-7.60986
 20
33.5023
 11
-7.59247
 21
33.6859
  0
LINE
  8
0
 10
-7.59247
 20
33.6859
 11
-7.55035
 21
33.9867
  0
LINE
  8
0
 10
-7.55035
 20
33.9867
 11
-7.51556
 21
34.1817
  0
LINE
  8
0
 10
-7.51556
 20
34.1817
 11
-7.46521
 21
34.4179
  0
LINE
  8
0
 10
-7.46521
 20
34.4179
 11
-7.4263
 21
34.579
  0
LINE
  8
0
 10
-7.4263
 20
34.579
 11
-7.37228
 21
34.7827
  0
LINE
  8
0
 10
-7.37228
 20
34.7827
 11
-7.29858
 21
35.0336
  0
LINE
  8
0
 10
-7.29858
 20
35.0336
 11
-7.20062
 21
35.3325
  0
LINE
  8
0
 10
-7.20062
 20
35.3325
 11
-7.08984
 21
35.6383
  0
LINE
  8
0
 10
-7.08984
 20
35.6383
 11
-6.94839
 21
35.9976
  0
LINE
  8
0
 10
-6.94839
 20
35.9976
 11
-6.78955
 21
36.3666
  0
LINE
  8
0
 10
-6.78955
 20
36.3666
 11
-6.63712
 21
36.6966
  0
LINE
  8
0
 10
-6.63712
 20
36.6966
 11
-6.47186
 21
37.034
  0
LINE
  8
0
 10
-6.47186
 20
37.034
 11
-6.25214
 21
36.8092
  0
LINE
  8
0
 10
-6.25214
 20
36.8092
 11
-6.33728
 21
37.1127
  0
LINE
  8
0
 10
-6.33728
 20
37.1127
 11
-5.96283
 21
37.0866
  0
LINE
  8
0
 10
-5.96283
 20
37.0866
 11
-5.60028
 21
37.0537
  0
LINE
  8
0
 10
-5.60028
 20
37.0537
 11
-5.20203
 21
37.0065
  0
LINE
  8
0
 10
-5.20203
 20
37.0065
 11
-4.81979
 21
36.9498
  0
LINE
  8
0
 10
-4.81979
 20
36.9498
 11
-4.49844
 21
36.8925
  0
LINE
  8
0
 10
-4.49844
 20
36.8925
 11
-4.19174
 21
36.8275
  0
LINE
  8
0
 10
-4.19174
 20
36.8275
 11
-3.93677
 21
36.7657
  0
LINE
  8
0
 10
-3.93677
 20
36.7657
 11
-3.73306
 21
36.7108
  0
LINE
  8
0
 10
-3.73306
 20
36.7108
 11
-3.57376
 21
36.6641
  0
LINE
  8
0
 10
-3.57376
 20
36.6641
 11
-3.34442
 21
36.5895
  0
LINE
  8
0
 10
-3.34442
 20
36.5895
 11
-3.15994
 21
36.5227
  0
LINE
  8
0
 10
-3.15994
 20
36.5227
 11
-2.87659
 21
36.4082
  0
LINE
  8
0
 10
-2.87659
 20
36.4082
 11
-2.70905
 21
36.3318
  0
LINE
  8
0
 10
-2.70905
 20
36.3318
 11
-2.54745
 21
36.2517
  0
LINE
  8
0
 10
-2.54745
 20
36.2517
 11
-2.45407
 21
36.2022
  0
LINE
  8
0
 10
-2.45407
 20
36.2022
 11
-2.36206
 21
36.151
  0
LINE
  8
0
 10
-2.36206
 20
36.151
 11
-2.18674
 21
36.0443
  0
LINE
  8
0
 10
-2.18674
 20
36.0443
 11
-2.07458
 21
35.9706
  0
LINE
  8
0
 10
-2.07458
 20
35.9706
 11
-1.94138
 21
35.8754
  0
LINE
  8
0
 10
-1.94138
 20
35.8754
 11
-1.83792
 21
35.7953
  0
LINE
  8
0
 10
-1.83792
 20
35.7953
 11
-1.74042
 21
35.7147
  0
LINE
  8
0
 10
-1.74042
 20
35.7147
 11
-1.62231
 21
35.6081
  0
LINE
  8
0
 10
-1.62231
 20
35.6081
 11
-1.51154
 21
35.4987
  0
LINE
  8
0
 10
-1.51154
 20
35.4987
 11
-1.40762
 21
35.386
  0
LINE
  8
0
 10
-1.40762
 20
35.386
 11
-1.36734
 21
35.3394
  0
LINE
  8
0
 10
-1.36734
 20
35.3394
 11
-1.27213
 21
35.2213
  0
LINE
  8
0
 10
-1.27213
 20
35.2213
 11
-1.18469
 21
35.0999
  0
LINE
  8
0
 10
-1.18469
 20
35.0999
 11
-1.11786
 21
34.9988
  0
LINE
  8
0
 10
-1.11786
 20
34.9988
 11
-1.07025
 21
34.9219
  0
LINE
  8
0
 10
-1.07025
 20
34.9219
 11
-0.998383
 21
34.7923
  0
LINE
  8
0
 10
-0.998383
 20
34.7923
 11
-0.944366
 21
34.6834
  0
LINE
  8
0
 10
-0.944366
 20
34.6834
 11
-0.882568
 21
34.5451
  0
LINE
  8
0
 10
-0.882568
 20
34.5451
 11
-0.827179
 21
34.4037
  0
LINE
  8
0
 10
-0.827179
 20
34.4037
 11
-0.779114
 21
34.2586
  0
LINE
  8
0
 10
-0.779114
 20
34.2586
 11
-0.737915
 21
34.1093
  0
LINE
  8
0
 10
-0.737915
 20
34.1093
 11
-0.701752
 21
33.9565
  0
LINE
  8
0
 10
-0.701752
 20
33.9565
 11
-0.667877
 21
33.7683
  0
LINE
  8
0
 10
-0.667877
 20
33.7683
 11
-0.647278
 21
33.6076
  0
LINE
  8
0
 10
-0.647278
 20
33.6076
 11
-0.634918
 21
33.4758
  0
LINE
  8
0
 10
-0.634918
 20
33.4758
 11
-0.627136
 21
33.3421
  0
LINE
  8
0
 10
-0.627136
 20
33.3421
 11
-0.623474
 21
33.241
  0
LINE
  8
0
 10
-0.623474
 20
33.241
 11
-0.623474
 21
33.0322
  0
LINE
  8
0
 10
-0.623474
 20
33.0322
 11
-0.631714
 21
32.8546
  0
LINE
  8
0
 10
-0.631714
 20
32.8546
 11
-0.649109
 21
32.6358
  0
LINE
  8
0
 10
-0.649109
 20
32.6358
 11
-0.676117
 21
32.4129
  0
LINE
  8
0
 10
-0.676117
 20
32.4129
 11
-0.704956
 21
32.2229
  0
LINE
  8
0
 10
-0.704956
 20
32.2229
 11
-0.733795
 21
32.0677
  0
LINE
  8
0
 10
-0.733795
 20
32.0677
 11
-0.784149
 21
31.8311
  0
LINE
  8
0
 10
-0.784149
 20
31.8311
 11
-0.833588
 21
31.6296
  0
LINE
  8
0
 10
-0.833588
 20
31.6296
 11
-0.900879
 21
31.3838
  0
LINE
  8
0
 10
-0.900879
 20
31.3838
 11
-0.963593
 21
31.1728
  0
LINE
  8
0
 10
-0.963593
 20
31.1728
 11
-1.01944
 21
31.0034
  0
LINE
  8
0
 10
-1.01944
 20
31.0034
 11
-1.10962
 21
30.7425
  0
LINE
  8
0
 10
-1.10962
 20
30.7425
 11
-1.19293
 21
30.5219
  0
LINE
  8
0
 10
-1.19293
 20
30.5219
 11
-1.32019
 21
30.206
  0
LINE
  8
0
 10
-1.32019
 20
30.206
 11
-1.43875
 21
29.9286
  0
LINE
  8
0
 10
-1.43875
 20
29.9286
 11
-1.56784
 21
29.6471
  0
LINE
  8
0
 10
-1.56784
 20
29.6471
 11
-1.70471
 21
29.36
  0
LINE
  8
0
 10
-1.70471
 20
29.36
 11
-1.81961
 21
29.1312
  0
LINE
  8
0
 10
-1.81961
 20
29.1312
 11
-2.07458
 21
29.1467
  0
LINE
  8
0
 10
-32.0746
 20
29.1467
 11
-32.3918
 21
29.1714
  0
LINE
  8
0
 10
-32.3918
 20
29.1714
 11
-32.6999
 21
29.2007
  0
LINE
  8
0
 10
-32.6999
 20
29.2007
 11
-32.9988
 21
29.2365
  0
LINE
  8
0
 10
-32.9988
 20
29.2365
 11
-33.3357
 21
29.2841
  0
LINE
  8
0
 10
-33.3357
 20
29.2841
 11
-33.5696
 21
29.3225
  0
LINE
  8
0
 10
-33.5696
 20
29.3225
 11
-33.8393
 21
29.3747
  0
LINE
  8
0
 10
-33.8393
 20
29.3747
 11
-34.0146
 21
29.4118
  0
LINE
  8
0
 10
-34.0146
 20
29.4118
 11
-34.2288
 21
29.4621
  0
LINE
  8
0
 10
-34.2288
 20
29.4621
 11
-34.4756
 21
29.5271
  0
LINE
  8
0
 10
-34.4756
 20
29.5271
 11
-34.6756
 21
29.5853
  0
LINE
  8
0
 10
-34.6756
 20
29.5853
 11
-34.9049
 21
29.6599
  0
LINE
  8
0
 10
-34.9049
 20
29.6599
 11
-35.0542
 21
29.7134
  0
LINE
  8
0
 10
-35.0542
 20
29.7134
 11
-35.2336
 21
29.7826
  0
LINE
  8
0
 10
-35.2336
 20
29.7826
 11
-35.4405
 21
29.8709
  0
LINE
  8
0
 10
-35.4405
 20
29.8709
 11
-35.6383
 21
29.9648
  0
LINE
  8
0
 10
-35.6383
 20
29.9648
 11
-35.7948
 21
30.0471
  0
LINE
  8
0
 10
-35.7948
 20
30.0471
 11
-35.9761
 21
30.1511
  0
LINE
  8
0
 10
-35.9761
 20
30.1511
 11
-36.0622
 21
30.2051
  0
LINE
  8
0
 10
-36.0622
 20
30.2051
 11
-36.1748
 21
30.2788
  0
LINE
  8
0
 10
-36.1748
 20
30.2788
 11
-36.2814
 21
30.3543
  0
LINE
  8
0
 10
-36.2814
 20
30.3543
 11
-36.4114
 21
30.4541
  0
LINE
  8
0
 10
-36.4114
 20
30.4541
 11
-36.5565
 21
30.5768
  0
LINE
  8
0
 10
-36.5565
 20
30.5768
 11
-36.6719
 21
30.6848
  0
LINE
  8
0
 10
-36.6719
 20
30.6848
 11
-36.7804
 21
30.7956
  0
LINE
  8
0
 10
-36.7804
 20
30.7956
 11
-36.882
 21
30.9105
  0
LINE
  8
0
 10
-36.882
 20
30.9105
 11
-36.9772
 21
31.0281
  0
LINE
  8
0
 10
-36.9772
 20
31.0281
 11
-37.0647
 21
31.1494
  0
LINE
  8
0
 10
-37.0647
 20
31.1494
 11
-37.1315
 21
31.2506
  0
LINE
  8
0
 10
-37.1315
 20
31.2506
 11
-37.2089
 21
31.3797
  0
LINE
  8
0
 10
-37.2089
 20
31.3797
 11
-37.2514
 21
31.4584
  0
LINE
  8
0
 10
-37.2514
 20
31.4584
 11
-37.305
 21
31.566
  0
LINE
  8
0
 10
-37.305
 20
31.566
 11
-37.3668
 21
31.7043
  0
LINE
  8
0
 10
-37.3668
 20
31.7043
 11
-37.4222
 21
31.8457
  0
LINE
  8
0
 10
-37.4222
 20
31.8457
 11
-37.4414
 21
31.9029
  0
LINE
  8
0
 10
-37.4414
 20
31.9029
 11
-37.4872
 21
32.0499
  0
LINE
  8
0
 10
-37.4872
 20
32.0499
 11
-37.527
 21
32.2009
  0
LINE
  8
0
 10
-37.527
 20
32.2009
 11
-37.5595
 21
32.3552
  0
LINE
  8
0
 10
-37.5595
 20
32.3552
 11
-37.581
 21
32.4806
  0
LINE
  8
0
 10
-37.581
 20
32.4806
 11
-37.5984
 21
32.6093
  0
LINE
  8
0
 10
-37.5984
 20
32.6093
 11
-37.6144
 21
32.7736
  0
LINE
  8
0
 10
-37.6144
 20
32.7736
 11
-37.6218
 21
32.9059
  0
LINE
  8
0
 10
-37.6218
 20
32.9059
 11
-37.6268
 21
33.1123
  0
LINE
  8
0
 10
-37.6268
 20
33.1123
 11
-37.6259
 21
33.2172
  0
LINE
  8
0
 10
-37.6259
 20
33.2172
 11
-37.6213
 21
33.3224
  0
LINE
  8
0
 10
-37.6213
 20
33.3224
 11
-37.6099
 21
33.5023
  0
LINE
  8
0
 10
-37.6099
 20
33.5023
 11
-37.5925
 21
33.6859
  0
LINE
  8
0
 10
-37.5925
 20
33.6859
 11
-37.5504
 21
33.9867
  0
LINE
  8
0
 10
-37.5504
 20
33.9867
 11
-37.5156
 21
34.1817
  0
LINE
  8
0
 10
-37.5156
 20
34.1817
 11
-37.4652
 21
34.4179
  0
LINE
  8
0
 10
-37.4652
 20
34.4179
 11
-37.4263
 21
34.579
  0
LINE
  8
0
 10
-37.4263
 20
34.579
 11
-37.3723
 21
34.7827
  0
LINE
  8
0
 10
-37.3723
 20
34.7827
 11
-37.2986
 21
35.0336
  0
LINE
  8
0
 10
-37.2986
 20
35.0336
 11
-37.2006
 21
35.3325
  0
LINE
  8
0
 10
-37.2006
 20
35.3325
 11
-37.0898
 21
35.6383
  0
LINE
  8
0
 10
-37.0898
 20
35.6383
 11
-36.9484
 21
35.9976
  0
LINE
  8
0
 10
-36.9484
 20
35.9976
 11
-36.7896
 21
36.3666
  0
LINE
  8
0
 10
-36.7896
 20
36.3666
 11
-36.6371
 21
36.6966
  0
LINE
  8
0
 10
-36.6371
 20
36.6966
 11
-36.4719
 21
37.034
  0
LINE
  8
0
 10
-36.4719
 20
37.034
 11
-36.2521
 21
36.8092
  0
LINE
  8
0
 10
-36.2521
 20
36.8092
 11
-36.3373
 21
37.1127
  0
LINE
  8
0
 10
-36.3373
 20
37.1127
 11
-35.9628
 21
37.0866
  0
LINE
  8
0
 10
-35.9628
 20
37.0866
 11
-35.6003
 21
37.0537
  0
LINE
  8
0
 10
-35.6003
 20
37.0537
 11
-35.202
 21
37.0065
  0
LINE
  8
0
 10
-35.202
 20
37.0065
 11
-34.8198
 21
36.9498
  0
LINE
  8
0
 10
-34.8198
 20
36.9498
 11
-34.4984
 21
36.8925
  0
LINE
  8
0
 10
-34.4984
 20
36.8925
 11
-34.1917
 21
36.8275
  0
LINE
  8
0
 10
-34.1917
 20
36.8275
 11
-33.9368
 21
36.7657
  0
LINE
  8
0
 10
-33.9368
 20
36.7657
 11
-33.7331
 21
36.7108
  0
LINE
  8
0
 10
-33.7331
 20
36.7108
 11
-33.5738
 21
36.6641
  0
LINE
  8
0
 10
-33.5738
 20
36.6641
 11
-33.3444
 21
36.5895
  0
LINE
  8
0
 10
-33.3444
 20
36.5895
 11
-33.1599
 21
36.5227
  0
LINE
  8
0
 10
-33.1599
 20
36.5227
 11
-32.8766
 21
36.4082
  0
LINE
  8
0
 10
-32.8766
 20
36.4082
 11
-32.709
 21
36.3318
  0
LINE
  8
0
 10
-32.709
 20
36.3318
 11
-32.5475
 21
36.2517
  0
LINE
  8
0
 10
-32.5475
 20
36.2517
 11
-32.4541
 21
36.2022
  0
LINE
  8
0
 10
-32.4541
 20
36.2022
 11
-32.3621
 21
36.151
  0
LINE
  8
0
 10
-32.3621
 20
36.151
 11
-32.1867
 21
36.0443
  0
LINE
  8
0
 10
-32.1867
 20
36.0443
 11
-32.0746
 21
35.9706
  0
LINE
  8
0
 10
-32.0746
 20
35.9706
 11
-31.9414
 21
35.8754
  0
LINE
  8
0
 10
-31.9414
 20
35.8754
 11
-31.8379
 21
35.7953
  0
LINE
  8
0
 10
-31.8379
 20
35.7953
 11
-31.7404
 21
35.7147
  0
LINE
  8
0
 10
-31.7404
 20
35.7147
 11
-31.6223
 21
35.6081
  0
LINE
  8
0
 10
-31.6223
 20
35.6081
 11
-31.5115
 21
35.4987
  0
LINE
  8
0
 10
-31.5115
 20
35.4987
 11
-31.4076
 21
35.386
  0
LINE
  8
0
 10
-31.4076
 20
35.386
 11
-31.3673
 21
35.3394
  0
LINE
  8
0
 10
-31.3673
 20
35.3394
 11
-31.2721
 21
35.2213
  0
LINE
  8
0
 10
-31.2721
 20
35.2213
 11
-31.1847
 21
35.0999
  0
LINE
  8
0
 10
-31.1847
 20
35.0999
 11
-31.1179
 21
34.9988
  0
LINE
  8
0
 10
-31.1179
 20
34.9988
 11
-31.0703
 21
34.9219
  0
LINE
  8
0
 10
-31.0703
 20
34.9219
 11
-30.9984
 21
34.7923
  0
LINE
  8
0
 10
-30.9984
 20
34.7923
 11
-30.9444
 21
34.6834
  0
LINE
  8
0
 10
-30.9444
 20
34.6834
 11
-30.8826
 21
34.5451
  0
LINE
  8
0
 10
-30.8826
 20
34.5451
 11
-30.8272
 21
34.4037
  0
LINE
  8
0
 10
-30.8272
 20
34.4037
 11
-30.7791
 21
34.2586
  0
LINE
  8
0
 10
-30.7791
 20
34.2586
 11
-30.7379
 21
34.1093
  0
LINE
  8
0
 10
-30.7379
 20
34.1093
 11
-30.7018
 21
33.9565
  0
LINE
  8
0
 10
-30.7018
 20
33.9565
 11
-30.6679
 21
33.7683
  0
LINE
  8
0
 10
-30.6679
 20
33.7683
 11
-30.6473
 21
33.6076
  0
LINE
  8
0
 10
-30.6473
 20
33.6076
 11
-30.6349
 21
33.4758
  0
LINE
  8
0
 10
-30.6349
 20
33.4758
 11
-30.6271
 21
33.3421
  0
LINE
  8
0
 10
-30.6271
 20
33.3421
 11
-30.6235
 21
33.241
  0
LINE
  8
0
 10
-30.6235
 20
33.241
 11
-30.6235
 21
33.0322
  0
LINE
  8
0
 10
-30.6235
 20
33.0322
 11
-30.6317
 21
32.8546
  0
LINE
  8
0
 10
-30.6317
 20
32.8546
 11
-30.6491
 21
32.6358
  0
LINE
  8
0
 10
-30.6491
 20
32.6358
 11
-30.6761
 21
32.4129
  0
LINE
  8
0
 10
-30.6761
 20
32.4129
 11
-30.705
 21
32.2229
  0
LINE
  8
0
 10
-30.705
 20
32.2229
 11
-30.7338
 21
32.0677
  0
LINE
  8
0
 10
-30.7338
 20
32.0677
 11
-30.7841
 21
31.8311
  0
LINE
  8
0
 10
-30.7841
 20
31.8311
 11
-30.8336
 21
31.6296
  0
LINE
  8
0
 10
-30.8336
 20
31.6296
 11
-30.9009
 21
31.3838
  0
LINE
  8
0
 10
-30.9009
 20
31.3838
 11
-30.9636
 21
31.1728
  0
LINE
  8
0
 10
-30.9636
 20
31.1728
 11
-31.0194
 21
31.0034
  0
LINE
  8
0
 10
-31.0194
 20
31.0034
 11
-31.1096
 21
30.7425
  0
LINE
  8
0
 10
-31.1096
 20
30.7425
 11
-31.1929
 21
30.5219
  0
LINE
  8
0
 10
-31.1929
 20
30.5219
 11
-31.3202
 21
30.206
  0
LINE
  8
0
 10
-31.3202
 20
30.206
 11
-31.4388
 21
29.9286
  0
LINE
  8
0
 10
-31.4388
 20
29.9286
 11
-31.5678
 21
29.6471
  0
LINE
  8
0
 10
-31.5678
 20
29.6471
 11
-31.7047
 21
29.36
  0
LINE
  8
0
 10
-31.7047
 20
29.36
 11
-31.8196
 21
29.1312
  0
LINE
  8
0
 10
-31.8196
 20
29.1312
 11
-32.0746
 21
29.1467
  0
LINE
  8
0
 10
43.3026
 20
28.6134
 11
42.5999
 21
30.3104
  0
LINE
  8
0
 10
42.5999
 20
30.3104
 11
43.3026
 21
32.0073
  0
LINE
  8
0
 10
43.3026
 20
32.0073
 11
45
 21
32.7104
  0
LINE
  8
0
 10
45
 20
32.7104
 11
46.6974
 21
32.0073
  0
LINE
  8
0
 10
46.6974
 20
32.0073
 11
47.4001
 21
30.3104
  0
LINE
  8
0
 10
47.4001
 20
30.3104
 11
46.6974
 21
28.6134
  0
LINE
  8
0
 10
46.6974
 20
28.6134
 11
45
 21
27.9103
  0
LINE
  8
0
 10
45
 20
27.9103
 11
43.3026
 21
28.6134
  0
LINE
  8
0
 10
13.3026
 20
28.6134
 11
12.5999
 21
30.3104
  0
LINE
  8
0
 10
12.5999
 20
30.3104
 11
13.3026
 21
32.0073
  0
LINE
  8
0
 10
13.3026
 20
32.0073
 11
15
 21
32.7104
  0
LINE
  8
0
 10
15
 20
32.7104
 11
16.6974
 21
32.0073
  0
LINE
  8
0
 10
16.6974
 20
32.0073
 11
17.4001
 21
30.3104
  0
LINE
  8
0
 10
17.4001
 20
30.3104
 11
16.6974
 21
28.6134
  0
LINE
  8
0
 10
16.6974
 20
28.6134
 11
15
 21
27.9103
  0
LINE
  8
0
 10
15
 20
27.9103
 11
13.3026
 21
28.6134
  0
LINE
  8
0
 10
-16.6974
 20
28.6134
 11
-17.4001
 21
30.3104
  0
LINE
  8
0
 10
-17.4001
 20
30.3104
 11
-16.6974
 21
32.0073
  0
LINE
  8
0
 10
-16.6974
 20
32.0073
 11
-15
 21
32.7104
  0
LINE
  8
0
 10
-15
 20
32.7104
 11
-13.3026
 21
32.0073
  0
LINE
  8
0
 10
-13.3026
 20
32.0073
 11
-12.5999
 21
30.3104
  0
LINE
  8
0
 10
-12.5999
 20
30.3104
 11
-13.3026
 21
28.6134
  0
LINE
  8
0
 10
-13.3026
 20
28.6134
 11
-15
 21
27.9103
  0
LINE
  8
0
 10
-15
 20
27.9103
 11
-16.6974
 21
28.6134
  0
LINE
  8
0
 10
-46.6974
 20
28.6134
 11
-47.4001
 21
30.3104
  0
LINE
  8
0
 10
-47.4001
 20
30.3104
 11
-46.6974
 21
32.0073
  0
LINE
  8
0
 10
-46.6974
 20
32.0073
 11
-45
 21
32.7104
  0
LINE
  8
0
 10
-45
 20
32.7104
 11
-43.3026
 21
32.0073
  0
LINE
  8
0
 10
-43.3026
 20
32.0073
 11
-42.5999
 21
30.3104
  0
LINE
  8
0
 10
-42.5999
 20
30.3104
 11
-43.3026
 21
28.6134
  0
LINE
  8
0
 10
-43.3026
 20
28.6134
 11
-45
 21
27.9103
  0
LINE
  8
0
 10
-45
 20
27.9103
 11
-46.6974
 21
28.6134
  0
LINE
  8
0
 10
21.6298
 20
22.4391
 11
21.5112
 21
22.4464
  0
LINE
  8
0
 10
21.5112
 20
22.4464
 11
21.3611
 21
22.462
  0
LINE
  8
0
 10
21.3611
 20
22.462
 11
21.2096
 21
22.4849
  0
LINE
  8
0
 10
21.2096
 20
22.4849
 11
21.1501
 21
22.4968
  0
LINE
  8
0
 10
21.1501
 20
22.4968
 11
20.9995
 21
22.5307
  0
LINE
  8
0
 10
20.9995
 20
22.5307
 11
20.8493
 21
22.5719
  0
LINE
  8
0
 10
20.8493
 20
22.5719
 11
20.6992
 21
22.6204
  0
LINE
  8
0
 10
20.6992
 20
22.6204
 11
20.5806
 21
22.6648
  0
LINE
  8
0
 10
20.5806
 20
22.6648
 11
20.4597
 21
22.7147
  0
LINE
  8
0
 10
20.4597
 20
22.7147
 11
20.3096
 21
22.7829
  0
LINE
  8
0
 10
20.3096
 20
22.7829
 11
20.1897
 21
22.8429
  0
LINE
  8
0
 10
20.1897
 20
22.8429
 11
20.0098
 21
22.9413
  0
LINE
  8
0
 10
20.0098
 20
22.9413
 11
19.9205
 21
22.9948
  0
LINE
  8
0
 10
19.9205
 20
22.9948
 11
19.8299
 21
23.0516
  0
LINE
  8
0
 10
19.8299
 20
23.0516
 11
19.6797
 21
23.1514
  0
LINE
  8
0
 10
19.6797
 20
23.1514
 11
19.5305
 21
23.2576
  0
LINE
  8
0
 10
19.5305
 20
23.2576
 11
19.2897
 21
23.4457
  0
LINE
  8
0
 10
19.2897
 20
23.4457
 11
19.1405
 21
23.5721
  0
LINE
  8
0
 10
19.1405
 20
23.5721
 11
18.9601
 21
23.7346
  0
LINE
  8
0
 10
18.9601
 20
23.7346
 11
18.8397
 21
23.8481
  0
LINE
  8
0
 10
18.8397
 20
23.8481
 11
18.6896
 21
23.9973
  0
LINE
  8
0
 10
18.6896
 20
23.9973
 11
18.5106
 21
24.1864
  0
LINE
  8
0
 10
18.5106
 20
24.1864
 11
18.3
 21
24.4212
  0
LINE
  8
0
 10
18.3
 20
24.4212
 11
18.0899
 21
24.6693
  0
LINE
  8
0
 10
18.0899
 20
24.6693
 11
17.8505
 21
24.9715
  0
LINE
  8
0
 10
17.8505
 20
24.9715
 11
17.6102
 21
25.2933
  0
LINE
  8
0
 10
17.6102
 20
25.2933
 11
17.4001
 21
25.5913
  0
LINE
  8
0
 10
17.4001
 20
25.5913
 11
17.1904
 21
25.9021
  0
LINE
  8
0
 10
17.1904
 20
25.9021
 11
17.4966
 21
25.9804
  0
LINE
  8
0
 10
17.4966
 20
25.9804
 11
17.1904
 21
26.0587
  0
LINE
  8
0
 10
17.1904
 20
26.0587
 11
17.4001
 21
26.3695
  0
LINE
  8
0
 10
17.4001
 20
26.3695
 11
17.6102
 21
26.6675
  0
LINE
  8
0
 10
17.6102
 20
26.6675
 11
17.8505
 21
26.9893
  0
LINE
  8
0
 10
17.8505
 20
26.9893
 11
18.0899
 21
27.2914
  0
LINE
  8
0
 10
18.0899
 20
27.2914
 11
18.3
 21
27.5395
  0
LINE
  8
0
 10
18.3
 20
27.5395
 11
18.5101
 21
27.7748
  0
LINE
  8
0
 10
18.5101
 20
27.7748
 11
18.6896
 21
27.9634
  0
LINE
  8
0
 10
18.6896
 20
27.9634
 11
18.8397
 21
28.1122
  0
LINE
  8
0
 10
18.8397
 20
28.1122
 11
18.9597
 21
28.2262
  0
LINE
  8
0
 10
18.9597
 20
28.2262
 11
19.1405
 21
28.3887
  0
LINE
  8
0
 10
19.1405
 20
28.3887
 11
19.2897
 21
28.515
  0
LINE
  8
0
 10
19.2897
 20
28.515
 11
19.5305
 21
28.7032
  0
LINE
  8
0
 10
19.5305
 20
28.7032
 11
19.6797
 21
28.8094
  0
LINE
  8
0
 10
19.6797
 20
28.8094
 11
19.8299
 21
28.9091
  0
LINE
  8
0
 10
19.8299
 20
28.9091
 11
19.92
 21
28.9664
  0
LINE
  8
0
 10
19.92
 20
28.9664
 11
20.0102
 21
29.0195
  0
LINE
  8
0
 10
20.0102
 20
29.0195
 11
20.1897
 21
29.1179
  0
LINE
  8
0
 10
20.1897
 20
29.1179
 11
20.3096
 21
29.1779
  0
LINE
  8
0
 10
20.3096
 20
29.1779
 11
20.4597
 21
29.2461
  0
LINE
  8
0
 10
20.4597
 20
29.2461
 11
20.5806
 21
29.2964
  0
LINE
  8
0
 10
20.5806
 20
29.2964
 11
20.6996
 21
29.3404
  0
LINE
  8
0
 10
20.6996
 20
29.3404
 11
20.8493
 21
29.3889
  0
LINE
  8
0
 10
20.8493
 20
29.3889
 11
20.9995
 21
29.4301
  0
LINE
  8
0
 10
20.9995
 20
29.4301
 11
21.1505
 21
29.464
  0
LINE
  8
0
 10
21.1505
 20
29.464
 11
21.2096
 21
29.4754
  0
LINE
  8
0
 10
21.2096
 20
29.4754
 11
21.3611
 21
29.4987
  0
LINE
  8
0
 10
21.3611
 20
29.4987
 11
21.5112
 21
29.5143
  0
LINE
  8
0
 10
21.5112
 20
29.5143
 11
21.6298
 21
29.5212
  0
LINE
  8
0
 10
21.6298
 20
29.5212
 11
21.7209
 21
29.5239
  0
LINE
  8
0
 10
21.7209
 20
29.5239
 11
21.8706
 21
29.5221
  0
LINE
  8
0
 10
21.8706
 20
29.5221
 11
21.9891
 21
29.5143
  0
LINE
  8
0
 10
21.9891
 20
29.5143
 11
22.1393
 21
29.4987
  0
LINE
  8
0
 10
22.1393
 20
29.4987
 11
22.2913
 21
29.4754
  0
LINE
  8
0
 10
22.2913
 20
29.4754
 11
22.4409
 21
29.4447
  0
LINE
  8
0
 10
22.4409
 20
29.4447
 11
22.5897
 21
29.4063
  0
LINE
  8
0
 10
22.5897
 20
29.4063
 11
22.7412
 21
29.36
  0
LINE
  8
0
 10
22.7412
 20
29.36
 11
22.9198
 21
29.296
  0
LINE
  8
0
 10
22.9198
 20
29.296
 11
23.0708
 21
29.2337
  0
LINE
  8
0
 10
23.0708
 20
29.2337
 11
23.1898
 21
29.1783
  0
LINE
  8
0
 10
23.1898
 20
29.1783
 11
23.3107
 21
29.1179
  0
LINE
  8
0
 10
23.3107
 20
29.1179
 11
23.4009
 21
29.0698
  0
LINE
  8
0
 10
23.4009
 20
29.0698
 11
23.5808
 21
28.9659
  0
LINE
  8
0
 10
23.5808
 20
28.9659
 11
23.7296
 21
28.8712
  0
LINE
  8
0
 10
23.7296
 20
28.8712
 11
23.9108
 21
28.7457
  0
LINE
  8
0
 10
23.9108
 20
28.7457
 11
24.0898
 21
28.6116
  0
LINE
  8
0
 10
24.0898
 20
28.6116
 11
24.2409
 21
28.4908
  0
LINE
  8
0
 10
24.2409
 20
28.4908
 11
24.3599
 21
28.3887
  0
LINE
  8
0
 10
24.3599
 20
28.3887
 11
24.5412
 21
28.2266
  0
LINE
  8
0
 10
24.5412
 20
28.2266
 11
24.6899
 21
28.0838
  0
LINE
  8
0
 10
24.6899
 20
28.0838
 11
24.8703
 21
27.9012
  0
LINE
  8
0
 10
24.8703
 20
27.9012
 11
25.0204
 21
27.7414
  0
LINE
  8
0
 10
25.0204
 20
27.7414
 11
25.1404
 21
27.6082
  0
LINE
  8
0
 10
25.1404
 20
27.6082
 11
25.3203
 21
27.3994
  0
LINE
  8
0
 10
25.3203
 20
27.3994
 11
25.4704
 21
27.2173
  0
LINE
  8
0
 10
25.4704
 20
27.2173
 11
25.6801
 21
26.9499
  0
LINE
  8
0
 10
25.6801
 20
26.9499
 11
25.8609
 21
26.7087
  0
LINE
  8
0
 10
25.8609
 20
26.7087
 11
26.0408
 21
26.4565
  0
LINE
  8
0
 10
26.0408
 20
26.4565
 11
26.2202
 21
26.1937
  0
LINE
  8
0
 10
26.2202
 20
26.1937
 11
26.3617
 21
25.9808
  0
LINE
  8
0
 10
26.3617
 20
25.9808
 11
26.2202
 21
25.7671
  0
LINE
  8
0
 10
26.2202
 20
25.7671
 11
26.0399
 21
25.5038
  0
LINE
  8
0
 10
26.0399
 20
25.5038
 11
25.8604
 21
25.2516
  0
LINE
  8
0
 10
25.8604
 20
25.2516
 11
25.6801
 21
25.0108
  0
LINE
  8
0
 10
25.6801
 20
25.0108
 11
25.4704
 21
24.7435
  0
LINE
  8
0
 10
25.4704
 20
24.7435
 11
25.3198
 21
24.5609
  0
LINE
  8
0
 10
25.3198
 20
24.5609
 11
25.1399
 21
24.3521
  0
LINE
  8
0
 10
25.1399
 20
24.3521
 11
25.02
 21
24.2189
  0
LINE
  8
0
 10
25.02
 20
24.2189
 11
24.8698
 21
24.0591
  0
LINE
  8
0
 10
24.8698
 20
24.0591
 11
24.6899
 21
23.877
  0
LINE
  8
0
 10
24.6899
 20
23.877
 11
24.5407
 21
23.7346
  0
LINE
  8
0
 10
24.5407
 20
23.7346
 11
24.3599
 21
23.5721
  0
LINE
  8
0
 10
24.3599
 20
23.5721
 11
24.2404
 21
23.4695
  0
LINE
  8
0
 10
24.2404
 20
23.4695
 11
24.0898
 21
23.3492
  0
LINE
  8
0
 10
24.0898
 20
23.3492
 11
23.9108
 21
23.215
  0
LINE
  8
0
 10
23.9108
 20
23.215
 11
23.7296
 21
23.0896
  0
LINE
  8
0
 10
23.7296
 20
23.0896
 11
23.5808
 21
22.9953
  0
LINE
  8
0
 10
23.5808
 20
22.9953
 11
23.4
 21
22.8905
  0
LINE
  8
0
 10
23.4
 20
22.8905
 11
23.3098
 21
22.8424
  0
LINE
  8
0
 10
23.3098
 20
22.8424
 11
23.1898
 21
22.782
  0
LINE
  8
0
 10
23.1898
 20
22.782
 11
23.0708
 21
22.7275
  0
LINE
  8
0
 10
23.0708
 20
22.7275
 11
22.9198
 21
22.6648
  0
LINE
  8
0
 10
22.9198
 20
22.6648
 11
22.7399
 21
22.6003
  0
LINE
  8
0
 10
22.7399
 20
22.6003
 11
22.5897
 21
22.554
  0
LINE
  8
0
 10
22.5897
 20
22.554
 11
22.4409
 21
22.516
  0
LINE
  8
0
 10
22.4409
 20
22.516
 11
22.2913
 21
22.4854
  0
LINE
  8
0
 10
22.2913
 20
22.4854
 11
22.1393
 21
22.462
  0
LINE
  8
0
 10
22.1393
 20
22.462
 11
21.9891
 21
22.4464
  0
LINE
  8
0
 10
21.9891
 20
22.4464
 11
21.8706
 21
22.4391
  0
LINE
  8
0
 10
21.8706
 20
22.4391
 11
21.7209
 21
22.4368
  0
LINE
  8
0
 10
21.7209
 20
22.4368
 11
21.6298
 21
22.4391
  0
LINE
  8
0
 10
38.1294
 20
22.4387
 11
38.0109
 21
22.4464
  0
LINE
  8
0
 10
38.0109
 20
22.4464
 11
37.8607
 21
22.462
  0
LINE
  8
0
 10
37.8607
 20
22.462
 11
37.7087
 21
22.4854
  0
LINE
  8
0
 10
37.7087
 20
22.4854
 11
37.5591
 21
22.516
  0
LINE
  8
0
 10
37.5591
 20
22.516
 11
37.4103
 21
22.5545
  0
LINE
  8
0
 10
37.4103
 20
22.5545
 11
37.2588
 21
22.6007
  0
LINE
  8
0
 10
37.2588
 20
22.6007
 11
37.0802
 21
22.6648
  0
LINE
  8
0
 10
37.0802
 20
22.6648
 11
36.9292
 21
22.7271
  0
LINE
  8
0
 10
36.9292
 20
22.7271
 11
36.8102
 21
22.7824
  0
LINE
  8
0
 10
36.8102
 20
22.7824
 11
36.6893
 21
22.8429
  0
LINE
  8
0
 10
36.6893
 20
22.8429
 11
36.5991
 21
22.8909
  0
LINE
  8
0
 10
36.5991
 20
22.8909
 11
36.4192
 21
22.9948
  0
LINE
  8
0
 10
36.4192
 20
22.9948
 11
36.2704
 21
23.0896
  0
LINE
  8
0
 10
36.2704
 20
23.0896
 11
36.0892
 21
23.215
  0
LINE
  8
0
 10
36.0892
 20
23.215
 11
35.9102
 21
23.3492
  0
LINE
  8
0
 10
35.9102
 20
23.3492
 11
35.7591
 21
23.47
  0
LINE
  8
0
 10
35.7591
 20
23.47
 11
35.6401
 21
23.5721
  0
LINE
  8
0
 10
35.6401
 20
23.5721
 11
35.4588
 21
23.7341
  0
LINE
  8
0
 10
35.4588
 20
23.7341
 11
35.3101
 21
23.877
  0
LINE
  8
0
 10
35.3101
 20
23.877
 11
35.1297
 21
24.0596
  0
LINE
  8
0
 10
35.1297
 20
24.0596
 11
34.9796
 21
24.2194
  0
LINE
  8
0
 10
34.9796
 20
24.2194
 11
34.8596
 21
24.3526
  0
LINE
  8
0
 10
34.8596
 20
24.3526
 11
34.6797
 21
24.5613
  0
LINE
  8
0
 10
34.6797
 20
24.5613
 11
34.5296
 21
24.7435
  0
LINE
  8
0
 10
34.5296
 20
24.7435
 11
34.3199
 21
25.0108
  0
LINE
  8
0
 10
34.3199
 20
25.0108
 11
34.1391
 21
25.2521
  0
LINE
  8
0
 10
34.1391
 20
25.2521
 11
33.9592
 21
25.5043
  0
LINE
  8
0
 10
33.9592
 20
25.5043
 11
33.7798
 21
25.7671
  0
LINE
  8
0
 10
33.7798
 20
25.7671
 11
33.6383
 21
25.9799
  0
LINE
  8
0
 10
33.6383
 20
25.9799
 11
33.7798
 21
26.1937
  0
LINE
  8
0
 10
33.7798
 20
26.1937
 11
33.9601
 21
26.4569
  0
LINE
  8
0
 10
33.9601
 20
26.4569
 11
34.1391
 21
26.7087
  0
LINE
  8
0
 10
34.1391
 20
26.7087
 11
34.3199
 21
26.9499
  0
LINE
  8
0
 10
34.3199
 20
26.9499
 11
34.5296
 21
27.2173
  0
LINE
  8
0
 10
34.5296
 20
27.2173
 11
34.6797
 21
27.3994
  0
LINE
  8
0
 10
34.6797
 20
27.3994
 11
34.8596
 21
27.6082
  0
LINE
  8
0
 10
34.8596
 20
27.6082
 11
34.9796
 21
27.7414
  0
LINE
  8
0
 10
34.9796
 20
27.7414
 11
35.1297
 21
27.9012
  0
LINE
  8
0
 10
35.1297
 20
27.9012
 11
35.3101
 21
28.0838
  0
LINE
  8
0
 10
35.3101
 20
28.0838
 11
35.4593
 21
28.2262
  0
LINE
  8
0
 10
35.4593
 20
28.2262
 11
35.6401
 21
28.3887
  0
LINE
  8
0
 10
35.6401
 20
28.3887
 11
35.7591
 21
28.4908
  0
LINE
  8
0
 10
35.7591
 20
28.4908
 11
35.9102
 21
28.6116
  0
LINE
  8
0
 10
35.9102
 20
28.6116
 11
36.0892
 21
28.7457
  0
LINE
  8
0
 10
36.0892
 20
28.7457
 11
36.2704
 21
28.8712
  0
LINE
  8
0
 10
36.2704
 20
28.8712
 11
36.4192
 21
28.9655
  0
LINE
  8
0
 10
36.4192
 20
28.9655
 11
36.5991
 21
29.0698
  0
LINE
  8
0
 10
36.5991
 20
29.0698
 11
36.6893
 21
29.1179
  0
LINE
  8
0
 10
36.6893
 20
29.1179
 11
36.8102
 21
29.1788
  0
LINE
  8
0
 10
36.8102
 20
29.1788
 11
36.9292
 21
29.2332
  0
LINE
  8
0
 10
36.9292
 20
29.2332
 11
37.0802
 21
29.296
  0
LINE
  8
0
 10
37.0802
 20
29.296
 11
37.2588
 21
29.36
  0
LINE
  8
0
 10
37.2588
 20
29.36
 11
37.4103
 21
29.4067
  0
LINE
  8
0
 10
37.4103
 20
29.4067
 11
37.5591
 21
29.4447
  0
LINE
  8
0
 10
37.5591
 20
29.4447
 11
37.7087
 21
29.4754
  0
LINE
  8
0
 10
37.7087
 20
29.4754
 11
37.8607
 21
29.4987
  0
LINE
  8
0
 10
37.8607
 20
29.4987
 11
38.0109
 21
29.5143
  0
LINE
  8
0
 10
38.0109
 20
29.5143
 11
38.1294
 21
29.5216
  0
LINE
  8
0
 10
38.1294
 20
29.5216
 11
38.2791
 21
29.5239
  0
LINE
  8
0
 10
38.2791
 20
29.5239
 11
38.3702
 21
29.5216
  0
LINE
  8
0
 10
38.3702
 20
29.5216
 11
38.4888
 21
29.5143
  0
LINE
  8
0
 10
38.4888
 20
29.5143
 11
38.6389
 21
29.4987
  0
LINE
  8
0
 10
38.6389
 20
29.4987
 11
38.7904
 21
29.4759
  0
LINE
  8
0
 10
38.7904
 20
29.4759
 11
38.8499
 21
29.464
  0
LINE
  8
0
 10
38.8499
 20
29.464
 11
39.0005
 21
29.4301
  0
LINE
  8
0
 10
39.0005
 20
29.4301
 11
39.1507
 21
29.3889
  0
LINE
  8
0
 10
39.1507
 20
29.3889
 11
39.3008
 21
29.3404
  0
LINE
  8
0
 10
39.3008
 20
29.3404
 11
39.4194
 21
29.296
  0
LINE
  8
0
 10
39.4194
 20
29.296
 11
39.5403
 21
29.2461
  0
LINE
  8
0
 10
39.5403
 20
29.2461
 11
39.6904
 21
29.1779
  0
LINE
  8
0
 10
39.6904
 20
29.1779
 11
39.8103
 21
29.1179
  0
LINE
  8
0
 10
39.8103
 20
29.1179
 11
39.9902
 21
29.0195
  0
LINE
  8
0
 10
39.9902
 20
29.0195
 11
40.0795
 21
28.9659
  0
LINE
  8
0
 10
40.0795
 20
28.9659
 11
40.1701
 21
28.9091
  0
LINE
  8
0
 10
40.1701
 20
28.9091
 11
40.3203
 21
28.8094
  0
LINE
  8
0
 10
40.3203
 20
28.8094
 11
40.4695
 21
28.7032
  0
LINE
  8
0
 10
40.4695
 20
28.7032
 11
40.7103
 21
28.515
  0
LINE
  8
0
 10
40.7103
 20
28.515
 11
40.8595
 21
28.3887
  0
LINE
  8
0
 10
40.8595
 20
28.3887
 11
41.0399
 21
28.2262
  0
LINE
  8
0
 10
41.0399
 20
28.2262
 11
41.1603
 21
28.1126
  0
LINE
  8
0
 10
41.1603
 20
28.1126
 11
41.3104
 21
27.9634
  0
LINE
  8
0
 10
41.3104
 20
27.9634
 11
41.4894
 21
27.7744
  0
LINE
  8
0
 10
41.4894
 20
27.7744
 11
41.7
 21
27.5395
  0
LINE
  8
0
 10
41.7
 20
27.5395
 11
41.9101
 21
27.2914
  0
LINE
  8
0
 10
41.9101
 20
27.2914
 11
42.1495
 21
26.9893
  0
LINE
  8
0
 10
42.1495
 20
26.9893
 11
42.3898
 21
26.6675
  0
LINE
  8
0
 10
42.3898
 20
26.6675
 11
42.5999
 21
26.3695
  0
LINE
  8
0
 10
42.5999
 20
26.3695
 11
42.8096
 21
26.0587
  0
LINE
  8
0
 10
42.8096
 20
26.0587
 11
42.5034
 21
25.9804
  0
LINE
  8
0
 10
42.5034
 20
25.9804
 11
42.8096
 21
25.9021
  0
LINE
  8
0
 10
42.8096
 20
25.9021
 11
42.5999
 21
25.5913
  0
LINE
  8
0
 10
42.5999
 20
25.5913
 11
42.3894
 21
25.2928
  0
LINE
  8
0
 10
42.3894
 20
25.2928
 11
42.1495
 21
24.9715
  0
LINE
  8
0
 10
42.1495
 20
24.9715
 11
41.9096
 21
24.6689
  0
LINE
  8
0
 10
41.9096
 20
24.6689
 11
41.7
 21
24.4212
  0
LINE
  8
0
 10
41.7
 20
24.4212
 11
41.4899
 21
24.1859
  0
LINE
  8
0
 10
41.4899
 20
24.1859
 11
41.31
 21
23.9969
  0
LINE
  8
0
 10
41.31
 20
23.9969
 11
41.1603
 21
23.8486
  0
LINE
  8
0
 10
41.1603
 20
23.8486
 11
41.0399
 21
23.7341
  0
LINE
  8
0
 10
41.0399
 20
23.7341
 11
40.8595
 21
23.5721
  0
LINE
  8
0
 10
40.8595
 20
23.5721
 11
40.7103
 21
23.4457
  0
LINE
  8
0
 10
40.7103
 20
23.4457
 11
40.4695
 21
23.2576
  0
LINE
  8
0
 10
40.4695
 20
23.2576
 11
40.3203
 21
23.1514
  0
LINE
  8
0
 10
40.3203
 20
23.1514
 11
40.1701
 21
23.0516
  0
LINE
  8
0
 10
40.1701
 20
23.0516
 11
40.08
 21
22.9944
  0
LINE
  8
0
 10
40.08
 20
22.9944
 11
39.9898
 21
22.9413
  0
LINE
  8
0
 10
39.9898
 20
22.9413
 11
39.8103
 21
22.8429
  0
LINE
  8
0
 10
39.8103
 20
22.8429
 11
39.6895
 21
22.7824
  0
LINE
  8
0
 10
39.6895
 20
22.7824
 11
39.5393
 21
22.7142
  0
LINE
  8
0
 10
39.5393
 20
22.7142
 11
39.4194
 21
22.6643
  0
LINE
  8
0
 10
39.4194
 20
22.6643
 11
39.299
 21
22.6199
  0
LINE
  8
0
 10
39.299
 20
22.6199
 11
39.1507
 21
22.5719
  0
LINE
  8
0
 10
39.1507
 20
22.5719
 11
39.0005
 21
22.5307
  0
LINE
  8
0
 10
39.0005
 20
22.5307
 11
38.8495
 21
22.4968
  0
LINE
  8
0
 10
38.8495
 20
22.4968
 11
38.7904
 21
22.4854
  0
LINE
  8
0
 10
38.7904
 20
22.4854
 11
38.6389
 21
22.462
  0
LINE
  8
0
 10
38.6389
 20
22.462
 11
38.4888
 21
22.4464
  0
LINE
  8
0
 10
38.4888
 20
22.4464
 11
38.3702
 21
22.4396
  0
LINE
  8
0
 10
38.3702
 20
22.4396
 11
38.2791
 21
22.4368
  0
LINE
  8
0
 10
38.2791
 20
22.4368
 11
38.1294
 21
22.4387
  0
LINE
  8
0
 10
51.6298
 20
22.4391
 11
51.5112
 21
22.4464
  0
LINE
  8
0
 10
51.5112
 20
22.4464
 11
51.3611
 21
22.462
  0
LINE
  8
0
 10
51.3611
 20
22.462
 11
51.2096
 21
22.4849
  0
LINE
  8
0
 10
51.2096
 20
22.4849
 11
51.1501
 21
22.4968
  0
LINE
  8
0
 10
51.1501
 20
22.4968
 11
50.9995
 21
22.5307
  0
LINE
  8
0
 10
50.9995
 20
22.5307
 11
50.8493
 21
22.5719
  0
LINE
  8
0
 10
50.8493
 20
22.5719
 11
50.6992
 21
22.6204
  0
LINE
  8
0
 10
50.6992
 20
22.6204
 11
50.5806
 21
22.6648
  0
LINE
  8
0
 10
50.5806
 20
22.6648
 11
50.4597
 21
22.7147
  0
LINE
  8
0
 10
50.4597
 20
22.7147
 11
50.3096
 21
22.7829
  0
LINE
  8
0
 10
50.3096
 20
22.7829
 11
50.1897
 21
22.8429
  0
LINE
  8
0
 10
50.1897
 20
22.8429
 11
50.0098
 21
22.9413
  0
LINE
  8
0
 10
50.0098
 20
22.9413
 11
49.9205
 21
22.9948
  0
LINE
  8
0
 10
49.9205
 20
22.9948
 11
49.8299
 21
23.0516
  0
LINE
  8
0
 10
49.8299
 20
23.0516
 11
49.6797
 21
23.1514
  0
LINE
  8
0
 10
49.6797
 20
23.1514
 11
49.5305
 21
23.2576
  0
LINE
  8
0
 10
49.5305
 20
23.2576
 11
49.2897
 21
23.4457
  0
LINE
  8
0
 10
49.2897
 20
23.4457
 11
49.1405
 21
23.5721
  0
LINE
  8
0
 10
49.1405
 20
23.5721
 11
48.9601
 21
23.7346
  0
LINE
  8
0
 10
48.9601
 20
23.7346
 11
48.8397
 21
23.8481
  0
LINE
  8
0
 10
48.8397
 20
23.8481
 11
48.6896
 21
23.9973
  0
LINE
  8
0
 10
48.6896
 20
23.9973
 11
48.5106
 21
24.1864
  0
LINE
  8
0
 10
48.5106
 20
24.1864
 11
48.3
 21
24.4212
  0
LINE
  8
0
 10
48.3
 20
24.4212
 11
48.0899
 21
24.6693
  0
LINE
  8
0
 10
48.0899
 20
24.6693
 11
47.8505
 21
24.9715
  0
LINE
  8
0
 10
47.8505
 20
24.9715
 11
47.6102
 21
25.2933
  0
LINE
  8
0
 10
47.6102
 20
25.2933
 11
47.4001
 21
25.5913
  0
LINE
  8
0
 10
47.4001
 20
25.5913
 11
47.1904
 21
25.9021
  0
LINE
  8
0
 10
47.1904
 20
25.9021
 11
47.4966
 21
25.9804
  0
LINE
  8
0
 10
47.4966
 20
25.9804
 11
47.1904
 21
26.0587
  0
LINE
  8
0
 10
47.1904
 20
26.0587
 11
47.4001
 21
26.3695
  0
LINE
  8
0
 10
47.4001
 20
26.3695
 11
47.6102
 21
26.6675
  0
LINE
  8
0
 10
47.6102
 20
26.6675
 11
47.8505
 21
26.9893
  0
LINE
  8
0
 10
47.8505
 20
26.9893
 11
48.0899
 21
27.2914
  0
LINE
  8
0
 10
48.0899
 20
27.2914
 11
48.3
 21
27.5395
  0
LINE
  8
0
 10
48.3
 20
27.5395
 11
48.5101
 21
27.7748
  0
LINE
  8
0
 10
48.5101
 20
27.7748
 11
48.6896
 21
27.9634
  0
LINE
  8
0
 10
48.6896
 20
27.9634
 11
48.8397
 21
28.1122
  0
LINE
  8
0
 10
48.8397
 20
28.1122
 11
48.9597
 21
28.2262
  0
LINE
  8
0
 10
48.9597
 20
28.2262
 11
49.1405
 21
28.3887
  0
LINE
  8
0
 10
49.1405
 20
28.3887
 11
49.2897
 21
28.515
  0
LINE
  8
0
 10
49.2897
 20
28.515
 11
49.5305
 21
28.7032
  0
LINE
  8
0
 10
49.5305
 20
28.7032
 11
49.6797
 21
28.8094
  0
LINE
  8
0
 10
49.6797
 20
28.8094
 11
49.8299
 21
28.9091
  0
LINE
  8
0
 10
49.8299
 20
28.9091
 11
49.92
 21
28.9664
  0
LINE
  8
0
 10
49.92
 20
28.9664
 11
50.0102
 21
29.0195
  0
LINE
  8
0
 10
50.0102
 20
29.0195
 11
50.1897
 21
29.1179
  0
LINE
  8
0
 10
50.1897
 20
29.1179
 11
50.3096
 21
29.1779
  0
LINE
  8
0
 10
50.3096
 20
29.1779
 11
50.4597
 21
29.2461
  0
LINE
  8
0
 10
50.4597
 20
29.2461
 11
50.5806
 21
29.2964
  0
LINE
  8
0
 10
50.5806
 20
29.2964
 11
50.6996
 21
29.3404
  0
LINE
  8
0
 10
50.6996
 20
29.3404
 11
50.8493
 21
29.3889
  0
LINE
  8
0
 10
50.8493
 20
29.3889
 11
50.9995
 21
29.4301
  0
LINE
  8
0
 10
50.9995
 20
29.4301
 11
51.1505
 21
29.464
  0
LINE
  8
0
 10
51.1505
 20
29.464
 11
51.2096
 21
29.4754
  0
LINE
  8
0
 10
51.2096
 20
29.4754
 11
51.3611
 21
29.4987
  0
LINE
  8
0
 10
51.3611
 20
29.4987
 11
51.5112
 21
29.5143
  0
LINE
  8
0
 10
51.5112
 20
29.5143
 11
51.6298
 21
29.5212
  0
LINE
  8
0
 10
51.6298
 20
29.5212
 11
51.7209
 21
29.5239
  0
LINE
  8
0
 10
51.7209
 20
29.5239
 11
51.8706
 21
29.5221
  0
LINE
  8
0
 10
51.8706
 20
29.5221
 11
51.9891
 21
29.5143
  0
LINE
  8
0
 10
51.9891
 20
29.5143
 11
52.1393
 21
29.4987
  0
LINE
  8
0
 10
52.1393
 20
29.4987
 11
52.2913
 21
29.4754
  0
LINE
  8
0
 10
52.2913
 20
29.4754
 11
52.4409
 21
29.4447
  0
LINE
  8
0
 10
52.4409
 20
29.4447
 11
52.5897
 21
29.4063
  0
LINE
  8
0
 10
52.5897
 20
29.4063
 11
52.7412
 21
29.36
  0
LINE
  8
0
 10
52.7412
 20
29.36
 11
52.8562
 21
29.3188
  0
LINE
  8
0
 10
52.8562
 20
29.3188
 11
54.6399
 21
23.8292
  0
LINE
  8
0
 10
54.6399
 20
23.8292
 11
54.5407
 21
23.7346
  0
LINE
  8
0
 10
54.5407
 20
23.7346
 11
54.3599
 21
23.5721
  0
LINE
  8
0
 10
54.3599
 20
23.5721
 11
54.2404
 21
23.4695
  0
LINE
  8
0
 10
54.2404
 20
23.4695
 11
54.0898
 21
23.3492
  0
LINE
  8
0
 10
54.0898
 20
23.3492
 11
53.9108
 21
23.215
  0
LINE
  8
0
 10
53.9108
 20
23.215
 11
53.7296
 21
23.0896
  0
LINE
  8
0
 10
53.7296
 20
23.0896
 11
53.5808
 21
22.9953
  0
LINE
  8
0
 10
53.5808
 20
22.9953
 11
53.4
 21
22.8905
  0
LINE
  8
0
 10
53.4
 20
22.8905
 11
53.3098
 21
22.8424
  0
LINE
  8
0
 10
53.3098
 20
22.8424
 11
53.1898
 21
22.782
  0
LINE
  8
0
 10
53.1898
 20
22.782
 11
53.0708
 21
22.7275
  0
LINE
  8
0
 10
53.0708
 20
22.7275
 11
52.9198
 21
22.6648
  0
LINE
  8
0
 10
52.9198
 20
22.6648
 11
52.7399
 21
22.6003
  0
LINE
  8
0
 10
52.7399
 20
22.6003
 11
52.5897
 21
22.554
  0
LINE
  8
0
 10
52.5897
 20
22.554
 11
52.4409
 21
22.516
  0
LINE
  8
0
 10
52.4409
 20
22.516
 11
52.2913
 21
22.4854
  0
LINE
  8
0
 10
52.2913
 20
22.4854
 11
52.1393
 21
22.462
  0
LINE
  8
0
 10
52.1393
 20
22.462
 11
51.9891
 21
22.4464
  0
LINE
  8
0
 10
51.9891
 20
22.4464
 11
51.8706
 21
22.4391
  0
LINE
  8
0
 10
51.8706
 20
22.4391
 11
51.7209
 21
22.4368
  0
LINE
  8
0
 10
51.7209
 20
22.4368
 11
51.6298
 21
22.4391
  0
LINE
  8
0
 10
-51.8706
 20
22.4387
 11
-51.9891
 21
22.4464
  0
LINE
  8
0
 10
-51.9891
 20
22.4464
 11
-52.1393
 21
22.462
  0
LINE
  8
0
 10
-52.1393
 20
22.462
 11
-52.2913
 21
22.4854
  0
LINE
  8
0
 10
-52.2913
 20
22.4854
 11
-52.4409
 21
22.516
  0
LINE
  8
0
 10
-52.4409
 20
22.516
 11
-52.5897
 21
22.5545
  0
LINE
  8
0
 10
-52.5897
 20
22.5545
 11
-52.7412
 21
22.6007
  0
LINE
  8
0
 10
-52.7412
 20
22.6007
 11
-52.9198
 21
22.6648
  0
LINE
  8
0
 10
-52.9198
 20
22.6648
 11
-53.0708
 21
22.7271
  0
LINE
  8
0
 10
-53.0708
 20
22.7271
 11
-53.1898
 21
22.7824
  0
LINE
  8
0
 10
-53.1898
 20
22.7824
 11
-53.3107
 21
22.8429
  0
LINE
  8
0
 10
-53.3107
 20
22.8429
 11
-53.4009
 21
22.8909
  0
LINE
  8
0
 10
-53.4009
 20
22.8909
 11
-53.5808
 21
22.9948
  0
LINE
  8
0
 10
-53.5808
 20
22.9948
 11
-53.7296
 21
23.0896
  0
LINE
  8
0
 10
-53.7296
 20
23.0896
 11
-53.9108
 21
23.215
  0
LINE
  8
0
 10
-53.9108
 20
23.215
 11
-54.0898
 21
23.3492
  0
LINE
  8
0
 10
-54.0898
 20
23.3492
 11
-54.2409
 21
23.47
  0
LINE
  8
0
 10
-54.2409
 20
23.47
 11
-54.3599
 21
23.5721
  0
LINE
  8
0
 10
-54.3599
 20
23.5721
 11
-54.5412
 21
23.7341
  0
LINE
  8
0
 10
-54.5412
 20
23.7341
 11
-54.64
 21
23.829
  0
LINE
  8
0
 10
-54.64
 20
23.829
 11
-52.8562
 21
29.3188
  0
LINE
  8
0
 10
-52.8562
 20
29.3188
 11
-52.7412
 21
29.36
  0
LINE
  8
0
 10
-52.7412
 20
29.36
 11
-52.5897
 21
29.4067
  0
LINE
  8
0
 10
-52.5897
 20
29.4067
 11
-52.4409
 21
29.4447
  0
LINE
  8
0
 10
-52.4409
 20
29.4447
 11
-52.2913
 21
29.4754
  0
LINE
  8
0
 10
-52.2913
 20
29.4754
 11
-52.1393
 21
29.4987
  0
LINE
  8
0
 10
-52.1393
 20
29.4987
 11
-51.9891
 21
29.5143
  0
LINE
  8
0
 10
-51.9891
 20
29.5143
 11
-51.8706
 21
29.5216
  0
LINE
  8
0
 10
-51.8706
 20
29.5216
 11
-51.7209
 21
29.5239
  0
LINE
  8
0
 10
-51.7209
 20
29.5239
 11
-51.6298
 21
29.5216
  0
LINE
  8
0
 10
-51.6298
 20
29.5216
 11
-51.5112
 21
29.5143
  0
LINE
  8
0
 10
-51.5112
 20
29.5143
 11
-51.3611
 21
29.4987
  0
LINE
  8
0
 10
-51.3611
 20
29.4987
 11
-51.2096
 21
29.4759
  0
LINE
  8
0
 10
-51.2096
 20
29.4759
 11
-51.1501
 21
29.464
  0
LINE
  8
0
 10
-51.1501
 20
29.464
 11
-50.9995
 21
29.4301
  0
LINE
  8
0
 10
-50.9995
 20
29.4301
 11
-50.8493
 21
29.3889
  0
LINE
  8
0
 10
-50.8493
 20
29.3889
 11
-50.6992
 21
29.3404
  0
LINE
  8
0
 10
-50.6992
 20
29.3404
 11
-50.5806
 21
29.296
  0
LINE
  8
0
 10
-50.5806
 20
29.296
 11
-50.4597
 21
29.2461
  0
LINE
  8
0
 10
-50.4597
 20
29.2461
 11
-50.3096
 21
29.1779
  0
LINE
  8
0
 10
-50.3096
 20
29.1779
 11
-50.1897
 21
29.1179
  0
LINE
  8
0
 10
-50.1897
 20
29.1179
 11
-50.0098
 21
29.0195
  0
LINE
  8
0
 10
-50.0098
 20
29.0195
 11
-49.9205
 21
28.9659
  0
LINE
  8
0
 10
-49.9205
 20
28.9659
 11
-49.8299
 21
28.9091
  0
LINE
  8
0
 10
-49.8299
 20
28.9091
 11
-49.6797
 21
28.8094
  0
LINE
  8
0
 10
-49.6797
 20
28.8094
 11
-49.5305
 21
28.7032
  0
LINE
  8
0
 10
-49.5305
 20
28.7032
 11
-49.2897
 21
28.515
  0
LINE
  8
0
 10
-49.2897
 20
28.515
 11
-49.1405
 21
28.3887
  0
LINE
  8
0
 10
-49.1405
 20
28.3887
 11
-48.9601
 21
28.2262
  0
LINE
  8
0
 10
-48.9601
 20
28.2262
 11
-48.8397
 21
28.1126
  0
LINE
  8
0
 10
-48.8397
 20
28.1126
 11
-48.6896
 21
27.9634
  0
LINE
  8
0
 10
-48.6896
 20
27.9634
 11
-48.5106
 21
27.7744
  0
LINE
  8
0
 10
-48.5106
 20
27.7744
 11
-48.3
 21
27.5395
  0
LINE
  8
0
 10
-48.3
 20
27.5395
 11
-48.0899
 21
27.2914
  0
LINE
  8
0
 10
-48.0899
 20
27.2914
 11
-47.8505
 21
26.9893
  0
LINE
  8
0
 10
-47.8505
 20
26.9893
 11
-47.6102
 21
26.6675
  0
LINE
  8
0
 10
-47.6102
 20
26.6675
 11
-47.4001
 21
26.3695
  0
LINE
  8
0
 10
-47.4001
 20
26.3695
 11
-47.1904
 21
26.0587
  0
LINE
  8
0
 10
-47.1904
 20
26.0587
 11
-47.4966
 21
25.9804
  0
LINE
  8
0
 10
-47.4966
 20
25.9804
 11
-47.1904
 21
25.9021
  0
LINE
  8
0
 10
-47.1904
 20
25.9021
 11
-47.4001
 21
25.5913
  0
LINE
  8
0
 10
-47.4001
 20
25.5913
 11
-47.6106
 21
25.2928
  0
LINE
  8
0
 10
-47.6106
 20
25.2928
 11
-47.8505
 21
24.9715
  0
LINE
  8
0
 10
-47.8505
 20
24.9715
 11
-48.0904
 21
24.6689
  0
LINE
  8
0
 10
-48.0904
 20
24.6689
 11
-48.3
 21
24.4212
  0
LINE
  8
0
 10
-48.3
 20
24.4212
 11
-48.5101
 21
24.1859
  0
LINE
  8
0
 10
-48.5101
 20
24.1859
 11
-48.69
 21
23.9969
  0
LINE
  8
0
 10
-48.69
 20
23.9969
 11
-48.8397
 21
23.8486
  0
LINE
  8
0
 10
-48.8397
 20
23.8486
 11
-48.9601
 21
23.7341
  0
LINE
  8
0
 10
-48.9601
 20
23.7341
 11
-49.1405
 21
23.5721
  0
LINE
  8
0
 10
-49.1405
 20
23.5721
 11
-49.2897
 21
23.4457
  0
LINE
  8
0
 10
-49.2897
 20
23.4457
 11
-49.5305
 21
23.2576
  0
LINE
  8
0
 10
-49.5305
 20
23.2576
 11
-49.6797
 21
23.1514
  0
LINE
  8
0
 10
-49.6797
 20
23.1514
 11
-49.8299
 21
23.0516
  0
LINE
  8
0
 10
-49.8299
 20
23.0516
 11
-49.92
 21
22.9944
  0
LINE
  8
0
 10
-49.92
 20
22.9944
 11
-50.0102
 21
22.9413
  0
LINE
  8
0
 10
-50.0102
 20
22.9413
 11
-50.1897
 21
22.8429
  0
LINE
  8
0
 10
-50.1897
 20
22.8429
 11
-50.3105
 21
22.7824
  0
LINE
  8
0
 10
-50.3105
 20
22.7824
 11
-50.4607
 21
22.7142
  0
LINE
  8
0
 10
-50.4607
 20
22.7142
 11
-50.5806
 21
22.6643
  0
LINE
  8
0
 10
-50.5806
 20
22.6643
 11
-50.701
 21
22.6199
  0
LINE
  8
0
 10
-50.701
 20
22.6199
 11
-50.8493
 21
22.5719
  0
LINE
  8
0
 10
-50.8493
 20
22.5719
 11
-50.9995
 21
22.5307
  0
LINE
  8
0
 10
-50.9995
 20
22.5307
 11
-51.1505
 21
22.4968
  0
LINE
  8
0
 10
-51.1505
 20
22.4968
 11
-51.2096
 21
22.4854
  0
LINE
  8
0
 10
-51.2096
 20
22.4854
 11
-51.3611
 21
22.462
  0
LINE
  8
0
 10
-51.3611
 20
22.462
 11
-51.5112
 21
22.4464
  0
LINE
  8
0
 10
-51.5112
 20
22.4464
 11
-51.6298
 21
22.4396
  0
LINE
  8
0
 10
-51.6298
 20
22.4396
 11
-51.7209
 21
22.4368
  0
LINE
  8
0
 10
-51.7209
 20
22.4368
 11
-51.8706
 21
22.4387
  0
LINE
  8
0
 10
8.12943
 20
22.4387
 11
8.01086
 21
22.4464
  0
LINE
  8
0
 10
8.01086
 20
22.4464
 11
7.86072
 21
22.462
  0
LINE
  8
0
 10
7.86072
 20
22.462
 11
7.70874
 21
22.4854
  0
LINE
  8
0
 10
7.70874
 20
22.4854
 11
7.55905
 21
22.516
  0
LINE
  8
0
 10
7.55905
 20
22.516
 11
7.41028
 21
22.5545
  0
LINE
  8
0
 10
7.41028
 20
22.5545
 11
7.25876
 21
22.6007
  0
LINE
  8
0
 10
7.25876
 20
22.6007
 11
7.08023
 21
22.6648
  0
LINE
  8
0
 10
7.08023
 20
22.6648
 11
6.92917
 21
22.7271
  0
LINE
  8
0
 10
6.92917
 20
22.7271
 11
6.81015
 21
22.7824
  0
LINE
  8
0
 10
6.81015
 20
22.7824
 11
6.6893
 21
22.8429
  0
LINE
  8
0
 10
6.6893
 20
22.8429
 11
6.59912
 21
22.8909
  0
LINE
  8
0
 10
6.59912
 20
22.8909
 11
6.41922
 21
22.9948
  0
LINE
  8
0
 10
6.41922
 20
22.9948
 11
6.27045
 21
23.0896
  0
LINE
  8
0
 10
6.27045
 20
23.0896
 11
6.08917
 21
23.215
  0
LINE
  8
0
 10
6.08917
 20
23.215
 11
5.91019
 21
23.3492
  0
LINE
  8
0
 10
5.91019
 20
23.3492
 11
5.75912
 21
23.47
  0
LINE
  8
0
 10
5.75912
 20
23.47
 11
5.64011
 21
23.5721
  0
LINE
  8
0
 10
5.64011
 20
23.5721
 11
5.45883
 21
23.7341
  0
LINE
  8
0
 10
5.45883
 20
23.7341
 11
5.31006
 21
23.877
  0
LINE
  8
0
 10
5.31006
 20
23.877
 11
5.1297
 21
24.0596
  0
LINE
  8
0
 10
5.1297
 20
24.0596
 11
4.97955
 21
24.2194
  0
LINE
  8
0
 10
4.97955
 20
24.2194
 11
4.85962
 21
24.3526
  0
LINE
  8
0
 10
4.85962
 20
24.3526
 11
4.67972
 21
24.5613
  0
LINE
  8
0
 10
4.67972
 20
24.5613
 11
4.52957
 21
24.7435
  0
LINE
  8
0
 10
4.52957
 20
24.7435
 11
4.31992
 21
25.0108
  0
LINE
  8
0
 10
4.31992
 20
25.0108
 11
4.1391
 21
25.2521
  0
LINE
  8
0
 10
4.1391
 20
25.2521
 11
3.9592
 21
25.5043
  0
LINE
  8
0
 10
3.9592
 20
25.5043
 11
3.77975
 21
25.7671
  0
LINE
  8
0
 10
3.77975
 20
25.7671
 11
3.63831
 21
25.9799
  0
LINE
  8
0
 10
3.63831
 20
25.9799
 11
3.77975
 21
26.1937
  0
LINE
  8
0
 10
3.77975
 20
26.1937
 11
3.96011
 21
26.4569
  0
LINE
  8
0
 10
3.96011
 20
26.4569
 11
4.1391
 21
26.7087
  0
LINE
  8
0
 10
4.1391
 20
26.7087
 11
4.31992
 21
26.9499
  0
LINE
  8
0
 10
4.31992
 20
26.9499
 11
4.52957
 21
27.2173
  0
LINE
  8
0
 10
4.52957
 20
27.2173
 11
4.67972
 21
27.3994
  0
LINE
  8
0
 10
4.67972
 20
27.3994
 11
4.85962
 21
27.6082
  0
LINE
  8
0
 10
4.85962
 20
27.6082
 11
4.97955
 21
27.7414
  0
LINE
  8
0
 10
4.97955
 20
27.7414
 11
5.1297
 21
27.9012
  0
LINE
  8
0
 10
5.1297
 20
27.9012
 11
5.31006
 21
28.0838
  0
LINE
  8
0
 10
5.31006
 20
28.0838
 11
5.45929
 21
28.2262
  0
LINE
  8
0
 10
5.45929
 20
28.2262
 11
5.64011
 21
28.3887
  0
LINE
  8
0
 10
5.64011
 20
28.3887
 11
5.75912
 21
28.4908
  0
LINE
  8
0
 10
5.75912
 20
28.4908
 11
5.91019
 21
28.6116
  0
LINE
  8
0
 10
5.91019
 20
28.6116
 11
6.08917
 21
28.7457
  0
LINE
  8
0
 10
6.08917
 20
28.7457
 11
6.27045
 21
28.8712
  0
LINE
  8
0
 10
6.27045
 20
28.8712
 11
6.41922
 21
28.9655
  0
LINE
  8
0
 10
6.41922
 20
28.9655
 11
6.59912
 21
29.0698
  0
LINE
  8
0
 10
6.59912
 20
29.0698
 11
6.6893
 21
29.1179
  0
LINE
  8
0
 10
6.6893
 20
29.1179
 11
6.81015
 21
29.1788
  0
LINE
  8
0
 10
6.81015
 20
29.1788
 11
6.92917
 21
29.2332
  0
LINE
  8
0
 10
6.92917
 20
29.2332
 11
7.08023
 21
29.296
  0
LINE
  8
0
 10
7.08023
 20
29.296
 11
7.25876
 21
29.36
  0
LINE
  8
0
 10
7.25876
 20
29.36
 11
7.41028
 21
29.4067
  0
LINE
  8
0
 10
7.41028
 20
29.4067
 11
7.55905
 21
29.4447
  0
LINE
  8
0
 10
7.55905
 20
29.4447
 11
7.70874
 21
29.4754
  0
LINE
  8
0
 10
7.70874
 20
29.4754
 11
7.86072
 21
29.4987
  0
LINE
  8
0
 10
7.86072
 20
29.4987
 11
8.01086
 21
29.5143
  0
LINE
  8
0
 10
8.01086
 20
29.5143
 11
8.12943
 21
29.5216
  0
LINE
  8
0
 10
8.12943
 20
29.5216
 11
8.27911
 21
29.5239
  0
LINE
  8
0
 10
8.27911
 20
29.5239
 11
8.37021
 21
29.5216
  0
LINE
  8
0
 10
8.37021
 20
29.5216
 11
8.48877
 21
29.5143
  0
LINE
  8
0
 10
8.48877
 20
29.5143
 11
8.63892
 21
29.4987
  0
LINE
  8
0
 10
8.63892
 20
29.4987
 11
8.79044
 21
29.4759
  0
LINE
  8
0
 10
8.79044
 20
29.4759
 11
8.84995
 21
29.464
  0
LINE
  8
0
 10
8.84995
 20
29.464
 11
9.00055
 21
29.4301
  0
LINE
  8
0
 10
9.00055
 20
29.4301
 11
9.1507
 21
29.3889
  0
LINE
  8
0
 10
9.1507
 20
29.3889
 11
9.30084
 21
29.3404
  0
LINE
  8
0
 10
9.30084
 20
29.3404
 11
9.4194
 21
29.296
  0
LINE
  8
0
 10
9.4194
 20
29.296
 11
9.54025
 21
29.2461
  0
LINE
  8
0
 10
9.54025
 20
29.2461
 11
9.6904
 21
29.1779
  0
LINE
  8
0
 10
9.6904
 20
29.1779
 11
9.81033
 21
29.1179
  0
LINE
  8
0
 10
9.81033
 20
29.1179
 11
9.99023
 21
29.0195
  0
LINE
  8
0
 10
9.99023
 20
29.0195
 11
10.0795
 21
28.9659
  0
LINE
  8
0
 10
10.0795
 20
28.9659
 11
10.1701
 21
28.9091
  0
LINE
  8
0
 10
10.1701
 20
28.9091
 11
10.3203
 21
28.8094
  0
LINE
  8
0
 10
10.3203
 20
28.8094
 11
10.4695
 21
28.7032
  0
LINE
  8
0
 10
10.4695
 20
28.7032
 11
10.7103
 21
28.515
  0
LINE
  8
0
 10
10.7103
 20
28.515
 11
10.8595
 21
28.3887
  0
LINE
  8
0
 10
10.8595
 20
28.3887
 11
11.0399
 21
28.2262
  0
LINE
  8
0
 10
11.0399
 20
28.2262
 11
11.1603
 21
28.1126
  0
LINE
  8
0
 10
11.1603
 20
28.1126
 11
11.3104
 21
27.9634
  0
LINE
  8
0
 10
11.3104
 20
27.9634
 11
11.4894
 21
27.7744
  0
LINE
  8
0
 10
11.4894
 20
27.7744
 11
11.7
 21
27.5395
  0
LINE
  8
0
 10
11.7
 20
27.5395
 11
11.9101
 21
27.2914
  0
LINE
  8
0
 10
11.9101
 20
27.2914
 11
12.1495
 21
26.9893
  0
LINE
  8
0
 10
12.1495
 20
26.9893
 11
12.3898
 21
26.6675
  0
LINE
  8
0
 10
12.3898
 20
26.6675
 11
12.5999
 21
26.3695
  0
LINE
  8
0
 10
12.5999
 20
26.3695
 11
12.8096
 21
26.0587
  0
LINE
  8
0
 10
12.8096
 20
26.0587
 11
12.5034
 21
25.9804
  0
LINE
  8
0
 10
12.5034
 20
25.9804
 11
12.8096
 21
25.9021
  0
LINE
  8
0
 10
12.8096
 20
25.9021
 11
12.5999
 21
25.5913
  0
LINE
  8
0
 10
12.5999
 20
25.5913
 11
12.3894
 21
25.2928
  0
LINE
  8
0
 10
12.3894
 20
25.2928
 11
12.1495
 21
24.9715
  0
LINE
  8
0
 10
12.1495
 20
24.9715
 11
11.9096
 21
24.6689
  0
LINE
  8
0
 10
11.9096
 20
24.6689
 11
11.7
 21
24.4212
  0
LINE
  8
0
 10
11.7
 20
24.4212
 11
11.4899
 21
24.1859
  0
LINE
  8
0
 10
11.4899
 20
24.1859
 11
11.31
 21
23.9969
  0
LINE
  8
0
 10
11.31
 20
23.9969
 11
11.1603
 21
23.8486
  0
LINE
  8
0
 10
11.1603
 20
23.8486
 11
11.0399
 21
23.7341
  0
LINE
  8
0
 10
11.0399
 20
23.7341
 11
10.8595
 21
23.5721
  0
LINE
  8
0
 10
10.8595
 20
23.5721
 11
10.7103
 21
23.4457
  0
LINE
  8
0
 10
10.7103
 20
23.4457
 11
10.4695
 21
23.2576
  0
LINE
  8
0
 10
10.4695
 20
23.2576
 11
10.3203
 21
23.1514
  0
LINE
  8
0
 10
10.3203
 20
23.1514
 11
10.1701
 21
23.0516
  0
LINE
  8
0
 10
10.1701
 20
23.0516
 11
10.08
 21
22.9944
  0
LINE
  8
0
 10
10.08
 20
22.9944
 11
9.98978
 21
22.9413
  0
LINE
  8
0
 10
9.98978
 20
22.9413
 11
9.81033
 21
22.8429
  0
LINE
  8
0
 10
9.81033
 20
22.8429
 11
9.68948
 21
22.7824
  0
LINE
  8
0
 10
9.68948
 20
22.7824
 11
9.53934
 21
22.7142
  0
LINE
  8
0
 10
9.53934
 20
22.7142
 11
9.4194
 21
22.6643
  0
LINE
  8
0
 10
9.4194
 20
22.6643
 11
9.29901
 21
22.6199
  0
LINE
  8
0
 10
9.29901
 20
22.6199
 11
9.1507
 21
22.5719
  0
LINE
  8
0
 10
9.1507
 20
22.5719
 11
9.00055
 21
22.5307
  0
LINE
  8
0
 10
9.00055
 20
22.5307
 11
8.84949
 21
22.4968
  0
LINE
  8
0
 10
8.84949
 20
22.4968
 11
8.79044
 21
22.4854
  0
LINE
  8
0
 10
8.79044
 20
22.4854
 11
8.63892
 21
22.462
  0
LINE
  8
0
 10
8.63892
 20
22.462
 11
8.48877
 21
22.4464
  0
LINE
  8
0
 10
8.48877
 20
22.4464
 11
8.37021
 21
22.4396
  0
LINE
  8
0
 10
8.37021
 20
22.4396
 11
8.27911
 21
22.4368
  0
LINE
  8
0
 10
8.27911
 20
22.4368
 11
8.12943
 21
22.4387
  0
LINE
  8
0
 10
-8.37021
 20
22.4391
 11
-8.48877
 21
22.4464
  0
LINE
  8
0
 10
-8.48877
 20
22.4464
 11
-8.63892
 21
22.462
  0
LINE
  8
0
 10
-8.63892
 20
22.462
 11
-8.79044
 21
22.4849
  0
LINE
  8
0
 10
-8.79044
 20
22.4849
 11
-8.84995
 21
22.4968
  0
LINE
  8
0
 10
-8.84995
 20
22.4968
 11
-9.00055
 21
22.5307
  0
LINE
  8
0
 10
-9.00055
 20
22.5307
 11
-9.1507
 21
22.5719
  0
LINE
  8
0
 10
-9.1507
 20
22.5719
 11
-9.30084
 21
22.6204
  0
LINE
  8
0
 10
-9.30084
 20
22.6204
 11
-9.4194
 21
22.6648
  0
LINE
  8
0
 10
-9.4194
 20
22.6648
 11
-9.54025
 21
22.7147
  0
LINE
  8
0
 10
-9.54025
 20
22.7147
 11
-9.6904
 21
22.7829
  0
LINE
  8
0
 10
-9.6904
 20
22.7829
 11
-9.81033
 21
22.8429
  0
LINE
  8
0
 10
-9.81033
 20
22.8429
 11
-9.99023
 21
22.9413
  0
LINE
  8
0
 10
-9.99023
 20
22.9413
 11
-10.0795
 21
22.9948
  0
LINE
  8
0
 10
-10.0795
 20
22.9948
 11
-10.1701
 21
23.0516
  0
LINE
  8
0
 10
-10.1701
 20
23.0516
 11
-10.3203
 21
23.1514
  0
LINE
  8
0
 10
-10.3203
 20
23.1514
 11
-10.4695
 21
23.2576
  0
LINE
  8
0
 10
-10.4695
 20
23.2576
 11
-10.7103
 21
23.4457
  0
LINE
  8
0
 10
-10.7103
 20
23.4457
 11
-10.8595
 21
23.5721
  0
LINE
  8
0
 10
-10.8595
 20
23.5721
 11
-11.0399
 21
23.7346
  0
LINE
  8
0
 10
-11.0399
 20
23.7346
 11
-11.1603
 21
23.8481
  0
LINE
  8
0
 10
-11.1603
 20
23.8481
 11
-11.3104
 21
23.9973
  0
LINE
  8
0
 10
-11.3104
 20
23.9973
 11
-11.4894
 21
24.1864
  0
LINE
  8
0
 10
-11.4894
 20
24.1864
 11
-11.7
 21
24.4212
  0
LINE
  8
0
 10
-11.7
 20
24.4212
 11
-11.9101
 21
24.6693
  0
LINE
  8
0
 10
-11.9101
 20
24.6693
 11
-12.1495
 21
24.9715
  0
LINE
  8
0
 10
-12.1495
 20
24.9715
 11
-12.3898
 21
25.2933
  0
LINE
  8
0
 10
-12.3898
 20
25.2933
 11
-12.5999
 21
25.5913
  0
LINE
  8
0
 10
-12.5999
 20
25.5913
 11
-12.8096
 21
25.9021
  0
LINE
  8
0
 10
-12.8096
 20
25.9021
 11
-12.5034
 21
25.9804
  0
LINE
  8
0
 10
-12.5034
 20
25.9804
 11
-12.8096
 21
26.0587
  0
LINE
  8
0
 10
-12.8096
 20
26.0587
 11
-12.5999
 21
26.3695
  0
LINE
  8
0
 10
-12.5999
 20
26.3695
 11
-12.3898
 21
26.6675
  0
LINE
  8
0
 10
-12.3898
 20
26.6675
 11
-12.1495
 21
26.9893
  0
LINE
  8
0
 10
-12.1495
 20
26.9893
 11
-11.9101
 21
27.2914
  0
LINE
  8
0
 10
-11.9101
 20
27.2914
 11
-11.7
 21
27.5395
  0
LINE
  8
0
 10
-11.7
 20
27.5395
 11
-11.4899
 21
27.7748
  0
LINE
  8
0
 10
-11.4899
 20
27.7748
 11
-11.3104
 21
27.9634
  0
LINE
  8
0
 10
-11.3104
 20
27.9634
 11
-11.1603
 21
28.1122
  0
LINE
  8
0
 10
-11.1603
 20
28.1122
 11
-11.0403
 21
28.2262
  0
LINE
  8
0
 10
-11.0403
 20
28.2262
 11
-10.8595
 21
28.3887
  0
LINE
  8
0
 10
-10.8595
 20
28.3887
 11
-10.7103
 21
28.515
  0
LINE
  8
0
 10
-10.7103
 20
28.515
 11
-10.4695
 21
28.7032
  0
LINE
  8
0
 10
-10.4695
 20
28.7032
 11
-10.3203
 21
28.8094
  0
LINE
  8
0
 10
-10.3203
 20
28.8094
 11
-10.1701
 21
28.9091
  0
LINE
  8
0
 10
-10.1701
 20
28.9091
 11
-10.08
 21
28.9664
  0
LINE
  8
0
 10
-10.08
 20
28.9664
 11
-9.98978
 21
29.0195
  0
LINE
  8
0
 10
-9.98978
 20
29.0195
 11
-9.81033
 21
29.1179
  0
LINE
  8
0
 10
-9.81033
 20
29.1179
 11
-9.6904
 21
29.1779
  0
LINE
  8
0
 10
-9.6904
 20
29.1779
 11
-9.54025
 21
29.2461
  0
LINE
  8
0
 10
-9.54025
 20
29.2461
 11
-9.4194
 21
29.2964
  0
LINE
  8
0
 10
-9.4194
 20
29.2964
 11
-9.30038
 21
29.3404
  0
LINE
  8
0
 10
-9.30038
 20
29.3404
 11
-9.1507
 21
29.3889
  0
LINE
  8
0
 10
-9.1507
 20
29.3889
 11
-9.00055
 21
29.4301
  0
LINE
  8
0
 10
-9.00055
 20
29.4301
 11
-8.84949
 21
29.464
  0
LINE
  8
0
 10
-8.84949
 20
29.464
 11
-8.79044
 21
29.4754
  0
LINE
  8
0
 10
-8.79044
 20
29.4754
 11
-8.63892
 21
29.4987
  0
LINE
  8
0
 10
-8.63892
 20
29.4987
 11
-8.48877
 21
29.5143
  0
LINE
  8
0
 10
-8.48877
 20
29.5143
 11
-8.37021
 21
29.5212
  0
LINE
  8
0
 10
-8.37021
 20
29.5212
 11
-8.27911
 21
29.5239
  0
LINE
  8
0
 10
-8.27911
 20
29.5239
 11
-8.12943
 21
29.5221
  0
LINE
  8
0
 10
-8.12943
 20
29.5221
 11
-8.01086
 21
29.5143
  0
LINE
  8
0
 10
-8.01086
 20
29.5143
 11
-7.86072
 21
29.4987
  0
LINE
  8
0
 10
-7.86072
 20
29.4987
 11
-7.70874
 21
29.4754
  0
LINE
  8
0
 10
-7.70874
 20
29.4754
 11
-7.55905
 21
29.4447
  0
LINE
  8
0
 10
-7.55905
 20
29.4447
 11
-7.41028
 21
29.4063
  0
LINE
  8
0
 10
-7.41028
 20
29.4063
 11
-7.25876
 21
29.36
  0
LINE
  8
0
 10
-7.25876
 20
29.36
 11
-7.08023
 21
29.296
  0
LINE
  8
0
 10
-7.08023
 20
29.296
 11
-6.92917
 21
29.2337
  0
LINE
  8
0
 10
-6.92917
 20
29.2337
 11
-6.81015
 21
29.1783
  0
LINE
  8
0
 10
-6.81015
 20
29.1783
 11
-6.6893
 21
29.1179
  0
LINE
  8
0
 10
-6.6893
 20
29.1179
 11
-6.59912
 21
29.0698
  0
LINE
  8
0
 10
-6.59912
 20
29.0698
 11
-6.41922
 21
28.9659
  0
LINE
  8
0
 10
-6.41922
 20
28.9659
 11
-6.27045
 21
28.8712
  0
LINE
  8
0
 10
-6.27045
 20
28.8712
 11
-6.08917
 21
28.7457
  0
LINE
  8
0
 10
-6.08917
 20
28.7457
 11
-5.91019
 21
28.6116
  0
LINE
  8
0
 10
-5.91019
 20
28.6116
 11
-5.75912
 21
28.4908
  0
LINE
  8
0
 10
-5.75912
 20
28.4908
 11
-5.64011
 21
28.3887
  0
LINE
  8
0
 10
-5.64011
 20
28.3887
 11
-5.45883
 21
28.2266
  0
LINE
  8
0
 10
-5.45883
 20
28.2266
 11
-5.31006
 21
28.0838
  0
LINE
  8
0
 10
-5.31006
 20
28.0838
 11
-5.1297
 21
27.9012
  0
LINE
  8
0
 10
-5.1297
 20
27.9012
 11
-4.97955
 21
27.7414
  0
LINE
  8
0
 10
-4.97955
 20
27.7414
 11
-4.85962
 21
27.6082
  0
LINE
  8
0
 10
-4.85962
 20
27.6082
 11
-4.67972
 21
27.3994
  0
LINE
  8
0
 10
-4.67972
 20
27.3994
 11
-4.52957
 21
27.2173
  0
LINE
  8
0
 10
-4.52957
 20
27.2173
 11
-4.31992
 21
26.9499
  0
LINE
  8
0
 10
-4.31992
 20
26.9499
 11
-4.1391
 21
26.7087
  0
LINE
  8
0
 10
-4.1391
 20
26.7087
 11
-3.9592
 21
26.4565
  0
LINE
  8
0
 10
-3.9592
 20
26.4565
 11
-3.77975
 21
26.1937
  0
LINE
  8
0
 10
-3.77975
 20
26.1937
 11
-3.63831
 21
25.9808
  0
LINE
  8
0
 10
-3.63831
 20
25.9808
 11
-3.77975
 21
25.7671
  0
LINE
  8
0
 10
-3.77975
 20
25.7671
 11
-3.96011
 21
25.5038
  0
LINE
  8
0
 10
-3.96011
 20
25.5038
 11
-4.13956
 21
25.2516
  0
LINE
  8
0
 10
-4.13956
 20
25.2516
 11
-4.31992
 21
25.0108
  0
LINE
  8
0
 10
-4.31992
 20
25.0108
 11
-4.52957
 21
24.7435
  0
LINE
  8
0
 10
-4.52957
 20
24.7435
 11
-4.68018
 21
24.5609
  0
LINE
  8
0
 10
-4.68018
 20
24.5609
 11
-4.86008
 21
24.3521
  0
LINE
  8
0
 10
-4.86008
 20
24.3521
 11
-4.98001
 21
24.2189
  0
LINE
  8
0
 10
-4.98001
 20
24.2189
 11
-5.13016
 21
24.0591
  0
LINE
  8
0
 10
-5.13016
 20
24.0591
 11
-5.31006
 21
23.877
  0
LINE
  8
0
 10
-5.31006
 20
23.877
 11
-5.45929
 21
23.7346
  0
LINE
  8
0
 10
-5.45929
 20
23.7346
 11
-5.64011
 21
23.5721
  0
LINE
  8
0
 10
-5.64011
 20
23.5721
 11
-5.75958
 21
23.4695
  0
LINE
  8
0
 10
-5.75958
 20
23.4695
 11
-5.91019
 21
23.3492
  0
LINE
  8
0
 10
-5.91019
 20
23.3492
 11
-6.08917
 21
23.215
  0
LINE
  8
0
 10
-6.08917
 20
23.215
 11
-6.27045
 21
23.0896
  0
LINE
  8
0
 10
-6.27045
 20
23.0896
 11
-6.41922
 21
22.9953
  0
LINE
  8
0
 10
-6.41922
 20
22.9953
 11
-6.60004
 21
22.8905
  0
LINE
  8
0
 10
-6.60004
 20
22.8905
 11
-6.69022
 21
22.8424
  0
LINE
  8
0
 10
-6.69022
 20
22.8424
 11
-6.81015
 21
22.782
  0
LINE
  8
0
 10
-6.81015
 20
22.782
 11
-6.92917
 21
22.7275
  0
LINE
  8
0
 10
-6.92917
 20
22.7275
 11
-7.08023
 21
22.6648
  0
LINE
  8
0
 10
-7.08023
 20
22.6648
 11
-7.26013
 21
22.6003
  0
LINE
  8
0
 10
-7.26013
 20
22.6003
 11
-7.41028
 21
22.554
  0
LINE
  8
0
 10
-7.41028
 20
22.554
 11
-7.55905
 21
22.516
  0
LINE
  8
0
 10
-7.55905
 20
22.516
 11
-7.70874
 21
22.4854
  0
LINE
  8
0
 10
-7.70874
 20
22.4854
 11
-7.86072
 21
22.462
  0
LINE
  8
0
 10
-7.86072
 20
22.462
 11
-8.01086
 21
22.4464
  0
LINE
  8
0
 10
-8.01086
 20
22.4464
 11
-8.12943
 21
22.4391
  0
LINE
  8
0
 10
-8.12943
 20
22.4391
 11
-8.27911
 21
22.4368
  0
LINE
  8
0
 10
-8.27911
 20
22.4368
 11
-8.37021
 21
22.4391
  0
LINE
  8
0
 10
-38.3702
 20
22.4391
 11
-38.4888
 21
22.4464
  0
LINE
  8
0
 10
-38.4888
 20
22.4464
 11
-38.6389
 21
22.462
  0
LINE
  8
0
 10
-38.6389
 20
22.462
 11
-38.7904
 21
22.4849
  0
LINE
  8
0
 10
-38.7904
 20
22.4849
 11
-38.8499
 21
22.4968
  0
LINE
  8
0
 10
-38.8499
 20
22.4968
 11
-39.0005
 21
22.5307
  0
LINE
  8
0
 10
-39.0005
 20
22.5307
 11
-39.1507
 21
22.5719
  0
LINE
  8
0
 10
-39.1507
 20
22.5719
 11
-39.3008
 21
22.6204
  0
LINE
  8
0
 10
-39.3008
 20
22.6204
 11
-39.4194
 21
22.6648
  0
LINE
  8
0
 10
-39.4194
 20
22.6648
 11
-39.5403
 21
22.7147
  0
LINE
  8
0
 10
-39.5403
 20
22.7147
 11
-39.6904
 21
22.7829
  0
LINE
  8
0
 10
-39.6904
 20
22.7829
 11
-39.8103
 21
22.8429
  0
LINE
  8
0
 10
-39.8103
 20
22.8429
 11
-39.9902
 21
22.9413
  0
LINE
  8
0
 10
-39.9902
 20
22.9413
 11
-40.0795
 21
22.9948
  0
LINE
  8
0
 10
-40.0795
 20
22.9948
 11
-40.1701
 21
23.0516
  0
LINE
  8
0
 10
-40.1701
 20
23.0516
 11
-40.3203
 21
23.1514
  0
LINE
  8
0
 10
-40.3203
 20
23.1514
 11
-40.4695
 21
23.2576
  0
LINE
  8
0
 10
-40.4695
 20
23.2576
 11
-40.7103
 21
23.4457
  0
LINE
  8
0
 10
-40.7103
 20
23.4457
 11
-40.8595
 21
23.5721
  0
LINE
  8
0
 10
-40.8595
 20
23.5721
 11
-41.0399
 21
23.7346
  0
LINE
  8
0
 10
-41.0399
 20
23.7346
 11
-41.1603
 21
23.8481
  0
LINE
  8
0
 10
-41.1603
 20
23.8481
 11
-41.3104
 21
23.9973
  0
LINE
  8
0
 10
-41.3104
 20
23.9973
 11
-41.4894
 21
24.1864
  0
LINE
  8
0
 10
-41.4894
 20
24.1864
 11
-41.7
 21
24.4212
  0
LINE
  8
0
 10
-41.7
 20
24.4212
 11
-41.9101
 21
24.6693
  0
LINE
  8
0
 10
-41.9101
 20
24.6693
 11
-42.1495
 21
24.9715
  0
LINE
  8
0
 10
-42.1495
 20
24.9715
 11
-42.3898
 21
25.2933
  0
LINE
  8
0
 10
-42.3898
 20
25.2933
 11
-42.5999
 21
25.5913
  0
LINE
  8
0
 10
-42.5999
 20
25.5913
 11
-42.8096
 21
25.9021
  0
LINE
  8
0
 10
-42.8096
 20
25.9021
 11
-42.5034
 21
25.9804
  0
LINE
  8
0
 10
-42.5034
 20
25.9804
 11
-42.8096
 21
26.0587
  0
LINE
  8
0
 10
-42.8096
 20
26.0587
 11
-42.5999
 21
26.3695
  0
LINE
  8
0
 10
-42.5999
 20
26.3695
 11
-42.3898
 21
26.6675
  0
LINE
  8
0
 10
-42.3898
 20
26.6675
 11
-42.1495
 21
26.9893
  0
LINE
  8
0
 10
-42.1495
 20
26.9893
 11
-41.9101
 21
27.2914
  0
LINE
  8
0
 10
-41.9101
 20
27.2914
 11
-41.7
 21
27.5395
  0
LINE
  8
0
 10
-41.7
 20
27.5395
 11
-41.4899
 21
27.7748
  0
LINE
  8
0
 10
-41.4899
 20
27.7748
 11
-41.3104
 21
27.9634
  0
LINE
  8
0
 10
-41.3104
 20
27.9634
 11
-41.1603
 21
28.1122
  0
LINE
  8
0
 10
-41.1603
 20
28.1122
 11
-41.0403
 21
28.2262
  0
LINE
  8
0
 10
-41.0403
 20
28.2262
 11
-40.8595
 21
28.3887
  0
LINE
  8
0
 10
-40.8595
 20
28.3887
 11
-40.7103
 21
28.515
  0
LINE
  8
0
 10
-40.7103
 20
28.515
 11
-40.4695
 21
28.7032
  0
LINE
  8
0
 10
-40.4695
 20
28.7032
 11
-40.3203
 21
28.8094
  0
LINE
  8
0
 10
-40.3203
 20
28.8094
 11
-40.1701
 21
28.9091
  0
LINE
  8
0
 10
-40.1701
 20
28.9091
 11
-40.08
 21
28.9664
  0
LINE
  8
0
 10
-40.08
 20
28.9664
 11
-39.9898
 21
29.0195
  0
LINE
  8
0
 10
-39.9898
 20
29.0195
 11
-39.8103
 21
29.1179
  0
LINE
  8
0
 10
-39.8103
 20
29.1179
 11
-39.6904
 21
29.1779
  0
LINE
  8
0
 10
-39.6904
 20
29.1779
 11
-39.5403
 21
29.2461
  0
LINE
  8
0
 10
-39.5403
 20
29.2461
 11
-39.4194
 21
29.2964
  0
LINE
  8
0
 10
-39.4194
 20
29.2964
 11
-39.3004
 21
29.3404
  0
LINE
  8
0
 10
-39.3004
 20
29.3404
 11
-39.1507
 21
29.3889
  0
LINE
  8
0
 10
-39.1507
 20
29.3889
 11
-39.0005
 21
29.4301
  0
LINE
  8
0
 10
-39.0005
 20
29.4301
 11
-38.8495
 21
29.464
  0
LINE
  8
0
 10
-38.8495
 20
29.464
 11
-38.7904
 21
29.4754
  0
LINE
  8
0
 10
-38.7904
 20
29.4754
 11
-38.6389
 21
29.4987
  0
LINE
  8
0
 10
-38.6389
 20
29.4987
 11
-38.4888
 21
29.5143
  0
LINE
  8
0
 10
-38.4888
 20
29.5143
 11
-38.3702
 21
29.5212
  0
LINE
  8
0
 10
-38.3702
 20
29.5212
 11
-38.2791
 21
29.5239
  0
LINE
  8
0
 10
-38.2791
 20
29.5239
 11
-38.1294
 21
29.5221
  0
LINE
  8
0
 10
-38.1294
 20
29.5221
 11
-38.0109
 21
29.5143
  0
LINE
  8
0
 10
-38.0109
 20
29.5143
 11
-37.8607
 21
29.4987
  0
LINE
  8
0
 10
-37.8607
 20
29.4987
 11
-37.7087
 21
29.4754
  0
LINE
  8
0
 10
-37.7087
 20
29.4754
 11
-37.5591
 21
29.4447
  0
LINE
  8
0
 10
-37.5591
 20
29.4447
 11
-37.4103
 21
29.4063
  0
LINE
  8
0
 10
-37.4103
 20
29.4063
 11
-37.2588
 21
29.36
  0
LINE
  8
0
 10
-37.2588
 20
29.36
 11
-37.0802
 21
29.296
  0
LINE
  8
0
 10
-37.0802
 20
29.296
 11
-36.9292
 21
29.2337
  0
LINE
  8
0
 10
-36.9292
 20
29.2337
 11
-36.8102
 21
29.1783
  0
LINE
  8
0
 10
-36.8102
 20
29.1783
 11
-36.6893
 21
29.1179
  0
LINE
  8
0
 10
-36.6893
 20
29.1179
 11
-36.5991
 21
29.0698
  0
LINE
  8
0
 10
-36.5991
 20
29.0698
 11
-36.4192
 21
28.9659
  0
LINE
  8
0
 10
-36.4192
 20
28.9659
 11
-36.2704
 21
28.8712
  0
LINE
  8
0
 10
-36.2704
 20
28.8712
 11
-36.0892
 21
28.7457
  0
LINE
  8
0
 10
-36.0892
 20
28.7457
 11
-35.9102
 21
28.6116
  0
LINE
  8
0
 10
-35.9102
 20
28.6116
 11
-35.7591
 21
28.4908
  0
LINE
  8
0
 10
-35.7591
 20
28.4908
 11
-35.6401
 21
28.3887
  0
LINE
  8
0
 10
-35.6401
 20
28.3887
 11
-35.4588
 21
28.2266
  0
LINE
  8
0
 10
-35.4588
 20
28.2266
 11
-35.3101
 21
28.0838
  0
LINE
  8
0
 10
-35.3101
 20
28.0838
 11
-35.1297
 21
27.9012
  0
LINE
  8
0
 10
-35.1297
 20
27.9012
 11
-34.9796
 21
27.7414
  0
LINE
  8
0
 10
-34.9796
 20
27.7414
 11
-34.8596
 21
27.6082
  0
LINE
  8
0
 10
-34.8596
 20
27.6082
 11
-34.6797
 21
27.3994
  0
LINE
  8
0
 10
-34.6797
 20
27.3994
 11
-34.5296
 21
27.2173
  0
LINE
  8
0
 10
-34.5296
 20
27.2173
 11
-34.3199
 21
26.9499
  0
LINE
  8
0
 10
-34.3199
 20
26.9499
 11
-34.1391
 21
26.7087
  0
LINE
  8
0
 10
-34.1391
 20
26.7087
 11
-33.9592
 21
26.4565
  0
LINE
  8
0
 10
-33.9592
 20
26.4565
 11
-33.7798
 21
26.1937
  0
LINE
  8
0
 10
-33.7798
 20
26.1937
 11
-33.6383
 21
25.9808
  0
LINE
  8
0
 10
-33.6383
 20
25.9808
 11
-33.7798
 21
25.7671
  0
LINE
  8
0
 10
-33.7798
 20
25.7671
 11
-33.9601
 21
25.5038
  0
LINE
  8
0
 10
-33.9601
 20
25.5038
 11
-34.1396
 21
25.2516
  0
LINE
  8
0
 10
-34.1396
 20
25.2516
 11
-34.3199
 21
25.0108
  0
LINE
  8
0
 10
-34.3199
 20
25.0108
 11
-34.5296
 21
24.7435
  0
LINE
  8
0
 10
-34.5296
 20
24.7435
 11
-34.6802
 21
24.5609
  0
LINE
  8
0
 10
-34.6802
 20
24.5609
 11
-34.8601
 21
24.3521
  0
LINE
  8
0
 10
-34.8601
 20
24.3521
 11
-34.98
 21
24.2189
  0
LINE
  8
0
 10
-34.98
 20
24.2189
 11
-35.1302
 21
24.0591
  0
LINE
  8
0
 10
-35.1302
 20
24.0591
 11
-35.3101
 21
23.877
  0
LINE
  8
0
 10
-35.3101
 20
23.877
 11
-35.4593
 21
23.7346
  0
LINE
  8
0
 10
-35.4593
 20
23.7346
 11
-35.6401
 21
23.5721
  0
LINE
  8
0
 10
-35.6401
 20
23.5721
 11
-35.7596
 21
23.4695
  0
LINE
  8
0
 10
-35.7596
 20
23.4695
 11
-35.9102
 21
23.3492
  0
LINE
  8
0
 10
-35.9102
 20
23.3492
 11
-36.0892
 21
23.215
  0
LINE
  8
0
 10
-36.0892
 20
23.215
 11
-36.2704
 21
23.0896
  0
LINE
  8
0
 10
-36.2704
 20
23.0896
 11
-36.4192
 21
22.9953
  0
LINE
  8
0
 10
-36.4192
 20
22.9953
 11
-36.6
 21
22.8905
  0
LINE
  8
0
 10
-36.6
 20
22.8905
 11
-36.6902
 21
22.8424
  0
LINE
  8
0
 10
-36.6902
 20
22.8424
 11
-36.8102
 21
22.782
  0
LINE
  8
0
 10
-36.8102
 20
22.782
 11
-36.9292
 21
22.7275
  0
LINE
  8
0
 10
-36.9292
 20
22.7275
 11
-37.0802
 21
22.6648
  0
LINE
  8
0
 10
-37.0802
 20
22.6648
 11
-37.2601
 21
22.6003
  0
LINE
  8
0
 10
-37.2601
 20
22.6003
 11
-37.4103
 21
22.554
  0
LINE
  8
0
 10
-37.4103
 20
22.554
 11
-37.5591
 21
22.516
  0
LINE
  8
0
 10
-37.5591
 20
22.516
 11
-37.7087
 21
22.4854
  0
LINE
  8
0
 10
-37.7087
 20
22.4854
 11
-37.8607
 21
22.462
  0
LINE
  8
0
 10
-37.8607
 20
22.462
 11
-38.0109
 21
22.4464
  0
LINE
  8
0
 10
-38.0109
 20
22.4464
 11
-38.1294
 21
22.4391
  0
LINE
  8
0
 10
-38.1294
 20
22.4391
 11
-38.2791
 21
22.4368
  0
LINE
  8
0
 10
-38.2791
 20
22.4368
 11
-38.3702
 21
22.4391
  0
LINE
  8
0
 10
-21.8706
 20
22.4387
 11
-21.9891
 21
22.4464
  0
LINE
  8
0
 10
-21.9891
 20
22.4464
 11
-22.1393
 21
22.462
  0
LINE
  8
0
 10
-22.1393
 20
22.462
 11
-22.2913
 21
22.4854
  0
LINE
  8
0
 10
-22.2913
 20
22.4854
 11
-22.4409
 21
22.516
  0
LINE
  8
0
 10
-22.4409
 20
22.516
 11
-22.5897
 21
22.5545
  0
LINE
  8
0
 10
-22.5897
 20
22.5545
 11
-22.7412
 21
22.6007
  0
LINE
  8
0
 10
-22.7412
 20
22.6007
 11
-22.9198
 21
22.6648
  0
LINE
  8
0
 10
-22.9198
 20
22.6648
 11
-23.0708
 21
22.7271
  0
LINE
  8
0
 10
-23.0708
 20
22.7271
 11
-23.1898
 21
22.7824
  0
LINE
  8
0
 10
-23.1898
 20
22.7824
 11
-23.3107
 21
22.8429
  0
LINE
  8
0
 10
-23.3107
 20
22.8429
 11
-23.4009
 21
22.8909
  0
LINE
  8
0
 10
-23.4009
 20
22.8909
 11
-23.5808
 21
22.9948
  0
LINE
  8
0
 10
-23.5808
 20
22.9948
 11
-23.7296
 21
23.0896
  0
LINE
  8
0
 10
-23.7296
 20
23.0896
 11
-23.9108
 21
23.215
  0
LINE
  8
0
 10
-23.9108
 20
23.215
 11
-24.0898
 21
23.3492
  0
LINE
  8
0
 10
-24.0898
 20
23.3492
 11
-24.2409
 21
23.47
  0
LINE
  8
0
 10
-24.2409
 20
23.47
 11
-24.3599
 21
23.5721
  0
LINE
  8
0
 10
-24.3599
 20
23.5721
 11
-24.5412
 21
23.7341
  0
LINE
  8
0
 10
-24.5412
 20
23.7341
 11
-24.6899
 21
23.877
  0
LINE
  8
0
 10
-24.6899
 20
23.877
 11
-24.8703
 21
24.0596
  0
LINE
  8
0
 10
-24.8703
 20
24.0596
 11
-25.0204
 21
24.2194
  0
LINE
  8
0
 10
-25.0204
 20
24.2194
 11
-25.1404
 21
24.3526
  0
LINE
  8
0
 10
-25.1404
 20
24.3526
 11
-25.3203
 21
24.5613
  0
LINE
  8
0
 10
-25.3203
 20
24.5613
 11
-25.4704
 21
24.7435
  0
LINE
  8
0
 10
-25.4704
 20
24.7435
 11
-25.6801
 21
25.0108
  0
LINE
  8
0
 10
-25.6801
 20
25.0108
 11
-25.8609
 21
25.2521
  0
LINE
  8
0
 10
-25.8609
 20
25.2521
 11
-26.0408
 21
25.5043
  0
LINE
  8
0
 10
-26.0408
 20
25.5043
 11
-26.2202
 21
25.7671
  0
LINE
  8
0
 10
-26.2202
 20
25.7671
 11
-26.3617
 21
25.9799
  0
LINE
  8
0
 10
-26.3617
 20
25.9799
 11
-26.2202
 21
26.1937
  0
LINE
  8
0
 10
-26.2202
 20
26.1937
 11
-26.0399
 21
26.4569
  0
LINE
  8
0
 10
-26.0399
 20
26.4569
 11
-25.8609
 21
26.7087
  0
LINE
  8
0
 10
-25.8609
 20
26.7087
 11
-25.6801
 21
26.9499
  0
LINE
  8
0
 10
-25.6801
 20
26.9499
 11
-25.4704
 21
27.2173
  0
LINE
  8
0
 10
-25.4704
 20
27.2173
 11
-25.3203
 21
27.3994
  0
LINE
  8
0
 10
-25.3203
 20
27.3994
 11
-25.1404
 21
27.6082
  0
LINE
  8
0
 10
-25.1404
 20
27.6082
 11
-25.0204
 21
27.7414
  0
LINE
  8
0
 10
-25.0204
 20
27.7414
 11
-24.8703
 21
27.9012
  0
LINE
  8
0
 10
-24.8703
 20
27.9012
 11
-24.6899
 21
28.0838
  0
LINE
  8
0
 10
-24.6899
 20
28.0838
 11
-24.5407
 21
28.2262
  0
LINE
  8
0
 10
-24.5407
 20
28.2262
 11
-24.3599
 21
28.3887
  0
LINE
  8
0
 10
-24.3599
 20
28.3887
 11
-24.2409
 21
28.4908
  0
LINE
  8
0
 10
-24.2409
 20
28.4908
 11
-24.0898
 21
28.6116
  0
LINE
  8
0
 10
-24.0898
 20
28.6116
 11
-23.9108
 21
28.7457
  0
LINE
  8
0
 10
-23.9108
 20
28.7457
 11
-23.7296
 21
28.8712
  0
LINE
  8
0
 10
-23.7296
 20
28.8712
 11
-23.5808
 21
28.9655
  0
LINE
  8
0
 10
-23.5808
 20
28.9655
 11
-23.4009
 21
29.0698
  0
LINE
  8
0
 10
-23.4009
 20
29.0698
 11
-23.3107
 21
29.1179
  0
LINE
  8
0
 10
-23.3107
 20
29.1179
 11
-23.1898
 21
29.1788
  0
LINE
  8
0
 10
-23.1898
 20
29.1788
 11
-23.0708
 21
29.2332
  0
LINE
  8
0
 10
-23.0708
 20
29.2332
 11
-22.9198
 21
29.296
  0
LINE
  8
0
 10
-22.9198
 20
29.296
 11
-22.7412
 21
29.36
  0
LINE
  8
0
 10
-22.7412
 20
29.36
 11
-22.5897
 21
29.4067
  0
LINE
  8
0
 10
-22.5897
 20
29.4067
 11
-22.4409
 21
29.4447
  0
LINE
  8
0
 10
-22.4409
 20
29.4447
 11
-22.2913
 21
29.4754
  0
LINE
  8
0
 10
-22.2913
 20
29.4754
 11
-22.1393
 21
29.4987
  0
LINE
  8
0
 10
-22.1393
 20
29.4987
 11
-21.9891
 21
29.5143
  0
LINE
  8
0
 10
-21.9891
 20
29.5143
 11
-21.8706
 21
29.5216
  0
LINE
  8
0
 10
-21.8706
 20
29.5216
 11
-21.7209
 21
29.5239
  0
LINE
  8
0
 10
-21.7209
 20
29.5239
 11
-21.6298
 21
29.5216
  0
LINE
  8
0
 10
-21.6298
 20
29.5216
 11
-21.5112
 21
29.5143
  0
LINE
  8
0
 10
-21.5112
 20
29.5143
 11
-21.3611
 21
29.4987
  0
LINE
  8
0
 10
-21.3611
 20
29.4987
 11
-21.2096
 21
29.4759
  0
LINE
  8
0
 10
-21.2096
 20
29.4759
 11
-21.1501
 21
29.464
  0
LINE
  8
0
 10
-21.1501
 20
29.464
 11
-20.9995
 21
29.4301
  0
LINE
  8
0
 10
-20.9995
 20
29.4301
 11
-20.8493
 21
29.3889
  0
LINE
  8
0
 10
-20.8493
 20
29.3889
 11
-20.6992
 21
29.3404
  0
LINE
  8
0
 10
-20.6992
 20
29.3404
 11
-20.5806
 21
29.296
  0
LINE
  8
0
 10
-20.5806
 20
29.296
 11
-20.4597
 21
29.2461
  0
LINE
  8
0
 10
-20.4597
 20
29.2461
 11
-20.3096
 21
29.1779
  0
LINE
  8
0
 10
-20.3096
 20
29.1779
 11
-20.1897
 21
29.1179
  0
LINE
  8
0
 10
-20.1897
 20
29.1179
 11
-20.0098
 21
29.0195
  0
LINE
  8
0
 10
-20.0098
 20
29.0195
 11
-19.9205
 21
28.9659
  0
LINE
  8
0
 10
-19.9205
 20
28.9659
 11
-19.8299
 21
28.9091
  0
LINE
  8
0
 10
-19.8299
 20
28.9091
 11
-19.6797
 21
28.8094
  0
LINE
  8
0
 10
-19.6797
 20
28.8094
 11
-19.5305
 21
28.7032
  0
LINE
  8
0
 10
-19.5305
 20
28.7032
 11
-19.2897
 21
28.515
  0
LINE
  8
0
 10
-19.2897
 20
28.515
 11
-19.1405
 21
28.3887
  0
LINE
  8
0
 10
-19.1405
 20
28.3887
 11
-18.9601
 21
28.2262
  0
LINE
  8
0
 10
-18.9601
 20
28.2262
 11
-18.8397
 21
28.1126
  0
LINE
  8
0
 10
-18.8397
 20
28.1126
 11
-18.6896
 21
27.9634
  0
LINE
  8
0
 10
-18.6896
 20
27.9634
 11
-18.5106
 21
27.7744
  0
LINE
  8
0
 10
-18.5106
 20
27.7744
 11
-18.3
 21
27.5395
  0
LINE
  8
0
 10
-18.3
 20
27.5395
 11
-18.0899
 21
27.2914
  0
LINE
  8
0
 10
-18.0899
 20
27.2914
 11
-17.8505
 21
26.9893
  0
LINE
  8
0
 10
-17.8505
 20
26.9893
 11
-17.6102
 21
26.6675
  0
LINE
  8
0
 10
-17.6102
 20
26.6675
 11
-17.4001
 21
26.3695
  0
LINE
  8
0
 10
-17.4001
 20
26.3695
 11
-17.1904
 21
26.0587
  0
LINE
  8
0
 10
-17.1904
 20
26.0587
 11
-17.4966
 21
25.9804
  0
LINE
  8
0
 10
-17.4966
 20
25.9804
 11
-17.1904
 21
25.9021
  0
LINE
  8
0
 10
-17.1904
 20
25.9021
 11
-17.4001
 21
25.5913
  0
LINE
  8
0
 10
-17.4001
 20
25.5913
 11
-17.6106
 21
25.2928
  0
LINE
  8
0
 10
-17.6106
 20
25.2928
 11
-17.8505
 21
24.9715
  0
LINE
  8
0
 10
-17.8505
 20
24.9715
 11
-18.0904
 21
24.6689
  0
LINE
  8
0
 10
-18.0904
 20
24.6689
 11
-18.3
 21
24.4212
  0
LINE
  8
0
 10
-18.3
 20
24.4212
 11
-18.5101
 21
24.1859
  0
LINE
  8
0
 10
-18.5101
 20
24.1859
 11
-18.69
 21
23.9969
  0
LINE
  8
0
 10
-18.69
 20
23.9969
 11
-18.8397
 21
23.8486
  0
LINE
  8
0
 10
-18.8397
 20
23.8486
 11
-18.9601
 21
23.7341
  0
LINE
  8
0
 10
-18.9601
 20
23.7341
 11
-19.1405
 21
23.5721
  0
LINE
  8
0
 10
-19.1405
 20
23.5721
 11
-19.2897
 21
23.4457
  0
LINE
  8
0
 10
-19.2897
 20
23.4457
 11
-19.5305
 21
23.2576
  0
LINE
  8
0
 10
-19.5305
 20
23.2576
 11
-19.6797
 21
23.1514
  0
LINE
  8
0
 10
-19.6797
 20
23.1514
 11
-19.8299
 21
23.0516
  0
LINE
  8
0
 10
-19.8299
 20
23.0516
 11
-19.92
 21
22.9944
  0
LINE
  8
0
 10
-19.92
 20
22.9944
 11
-20.0102
 21
22.9413
  0
LINE
  8
0
 10
-20.0102
 20
22.9413
 11
-20.1897
 21
22.8429
  0
LINE
  8
0
 10
-20.1897
 20
22.8429
 11
-20.3105
 21
22.7824
  0
LINE
  8
0
 10
-20.3105
 20
22.7824
 11
-20.4607
 21
22.7142
  0
LINE
  8
0
 10
-20.4607
 20
22.7142
 11
-20.5806
 21
22.6643
  0
LINE
  8
0
 10
-20.5806
 20
22.6643
 11
-20.701
 21
22.6199
  0
LINE
  8
0
 10
-20.701
 20
22.6199
 11
-20.8493
 21
22.5719
  0
LINE
  8
0
 10
-20.8493
 20
22.5719
 11
-20.9995
 21
22.5307
  0
LINE
  8
0
 10
-20.9995
 20
22.5307
 11
-21.1505
 21
22.4968
  0
LINE
  8
0
 10
-21.1505
 20
22.4968
 11
-21.2096
 21
22.4854
  0
LINE
  8
0
 10
-21.2096
 20
22.4854
 11
-21.3611
 21
22.462
  0
LINE
  8
0
 10
-21.3611
 20
22.462
 11
-21.5112
 21
22.4464
  0
LINE
  8
0
 10
-21.5112
 20
22.4464
 11
-21.6298
 21
22.4396
  0
LINE
  8
0
 10
-21.6298
 20
22.4396
 11
-21.7209
 21
22.4368
  0
LINE
  8
0
 10
-21.7209
 20
22.4368
 11
-21.8706
 21
22.4387
  0
LINE
  8
0
 10
-46.6974
 20
19.9535
 11
-47.4001
 21
21.6504
  0
LINE
  8
0
 10
-47.4001
 20
21.6504
 11
-46.6974
 21
23.3473
  0
LINE
  8
0
 10
-46.6974
 20
23.3473
 11
-45
 21
24.0504
  0
LINE
  8
0
 10
-45
 20
24.0504
 11
-43.3026
 21
23.3473
  0
LINE
  8
0
 10
-43.3026
 20
23.3473
 11
-42.5999
 21
21.6504
  0
LINE
  8
0
 10
-42.5999
 20
21.6504
 11
-43.3026
 21
19.9535
  0
LINE
  8
0
 10
-43.3026
 20
19.9535
 11
-45
 21
19.2503
  0
LINE
  8
0
 10
-45
 20
19.2503
 11
-46.6974
 21
19.9535
  0
LINE
  8
0
 10
43.3026
 20
19.9535
 11
42.5999
 21
21.6504
  0
LINE
  8
0
 10
42.5999
 20
21.6504
 11
43.3026
 21
23.3473
  0
LINE
  8
0
 10
43.3026
 20
23.3473
 11
45
 21
24.0504
  0
LINE
  8
0
 10
45
 20
24.0504
 11
46.6974
 21
23.3473
  0
LINE
  8
0
 10
46.6974
 20
23.3473
 11
47.4001
 21
21.6504
  0
LINE
  8
0
 10
47.4001
 20
21.6504
 11
46.6974
 21
19.9535
  0
LINE
  8
0
 10
46.6974
 20
19.9535
 11
45
 21
19.2503
  0
LINE
  8
0
 10
45
 20
19.2503
 11
43.3026
 21
19.9535
  0
LINE
  8
0
 10
13.3026
 20
19.9535
 11
12.5999
 21
21.6504
  0
LINE
  8
0
 10
12.5999
 20
21.6504
 11
13.3026
 21
23.3473
  0
LINE
  8
0
 10
13.3026
 20
23.3473
 11
15
 21
24.0504
  0
LINE
  8
0
 10
15
 20
24.0504
 11
16.6974
 21
23.3473
  0
LINE
  8
0
 10
16.6974
 20
23.3473
 11
17.4001
 21
21.6504
  0
LINE
  8
0
 10
17.4001
 20
21.6504
 11
16.6974
 21
19.9535
  0
LINE
  8
0
 10
16.6974
 20
19.9535
 11
15
 21
19.2503
  0
LINE
  8
0
 10
15
 20
19.2503
 11
13.3026
 21
19.9535
  0
LINE
  8
0
 10
-16.6974
 20
19.9535
 11
-17.4001
 21
21.6504
  0
LINE
  8
0
 10
-17.4001
 20
21.6504
 11
-16.6974
 21
23.3473
  0
LINE
  8
0
 10
-16.6974
 20
23.3473
 11
-15
 21
24.0504
  0
LINE
  8
0
 10
-15
 20
24.0504
 11
-13.3026
 21
23.3473
  0
LINE
  8
0
 10
-13.3026
 20
23.3473
 11
-12.5999
 21
21.6504
  0
LINE
  8
0
 10
-12.5999
 20
21.6504
 11
-13.3026
 21
19.9535
  0
LINE
  8
0
 10
-13.3026
 20
19.9535
 11
-15
 21
19.2503
  0
LINE
  8
0
 10
-15
 20
19.2503
 11
-16.6974
 21
19.9535
  0
LINE
  8
0
 10
23.7479
 20
15.1515
 11
23.5281
 21
14.9268
  0
LINE
  8
0
 10
23.5281
 20
14.9268
 11
23.3629
 21
15.2641
  0
LINE
  8
0
 10
23.3629
 20
15.2641
 11
23.2104
 21
15.5942
  0
LINE
  8
0
 10
23.2104
 20
15.5942
 11
23.0516
 21
15.9631
  0
LINE
  8
0
 10
23.0516
 20
15.9631
 11
22.9102
 21
16.3225
  0
LINE
  8
0
 10
22.9102
 20
16.3225
 11
22.7989
 21
16.6283
  0
LINE
  8
0
 10
22.7989
 20
16.6283
 11
22.7019
 21
16.9272
  0
LINE
  8
0
 10
22.7019
 20
16.9272
 11
22.6277
 21
17.178
  0
LINE
  8
0
 10
22.6277
 20
17.178
 11
22.5737
 21
17.3817
  0
LINE
  8
0
 10
22.5737
 20
17.3817
 11
22.5348
 21
17.5429
  0
LINE
  8
0
 10
22.5348
 20
17.5429
 11
22.4849
 21
17.7791
  0
LINE
  8
0
 10
22.4849
 20
17.7791
 11
22.4496
 21
17.9741
  0
LINE
  8
0
 10
22.4496
 20
17.9741
 11
22.4075
 21
18.2748
  0
LINE
  8
0
 10
22.4075
 20
18.2748
 11
22.3901
 21
18.4584
  0
LINE
  8
0
 10
22.3901
 20
18.4584
 11
22.3787
 21
18.6383
  0
LINE
  8
0
 10
22.3787
 20
18.6383
 11
22.3746
 21
18.7436
  0
LINE
  8
0
 10
22.3746
 20
18.7436
 11
22.3732
 21
18.8493
  0
LINE
  8
0
 10
22.3732
 20
18.8493
 11
22.3778
 21
19.0549
  0
LINE
  8
0
 10
22.3778
 20
19.0549
 11
22.3856
 21
19.1872
  0
LINE
  8
0
 10
22.3856
 20
19.1872
 11
22.4016
 21
19.3515
  0
LINE
  8
0
 10
22.4016
 20
19.3515
 11
22.419
 21
19.4801
  0
LINE
  8
0
 10
22.419
 20
19.4801
 11
22.4405
 21
19.6056
  0
LINE
  8
0
 10
22.4405
 20
19.6056
 11
22.473
 21
19.7598
  0
LINE
  8
0
 10
22.473
 20
19.7598
 11
22.5128
 21
19.9109
  0
LINE
  8
0
 10
22.5128
 20
19.9109
 11
22.5586
 21
20.0578
  0
LINE
  8
0
 10
22.5586
 20
20.0578
 11
22.5778
 21
20.1151
  0
LINE
  8
0
 10
22.5778
 20
20.1151
 11
22.6332
 21
20.2565
  0
LINE
  8
0
 10
22.6332
 20
20.2565
 11
22.695
 21
20.3947
  0
LINE
  8
0
 10
22.695
 20
20.3947
 11
22.7486
 21
20.5023
  0
LINE
  8
0
 10
22.7486
 20
20.5023
 11
22.7911
 21
20.5811
  0
LINE
  8
0
 10
22.7911
 20
20.5811
 11
22.8685
 21
20.7101
  0
LINE
  8
0
 10
22.8685
 20
20.7101
 11
22.9353
 21
20.8113
  0
LINE
  8
0
 10
22.9353
 20
20.8113
 11
23.0228
 21
20.9326
  0
LINE
  8
0
 10
23.0228
 20
20.9326
 11
23.118
 21
21.0503
  0
LINE
  8
0
 10
23.118
 20
21.0503
 11
23.2196
 21
21.1652
  0
LINE
  8
0
 10
23.2196
 20
21.1652
 11
23.3281
 21
21.2759
  0
LINE
  8
0
 10
23.3281
 20
21.2759
 11
23.4435
 21
21.384
  0
LINE
  8
0
 10
23.4435
 20
21.384
 11
23.5886
 21
21.5067
  0
LINE
  8
0
 10
23.5886
 20
21.5067
 11
23.7186
 21
21.6064
  0
LINE
  8
0
 10
23.7186
 20
21.6064
 11
23.8252
 21
21.682
  0
LINE
  8
0
 10
23.8252
 20
21.682
 11
23.9378
 21
21.7557
  0
LINE
  8
0
 10
23.9378
 20
21.7557
 11
24.0239
 21
21.8097
  0
LINE
  8
0
 10
24.0239
 20
21.8097
 11
24.2052
 21
21.9136
  0
LINE
  8
0
 10
24.2052
 20
21.9136
 11
24.3617
 21
21.996
  0
LINE
  8
0
 10
24.3617
 20
21.996
 11
24.5595
 21
22.0898
  0
LINE
  8
0
 10
24.5595
 20
22.0898
 11
24.7664
 21
22.1782
  0
LINE
  8
0
 10
24.7664
 20
22.1782
 11
24.9458
 21
22.2473
  0
LINE
  8
0
 10
24.9458
 20
22.2473
 11
25.0951
 21
22.3013
  0
LINE
  8
0
 10
25.0951
 20
22.3013
 11
25.3244
 21
22.3755
  0
LINE
  8
0
 10
25.3244
 20
22.3755
 11
25.5244
 21
22.4336
  0
LINE
  8
0
 10
25.5244
 20
22.4336
 11
25.7712
 21
22.4986
  0
LINE
  8
0
 10
25.7712
 20
22.4986
 11
25.9854
 21
22.549
  0
LINE
  8
0
 10
25.9854
 20
22.549
 11
26.1607
 21
22.5861
  0
LINE
  8
0
 10
26.1607
 20
22.5861
 11
26.4304
 21
22.6378
  0
LINE
  8
0
 10
26.4304
 20
22.6378
 11
26.6643
 21
22.6767
  0
LINE
  8
0
 10
26.6643
 20
22.6767
 11
27.0012
 21
22.7243
  0
LINE
  8
0
 10
27.0012
 20
22.7243
 11
27.3001
 21
22.76
  0
LINE
  8
0
 10
27.3001
 20
22.76
 11
27.6082
 21
22.7893
  0
LINE
  8
0
 10
27.6082
 20
22.7893
 11
27.9254
 21
22.814
  0
LINE
  8
0
 10
27.9254
 20
22.814
 11
28.1804
 21
22.8296
  0
LINE
  8
0
 10
28.1804
 20
22.8296
 11
28.2953
 21
22.6007
  0
LINE
  8
0
 10
28.2953
 20
22.6007
 11
28.4322
 21
22.3137
  0
LINE
  8
0
 10
28.4322
 20
22.3137
 11
28.5612
 21
22.0317
  0
LINE
  8
0
 10
28.5612
 20
22.0317
 11
28.6798
 21
21.7548
  0
LINE
  8
0
 10
28.6798
 20
21.7548
 11
28.8075
 21
21.4389
  0
LINE
  8
0
 10
28.8075
 20
21.4389
 11
28.8899
 21
21.2183
  0
LINE
  8
0
 10
28.8899
 20
21.2183
 11
28.981
 21
20.9573
  0
LINE
  8
0
 10
28.981
 20
20.9573
 11
29.0359
 21
20.788
  0
LINE
  8
0
 10
29.0359
 20
20.788
 11
29.0996
 21
20.5769
  0
LINE
  8
0
 10
29.0996
 20
20.5769
 11
29.1664
 21
20.3311
  0
LINE
  8
0
 10
29.1664
 20
20.3311
 11
29.2159
 21
20.1292
  0
LINE
  8
0
 10
29.2159
 20
20.1292
 11
29.2662
 21
19.8921
  0
LINE
  8
0
 10
29.2662
 20
19.8921
 11
29.2946
 21
19.7379
  0
LINE
  8
0
 10
29.2946
 20
19.7379
 11
29.3239
 21
19.547
  0
LINE
  8
0
 10
29.3239
 20
19.547
 11
29.3509
 21
19.3236
  0
LINE
  8
0
 10
29.3509
 20
19.3236
 11
29.3683
 21
19.1052
  0
LINE
  8
0
 10
29.3683
 20
19.1052
 11
29.3761
 21
18.929
  0
LINE
  8
0
 10
29.3761
 20
18.929
 11
29.377
 21
18.7198
  0
LINE
  8
0
 10
29.377
 20
18.7198
 11
29.3729
 21
18.6177
  0
LINE
  8
0
 10
29.3729
 20
18.6177
 11
29.3651
 21
18.484
  0
LINE
  8
0
 10
29.3651
 20
18.484
 11
29.3527
 21
18.3522
  0
LINE
  8
0
 10
29.3527
 20
18.3522
 11
29.3317
 21
18.1906
  0
LINE
  8
0
 10
29.3317
 20
18.1906
 11
29.2978
 21
18.0043
  0
LINE
  8
0
 10
29.2978
 20
18.0043
 11
29.2621
 21
17.85
  0
LINE
  8
0
 10
29.2621
 20
17.85
 11
29.2204
 21
17.7008
  0
LINE
  8
0
 10
29.2204
 20
17.7008
 11
29.1724
 21
17.5557
  0
LINE
  8
0
 10
29.1724
 20
17.5557
 11
29.117
 21
17.4142
  0
LINE
  8
0
 10
29.117
 20
17.4142
 11
29.0552
 21
17.2765
  0
LINE
  8
0
 10
29.0552
 20
17.2765
 11
29.0016
 21
17.1684
  0
LINE
  8
0
 10
29.0016
 20
17.1684
 11
28.9293
 21
17.038
  0
LINE
  8
0
 10
28.9293
 20
17.038
 11
28.8817
 21
16.9611
  0
LINE
  8
0
 10
28.8817
 20
16.9611
 11
28.8153
 21
16.8608
  0
LINE
  8
0
 10
28.8153
 20
16.8608
 11
28.727
 21
16.7381
  0
LINE
  8
0
 10
28.727
 20
16.7381
 11
28.6317
 21
16.6205
  0
LINE
  8
0
 10
28.6317
 20
16.6205
 11
28.5919
 21
16.5742
  0
LINE
  8
0
 10
28.5919
 20
16.5742
 11
28.4885
 21
16.4621
  0
LINE
  8
0
 10
28.4885
 20
16.4621
 11
28.3768
 21
16.3518
  0
LINE
  8
0
 10
28.3768
 20
16.3518
 11
28.2596
 21
16.246
  0
LINE
  8
0
 10
28.2596
 20
16.246
 11
28.1621
 21
16.1655
  0
LINE
  8
0
 10
28.1621
 20
16.1655
 11
28.0586
 21
16.0854
  0
LINE
  8
0
 10
28.0586
 20
16.0854
 11
27.9254
 21
15.9901
  0
LINE
  8
0
 10
27.9254
 20
15.9901
 11
27.8123
 21
15.916
  0
LINE
  8
0
 10
27.8123
 20
15.916
 11
27.637
 21
15.8093
  0
LINE
  8
0
 10
27.637
 20
15.8093
 11
27.5459
 21
15.7585
  0
LINE
  8
0
 10
27.5459
 20
15.7585
 11
27.4516
 21
15.7086
  0
LINE
  8
0
 10
27.4516
 20
15.7086
 11
27.29
 21
15.6285
  0
LINE
  8
0
 10
27.29
 20
15.6285
 11
27.1225
 21
15.5521
  0
LINE
  8
0
 10
27.1225
 20
15.5521
 11
26.8401
 21
15.4381
  0
LINE
  8
0
 10
26.8401
 20
15.4381
 11
26.6556
 21
15.3708
  0
LINE
  8
0
 10
26.6556
 20
15.3708
 11
26.4262
 21
15.2966
  0
LINE
  8
0
 10
26.4262
 20
15.2966
 11
26.2669
 21
15.2499
  0
LINE
  8
0
 10
26.2669
 20
15.2499
 11
26.0632
 21
15.195
  0
LINE
  8
0
 10
26.0632
 20
15.195
 11
25.8083
 21
15.1332
  0
LINE
  8
0
 10
25.8083
 20
15.1332
 11
25.5016
 21
15.0687
  0
LINE
  8
0
 10
25.5016
 20
15.0687
 11
25.1802
 21
15.011
  0
LINE
  8
0
 10
25.1802
 20
15.011
 11
24.798
 21
14.9542
  0
LINE
  8
0
 10
24.798
 20
14.9542
 11
24.3997
 21
14.9071
  0
LINE
  8
0
 10
24.3997
 20
14.9071
 11
24.0372
 21
14.8741
  0
LINE
  8
0
 10
24.0372
 20
14.8741
 11
23.6627
 21
14.848
  0
LINE
  8
0
 10
23.6627
 20
14.848
 11
23.7479
 21
15.1515
  0
LINE
  8
0
 10
-36.2521
 20
15.1515
 11
-36.4719
 21
14.9268
  0
LINE
  8
0
 10
-36.4719
 20
14.9268
 11
-36.6371
 21
15.2641
  0
LINE
  8
0
 10
-36.6371
 20
15.2641
 11
-36.7896
 21
15.5942
  0
LINE
  8
0
 10
-36.7896
 20
15.5942
 11
-36.9484
 21
15.9631
  0
LINE
  8
0
 10
-36.9484
 20
15.9631
 11
-37.0898
 21
16.3225
  0
LINE
  8
0
 10
-37.0898
 20
16.3225
 11
-37.2011
 21
16.6283
  0
LINE
  8
0
 10
-37.2011
 20
16.6283
 11
-37.2981
 21
16.9272
  0
LINE
  8
0
 10
-37.2981
 20
16.9272
 11
-37.3723
 21
17.178
  0
LINE
  8
0
 10
-37.3723
 20
17.178
 11
-37.4263
 21
17.3817
  0
LINE
  8
0
 10
-37.4263
 20
17.3817
 11
-37.4652
 21
17.5429
  0
LINE
  8
0
 10
-37.4652
 20
17.5429
 11
-37.5151
 21
17.7791
  0
LINE
  8
0
 10
-37.5151
 20
17.7791
 11
-37.5504
 21
17.9741
  0
LINE
  8
0
 10
-37.5504
 20
17.9741
 11
-37.5925
 21
18.2748
  0
LINE
  8
0
 10
-37.5925
 20
18.2748
 11
-37.6099
 21
18.4584
  0
LINE
  8
0
 10
-37.6099
 20
18.4584
 11
-37.6213
 21
18.6383
  0
LINE
  8
0
 10
-37.6213
 20
18.6383
 11
-37.6254
 21
18.7436
  0
LINE
  8
0
 10
-37.6254
 20
18.7436
 11
-37.6268
 21
18.8493
  0
LINE
  8
0
 10
-37.6268
 20
18.8493
 11
-37.6222
 21
19.0549
  0
LINE
  8
0
 10
-37.6222
 20
19.0549
 11
-37.6144
 21
19.1872
  0
LINE
  8
0
 10
-37.6144
 20
19.1872
 11
-37.5984
 21
19.3515
  0
LINE
  8
0
 10
-37.5984
 20
19.3515
 11
-37.581
 21
19.4801
  0
LINE
  8
0
 10
-37.581
 20
19.4801
 11
-37.5595
 21
19.6056
  0
LINE
  8
0
 10
-37.5595
 20
19.6056
 11
-37.527
 21
19.7598
  0
LINE
  8
0
 10
-37.527
 20
19.7598
 11
-37.4872
 21
19.9109
  0
LINE
  8
0
 10
-37.4872
 20
19.9109
 11
-37.4414
 21
20.0578
  0
LINE
  8
0
 10
-37.4414
 20
20.0578
 11
-37.4222
 21
20.1151
  0
LINE
  8
0
 10
-37.4222
 20
20.1151
 11
-37.3668
 21
20.2565
  0
LINE
  8
0
 10
-37.3668
 20
20.2565
 11
-37.305
 21
20.3947
  0
LINE
  8
0
 10
-37.305
 20
20.3947
 11
-37.2514
 21
20.5023
  0
LINE
  8
0
 10
-37.2514
 20
20.5023
 11
-37.2089
 21
20.5811
  0
LINE
  8
0
 10
-37.2089
 20
20.5811
 11
-37.1315
 21
20.7101
  0
LINE
  8
0
 10
-37.1315
 20
20.7101
 11
-37.0647
 21
20.8113
  0
LINE
  8
0
 10
-37.0647
 20
20.8113
 11
-36.9772
 21
20.9326
  0
LINE
  8
0
 10
-36.9772
 20
20.9326
 11
-36.882
 21
21.0503
  0
LINE
  8
0
 10
-36.882
 20
21.0503
 11
-36.7804
 21
21.1652
  0
LINE
  8
0
 10
-36.7804
 20
21.1652
 11
-36.6719
 21
21.2759
  0
LINE
  8
0
 10
-36.6719
 20
21.2759
 11
-36.5565
 21
21.384
  0
LINE
  8
0
 10
-36.5565
 20
21.384
 11
-36.4114
 21
21.5067
  0
LINE
  8
0
 10
-36.4114
 20
21.5067
 11
-36.2814
 21
21.6064
  0
LINE
  8
0
 10
-36.2814
 20
21.6064
 11
-36.1748
 21
21.682
  0
LINE
  8
0
 10
-36.1748
 20
21.682
 11
-36.0622
 21
21.7557
  0
LINE
  8
0
 10
-36.0622
 20
21.7557
 11
-35.9761
 21
21.8097
  0
LINE
  8
0
 10
-35.9761
 20
21.8097
 11
-35.7948
 21
21.9136
  0
LINE
  8
0
 10
-35.7948
 20
21.9136
 11
-35.6383
 21
21.996
  0
LINE
  8
0
 10
-35.6383
 20
21.996
 11
-35.4405
 21
22.0898
  0
LINE
  8
0
 10
-35.4405
 20
22.0898
 11
-35.2336
 21
22.1782
  0
LINE
  8
0
 10
-35.2336
 20
22.1782
 11
-35.0542
 21
22.2473
  0
LINE
  8
0
 10
-35.0542
 20
22.2473
 11
-34.9049
 21
22.3013
  0
LINE
  8
0
 10
-34.9049
 20
22.3013
 11
-34.6756
 21
22.3755
  0
LINE
  8
0
 10
-34.6756
 20
22.3755
 11
-34.4756
 21
22.4336
  0
LINE
  8
0
 10
-34.4756
 20
22.4336
 11
-34.2288
 21
22.4986
  0
LINE
  8
0
 10
-34.2288
 20
22.4986
 11
-34.0146
 21
22.549
  0
LINE
  8
0
 10
-34.0146
 20
22.549
 11
-33.8393
 21
22.5861
  0
LINE
  8
0
 10
-33.8393
 20
22.5861
 11
-33.5696
 21
22.6378
  0
LINE
  8
0
 10
-33.5696
 20
22.6378
 11
-33.3357
 21
22.6767
  0
LINE
  8
0
 10
-33.3357
 20
22.6767
 11
-32.9988
 21
22.7243
  0
LINE
  8
0
 10
-32.9988
 20
22.7243
 11
-32.6999
 21
22.76
  0
LINE
  8
0
 10
-32.6999
 20
22.76
 11
-32.3918
 21
22.7893
  0
LINE
  8
0
 10
-32.3918
 20
22.7893
 11
-32.0746
 21
22.814
  0
LINE
  8
0
 10
-32.0746
 20
22.814
 11
-31.8196
 21
22.8296
  0
LINE
  8
0
 10
-31.8196
 20
22.8296
 11
-31.7047
 21
22.6007
  0
LINE
  8
0
 10
-31.7047
 20
22.6007
 11
-31.5678
 21
22.3137
  0
LINE
  8
0
 10
-31.5678
 20
22.3137
 11
-31.4388
 21
22.0317
  0
LINE
  8
0
 10
-31.4388
 20
22.0317
 11
-31.3202
 21
21.7548
  0
LINE
  8
0
 10
-31.3202
 20
21.7548
 11
-31.1925
 21
21.4389
  0
LINE
  8
0
 10
-31.1925
 20
21.4389
 11
-31.1101
 21
21.2183
  0
LINE
  8
0
 10
-31.1101
 20
21.2183
 11
-31.019
 21
20.9573
  0
LINE
  8
0
 10
-31.019
 20
20.9573
 11
-30.9641
 21
20.788
  0
LINE
  8
0
 10
-30.9641
 20
20.788
 11
-30.9004
 21
20.5769
  0
LINE
  8
0
 10
-30.9004
 20
20.5769
 11
-30.8336
 21
20.3311
  0
LINE
  8
0
 10
-30.8336
 20
20.3311
 11
-30.7841
 21
20.1292
  0
LINE
  8
0
 10
-30.7841
 20
20.1292
 11
-30.7338
 21
19.8921
  0
LINE
  8
0
 10
-30.7338
 20
19.8921
 11
-30.7054
 21
19.7379
  0
LINE
  8
0
 10
-30.7054
 20
19.7379
 11
-30.6761
 21
19.547
  0
LINE
  8
0
 10
-30.6761
 20
19.547
 11
-30.6491
 21
19.3236
  0
LINE
  8
0
 10
-30.6491
 20
19.3236
 11
-30.6317
 21
19.1052
  0
LINE
  8
0
 10
-30.6317
 20
19.1052
 11
-30.6239
 21
18.929
  0
LINE
  8
0
 10
-30.6239
 20
18.929
 11
-30.623
 21
18.7198
  0
LINE
  8
0
 10
-30.623
 20
18.7198
 11
-30.6271
 21
18.6177
  0
LINE
  8
0
 10
-30.6271
 20
18.6177
 11
-30.6349
 21
18.484
  0
LINE
  8
0
 10
-30.6349
 20
18.484
 11
-30.6473
 21
18.3522
  0
LINE
  8
0
 10
-30.6473
 20
18.3522
 11
-30.6683
 21
18.1906
  0
LINE
  8
0
 10
-30.6683
 20
18.1906
 11
-30.7022
 21
18.0043
  0
LINE
  8
0
 10
-30.7022
 20
18.0043
 11
-30.7379
 21
17.85
  0
LINE
  8
0
 10
-30.7379
 20
17.85
 11
-30.7796
 21
17.7008
  0
LINE
  8
0
 10
-30.7796
 20
17.7008
 11
-30.8276
 21
17.5557
  0
LINE
  8
0
 10
-30.8276
 20
17.5557
 11
-30.883
 21
17.4142
  0
LINE
  8
0
 10
-30.883
 20
17.4142
 11
-30.9448
 21
17.2765
  0
LINE
  8
0
 10
-30.9448
 20
17.2765
 11
-30.9984
 21
17.1684
  0
LINE
  8
0
 10
-30.9984
 20
17.1684
 11
-31.0707
 21
17.038
  0
LINE
  8
0
 10
-31.0707
 20
17.038
 11
-31.1183
 21
16.9611
  0
LINE
  8
0
 10
-31.1183
 20
16.9611
 11
-31.1847
 21
16.8608
  0
LINE
  8
0
 10
-31.1847
 20
16.8608
 11
-31.273
 21
16.7381
  0
LINE
  8
0
 10
-31.273
 20
16.7381
 11
-31.3683
 21
16.6205
  0
LINE
  8
0
 10
-31.3683
 20
16.6205
 11
-31.4081
 21
16.5742
  0
LINE
  8
0
 10
-31.4081
 20
16.5742
 11
-31.5115
 21
16.4621
  0
LINE
  8
0
 10
-31.5115
 20
16.4621
 11
-31.6232
 21
16.3518
  0
LINE
  8
0
 10
-31.6232
 20
16.3518
 11
-31.7404
 21
16.246
  0
LINE
  8
0
 10
-31.7404
 20
16.246
 11
-31.8379
 21
16.1655
  0
LINE
  8
0
 10
-31.8379
 20
16.1655
 11
-31.9414
 21
16.0854
  0
LINE
  8
0
 10
-31.9414
 20
16.0854
 11
-32.0746
 21
15.9901
  0
LINE
  8
0
 10
-32.0746
 20
15.9901
 11
-32.1877
 21
15.916
  0
LINE
  8
0
 10
-32.1877
 20
15.916
 11
-32.363
 21
15.8093
  0
LINE
  8
0
 10
-32.363
 20
15.8093
 11
-32.4541
 21
15.7585
  0
LINE
  8
0
 10
-32.4541
 20
15.7585
 11
-32.5484
 21
15.7086
  0
LINE
  8
0
 10
-32.5484
 20
15.7086
 11
-32.71
 21
15.6285
  0
LINE
  8
0
 10
-32.71
 20
15.6285
 11
-32.8775
 21
15.5521
  0
LINE
  8
0
 10
-32.8775
 20
15.5521
 11
-33.1599
 21
15.4381
  0
LINE
  8
0
 10
-33.1599
 20
15.4381
 11
-33.3444
 21
15.3708
  0
LINE
  8
0
 10
-33.3444
 20
15.3708
 11
-33.5738
 21
15.2966
  0
LINE
  8
0
 10
-33.5738
 20
15.2966
 11
-33.7331
 21
15.2499
  0
LINE
  8
0
 10
-33.7331
 20
15.2499
 11
-33.9368
 21
15.195
  0
LINE
  8
0
 10
-33.9368
 20
15.195
 11
-34.1917
 21
15.1332
  0
LINE
  8
0
 10
-34.1917
 20
15.1332
 11
-34.4984
 21
15.0687
  0
LINE
  8
0
 10
-34.4984
 20
15.0687
 11
-34.8198
 21
15.011
  0
LINE
  8
0
 10
-34.8198
 20
15.011
 11
-35.202
 21
14.9542
  0
LINE
  8
0
 10
-35.202
 20
14.9542
 11
-35.6003
 21
14.9071
  0
LINE
  8
0
 10
-35.6003
 20
14.9071
 11
-35.9628
 21
14.8741
  0
LINE
  8
0
 10
-35.9628
 20
14.8741
 11
-36.3373
 21
14.848
  0
LINE
  8
0
 10
-36.3373
 20
14.848
 11
-36.2521
 21
15.1515
  0
LINE
  8
0
 10
-24.0372
 20
14.8741
 11
-24.3997
 21
14.9071
  0
LINE
  8
0
 10
-24.3997
 20
14.9071
 11
-24.798
 21
14.9542
  0
LINE
  8
0
 10
-24.798
 20
14.9542
 11
-25.1802
 21
15.011
  0
LINE
  8
0
 10
-25.1802
 20
15.011
 11
-25.5016
 21
15.0682
  0
LINE
  8
0
 10
-25.5016
 20
15.0682
 11
-25.8083
 21
15.1332
  0
LINE
  8
0
 10
-25.8083
 20
15.1332
 11
-26.0632
 21
15.195
  0
LINE
  8
0
 10
-26.0632
 20
15.195
 11
-26.2669
 21
15.2499
  0
LINE
  8
0
 10
-26.2669
 20
15.2499
 11
-26.4262
 21
15.2966
  0
LINE
  8
0
 10
-26.4262
 20
15.2966
 11
-26.6556
 21
15.3712
  0
LINE
  8
0
 10
-26.6556
 20
15.3712
 11
-26.8401
 21
15.4381
  0
LINE
  8
0
 10
-26.8401
 20
15.4381
 11
-27.1234
 21
15.5525
  0
LINE
  8
0
 10
-27.1234
 20
15.5525
 11
-27.291
 21
15.629
  0
LINE
  8
0
 10
-27.291
 20
15.629
 11
-27.4525
 21
15.7091
  0
LINE
  8
0
 10
-27.4525
 20
15.7091
 11
-27.5459
 21
15.7585
  0
LINE
  8
0
 10
-27.5459
 20
15.7585
 11
-27.6379
 21
15.8098
  0
LINE
  8
0
 10
-27.6379
 20
15.8098
 11
-27.8133
 21
15.9164
  0
LINE
  8
0
 10
-27.8133
 20
15.9164
 11
-27.9254
 21
15.9901
  0
LINE
  8
0
 10
-27.9254
 20
15.9901
 11
-28.0586
 21
16.0854
  0
LINE
  8
0
 10
-28.0586
 20
16.0854
 11
-28.1621
 21
16.1655
  0
LINE
  8
0
 10
-28.1621
 20
16.1655
 11
-28.2596
 21
16.246
  0
LINE
  8
0
 10
-28.2596
 20
16.246
 11
-28.3777
 21
16.3527
  0
LINE
  8
0
 10
-28.3777
 20
16.3527
 11
-28.4885
 21
16.4621
  0
LINE
  8
0
 10
-28.4885
 20
16.4621
 11
-28.5924
 21
16.5747
  0
LINE
  8
0
 10
-28.5924
 20
16.5747
 11
-28.6327
 21
16.6214
  0
LINE
  8
0
 10
-28.6327
 20
16.6214
 11
-28.7279
 21
16.7395
  0
LINE
  8
0
 10
-28.7279
 20
16.7395
 11
-28.8153
 21
16.8608
  0
LINE
  8
0
 10
-28.8153
 20
16.8608
 11
-28.8821
 21
16.962
  0
LINE
  8
0
 10
-28.8821
 20
16.962
 11
-28.9297
 21
17.0389
  0
LINE
  8
0
 10
-28.9297
 20
17.0389
 11
-29.0016
 21
17.1684
  0
LINE
  8
0
 10
-29.0016
 20
17.1684
 11
-29.0556
 21
17.2774
  0
LINE
  8
0
 10
-29.0556
 20
17.2774
 11
-29.1174
 21
17.4156
  0
LINE
  8
0
 10
-29.1174
 20
17.4156
 11
-29.1728
 21
17.5571
  0
LINE
  8
0
 10
-29.1728
 20
17.5571
 11
-29.2209
 21
17.7022
  0
LINE
  8
0
 10
-29.2209
 20
17.7022
 11
-29.2621
 21
17.8514
  0
LINE
  8
0
 10
-29.2621
 20
17.8514
 11
-29.2982
 21
18.0043
  0
LINE
  8
0
 10
-29.2982
 20
18.0043
 11
-29.3321
 21
18.1924
  0
LINE
  8
0
 10
-29.3321
 20
18.1924
 11
-29.3527
 21
18.3531
  0
LINE
  8
0
 10
-29.3527
 20
18.3531
 11
-29.3651
 21
18.485
  0
LINE
  8
0
 10
-29.3651
 20
18.485
 11
-29.3729
 21
18.6186
  0
LINE
  8
0
 10
-29.3729
 20
18.6186
 11
-29.3765
 21
18.7198
  0
LINE
  8
0
 10
-29.3765
 20
18.7198
 11
-29.3765
 21
18.9285
  0
LINE
  8
0
 10
-29.3765
 20
18.9285
 11
-29.3683
 21
19.1052
  0
LINE
  8
0
 10
-29.3683
 20
19.1052
 11
-29.3509
 21
19.3236
  0
LINE
  8
0
 10
-29.3509
 20
19.3236
 11
-29.3239
 21
19.547
  0
LINE
  8
0
 10
-29.3239
 20
19.547
 11
-29.295
 21
19.7379
  0
LINE
  8
0
 10
-29.295
 20
19.7379
 11
-29.2662
 21
19.8921
  0
LINE
  8
0
 10
-29.2662
 20
19.8921
 11
-29.2159
 21
20.1292
  0
LINE
  8
0
 10
-29.2159
 20
20.1292
 11
-29.1664
 21
20.3311
  0
LINE
  8
0
 10
-29.1664
 20
20.3311
 11
-29.0991
 21
20.5769
  0
LINE
  8
0
 10
-29.0991
 20
20.5769
 11
-29.0364
 21
20.788
  0
LINE
  8
0
 10
-29.0364
 20
20.788
 11
-28.9806
 21
20.9573
  0
LINE
  8
0
 10
-28.9806
 20
20.9573
 11
-28.8904
 21
21.2183
  0
LINE
  8
0
 10
-28.8904
 20
21.2183
 11
-28.8071
 21
21.4389
  0
LINE
  8
0
 10
-28.8071
 20
21.4389
 11
-28.6798
 21
21.7548
  0
LINE
  8
0
 10
-28.6798
 20
21.7548
 11
-28.5612
 21
22.0317
  0
LINE
  8
0
 10
-28.5612
 20
22.0317
 11
-28.4322
 21
22.3137
  0
LINE
  8
0
 10
-28.4322
 20
22.3137
 11
-28.2953
 21
22.6007
  0
LINE
  8
0
 10
-28.2953
 20
22.6007
 11
-28.1804
 21
22.8296
  0
LINE
  8
0
 10
-28.1804
 20
22.8296
 11
-27.9254
 21
22.814
  0
LINE
  8
0
 10
-27.9254
 20
22.814
 11
-27.6082
 21
22.7893
  0
LINE
  8
0
 10
-27.6082
 20
22.7893
 11
-27.3001
 21
22.76
  0
LINE
  8
0
 10
-27.3001
 20
22.76
 11
-27.0012
 21
22.7243
  0
LINE
  8
0
 10
-27.0012
 20
22.7243
 11
-26.6643
 21
22.6767
  0
LINE
  8
0
 10
-26.6643
 20
22.6767
 11
-26.4304
 21
22.6382
  0
LINE
  8
0
 10
-26.4304
 20
22.6382
 11
-26.1607
 21
22.5861
  0
LINE
  8
0
 10
-26.1607
 20
22.5861
 11
-25.9854
 21
22.549
  0
LINE
  8
0
 10
-25.9854
 20
22.549
 11
-25.7712
 21
22.4986
  0
LINE
  8
0
 10
-25.7712
 20
22.4986
 11
-25.5244
 21
22.4336
  0
LINE
  8
0
 10
-25.5244
 20
22.4336
 11
-25.3244
 21
22.3755
  0
LINE
  8
0
 10
-25.3244
 20
22.3755
 11
-25.0951
 21
22.3009
  0
LINE
  8
0
 10
-25.0951
 20
22.3009
 11
-24.9458
 21
22.2473
  0
LINE
  8
0
 10
-24.9458
 20
22.2473
 11
-24.7664
 21
22.1782
  0
LINE
  8
0
 10
-24.7664
 20
22.1782
 11
-24.5595
 21
22.0898
  0
LINE
  8
0
 10
-24.5595
 20
22.0898
 11
-24.3617
 21
21.996
  0
LINE
  8
0
 10
-24.3617
 20
21.996
 11
-24.2052
 21
21.9136
  0
LINE
  8
0
 10
-24.2052
 20
21.9136
 11
-24.0239
 21
21.8097
  0
LINE
  8
0
 10
-24.0239
 20
21.8097
 11
-23.9378
 21
21.7557
  0
LINE
  8
0
 10
-23.9378
 20
21.7557
 11
-23.8252
 21
21.682
  0
LINE
  8
0
 10
-23.8252
 20
21.682
 11
-23.7186
 21
21.6064
  0
LINE
  8
0
 10
-23.7186
 20
21.6064
 11
-23.5886
 21
21.5067
  0
LINE
  8
0
 10
-23.5886
 20
21.5067
 11
-23.4435
 21
21.384
  0
LINE
  8
0
 10
-23.4435
 20
21.384
 11
-23.3281
 21
21.2759
  0
LINE
  8
0
 10
-23.3281
 20
21.2759
 11
-23.2196
 21
21.1652
  0
LINE
  8
0
 10
-23.2196
 20
21.1652
 11
-23.118
 21
21.0503
  0
LINE
  8
0
 10
-23.118
 20
21.0503
 11
-23.0228
 21
20.9326
  0
LINE
  8
0
 10
-23.0228
 20
20.9326
 11
-22.9353
 21
20.8113
  0
LINE
  8
0
 10
-22.9353
 20
20.8113
 11
-22.8685
 21
20.7101
  0
LINE
  8
0
 10
-22.8685
 20
20.7101
 11
-22.7911
 21
20.5811
  0
LINE
  8
0
 10
-22.7911
 20
20.5811
 11
-22.7486
 21
20.5023
  0
LINE
  8
0
 10
-22.7486
 20
20.5023
 11
-22.695
 21
20.3947
  0
LINE
  8
0
 10
-22.695
 20
20.3947
 11
-22.6332
 21
20.2565
  0
LINE
  8
0
 10
-22.6332
 20
20.2565
 11
-22.5778
 21
20.1151
  0
LINE
  8
0
 10
-22.5778
 20
20.1151
 11
-22.5586
 21
20.0578
  0
LINE
  8
0
 10
-22.5586
 20
20.0578
 11
-22.5128
 21
19.9109
  0
LINE
  8
0
 10
-22.5128
 20
19.9109
 11
-22.473
 21
19.7598
  0
LINE
  8
0
 10
-22.473
 20
19.7598
 11
-22.4405
 21
19.6056
  0
LINE
  8
0
 10
-22.4405
 20
19.6056
 11
-22.419
 21
19.4801
  0
LINE
  8
0
 10
-22.419
 20
19.4801
 11
-22.4016
 21
19.3515
  0
LINE
  8
0
 10
-22.4016
 20
19.3515
 11
-22.3856
 21
19.1872
  0
LINE
  8
0
 10
-22.3856
 20
19.1872
 11
-22.3782
 21
19.0549
  0
LINE
  8
0
 10
-22.3782
 20
19.0549
 11
-22.3732
 21
18.8484
  0
LINE
  8
0
 10
-22.3732
 20
18.8484
 11
-22.3741
 21
18.7436
  0
LINE
  8
0
 10
-22.3741
 20
18.7436
 11
-22.3787
 21
18.6378
  0
LINE
  8
0
 10
-22.3787
 20
18.6378
 11
-22.3901
 21
18.4575
  0
LINE
  8
0
 10
-22.3901
 20
18.4575
 11
-22.4075
 21
18.2735
  0
LINE
  8
0
 10
-22.4075
 20
18.2735
 11
-22.4496
 21
17.9741
  0
LINE
  8
0
 10
-22.4496
 20
17.9741
 11
-22.4844
 21
17.7791
  0
LINE
  8
0
 10
-22.4844
 20
17.7791
 11
-22.5348
 21
17.5424
  0
LINE
  8
0
 10
-22.5348
 20
17.5424
 11
-22.5737
 21
17.3817
  0
LINE
  8
0
 10
-22.5737
 20
17.3817
 11
-22.6277
 21
17.178
  0
LINE
  8
0
 10
-22.6277
 20
17.178
 11
-22.7014
 21
16.9272
  0
LINE
  8
0
 10
-22.7014
 20
16.9272
 11
-22.7994
 21
16.6283
  0
LINE
  8
0
 10
-22.7994
 20
16.6283
 11
-22.9106
 21
16.3216
  0
LINE
  8
0
 10
-22.9106
 20
16.3216
 11
-23.0521
 21
15.9622
  0
LINE
  8
0
 10
-23.0521
 20
15.9622
 11
-23.2104
 21
15.5937
  0
LINE
  8
0
 10
-23.2104
 20
15.5937
 11
-23.3633
 21
15.2632
  0
LINE
  8
0
 10
-23.3633
 20
15.2632
 11
-23.5281
 21
14.9268
  0
LINE
  8
0
 10
-23.5281
 20
14.9268
 11
-23.7479
 21
15.1515
  0
LINE
  8
0
 10
-23.7479
 20
15.1515
 11
-23.6627
 21
14.848
  0
LINE
  8
0
 10
-23.6627
 20
14.848
 11
-24.0372
 21
14.8741
  0
LINE
  8
0
 10
-6.25214
 20
15.1515
 11
-6.47186
 21
14.9268
  0
LINE
  8
0
 10
-6.47186
 20
14.9268
 11
-6.63712
 21
15.2641
  0
LINE
  8
0
 10
-6.63712
 20
15.2641
 11
-6.78955
 21
15.5942
  0
LINE
  8
0
 10
-6.78955
 20
15.5942
 11
-6.94839
 21
15.9631
  0
LINE
  8
0
 10
-6.94839
 20
15.9631
 11
-7.08984
 21
16.3225
  0
LINE
  8
0
 10
-7.08984
 20
16.3225
 11
-7.20108
 21
16.6283
  0
LINE
  8
0
 10
-7.20108
 20
16.6283
 11
-7.29813
 21
16.9272
  0
LINE
  8
0
 10
-7.29813
 20
16.9272
 11
-7.37228
 21
17.178
  0
LINE
  8
0
 10
-7.37228
 20
17.178
 11
-7.4263
 21
17.3817
  0
LINE
  8
0
 10
-7.4263
 20
17.3817
 11
-7.46521
 21
17.5429
  0
LINE
  8
0
 10
-7.46521
 20
17.5429
 11
-7.51511
 21
17.7791
  0
LINE
  8
0
 10
-7.51511
 20
17.7791
 11
-7.55035
 21
17.9741
  0
LINE
  8
0
 10
-7.55035
 20
17.9741
 11
-7.59247
 21
18.2748
  0
LINE
  8
0
 10
-7.59247
 20
18.2748
 11
-7.60986
 21
18.4584
  0
LINE
  8
0
 10
-7.60986
 20
18.4584
 11
-7.62131
 21
18.6383
  0
LINE
  8
0
 10
-7.62131
 20
18.6383
 11
-7.62543
 21
18.7436
  0
LINE
  8
0
 10
-7.62543
 20
18.7436
 11
-7.6268
 21
18.8493
  0
LINE
  8
0
 10
-7.6268
 20
18.8493
 11
-7.62222
 21
19.0549
  0
LINE
  8
0
 10
-7.62222
 20
19.0549
 11
-7.61444
 21
19.1872
  0
LINE
  8
0
 10
-7.61444
 20
19.1872
 11
-7.59842
 21
19.3515
  0
LINE
  8
0
 10
-7.59842
 20
19.3515
 11
-7.58102
 21
19.4801
  0
LINE
  8
0
 10
-7.58102
 20
19.4801
 11
-7.55951
 21
19.6056
  0
LINE
  8
0
 10
-7.55951
 20
19.6056
 11
-7.52701
 21
19.7598
  0
LINE
  8
0
 10
-7.52701
 20
19.7598
 11
-7.48718
 21
19.9109
  0
LINE
  8
0
 10
-7.48718
 20
19.9109
 11
-7.44141
 21
20.0578
  0
LINE
  8
0
 10
-7.44141
 20
20.0578
 11
-7.42218
 21
20.1151
  0
LINE
  8
0
 10
-7.42218
 20
20.1151
 11
-7.36679
 21
20.2565
  0
LINE
  8
0
 10
-7.36679
 20
20.2565
 11
-7.30499
 21
20.3947
  0
LINE
  8
0
 10
-7.30499
 20
20.3947
 11
-7.25143
 21
20.5023
  0
LINE
  8
0
 10
-7.25143
 20
20.5023
 11
-7.20886
 21
20.5811
  0
LINE
  8
0
 10
-7.20886
 20
20.5811
 11
-7.1315
 21
20.7101
  0
LINE
  8
0
 10
-7.1315
 20
20.7101
 11
-7.06467
 21
20.8113
  0
LINE
  8
0
 10
-7.06467
 20
20.8113
 11
-6.97723
 21
20.9326
  0
LINE
  8
0
 10
-6.97723
 20
20.9326
 11
-6.88202
 21
21.0503
  0
LINE
  8
0
 10
-6.88202
 20
21.0503
 11
-6.7804
 21
21.1652
  0
LINE
  8
0
 10
-6.7804
 20
21.1652
 11
-6.67191
 21
21.2759
  0
LINE
  8
0
 10
-6.67191
 20
21.2759
 11
-6.55655
 21
21.384
  0
LINE
  8
0
 10
-6.55655
 20
21.384
 11
-6.41144
 21
21.5067
  0
LINE
  8
0
 10
-6.41144
 20
21.5067
 11
-6.28143
 21
21.6064
  0
LINE
  8
0
 10
-6.28143
 20
21.6064
 11
-6.17477
 21
21.682
  0
LINE
  8
0
 10
-6.17477
 20
21.682
 11
-6.06216
 21
21.7557
  0
LINE
  8
0
 10
-6.06216
 20
21.7557
 11
-5.9761
 21
21.8097
  0
LINE
  8
0
 10
-5.9761
 20
21.8097
 11
-5.79483
 21
21.9136
  0
LINE
  8
0
 10
-5.79483
 20
21.9136
 11
-5.63828
 21
21.996
  0
LINE
  8
0
 10
-5.63828
 20
21.996
 11
-5.44052
 21
22.0898
  0
LINE
  8
0
 10
-5.44052
 20
22.0898
 11
-5.23361
 21
22.1782
  0
LINE
  8
0
 10
-5.23361
 20
22.1782
 11
-5.05417
 21
22.2473
  0
LINE
  8
0
 10
-5.05417
 20
22.2473
 11
-4.90494
 21
22.3013
  0
LINE
  8
0
 10
-4.90494
 20
22.3013
 11
-4.6756
 21
22.3755
  0
LINE
  8
0
 10
-4.6756
 20
22.3755
 11
-4.47556
 21
22.4336
  0
LINE
  8
0
 10
-4.47556
 20
22.4336
 11
-4.22882
 21
22.4986
  0
LINE
  8
0
 10
-4.22882
 20
22.4986
 11
-4.01459
 21
22.549
  0
LINE
  8
0
 10
-4.01459
 20
22.549
 11
-3.83926
 21
22.5861
  0
LINE
  8
0
 10
-3.83926
 20
22.5861
 11
-3.56964
 21
22.6378
  0
LINE
  8
0
 10
-3.56964
 20
22.6378
 11
-3.33572
 21
22.6767
  0
LINE
  8
0
 10
-3.33572
 20
22.6767
 11
-2.99881
 21
22.7243
  0
LINE
  8
0
 10
-2.99881
 20
22.7243
 11
-2.69989
 21
22.76
  0
LINE
  8
0
 10
-2.69989
 20
22.76
 11
-2.39182
 21
22.7893
  0
LINE
  8
0
 10
-2.39182
 20
22.7893
 11
-2.07458
 21
22.814
  0
LINE
  8
0
 10
-2.07458
 20
22.814
 11
-1.81961
 21
22.8296
  0
LINE
  8
0
 10
-1.81961
 20
22.8296
 11
-1.70471
 21
22.6007
  0
LINE
  8
0
 10
-1.70471
 20
22.6007
 11
-1.56784
 21
22.3137
  0
LINE
  8
0
 10
-1.56784
 20
22.3137
 11
-1.43875
 21
22.0317
  0
LINE
  8
0
 10
-1.43875
 20
22.0317
 11
-1.32019
 21
21.7548
  0
LINE
  8
0
 10
-1.32019
 20
21.7548
 11
-1.19247
 21
21.4389
  0
LINE
  8
0
 10
-1.19247
 20
21.4389
 11
-1.11008
 21
21.2183
  0
LINE
  8
0
 10
-1.11008
 20
21.2183
 11
-1.01898
 21
20.9573
  0
LINE
  8
0
 10
-1.01898
 20
20.9573
 11
-0.96405
 21
20.788
  0
LINE
  8
0
 10
-0.96405
 20
20.788
 11
-0.900421
 21
20.5769
  0
LINE
  8
0
 10
-0.900421
 20
20.5769
 11
-0.833588
 21
20.3311
  0
LINE
  8
0
 10
-0.833588
 20
20.3311
 11
-0.784149
 21
20.1292
  0
LINE
  8
0
 10
-0.784149
 20
20.1292
 11
-0.733795
 21
19.8921
  0
LINE
  8
0
 10
-0.733795
 20
19.8921
 11
-0.705414
 21
19.7379
  0
LINE
  8
0
 10
-0.705414
 20
19.7379
 11
-0.676117
 21
19.547
  0
LINE
  8
0
 10
-0.676117
 20
19.547
 11
-0.649109
 21
19.3236
  0
LINE
  8
0
 10
-0.649109
 20
19.3236
 11
-0.631714
 21
19.1052
  0
LINE
  8
0
 10
-0.631714
 20
19.1052
 11
-0.623932
 21
18.929
  0
LINE
  8
0
 10
-0.623932
 20
18.929
 11
-0.623016
 21
18.7198
  0
LINE
  8
0
 10
-0.623016
 20
18.7198
 11
-0.627136
 21
18.6177
  0
LINE
  8
0
 10
-0.627136
 20
18.6177
 11
-0.634918
 21
18.484
  0
LINE
  8
0
 10
-0.634918
 20
18.484
 11
-0.647278
 21
18.3522
  0
LINE
  8
0
 10
-0.647278
 20
18.3522
 11
-0.668335
 21
18.1906
  0
LINE
  8
0
 10
-0.668335
 20
18.1906
 11
-0.702209
 21
18.0043
  0
LINE
  8
0
 10
-0.702209
 20
18.0043
 11
-0.737915
 21
17.85
  0
LINE
  8
0
 10
-0.737915
 20
17.85
 11
-0.779572
 21
17.7008
  0
LINE
  8
0
 10
-0.779572
 20
17.7008
 11
-0.827637
 21
17.5557
  0
LINE
  8
0
 10
-0.827637
 20
17.5557
 11
-0.883026
 21
17.4142
  0
LINE
  8
0
 10
-0.883026
 20
17.4142
 11
-0.944824
 21
17.2765
  0
LINE
  8
0
 10
-0.944824
 20
17.2765
 11
-0.998383
 21
17.1684
  0
LINE
  8
0
 10
-0.998383
 20
17.1684
 11
-1.07071
 21
17.038
  0
LINE
  8
0
 10
-1.07071
 20
17.038
 11
-1.11832
 21
16.9611
  0
LINE
  8
0
 10
-1.11832
 20
16.9611
 11
-1.18469
 21
16.8608
  0
LINE
  8
0
 10
-1.18469
 20
16.8608
 11
-1.27304
 21
16.7381
  0
LINE
  8
0
 10
-1.27304
 20
16.7381
 11
-1.36826
 21
16.6205
  0
LINE
  8
0
 10
-1.36826
 20
16.6205
 11
-1.40808
 21
16.5742
  0
LINE
  8
0
 10
-1.40808
 20
16.5742
 11
-1.51154
 21
16.4621
  0
LINE
  8
0
 10
-1.51154
 20
16.4621
 11
-1.62323
 21
16.3518
  0
LINE
  8
0
 10
-1.62323
 20
16.3518
 11
-1.74042
 21
16.246
  0
LINE
  8
0
 10
-1.74042
 20
16.246
 11
-1.83792
 21
16.1655
  0
LINE
  8
0
 10
-1.83792
 20
16.1655
 11
-1.94138
 21
16.0854
  0
LINE
  8
0
 10
-1.94138
 20
16.0854
 11
-2.07458
 21
15.9901
  0
LINE
  8
0
 10
-2.07458
 20
15.9901
 11
-2.18765
 21
15.916
  0
LINE
  8
0
 10
-2.18765
 20
15.916
 11
-2.36298
 21
15.8093
  0
LINE
  8
0
 10
-2.36298
 20
15.8093
 11
-2.45407
 21
15.7585
  0
LINE
  8
0
 10
-2.45407
 20
15.7585
 11
-2.54837
 21
15.7086
  0
LINE
  8
0
 10
-2.54837
 20
15.7086
 11
-2.70996
 21
15.6285
  0
LINE
  8
0
 10
-2.70996
 20
15.6285
 11
-2.8775
 21
15.5521
  0
LINE
  8
0
 10
-2.8775
 20
15.5521
 11
-3.15994
 21
15.4381
  0
LINE
  8
0
 10
-3.15994
 20
15.4381
 11
-3.34442
 21
15.3708
  0
LINE
  8
0
 10
-3.34442
 20
15.3708
 11
-3.57376
 21
15.2966
  0
LINE
  8
0
 10
-3.57376
 20
15.2966
 11
-3.73306
 21
15.2499
  0
LINE
  8
0
 10
-3.73306
 20
15.2499
 11
-3.93677
 21
15.195
  0
LINE
  8
0
 10
-3.93677
 20
15.195
 11
-4.19174
 21
15.1332
  0
LINE
  8
0
 10
-4.19174
 20
15.1332
 11
-4.49844
 21
15.0687
  0
LINE
  8
0
 10
-4.49844
 20
15.0687
 11
-4.81979
 21
15.011
  0
LINE
  8
0
 10
-4.81979
 20
15.011
 11
-5.20203
 21
14.9542
  0
LINE
  8
0
 10
-5.20203
 20
14.9542
 11
-5.60028
 21
14.9071
  0
LINE
  8
0
 10
-5.60028
 20
14.9071
 11
-5.96283
 21
14.8741
  0
LINE
  8
0
 10
-5.96283
 20
14.8741
 11
-6.33728
 21
14.848
  0
LINE
  8
0
 10
-6.33728
 20
14.848
 11
-6.25214
 21
15.1515
  0
LINE
  8
0
 10
5.96283
 20
14.8741
 11
5.60028
 21
14.9071
  0
LINE
  8
0
 10
5.60028
 20
14.9071
 11
5.20203
 21
14.9542
  0
LINE
  8
0
 10
5.20203
 20
14.9542
 11
4.81979
 21
15.011
  0
LINE
  8
0
 10
4.81979
 20
15.011
 11
4.49844
 21
15.0682
  0
LINE
  8
0
 10
4.49844
 20
15.0682
 11
4.19174
 21
15.1332
  0
LINE
  8
0
 10
4.19174
 20
15.1332
 11
3.93677
 21
15.195
  0
LINE
  8
0
 10
3.93677
 20
15.195
 11
3.73306
 21
15.2499
  0
LINE
  8
0
 10
3.73306
 20
15.2499
 11
3.57376
 21
15.2966
  0
LINE
  8
0
 10
3.57376
 20
15.2966
 11
3.34442
 21
15.3712
  0
LINE
  8
0
 10
3.34442
 20
15.3712
 11
3.15994
 21
15.4381
  0
LINE
  8
0
 10
3.15994
 20
15.4381
 11
2.87659
 21
15.5525
  0
LINE
  8
0
 10
2.87659
 20
15.5525
 11
2.70905
 21
15.629
  0
LINE
  8
0
 10
2.70905
 20
15.629
 11
2.54745
 21
15.7091
  0
LINE
  8
0
 10
2.54745
 20
15.7091
 11
2.45407
 21
15.7585
  0
LINE
  8
0
 10
2.45407
 20
15.7585
 11
2.36206
 21
15.8098
  0
LINE
  8
0
 10
2.36206
 20
15.8098
 11
2.18674
 21
15.9164
  0
LINE
  8
0
 10
2.18674
 20
15.9164
 11
2.07458
 21
15.9901
  0
LINE
  8
0
 10
2.07458
 20
15.9901
 11
1.94138
 21
16.0854
  0
LINE
  8
0
 10
1.94138
 20
16.0854
 11
1.83792
 21
16.1655
  0
LINE
  8
0
 10
1.83792
 20
16.1655
 11
1.74042
 21
16.246
  0
LINE
  8
0
 10
1.74042
 20
16.246
 11
1.62231
 21
16.3527
  0
LINE
  8
0
 10
1.62231
 20
16.3527
 11
1.51154
 21
16.4621
  0
LINE
  8
0
 10
1.51154
 20
16.4621
 11
1.40762
 21
16.5747
  0
LINE
  8
0
 10
1.40762
 20
16.5747
 11
1.36734
 21
16.6214
  0
LINE
  8
0
 10
1.36734
 20
16.6214
 11
1.27213
 21
16.7395
  0
LINE
  8
0
 10
1.27213
 20
16.7395
 11
1.18469
 21
16.8608
  0
LINE
  8
0
 10
1.18469
 20
16.8608
 11
1.11786
 21
16.962
  0
LINE
  8
0
 10
1.11786
 20
16.962
 11
1.07025
 21
17.0389
  0
LINE
  8
0
 10
1.07025
 20
17.0389
 11
0.998383
 21
17.1684
  0
LINE
  8
0
 10
0.998383
 20
17.1684
 11
0.944366
 21
17.2774
  0
LINE
  8
0
 10
0.944366
 20
17.2774
 11
0.882568
 21
17.4156
  0
LINE
  8
0
 10
0.882568
 20
17.4156
 11
0.827179
 21
17.5571
  0
LINE
  8
0
 10
0.827179
 20
17.5571
 11
0.779114
 21
17.7022
  0
LINE
  8
0
 10
0.779114
 20
17.7022
 11
0.737915
 21
17.8514
  0
LINE
  8
0
 10
0.737915
 20
17.8514
 11
0.701752
 21
18.0043
  0
LINE
  8
0
 10
0.701752
 20
18.0043
 11
0.667877
 21
18.1924
  0
LINE
  8
0
 10
0.667877
 20
18.1924
 11
0.647278
 21
18.3531
  0
LINE
  8
0
 10
0.647278
 20
18.3531
 11
0.634918
 21
18.485
  0
LINE
  8
0
 10
0.634918
 20
18.485
 11
0.627136
 21
18.6186
  0
LINE
  8
0
 10
0.627136
 20
18.6186
 11
0.623474
 21
18.7198
  0
LINE
  8
0
 10
0.623474
 20
18.7198
 11
0.623474
 21
18.9285
  0
LINE
  8
0
 10
0.623474
 20
18.9285
 11
0.631714
 21
19.1052
  0
LINE
  8
0
 10
0.631714
 20
19.1052
 11
0.649109
 21
19.3236
  0
LINE
  8
0
 10
0.649109
 20
19.3236
 11
0.676117
 21
19.547
  0
LINE
  8
0
 10
0.676117
 20
19.547
 11
0.704956
 21
19.7379
  0
LINE
  8
0
 10
0.704956
 20
19.7379
 11
0.733795
 21
19.8921
  0
LINE
  8
0
 10
0.733795
 20
19.8921
 11
0.784149
 21
20.1292
  0
LINE
  8
0
 10
0.784149
 20
20.1292
 11
0.833588
 21
20.3311
  0
LINE
  8
0
 10
0.833588
 20
20.3311
 11
0.900879
 21
20.5769
  0
LINE
  8
0
 10
0.900879
 20
20.5769
 11
0.963593
 21
20.788
  0
LINE
  8
0
 10
0.963593
 20
20.788
 11
1.01944
 21
20.9573
  0
LINE
  8
0
 10
1.01944
 20
20.9573
 11
1.10962
 21
21.2183
  0
LINE
  8
0
 10
1.10962
 20
21.2183
 11
1.19293
 21
21.4389
  0
LINE
  8
0
 10
1.19293
 20
21.4389
 11
1.32019
 21
21.7548
  0
LINE
  8
0
 10
1.32019
 20
21.7548
 11
1.43875
 21
22.0317
  0
LINE
  8
0
 10
1.43875
 20
22.0317
 11
1.56784
 21
22.3137
  0
LINE
  8
0
 10
1.56784
 20
22.3137
 11
1.70471
 21
22.6007
  0
LINE
  8
0
 10
1.70471
 20
22.6007
 11
1.81961
 21
22.8296
  0
LINE
  8
0
 10
1.81961
 20
22.8296
 11
2.07458
 21
22.814
  0
LINE
  8
0
 10
2.07458
 20
22.814
 11
2.39182
 21
22.7893
  0
LINE
  8
0
 10
2.39182
 20
22.7893
 11
2.69989
 21
22.76
  0
LINE
  8
0
 10
2.69989
 20
22.76
 11
2.99881
 21
22.7243
  0
LINE
  8
0
 10
2.99881
 20
22.7243
 11
3.33572
 21
22.6767
  0
LINE
  8
0
 10
3.33572
 20
22.6767
 11
3.56964
 21
22.6382
  0
LINE
  8
0
 10
3.56964
 20
22.6382
 11
3.83926
 21
22.5861
  0
LINE
  8
0
 10
3.83926
 20
22.5861
 11
4.01459
 21
22.549
  0
LINE
  8
0
 10
4.01459
 20
22.549
 11
4.22882
 21
22.4986
  0
LINE
  8
0
 10
4.22882
 20
22.4986
 11
4.47556
 21
22.4336
  0
LINE
  8
0
 10
4.47556
 20
22.4336
 11
4.6756
 21
22.3755
  0
LINE
  8
0
 10
4.6756
 20
22.3755
 11
4.90494
 21
22.3009
  0
LINE
  8
0
 10
4.90494
 20
22.3009
 11
5.05417
 21
22.2473
  0
LINE
  8
0
 10
5.05417
 20
22.2473
 11
5.23361
 21
22.1782
  0
LINE
  8
0
 10
5.23361
 20
22.1782
 11
5.44052
 21
22.0898
  0
LINE
  8
0
 10
5.44052
 20
22.0898
 11
5.63828
 21
21.996
  0
LINE
  8
0
 10
5.63828
 20
21.996
 11
5.79483
 21
21.9136
  0
LINE
  8
0
 10
5.79483
 20
21.9136
 11
5.9761
 21
21.8097
  0
LINE
  8
0
 10
5.9761
 20
21.8097
 11
6.06216
 21
21.7557
  0
LINE
  8
0
 10
6.06216
 20
21.7557
 11
6.17477
 21
21.682
  0
LINE
  8
0
 10
6.17477
 20
21.682
 11
6.28143
 21
21.6064
  0
LINE
  8
0
 10
6.28143
 20
21.6064
 11
6.41144
 21
21.5067
  0
LINE
  8
0
 10
6.41144
 20
21.5067
 11
6.55655
 21
21.384
  0
LINE
  8
0
 10
6.55655
 20
21.384
 11
6.67191
 21
21.2759
  0
LINE
  8
0
 10
6.67191
 20
21.2759
 11
6.7804
 21
21.1652
  0
LINE
  8
0
 10
6.7804
 20
21.1652
 11
6.88202
 21
21.0503
  0
LINE
  8
0
 10
6.88202
 20
21.0503
 11
6.97723
 21
20.9326
  0
LINE
  8
0
 10
6.97723
 20
20.9326
 11
7.06467
 21
20.8113
  0
LINE
  8
0
 10
7.06467
 20
20.8113
 11
7.1315
 21
20.7101
  0
LINE
  8
0
 10
7.1315
 20
20.7101
 11
7.20886
 21
20.5811
  0
LINE
  8
0
 10
7.20886
 20
20.5811
 11
7.25143
 21
20.5023
  0
LINE
  8
0
 10
7.25143
 20
20.5023
 11
7.30499
 21
20.3947
  0
LINE
  8
0
 10
7.30499
 20
20.3947
 11
7.36679
 21
20.2565
  0
LINE
  8
0
 10
7.36679
 20
20.2565
 11
7.42218
 21
20.1151
  0
LINE
  8
0
 10
7.42218
 20
20.1151
 11
7.44141
 21
20.0578
  0
LINE
  8
0
 10
7.44141
 20
20.0578
 11
7.48718
 21
19.9109
  0
LINE
  8
0
 10
7.48718
 20
19.9109
 11
7.52701
 21
19.7598
  0
LINE
  8
0
 10
7.52701
 20
19.7598
 11
7.55951
 21
19.6056
  0
LINE
  8
0
 10
7.55951
 20
19.6056
 11
7.58102
 21
19.4801
  0
LINE
  8
0
 10
7.58102
 20
19.4801
 11
7.59842
 21
19.3515
  0
LINE
  8
0
 10
7.59842
 20
19.3515
 11
7.61444
 21
19.1872
  0
LINE
  8
0
 10
7.61444
 20
19.1872
 11
7.62177
 21
19.0549
  0
LINE
  8
0
 10
7.62177
 20
19.0549
 11
7.6268
 21
18.8484
  0
LINE
  8
0
 10
7.6268
 20
18.8484
 11
7.62589
 21
18.7436
  0
LINE
  8
0
 10
7.62589
 20
18.7436
 11
7.62131
 21
18.6378
  0
LINE
  8
0
 10
7.62131
 20
18.6378
 11
7.60986
 21
18.4575
  0
LINE
  8
0
 10
7.60986
 20
18.4575
 11
7.59247
 21
18.2735
  0
LINE
  8
0
 10
7.59247
 20
18.2735
 11
7.55035
 21
17.9741
  0
LINE
  8
0
 10
7.55035
 20
17.9741
 11
7.51556
 21
17.7791
  0
LINE
  8
0
 10
7.51556
 20
17.7791
 11
7.46521
 21
17.5424
  0
LINE
  8
0
 10
7.46521
 20
17.5424
 11
7.4263
 21
17.3817
  0
LINE
  8
0
 10
7.4263
 20
17.3817
 11
7.37228
 21
17.178
  0
LINE
  8
0
 10
7.37228
 20
17.178
 11
7.29858
 21
16.9272
  0
LINE
  8
0
 10
7.29858
 20
16.9272
 11
7.20062
 21
16.6283
  0
LINE
  8
0
 10
7.20062
 20
16.6283
 11
7.08939
 21
16.3216
  0
LINE
  8
0
 10
7.08939
 20
16.3216
 11
6.94794
 21
15.9622
  0
LINE
  8
0
 10
6.94794
 20
15.9622
 11
6.78955
 21
15.5937
  0
LINE
  8
0
 10
6.78955
 20
15.5937
 11
6.63666
 21
15.2632
  0
LINE
  8
0
 10
6.63666
 20
15.2632
 11
6.47186
 21
14.9268
  0
LINE
  8
0
 10
6.47186
 20
14.9268
 11
6.25214
 21
15.1515
  0
LINE
  8
0
 10
6.25214
 20
15.1515
 11
6.33728
 21
14.848
  0
LINE
  8
0
 10
6.33728
 20
14.848
 11
5.96283
 21
14.8741
  0
LINE
  8
0
 10
35.9628
 20
14.8741
 11
35.6003
 21
14.9071
  0
LINE
  8
0
 10
35.6003
 20
14.9071
 11
35.202
 21
14.9542
  0
LINE
  8
0
 10
35.202
 20
14.9542
 11
34.8198
 21
15.011
  0
LINE
  8
0
 10
34.8198
 20
15.011
 11
34.4984
 21
15.0682
  0
LINE
  8
0
 10
34.4984
 20
15.0682
 11
34.1917
 21
15.1332
  0
LINE
  8
0
 10
34.1917
 20
15.1332
 11
33.9368
 21
15.195
  0
LINE
  8
0
 10
33.9368
 20
15.195
 11
33.7331
 21
15.2499
  0
LINE
  8
0
 10
33.7331
 20
15.2499
 11
33.5738
 21
15.2966
  0
LINE
  8
0
 10
33.5738
 20
15.2966
 11
33.3444
 21
15.3712
  0
LINE
  8
0
 10
33.3444
 20
15.3712
 11
33.1599
 21
15.4381
  0
LINE
  8
0
 10
33.1599
 20
15.4381
 11
32.8766
 21
15.5525
  0
LINE
  8
0
 10
32.8766
 20
15.5525
 11
32.709
 21
15.629
  0
LINE
  8
0
 10
32.709
 20
15.629
 11
32.5475
 21
15.7091
  0
LINE
  8
0
 10
32.5475
 20
15.7091
 11
32.4541
 21
15.7585
  0
LINE
  8
0
 10
32.4541
 20
15.7585
 11
32.3621
 21
15.8098
  0
LINE
  8
0
 10
32.3621
 20
15.8098
 11
32.1867
 21
15.9164
  0
LINE
  8
0
 10
32.1867
 20
15.9164
 11
32.0746
 21
15.9901
  0
LINE
  8
0
 10
32.0746
 20
15.9901
 11
31.9414
 21
16.0854
  0
LINE
  8
0
 10
31.9414
 20
16.0854
 11
31.8379
 21
16.1655
  0
LINE
  8
0
 10
31.8379
 20
16.1655
 11
31.7404
 21
16.246
  0
LINE
  8
0
 10
31.7404
 20
16.246
 11
31.6223
 21
16.3527
  0
LINE
  8
0
 10
31.6223
 20
16.3527
 11
31.5115
 21
16.4621
  0
LINE
  8
0
 10
31.5115
 20
16.4621
 11
31.4076
 21
16.5747
  0
LINE
  8
0
 10
31.4076
 20
16.5747
 11
31.3673
 21
16.6214
  0
LINE
  8
0
 10
31.3673
 20
16.6214
 11
31.2721
 21
16.7395
  0
LINE
  8
0
 10
31.2721
 20
16.7395
 11
31.1847
 21
16.8608
  0
LINE
  8
0
 10
31.1847
 20
16.8608
 11
31.1179
 21
16.962
  0
LINE
  8
0
 10
31.1179
 20
16.962
 11
31.0703
 21
17.0389
  0
LINE
  8
0
 10
31.0703
 20
17.0389
 11
30.9984
 21
17.1684
  0
LINE
  8
0
 10
30.9984
 20
17.1684
 11
30.9444
 21
17.2774
  0
LINE
  8
0
 10
30.9444
 20
17.2774
 11
30.8826
 21
17.4156
  0
LINE
  8
0
 10
30.8826
 20
17.4156
 11
30.8272
 21
17.5571
  0
LINE
  8
0
 10
30.8272
 20
17.5571
 11
30.7791
 21
17.7022
  0
LINE
  8
0
 10
30.7791
 20
17.7022
 11
30.7379
 21
17.8514
  0
LINE
  8
0
 10
30.7379
 20
17.8514
 11
30.7018
 21
18.0043
  0
LINE
  8
0
 10
30.7018
 20
18.0043
 11
30.6679
 21
18.1924
  0
LINE
  8
0
 10
30.6679
 20
18.1924
 11
30.6473
 21
18.3531
  0
LINE
  8
0
 10
30.6473
 20
18.3531
 11
30.6349
 21
18.485
  0
LINE
  8
0
 10
30.6349
 20
18.485
 11
30.6271
 21
18.6186
  0
LINE
  8
0
 10
30.6271
 20
18.6186
 11
30.6235
 21
18.7198
  0
LINE
  8
0
 10
30.6235
 20
18.7198
 11
30.6235
 21
18.9285
  0
LINE
  8
0
 10
30.6235
 20
18.9285
 11
30.6317
 21
19.1052
  0
LINE
  8
0
 10
30.6317
 20
19.1052
 11
30.6491
 21
19.3236
  0
LINE
  8
0
 10
30.6491
 20
19.3236
 11
30.6761
 21
19.547
  0
LINE
  8
0
 10
30.6761
 20
19.547
 11
30.705
 21
19.7379
  0
LINE
  8
0
 10
30.705
 20
19.7379
 11
30.7338
 21
19.8921
  0
LINE
  8
0
 10
30.7338
 20
19.8921
 11
30.7841
 21
20.1292
  0
LINE
  8
0
 10
30.7841
 20
20.1292
 11
30.8336
 21
20.3311
  0
LINE
  8
0
 10
30.8336
 20
20.3311
 11
30.9009
 21
20.5769
  0
LINE
  8
0
 10
30.9009
 20
20.5769
 11
30.9636
 21
20.788
  0
LINE
  8
0
 10
30.9636
 20
20.788
 11
31.0194
 21
20.9573
  0
LINE
  8
0
 10
31.0194
 20
20.9573
 11
31.1096
 21
21.2183
  0
LINE
  8
0
 10
31.1096
 20
21.2183
 11
31.1929
 21
21.4389
  0
LINE
  8
0
 10
31.1929
 20
21.4389
 11
31.3202
 21
21.7548
  0
LINE
  8
0
 10
31.3202
 20
21.7548
 11
31.4388
 21
22.0317
  0
LINE
  8
0
 10
31.4388
 20
22.0317
 11
31.5678
 21
22.3137
  0
LINE
  8
0
 10
31.5678
 20
22.3137
 11
31.7047
 21
22.6007
  0
LINE
  8
0
 10
31.7047
 20
22.6007
 11
31.8196
 21
22.8296
  0
LINE
  8
0
 10
31.8196
 20
22.8296
 11
32.0746
 21
22.814
  0
LINE
  8
0
 10
32.0746
 20
22.814
 11
32.3918
 21
22.7893
  0
LINE
  8
0
 10
32.3918
 20
22.7893
 11
32.6999
 21
22.76
  0
LINE
  8
0
 10
32.6999
 20
22.76
 11
32.9988
 21
22.7243
  0
LINE
  8
0
 10
32.9988
 20
22.7243
 11
33.3357
 21
22.6767
  0
LINE
  8
0
 10
33.3357
 20
22.6767
 11
33.5696
 21
22.6382
  0
LINE
  8
0
 10
33.5696
 20
22.6382
 11
33.8393
 21
22.5861
  0
LINE
  8
0
 10
33.8393
 20
22.5861
 11
34.0146
 21
22.549
  0
LINE
  8
0
 10
34.0146
 20
22.549
 11
34.2288
 21
22.4986
  0
LINE
  8
0
 10
34.2288
 20
22.4986
 11
34.4756
 21
22.4336
  0
LINE
  8
0
 10
34.4756
 20
22.4336
 11
34.6756
 21
22.3755
  0
LINE
  8
0
 10
34.6756
 20
22.3755
 11
34.9049
 21
22.3009
  0
LINE
  8
0
 10
34.9049
 20
22.3009
 11
35.0542
 21
22.2473
  0
LINE
  8
0
 10
35.0542
 20
22.2473
 11
35.2336
 21
22.1782
  0
LINE
  8
0
 10
35.2336
 20
22.1782
 11
35.4405
 21
22.0898
  0
LINE
  8
0
 10
35.4405
 20
22.0898
 11
35.6383
 21
21.996
  0
LINE
  8
0
 10
35.6383
 20
21.996
 11
35.7948
 21
21.9136
  0
LINE
  8
0
 10
35.7948
 20
21.9136
 11
35.9761
 21
21.8097
  0
LINE
  8
0
 10
35.9761
 20
21.8097
 11
36.0622
 21
21.7557
  0
LINE
  8
0
 10
36.0622
 20
21.7557
 11
36.1748
 21
21.682
  0
LINE
  8
0
 10
36.1748
 20
21.682
 11
36.2814
 21
21.6064
  0
LINE
  8
0
 10
36.2814
 20
21.6064
 11
36.4114
 21
21.5067
  0
LINE
  8
0
 10
36.4114
 20
21.5067
 11
36.5565
 21
21.384
  0
LINE
  8
0
 10
36.5565
 20
21.384
 11
36.6719
 21
21.2759
  0
LINE
  8
0
 10
36.6719
 20
21.2759
 11
36.7804
 21
21.1652
  0
LINE
  8
0
 10
36.7804
 20
21.1652
 11
36.882
 21
21.0503
  0
LINE
  8
0
 10
36.882
 20
21.0503
 11
36.9772
 21
20.9326
  0
LINE
  8
0
 10
36.9772
 20
20.9326
 11
37.0647
 21
20.8113
  0
LINE
  8
0
 10
37.0647
 20
20.8113
 11
37.1315
 21
20.7101
  0
LINE
  8
0
 10
37.1315
 20
20.7101
 11
37.2089
 21
20.5811
  0
LINE
  8
0
 10
37.2089
 20
20.5811
 11
37.2514
 21
20.5023
  0
LINE
  8
0
 10
37.2514
 20
20.5023
 11
37.305
 21
20.3947
  0
LINE
  8
0
 10
37.305
 20
20.3947
 11
37.3668
 21
20.2565
  0
LINE
  8
0
 10
37.3668
 20
20.2565
 11
37.4222
 21
20.1151
  0
LINE
  8
0
 10
37.4222
 20
20.1151
 11
37.4414
 21
20.0578
  0
LINE
  8
0
 10
37.4414
 20
20.0578
 11
37.4872
 21
19.9109
  0
LINE
  8
0
 10
37.4872
 20
19.9109
 11
37.527
 21
19.7598
  0
LINE
  8
0
 10
37.527
 20
19.7598
 11
37.5595
 21
19.6056
  0
LINE
  8
0
 10
37.5595
 20
19.6056
 11
37.581
 21
19.4801
  0
LINE
  8
0
 10
37.581
 20
19.4801
 11
37.5984
 21
19.3515
  0
LINE
  8
0
 10
37.5984
 20
19.3515
 11
37.6144
 21
19.1872
  0
LINE
  8
0
 10
37.6144
 20
19.1872
 11
37.6218
 21
19.0549
  0
LINE
  8
0
 10
37.6218
 20
19.0549
 11
37.6268
 21
18.8484
  0
LINE
  8
0
 10
37.6268
 20
18.8484
 11
37.6259
 21
18.7436
  0
LINE
  8
0
 10
37.6259
 20
18.7436
 11
37.6213
 21
18.6378
  0
LINE
  8
0
 10
37.6213
 20
18.6378
 11
37.6099
 21
18.4575
  0
LINE
  8
0
 10
37.6099
 20
18.4575
 11
37.5925
 21
18.2735
  0
LINE
  8
0
 10
37.5925
 20
18.2735
 11
37.5504
 21
17.9741
  0
LINE
  8
0
 10
37.5504
 20
17.9741
 11
37.5156
 21
17.7791
  0
LINE
  8
0
 10
37.5156
 20
17.7791
 11
37.4652
 21
17.5424
  0
LINE
  8
0
 10
37.4652
 20
17.5424
 11
37.4263
 21
17.3817
  0
LINE
  8
0
 10
37.4263
 20
17.3817
 11
37.3723
 21
17.178
  0
LINE
  8
0
 10
37.3723
 20
17.178
 11
37.2986
 21
16.9272
  0
LINE
  8
0
 10
37.2986
 20
16.9272
 11
37.2006
 21
16.6283
  0
LINE
  8
0
 10
37.2006
 20
16.6283
 11
37.0894
 21
16.3216
  0
LINE
  8
0
 10
37.0894
 20
16.3216
 11
36.9479
 21
15.9622
  0
LINE
  8
0
 10
36.9479
 20
15.9622
 11
36.7896
 21
15.5937
  0
LINE
  8
0
 10
36.7896
 20
15.5937
 11
36.6367
 21
15.2632
  0
LINE
  8
0
 10
36.6367
 20
15.2632
 11
36.4719
 21
14.9268
  0
LINE
  8
0
 10
36.4719
 20
14.9268
 11
36.2521
 21
15.1515
  0
LINE
  8
0
 10
36.2521
 20
15.1515
 11
36.3373
 21
14.848
  0
LINE
  8
0
 10
36.3373
 20
14.848
 11
35.9628
 21
14.8741
  0
LINE
  8
0
 10
53.7479
 20
15.1515
 11
53.5281
 21
14.9268
  0
LINE
  8
0
 10
53.5281
 20
14.9268
 11
53.3629
 21
15.2641
  0
LINE
  8
0
 10
53.3629
 20
15.2641
 11
53.2104
 21
15.5942
  0
LINE
  8
0
 10
53.2104
 20
15.5942
 11
53.0516
 21
15.9631
  0
LINE
  8
0
 10
53.0516
 20
15.9631
 11
52.9102
 21
16.3225
  0
LINE
  8
0
 10
52.9102
 20
16.3225
 11
52.7989
 21
16.6283
  0
LINE
  8
0
 10
52.7989
 20
16.6283
 11
52.7019
 21
16.9272
  0
LINE
  8
0
 10
52.7019
 20
16.9272
 11
52.6277
 21
17.178
  0
LINE
  8
0
 10
52.6277
 20
17.178
 11
52.5737
 21
17.3817
  0
LINE
  8
0
 10
52.5737
 20
17.3817
 11
52.5348
 21
17.5429
  0
LINE
  8
0
 10
52.5348
 20
17.5429
 11
52.4849
 21
17.7791
  0
LINE
  8
0
 10
52.4849
 20
17.7791
 11
52.4496
 21
17.9741
  0
LINE
  8
0
 10
52.4496
 20
17.9741
 11
52.4075
 21
18.2748
  0
LINE
  8
0
 10
52.4075
 20
18.2748
 11
52.3901
 21
18.4584
  0
LINE
  8
0
 10
52.3901
 20
18.4584
 11
52.3787
 21
18.6383
  0
LINE
  8
0
 10
52.3787
 20
18.6383
 11
52.3746
 21
18.7436
  0
LINE
  8
0
 10
52.3746
 20
18.7436
 11
52.3732
 21
18.8493
  0
LINE
  8
0
 10
52.3732
 20
18.8493
 11
52.3778
 21
19.0549
  0
LINE
  8
0
 10
52.3778
 20
19.0549
 11
52.3856
 21
19.1872
  0
LINE
  8
0
 10
52.3856
 20
19.1872
 11
52.4016
 21
19.3515
  0
LINE
  8
0
 10
52.4016
 20
19.3515
 11
52.419
 21
19.4801
  0
LINE
  8
0
 10
52.419
 20
19.4801
 11
52.4405
 21
19.6056
  0
LINE
  8
0
 10
52.4405
 20
19.6056
 11
52.473
 21
19.7598
  0
LINE
  8
0
 10
52.473
 20
19.7598
 11
52.5128
 21
19.9109
  0
LINE
  8
0
 10
52.5128
 20
19.9109
 11
52.5586
 21
20.0578
  0
LINE
  8
0
 10
52.5586
 20
20.0578
 11
52.5778
 21
20.1151
  0
LINE
  8
0
 10
52.5778
 20
20.1151
 11
52.6332
 21
20.2565
  0
LINE
  8
0
 10
52.6332
 20
20.2565
 11
52.695
 21
20.3947
  0
LINE
  8
0
 10
52.695
 20
20.3947
 11
52.7486
 21
20.5023
  0
LINE
  8
0
 10
52.7486
 20
20.5023
 11
52.7911
 21
20.5811
  0
LINE
  8
0
 10
52.7911
 20
20.5811
 11
52.8685
 21
20.7101
  0
LINE
  8
0
 10
52.8685
 20
20.7101
 11
52.9353
 21
20.8113
  0
LINE
  8
0
 10
52.9353
 20
20.8113
 11
53.0228
 21
20.9326
  0
LINE
  8
0
 10
53.0228
 20
20.9326
 11
53.118
 21
21.0503
  0
LINE
  8
0
 10
53.118
 20
21.0503
 11
53.2196
 21
21.1652
  0
LINE
  8
0
 10
53.2196
 20
21.1652
 11
53.3281
 21
21.2759
  0
LINE
  8
0
 10
53.3281
 20
21.2759
 11
53.4435
 21
21.384
  0
LINE
  8
0
 10
53.4435
 20
21.384
 11
53.5886
 21
21.5067
  0
LINE
  8
0
 10
53.5886
 20
21.5067
 11
53.7186
 21
21.6064
  0
LINE
  8
0
 10
53.7186
 20
21.6064
 11
53.8252
 21
21.682
  0
LINE
  8
0
 10
53.8252
 20
21.682
 11
53.9378
 21
21.7557
  0
LINE
  8
0
 10
53.9378
 20
21.7557
 11
54.0239
 21
21.8097
  0
LINE
  8
0
 10
54.0239
 20
21.8097
 11
54.2052
 21
21.9136
  0
LINE
  8
0
 10
54.2052
 20
21.9136
 11
54.3617
 21
21.996
  0
LINE
  8
0
 10
54.3617
 20
21.996
 11
54.5595
 21
22.0898
  0
LINE
  8
0
 10
54.5595
 20
22.0898
 11
54.7664
 21
22.1782
  0
LINE
  8
0
 10
54.7664
 20
22.1782
 11
54.9458
 21
22.2473
  0
LINE
  8
0
 10
54.9458
 20
22.2473
 11
55.0951
 21
22.3013
  0
LINE
  8
0
 10
55.0951
 20
22.3013
 11
55.1324
 21
22.3134
  0
LINE
  8
0
 10
55.1324
 20
22.3134
 11
57.3024
 21
15.6347
  0
LINE
  8
0
 10
57.3024
 20
15.6347
 11
57.29
 21
15.6285
  0
LINE
  8
0
 10
57.29
 20
15.6285
 11
57.1225
 21
15.5521
  0
LINE
  8
0
 10
57.1225
 20
15.5521
 11
56.8401
 21
15.4381
  0
LINE
  8
0
 10
56.8401
 20
15.4381
 11
56.6556
 21
15.3708
  0
LINE
  8
0
 10
56.6556
 20
15.3708
 11
56.4262
 21
15.2966
  0
LINE
  8
0
 10
56.4262
 20
15.2966
 11
56.2669
 21
15.2499
  0
LINE
  8
0
 10
56.2669
 20
15.2499
 11
56.0632
 21
15.195
  0
LINE
  8
0
 10
56.0632
 20
15.195
 11
55.8083
 21
15.1332
  0
LINE
  8
0
 10
55.8083
 20
15.1332
 11
55.5016
 21
15.0687
  0
LINE
  8
0
 10
55.5016
 20
15.0687
 11
55.1802
 21
15.011
  0
LINE
  8
0
 10
55.1802
 20
15.011
 11
54.798
 21
14.9542
  0
LINE
  8
0
 10
54.798
 20
14.9542
 11
54.3997
 21
14.9071
  0
LINE
  8
0
 10
54.3997
 20
14.9071
 11
54.0372
 21
14.8741
  0
LINE
  8
0
 10
54.0372
 20
14.8741
 11
53.6627
 21
14.848
  0
LINE
  8
0
 10
53.6627
 20
14.848
 11
53.7479
 21
15.1515
  0
LINE
  8
0
 10
-54.0372
 20
14.8741
 11
-54.3997
 21
14.9071
  0
LINE
  8
0
 10
-54.3997
 20
14.9071
 11
-54.798
 21
14.9542
  0
LINE
  8
0
 10
-54.798
 20
14.9542
 11
-55.1802
 21
15.011
  0
LINE
  8
0
 10
-55.1802
 20
15.011
 11
-55.5016
 21
15.0682
  0
LINE
  8
0
 10
-55.5016
 20
15.0682
 11
-55.8083
 21
15.1332
  0
LINE
  8
0
 10
-55.8083
 20
15.1332
 11
-56.0632
 21
15.195
  0
LINE
  8
0
 10
-56.0632
 20
15.195
 11
-56.2669
 21
15.2499
  0
LINE
  8
0
 10
-56.2669
 20
15.2499
 11
-56.4262
 21
15.2966
  0
LINE
  8
0
 10
-56.4262
 20
15.2966
 11
-56.6556
 21
15.3712
  0
LINE
  8
0
 10
-56.6556
 20
15.3712
 11
-56.8401
 21
15.4381
  0
LINE
  8
0
 10
-56.8401
 20
15.4381
 11
-57.1234
 21
15.5525
  0
LINE
  8
0
 10
-57.1234
 20
15.5525
 11
-57.291
 21
15.629
  0
LINE
  8
0
 10
-57.291
 20
15.629
 11
-57.3024
 21
15.6347
  0
LINE
  8
0
 10
-57.3024
 20
15.6347
 11
-55.1325
 21
22.313
  0
LINE
  8
0
 10
-55.1325
 20
22.313
 11
-55.0951
 21
22.3009
  0
LINE
  8
0
 10
-55.0951
 20
22.3009
 11
-54.9458
 21
22.2473
  0
LINE
  8
0
 10
-54.9458
 20
22.2473
 11
-54.7664
 21
22.1782
  0
LINE
  8
0
 10
-54.7664
 20
22.1782
 11
-54.5595
 21
22.0898
  0
LINE
  8
0
 10
-54.5595
 20
22.0898
 11
-54.3617
 21
21.996
  0
LINE
  8
0
 10
-54.3617
 20
21.996
 11
-54.2052
 21
21.9136
  0
LINE
  8
0
 10
-54.2052
 20
21.9136
 11
-54.0239
 21
21.8097
  0
LINE
  8
0
 10
-54.0239
 20
21.8097
 11
-53.9378
 21
21.7557
  0
LINE
  8
0
 10
-53.9378
 20
21.7557
 11
-53.8252
 21
21.682
  0
LINE
  8
0
 10
-53.8252
 20
21.682
 11
-53.7186
 21
21.6064
  0
LINE
  8
0
 10
-53.7186
 20
21.6064
 11
-53.5886
 21
21.5067
  0
LINE
  8
0
 10
-53.5886
 20
21.5067
 11
-53.4435
 21
21.384
  0
LINE
  8
0
 10
-53.4435
 20
21.384
 11
-53.3281
 21
21.2759
  0
LINE
  8
0
 10
-53.3281
 20
21.2759
 11
-53.2196
 21
21.1652
  0
LINE
  8
0
 10
-53.2196
 20
21.1652
 11
-53.118
 21
21.0503
  0
LINE
  8
0
 10
-53.118
 20
21.0503
 11
-53.0228
 21
20.9326
  0
LINE
  8
0
 10
-53.0228
 20
20.9326
 11
-52.9353
 21
20.8113
  0
LINE
  8
0
 10
-52.9353
 20
20.8113
 11
-52.8685
 21
20.7101
  0
LINE
  8
0
 10
-52.8685
 20
20.7101
 11
-52.7911
 21
20.5811
  0
LINE
  8
0
 10
-52.7911
 20
20.5811
 11
-52.7486
 21
20.5023
  0
LINE
  8
0
 10
-52.7486
 20
20.5023
 11
-52.695
 21
20.3947
  0
LINE
  8
0
 10
-52.695
 20
20.3947
 11
-52.6332
 21
20.2565
  0
LINE
  8
0
 10
-52.6332
 20
20.2565
 11
-52.5778
 21
20.1151
  0
LINE
  8
0
 10
-52.5778
 20
20.1151
 11
-52.5586
 21
20.0578
  0
LINE
  8
0
 10
-52.5586
 20
20.0578
 11
-52.5128
 21
19.9109
  0
LINE
  8
0
 10
-52.5128
 20
19.9109
 11
-52.473
 21
19.7598
  0
LINE
  8
0
 10
-52.473
 20
19.7598
 11
-52.4405
 21
19.6056
  0
LINE
  8
0
 10
-52.4405
 20
19.6056
 11
-52.419
 21
19.4801
  0
LINE
  8
0
 10
-52.419
 20
19.4801
 11
-52.4016
 21
19.3515
  0
LINE
  8
0
 10
-52.4016
 20
19.3515
 11
-52.3856
 21
19.1872
  0
LINE
  8
0
 10
-52.3856
 20
19.1872
 11
-52.3782
 21
19.0549
  0
LINE
  8
0
 10
-52.3782
 20
19.0549
 11
-52.3732
 21
18.8484
  0
LINE
  8
0
 10
-52.3732
 20
18.8484
 11
-52.3741
 21
18.7436
  0
LINE
  8
0
 10
-52.3741
 20
18.7436
 11
-52.3787
 21
18.6378
  0
LINE
  8
0
 10
-52.3787
 20
18.6378
 11
-52.3901
 21
18.4575
  0
LINE
  8
0
 10
-52.3901
 20
18.4575
 11
-52.4075
 21
18.2735
  0
LINE
  8
0
 10
-52.4075
 20
18.2735
 11
-52.4496
 21
17.9741
  0
LINE
  8
0
 10
-52.4496
 20
17.9741
 11
-52.4844
 21
17.7791
  0
LINE
  8
0
 10
-52.4844
 20
17.7791
 11
-52.5348
 21
17.5424
  0
LINE
  8
0
 10
-52.5348
 20
17.5424
 11
-52.5737
 21
17.3817
  0
LINE
  8
0
 10
-52.5737
 20
17.3817
 11
-52.6277
 21
17.178
  0
LINE
  8
0
 10
-52.6277
 20
17.178
 11
-52.7014
 21
16.9272
  0
LINE
  8
0
 10
-52.7014
 20
16.9272
 11
-52.7994
 21
16.6283
  0
LINE
  8
0
 10
-52.7994
 20
16.6283
 11
-52.9106
 21
16.3216
  0
LINE
  8
0
 10
-52.9106
 20
16.3216
 11
-53.0521
 21
15.9622
  0
LINE
  8
0
 10
-53.0521
 20
15.9622
 11
-53.2104
 21
15.5937
  0
LINE
  8
0
 10
-53.2104
 20
15.5937
 11
-53.3633
 21
15.2632
  0
LINE
  8
0
 10
-53.3633
 20
15.2632
 11
-53.5281
 21
14.9268
  0
LINE
  8
0
 10
-53.5281
 20
14.9268
 11
-53.7479
 21
15.1515
  0
LINE
  8
0
 10
-53.7479
 20
15.1515
 11
-53.6627
 21
14.848
  0
LINE
  8
0
 10
-53.6627
 20
14.848
 11
-54.0372
 21
14.8741
  0
LINE
  8
0
 10
-20.8282
 20
13.9554
 11
-21.0686
 21
15.7768
  0
LINE
  8
0
 10
-21.0686
 20
15.7768
 11
-19.9503
 21
17.2334
  0
LINE
  8
0
 10
-19.9503
 20
17.2334
 11
-18.1293
 21
17.4738
  0
LINE
  8
0
 10
-18.1293
 20
17.4738
 11
-16.6718
 21
16.355
  0
LINE
  8
0
 10
-16.6718
 20
16.355
 11
-16.4314
 21
14.5335
  0
LINE
  8
0
 10
-16.4314
 20
14.5335
 11
-17.5497
 21
13.0769
  0
LINE
  8
0
 10
-17.5497
 20
13.0769
 11
-19.3707
 21
12.8366
  0
LINE
  8
0
 10
-19.3707
 20
12.8366
 11
-20.8282
 21
13.9554
  0
LINE
  8
0
 10
-50.8282
 20
13.9554
 11
-51.0686
 21
15.7768
  0
LINE
  8
0
 10
-51.0686
 20
15.7768
 11
-49.9503
 21
17.2334
  0
LINE
  8
0
 10
-49.9503
 20
17.2334
 11
-48.1293
 21
17.4738
  0
LINE
  8
0
 10
-48.1293
 20
17.4738
 11
-46.6718
 21
16.355
  0
LINE
  8
0
 10
-46.6718
 20
16.355
 11
-46.4314
 21
14.5335
  0
LINE
  8
0
 10
-46.4314
 20
14.5335
 11
-47.5497
 21
13.0769
  0
LINE
  8
0
 10
-47.5497
 20
13.0769
 11
-49.3707
 21
12.8366
  0
LINE
  8
0
 10
-49.3707
 20
12.8366
 11
-50.8282
 21
13.9554
  0
LINE
  8
0
 10
-12.4503
 20
13.0769
 11
-13.5686
 21
14.5335
  0
LINE
  8
0
 10
-13.5686
 20
14.5335
 11
-13.3282
 21
16.355
  0
LINE
  8
0
 10
-13.3282
 20
16.355
 11
-11.8707
 21
17.4738
  0
LINE
  8
0
 10
-11.8707
 20
17.4738
 11
-10.0497
 21
17.2334
  0
LINE
  8
0
 10
-10.0497
 20
17.2334
 11
-8.93143
 21
15.7768
  0
LINE
  8
0
 10
-8.93143
 20
15.7768
 11
-9.17175
 21
13.9554
  0
LINE
  8
0
 10
-9.17175
 20
13.9554
 11
-10.6293
 21
12.8366
  0
LINE
  8
0
 10
-10.6293
 20
12.8366
 11
-12.4503
 21
13.0769
  0
LINE
  8
0
 10
9.17175
 20
13.9554
 11
8.93143
 21
15.7768
  0
LINE
  8
0
 10
8.93143
 20
15.7768
 11
10.0497
 21
17.2334
  0
LINE
  8
0
 10
10.0497
 20
17.2334
 11
11.8707
 21
17.4738
  0
LINE
  8
0
 10
11.8707
 20
17.4738
 11
13.3282
 21
16.355
  0
LINE
  8
0
 10
13.3282
 20
16.355
 11
13.5686
 21
14.5335
  0
LINE
  8
0
 10
13.5686
 20
14.5335
 11
12.4503
 21
13.0769
  0
LINE
  8
0
 10
12.4503
 20
13.0769
 11
10.6293
 21
12.8366
  0
LINE
  8
0
 10
10.6293
 20
12.8366
 11
9.17175
 21
13.9554
  0
LINE
  8
0
 10
17.5497
 20
13.0769
 11
16.4314
 21
14.5335
  0
LINE
  8
0
 10
16.4314
 20
14.5335
 11
16.6718
 21
16.355
  0
LINE
  8
0
 10
16.6718
 20
16.355
 11
18.1293
 21
17.4738
  0
LINE
  8
0
 10
18.1293
 20
17.4738
 11
19.9503
 21
17.2334
  0
LINE
  8
0
 10
19.9503
 20
17.2334
 11
21.0686
 21
15.7768
  0
LINE
  8
0
 10
21.0686
 20
15.7768
 11
20.8282
 21
13.9554
  0
LINE
  8
0
 10
20.8282
 20
13.9554
 11
19.3707
 21
12.8366
  0
LINE
  8
0
 10
19.3707
 20
12.8366
 11
17.5497
 21
13.0769
  0
LINE
  8
0
 10
39.1718
 20
13.9554
 11
38.9314
 21
15.7768
  0
LINE
  8
0
 10
38.9314
 20
15.7768
 11
40.0497
 21
17.2334
  0
LINE
  8
0
 10
40.0497
 20
17.2334
 11
41.8707
 21
17.4738
  0
LINE
  8
0
 10
41.8707
 20
17.4738
 11
43.3282
 21
16.355
  0
LINE
  8
0
 10
43.3282
 20
16.355
 11
43.5686
 21
14.5335
  0
LINE
  8
0
 10
43.5686
 20
14.5335
 11
42.4503
 21
13.0769
  0
LINE
  8
0
 10
42.4503
 20
13.0769
 11
40.6293
 21
12.8366
  0
LINE
  8
0
 10
40.6293
 20
12.8366
 11
39.1718
 21
13.9554
  0
LINE
  8
0
 10
47.5497
 20
13.0769
 11
46.4314
 21
14.5335
  0
LINE
  8
0
 10
46.4314
 20
14.5335
 11
46.6718
 21
16.355
  0
LINE
  8
0
 10
46.6718
 20
16.355
 11
48.1293
 21
17.4738
  0
LINE
  8
0
 10
48.1293
 20
17.4738
 11
49.9503
 21
17.2334
  0
LINE
  8
0
 10
49.9503
 20
17.2334
 11
51.0686
 21
15.7768
  0
LINE
  8
0
 10
51.0686
 20
15.7768
 11
50.8282
 21
13.9554
  0
LINE
  8
0
 10
50.8282
 20
13.9554
 11
49.3707
 21
12.8366
  0
LINE
  8
0
 10
49.3707
 20
12.8366
 11
47.5497
 21
13.0769
  0
LINE
  8
0
 10
-42.4503
 20
13.0769
 11
-43.5686
 21
14.5335
  0
LINE
  8
0
 10
-43.5686
 20
14.5335
 11
-43.3282
 21
16.355
  0
LINE
  8
0
 10
-43.3282
 20
16.355
 11
-41.8707
 21
17.4738
  0
LINE
  8
0
 10
-41.8707
 20
17.4738
 11
-40.0497
 21
17.2334
  0
LINE
  8
0
 10
-40.0497
 20
17.2334
 11
-38.9314
 21
15.7768
  0
LINE
  8
0
 10
-38.9314
 20
15.7768
 11
-39.1718
 21
13.9554
  0
LINE
  8
0
 10
-39.1718
 20
13.9554
 11
-40.6293
 21
12.8366
  0
LINE
  8
0
 10
-40.6293
 20
12.8366
 11
-42.4503
 21
13.0769
  0
LINE
  8
0
 10
-5.83154
 20
12
 11
-5.82825
 21
12.025
  0
LINE
  8
0
 10
-5.82825
 20
12.025
 11
-4.37073
 21
13.1438
  0
LINE
  8
0
 10
-4.37073
 20
13.1438
 11
-2.54974
 21
12.9034
  0
LINE
  8
0
 10
-2.54974
 20
12.9034
 11
-1.85612
 21
12
  0
LINE
  8
0
 10
-1.85612
 20
12
 11
-5.83154
 21
12
  0
LINE
  8
0
 10
-35.8315
 20
12
 11
-35.8282
 21
12.025
  0
LINE
  8
0
 10
-35.8282
 20
12.025
 11
-34.3707
 21
13.1438
  0
LINE
  8
0
 10
-34.3707
 20
13.1438
 11
-32.5497
 21
12.9034
  0
LINE
  8
0
 10
-32.5497
 20
12.9034
 11
-31.8561
 21
12
  0
LINE
  8
0
 10
-31.8561
 20
12
 11
-35.8315
 21
12
  0
LINE
  8
0
 10
54.1685
 20
12
 11
54.1718
 21
12.025
  0
LINE
  8
0
 10
54.1718
 20
12.025
 11
55.6293
 21
13.1438
  0
LINE
  8
0
 10
55.6293
 20
13.1438
 11
57.4503
 21
12.9034
  0
LINE
  8
0
 10
57.4503
 20
12.9034
 11
58.1439
 21
12
  0
LINE
  8
0
 10
58.1439
 20
12
 11
54.1685
 21
12
  0
LINE
  8
0
 10
-28.1439
 20
12
 11
-27.4503
 21
12.9034
  0
LINE
  8
0
 10
-27.4503
 20
12.9034
 11
-25.6293
 21
13.1438
  0
LINE
  8
0
 10
-25.6293
 20
13.1438
 11
-24.1718
 21
12.025
  0
LINE
  8
0
 10
-24.1718
 20
12.025
 11
-24.1685
 21
12
  0
LINE
  8
0
 10
-24.1685
 20
12
 11
-28.1439
 21
12
  0
LINE
  8
0
 10
31.8561
 20
12
 11
32.5497
 21
12.9034
  0
LINE
  8
0
 10
32.5497
 20
12.9034
 11
34.3707
 21
13.1438
  0
LINE
  8
0
 10
34.3707
 20
13.1438
 11
35.8282
 21
12.025
  0
LINE
  8
0
 10
35.8282
 20
12.025
 11
35.8315
 21
12
  0
LINE
  8
0
 10
35.8315
 20
12
 11
31.8561
 21
12
  0
LINE
  8
0
 10
24.1685
 20
12
 11
24.1718
 21
12.025
  0
LINE
  8
0
 10
24.1718
 20
12.025
 11
25.6293
 21
13.1438
  0
LINE
  8
0
 10
25.6293
 20
13.1438
 11
27.4503
 21
12.9034
  0
LINE
  8
0
 10
27.4503
 20
12.9034
 11
28.1439
 21
12
  0
LINE
  8
0
 10
28.1439
 20
12
 11
24.1685
 21
12
  0
LINE
  8
0
 10
1.85612
 20
12
 11
2.54974
 21
12.9034
  0
LINE
  8
0
 10
2.54974
 20
12.9034
 11
4.37073
 21
13.1438
  0
LINE
  8
0
 10
4.37073
 20
13.1438
 11
5.82825
 21
12.025
  0
LINE
  8
0
 10
5.82825
 20
12.025
 11
5.83154
 21
12
  0
LINE
  8
0
 10
5.83154
 20
12
 11
1.85612
 21
12
  0
LINE
  8
0
 10
-58.1439
 20
12
 11
-57.4503
 21
12.9034
  0
LINE
  8
0
 10
-57.4503
 20
12.9034
 11
-55.6293
 21
13.1438
  0
LINE
  8
0
 10
-55.6293
 20
13.1438
 11
-54.1718
 21
12.025
  0
LINE
  8
0
 10
-54.1718
 20
12.025
 11
-54.1685
 21
12
  0
LINE
  8
0
 10
-54.1685
 20
12
 11
-58.1439
 21
12
  0
LINE
  8
0
 10
-10
 20
7
 11
-10
 21
11
  0
LINE
  8
0
 10
-10
 20
11
 11
10
 21
11
  0
LINE
  8
0
 10
10
 20
11
 11
10
 21
7
  0
LINE
  8
0
 10
10
 20
7
 11
-10
 21
7
  0
LINE
  8
0
 10
-68.6534
 20
2.70622
 11
-68.7785
 21
2.71805
  0
LINE
  8
0
 10
-68.7785
 20
2.71805
 11
-68.9026
 21
2.7377
  0
LINE
  8
0
 10
-68.9026
 20
2.7377
 11
-69.0252
 21
2.76511
  0
LINE
  8
0
 10
-69.0252
 20
2.76511
 11
-69.1459
 21
2.80016
  0
LINE
  8
0
 10
-69.1459
 20
2.80016
 11
-69.2641
 21
2.84273
  0
LINE
  8
0
 10
-69.2641
 20
2.84273
 11
-69.3794
 21
2.89262
  0
LINE
  8
0
 10
-69.3794
 20
2.89262
 11
-69.4914
 21
2.94966
  0
LINE
  8
0
 10
-69.4914
 20
2.94966
 11
-69.5995
 21
3.01363
  0
LINE
  8
0
 10
-69.5995
 20
3.01363
 11
-69.7034
 21
3.08424
  0
LINE
  8
0
 10
-69.7034
 20
3.08424
 11
-69.8027
 21
3.16125
  0
LINE
  8
0
 10
-69.8027
 20
3.16125
 11
-69.897
 21
3.24434
  0
LINE
  8
0
 10
-69.897
 20
3.24434
 11
-69.9858
 21
3.33318
  0
LINE
  8
0
 10
-69.9858
 20
3.33318
 11
-70.0689
 21
3.42743
  0
LINE
  8
0
 10
-70.0689
 20
3.42743
 11
-70.1459
 21
3.5267
  0
LINE
  8
0
 10
-70.1459
 20
3.5267
 11
-70.2165
 21
3.63062
  0
LINE
  8
0
 10
-70.2165
 20
3.63062
 11
-70.2805
 21
3.73877
  0
LINE
  8
0
 10
-70.2805
 20
3.73877
 11
-70.3375
 21
3.85072
  0
LINE
  8
0
 10
-70.3375
 20
3.85072
 11
-70.3874
 21
3.96602
  0
LINE
  8
0
 10
-70.3874
 20
3.96602
 11
-70.43
 21
4.08424
  0
LINE
  8
0
 10
-70.43
 20
4.08424
 11
-70.465
 21
4.2049
  0
LINE
  8
0
 10
-70.465
 20
4.2049
 11
-70.4924
 21
4.32751
  0
LINE
  8
0
 10
-70.4924
 20
4.32751
 11
-70.5121
 21
4.45161
  0
LINE
  8
0
 10
-70.5121
 20
4.45161
 11
-70.5239
 21
4.57669
  0
LINE
  8
0
 10
-70.5239
 20
4.57669
 11
-70.5279
 21
4.70227
  0
LINE
  8
0
 10
-70.5279
 20
4.70227
 11
-70.5239
 21
4.82785
  0
LINE
  8
0
 10
-70.5239
 20
4.82785
 11
-70.5121
 21
4.95294
  0
LINE
  8
0
 10
-70.5121
 20
4.95294
 11
-70.4924
 21
5.07704
  0
LINE
  8
0
 10
-70.4924
 20
5.07704
 11
-70.465
 21
5.19966
  0
LINE
  8
0
 10
-70.465
 20
5.19966
 11
-70.43
 21
5.32031
  0
LINE
  8
0
 10
-70.43
 20
5.32031
 11
-70.3874
 21
5.43852
  0
LINE
  8
0
 10
-70.3874
 20
5.43852
 11
-70.3375
 21
5.55383
  0
LINE
  8
0
 10
-70.3375
 20
5.55383
 11
-70.2805
 21
5.66579
  0
LINE
  8
0
 10
-70.2805
 20
5.66579
 11
-70.2165
 21
5.77393
  0
LINE
  8
0
 10
-70.2165
 20
5.77393
 11
-70.1459
 21
5.87784
  0
LINE
  8
0
 10
-70.1459
 20
5.87784
 11
-70.0689
 21
5.97713
  0
LINE
  8
0
 10
-70.0689
 20
5.97713
 11
-69.9858
 21
6.07137
  0
LINE
  8
0
 10
-69.9858
 20
6.07137
 11
-69.897
 21
6.16022
  0
LINE
  8
0
 10
-69.897
 20
6.16022
 11
-69.8027
 21
6.2433
  0
LINE
  8
0
 10
-69.8027
 20
6.2433
 11
-69.7034
 21
6.32031
  0
LINE
  8
0
 10
-69.7034
 20
6.32031
 11
-69.5995
 21
6.39093
  0
LINE
  8
0
 10
-69.5995
 20
6.39093
 11
-69.4914
 21
6.4549
  0
LINE
  8
0
 10
-69.4914
 20
6.4549
 11
-69.3794
 21
6.51193
  0
LINE
  8
0
 10
-69.3794
 20
6.51193
 11
-69.2641
 21
6.56183
  0
LINE
  8
0
 10
-69.2641
 20
6.56183
 11
-69.1459
 21
6.60439
  0
LINE
  8
0
 10
-69.1459
 20
6.60439
 11
-69.0252
 21
6.63943
  0
LINE
  8
0
 10
-69.0252
 20
6.63943
 11
-68.9026
 21
6.66685
  0
LINE
  8
0
 10
-68.9026
 20
6.66685
 11
-68.7785
 21
6.68651
  0
LINE
  8
0
 10
-68.7785
 20
6.68651
 11
-68.6534
 21
6.69833
  0
LINE
  8
0
 10
-68.6534
 20
6.69833
 11
-68.5279
 21
6.70227
  0
LINE
  8
0
 10
-68.5279
 20
6.70227
 11
-68.4023
 21
6.69833
  0
LINE
  8
0
 10
-68.4023
 20
6.69833
 11
-68.2772
 21
6.68651
  0
LINE
  8
0
 10
-68.2772
 20
6.68651
 11
-68.1531
 21
6.66685
  0
LINE
  8
0
 10
-68.1531
 20
6.66685
 11
-68.0305
 21
6.63943
  0
LINE
  8
0
 10
-68.0305
 20
6.63943
 11
-67.9098
 21
6.60439
  0
LINE
  8
0
 10
-67.9098
 20
6.60439
 11
-67.7916
 21
6.56183
  0
LINE
  8
0
 10
-67.7916
 20
6.56183
 11
-67.6763
 21
6.51193
  0
LINE
  8
0
 10
-67.6763
 20
6.51193
 11
-67.5643
 21
6.4549
  0
LINE
  8
0
 10
-67.5643
 20
6.4549
 11
-67.4562
 21
6.39093
  0
LINE
  8
0
 10
-67.4562
 20
6.39093
 11
-67.3523
 21
6.32031
  0
LINE
  8
0
 10
-67.3523
 20
6.32031
 11
-67.253
 21
6.2433
  0
LINE
  8
0
 10
-67.253
 20
6.2433
 11
-67.1588
 21
6.16022
  0
LINE
  8
0
 10
-67.1588
 20
6.16022
 11
-67.0699
 21
6.07137
  0
LINE
  8
0
 10
-67.0699
 20
6.07137
 11
-66.9868
 21
5.97713
  0
LINE
  8
0
 10
-66.9868
 20
5.97713
 11
-66.9098
 21
5.87784
  0
LINE
  8
0
 10
-66.9098
 20
5.87784
 11
-66.8392
 21
5.77393
  0
LINE
  8
0
 10
-66.8392
 20
5.77393
 11
-66.7752
 21
5.66579
  0
LINE
  8
0
 10
-66.7752
 20
5.66579
 11
-66.7182
 21
5.55383
  0
LINE
  8
0
 10
-66.7182
 20
5.55383
 11
-66.6683
 21
5.43852
  0
LINE
  8
0
 10
-66.6683
 20
5.43852
 11
-66.6257
 21
5.32031
  0
LINE
  8
0
 10
-66.6257
 20
5.32031
 11
-66.5907
 21
5.19966
  0
LINE
  8
0
 10
-66.5907
 20
5.19966
 11
-66.5633
 21
5.07704
  0
LINE
  8
0
 10
-66.5633
 20
5.07704
 11
-66.5436
 21
4.95294
  0
LINE
  8
0
 10
-66.5436
 20
4.95294
 11
-66.5318
 21
4.82785
  0
LINE
  8
0
 10
-66.5318
 20
4.82785
 11
-66.5279
 21
4.70227
  0
LINE
  8
0
 10
-66.5279
 20
4.70227
 11
-66.5318
 21
4.57669
  0
LINE
  8
0
 10
-66.5318
 20
4.57669
 11
-66.5436
 21
4.45161
  0
LINE
  8
0
 10
-66.5436
 20
4.45161
 11
-66.5633
 21
4.32751
  0
LINE
  8
0
 10
-66.5633
 20
4.32751
 11
-66.5907
 21
4.2049
  0
LINE
  8
0
 10
-66.5907
 20
4.2049
 11
-66.6257
 21
4.08424
  0
LINE
  8
0
 10
-66.6257
 20
4.08424
 11
-66.6683
 21
3.96602
  0
LINE
  8
0
 10
-66.6683
 20
3.96602
 11
-66.7182
 21
3.85072
  0
LINE
  8
0
 10
-66.7182
 20
3.85072
 11
-66.7752
 21
3.73877
  0
LINE
  8
0
 10
-66.7752
 20
3.73877
 11
-66.8392
 21
3.63062
  0
LINE
  8
0
 10
-66.8392
 20
3.63062
 11
-66.9098
 21
3.5267
  0
LINE
  8
0
 10
-66.9098
 20
3.5267
 11
-66.9868
 21
3.42743
  0
LINE
  8
0
 10
-66.9868
 20
3.42743
 11
-67.0699
 21
3.33318
  0
LINE
  8
0
 10
-67.0699
 20
3.33318
 11
-67.1588
 21
3.24434
  0
LINE
  8
0
 10
-67.1588
 20
3.24434
 11
-67.253
 21
3.16125
  0
LINE
  8
0
 10
-67.253
 20
3.16125
 11
-67.3523
 21
3.08424
  0
LINE
  8
0
 10
-67.3523
 20
3.08424
 11
-67.4562
 21
3.01363
  0
LINE
  8
0
 10
-67.4562
 20
3.01363
 11
-67.5643
 21
2.94966
  0
LINE
  8
0
 10
-67.5643
 20
2.94966
 11
-67.6763
 21
2.89262
  0
LINE
  8
0
 10
-67.6763
 20
2.89262
 11
-67.7916
 21
2.84273
  0
LINE
  8
0
 10
-67.7916
 20
2.84273
 11
-67.9098
 21
2.80016
  0
LINE
  8
0
 10
-67.9098
 20
2.80016
 11
-68.0305
 21
2.76511
  0
LINE
  8
0
 10
-68.0305
 20
2.76511
 11
-68.1531
 21
2.7377
  0
LINE
  8
0
 10
-68.1531
 20
2.7377
 11
-68.2772
 21
2.71805
  0
LINE
  8
0
 10
-68.2772
 20
2.71805
 11
-68.4023
 21
2.70622
  0
LINE
  8
0
 10
-68.4023
 20
2.70622
 11
-68.5279
 21
2.70227
  0
LINE
  8
0
 10
-68.5279
 20
2.70227
 11
-68.6534
 21
2.70622
  0
LINE
  8
0
 10
68.4023
 20
2.70622
 11
68.2772
 21
2.71805
  0
LINE
  8
0
 10
68.2772
 20
2.71805
 11
68.1531
 21
2.7377
  0
LINE
  8
0
 10
68.1531
 20
2.7377
 11
68.0305
 21
2.76511
  0
LINE
  8
0
 10
68.0305
 20
2.76511
 11
67.9098
 21
2.80016
  0
LINE
  8
0
 10
67.9098
 20
2.80016
 11
67.7916
 21
2.84273
  0
LINE
  8
0
 10
67.7916
 20
2.84273
 11
67.6763
 21
2.89262
  0
LINE
  8
0
 10
67.6763
 20
2.89262
 11
67.5643
 21
2.94966
  0
LINE
  8
0
 10
67.5643
 20
2.94966
 11
67.4562
 21
3.01363
  0
LINE
  8
0
 10
67.4562
 20
3.01363
 11
67.3523
 21
3.08424
  0
LINE
  8
0
 10
67.3523
 20
3.08424
 11
67.253
 21
3.16125
  0
LINE
  8
0
 10
67.253
 20
3.16125
 11
67.1588
 21
3.24434
  0
LINE
  8
0
 10
67.1588
 20
3.24434
 11
67.0699
 21
3.33318
  0
LINE
  8
0
 10
67.0699
 20
3.33318
 11
66.9868
 21
3.42743
  0
LINE
  8
0
 10
66.9868
 20
3.42743
 11
66.9098
 21
3.5267
  0
LINE
  8
0
 10
66.9098
 20
3.5267
 11
66.8392
 21
3.63062
  0
LINE
  8
0
 10
66.8392
 20
3.63062
 11
66.7752
 21
3.73877
  0
LINE
  8
0
 10
66.7752
 20
3.73877
 11
66.7182
 21
3.85072
  0
LINE
  8
0
 10
66.7182
 20
3.85072
 11
66.6683
 21
3.96602
  0
LINE
  8
0
 10
66.6683
 20
3.96602
 11
66.6257
 21
4.08424
  0
LINE
  8
0
 10
66.6257
 20
4.08424
 11
66.5907
 21
4.2049
  0
LINE
  8
0
 10
66.5907
 20
4.2049
 11
66.5633
 21
4.32751
  0
LINE
  8
0
 10
66.5633
 20
4.32751
 11
66.5436
 21
4.45161
  0
LINE
  8
0
 10
66.5436
 20
4.45161
 11
66.5318
 21
4.57669
  0
LINE
  8
0
 10
66.5318
 20
4.57669
 11
66.5279
 21
4.70227
  0
LINE
  8
0
 10
66.5279
 20
4.70227
 11
66.5318
 21
4.82785
  0
LINE
  8
0
 10
66.5318
 20
4.82785
 11
66.5436
 21
4.95294
  0
LINE
  8
0
 10
66.5436
 20
4.95294
 11
66.5633
 21
5.07704
  0
LINE
  8
0
 10
66.5633
 20
5.07704
 11
66.5907
 21
5.19966
  0
LINE
  8
0
 10
66.5907
 20
5.19966
 11
66.6257
 21
5.32031
  0
LINE
  8
0
 10
66.6257
 20
5.32031
 11
66.6683
 21
5.43852
  0
LINE
  8
0
 10
66.6683
 20
5.43852
 11
66.7182
 21
5.55383
  0
LINE
  8
0
 10
66.7182
 20
5.55383
 11
66.7752
 21
5.66579
  0
LINE
  8
0
 10
66.7752
 20
5.66579
 11
66.8392
 21
5.77393
  0
LINE
  8
0
 10
66.8392
 20
5.77393
 11
66.9098
 21
5.87784
  0
LINE
  8
0
 10
66.9098
 20
5.87784
 11
66.9868
 21
5.97713
  0
LINE
  8
0
 10
66.9868
 20
5.97713
 11
67.0699
 21
6.07137
  0
LINE
  8
0
 10
67.0699
 20
6.07137
 11
67.1588
 21
6.16022
  0
LINE
  8
0
 10
67.1588
 20
6.16022
 11
67.253
 21
6.2433
  0
LINE
  8
0
 10
67.253
 20
6.2433
 11
67.3523
 21
6.32031
  0
LINE
  8
0
 10
67.3523
 20
6.32031
 11
67.4562
 21
6.39093
  0
LINE
  8
0
 10
67.4562
 20
6.39093
 11
67.5643
 21
6.4549
  0
LINE
  8
0
 10
67.5643
 20
6.4549
 11
67.6763
 21
6.51193
  0
LINE
  8
0
 10
67.6763
 20
6.51193
 11
67.7916
 21
6.56183
  0
LINE
  8
0
 10
67.7916
 20
6.56183
 11
67.9098
 21
6.60439
  0
LINE
  8
0
 10
67.9098
 20
6.60439
 11
68.0305
 21
6.63943
  0
LINE
  8
0
 10
68.0305
 20
6.63943
 11
68.1531
 21
6.66685
  0
LINE
  8
0
 10
68.1531
 20
6.66685
 11
68.2772
 21
6.68651
  0
LINE
  8
0
 10
68.2772
 20
6.68651
 11
68.4023
 21
6.69833
  0
LINE
  8
0
 10
68.4023
 20
6.69833
 11
68.5279
 21
6.70227
  0
LINE
  8
0
 10
68.5279
 20
6.70227
 11
68.6534
 21
6.69833
  0
LINE
  8
0
 10
68.6534
 20
6.69833
 11
68.7785
 21
6.68651
  0
LINE
  8
0
 10
68.7785
 20
6.68651
 11
68.9026
 21
6.66685
  0
LINE
  8
0
 10
68.9026
 20
6.66685
 11
69.0252
 21
6.63943
  0
LINE
  8
0
 10
69.0252
 20
6.63943
 11
69.1459
 21
6.60439
  0
LINE
  8
0
 10
69.1459
 20
6.60439
 11
69.2641
 21
6.56183
  0
LINE
  8
0
 10
69.2641
 20
6.56183
 11
69.3794
 21
6.51193
  0
LINE
  8
0
 10
69.3794
 20
6.51193
 11
69.4914
 21
6.4549
  0
LINE
  8
0
 10
69.4914
 20
6.4549
 11
69.5995
 21
6.39093
  0
LINE
  8
0
 10
69.5995
 20
6.39093
 11
69.7034
 21
6.32031
  0
LINE
  8
0
 10
69.7034
 20
6.32031
 11
69.8027
 21
6.2433
  0
LINE
  8
0
 10
69.8027
 20
6.2433
 11
69.897
 21
6.16022
  0
LINE
  8
0
 10
69.897
 20
6.16022
 11
69.9858
 21
6.07137
  0
LINE
  8
0
 10
69.9858
 20
6.07137
 11
70.0689
 21
5.97713
  0
LINE
  8
0
 10
70.0689
 20
5.97713
 11
70.1459
 21
5.87784
  0
LINE
  8
0
 10
70.1459
 20
5.87784
 11
70.2165
 21
5.77393
  0
LINE
  8
0
 10
70.2165
 20
5.77393
 11
70.2805
 21
5.66579
  0
LINE
  8
0
 10
70.2805
 20
5.66579
 11
70.3375
 21
5.55383
  0
LINE
  8
0
 10
70.3375
 20
5.55383
 11
70.3874
 21
5.43852
  0
LINE
  8
0
 10
70.3874
 20
5.43852
 11
70.43
 21
5.32031
  0
LINE
  8
0
 10
70.43
 20
5.32031
 11
70.465
 21
5.19966
  0
LINE
  8
0
 10
70.465
 20
5.19966
 11
70.4924
 21
5.07704
  0
LINE
  8
0
 10
70.4924
 20
5.07704
 11
70.5121
 21
4.95294
  0
LINE
  8
0
 10
70.5121
 20
4.95294
 11
70.5239
 21
4.82785
  0
LINE
  8
0
 10
70.5239
 20
4.82785
 11
70.5279
 21
4.70227
  0
LINE
  8
0
 10
70.5279
 20
4.70227
 11
70.5239
 21
4.57669
  0
LINE
  8
0
 10
70.5239
 20
4.57669
 11
70.5121
 21
4.45161
  0
LINE
  8
0
 10
70.5121
 20
4.45161
 11
70.4924
 21
4.32751
  0
LINE
  8
0
 10
70.4924
 20
4.32751
 11
70.465
 21
4.2049
  0
LINE
  8
0
 10
70.465
 20
4.2049
 11
70.43
 21
4.08424
  0
LINE
  8
0
 10
70.43
 20
4.08424
 11
70.3874
 21
3.96602
  0
LINE
  8
0
 10
70.3874
 20
3.96602
 11
70.3375
 21
3.85072
  0
LINE
  8
0
 10
70.3375
 20
3.85072
 11
70.2805
 21
3.73877
  0
LINE
  8
0
 10
70.2805
 20
3.73877
 11
70.2165
 21
3.63062
  0
LINE
  8
0
 10
70.2165
 20
3.63062
 11
70.1459
 21
3.5267
  0
LINE
  8
0
 10
70.1459
 20
3.5267
 11
70.0689
 21
3.42743
  0
LINE
  8
0
 10
70.0689
 20
3.42743
 11
69.9858
 21
3.33318
  0
LINE
  8
0
 10
69.9858
 20
3.33318
 11
69.897
 21
3.24434
  0
LINE
  8
0
 10
69.897
 20
3.24434
 11
69.8027
 21
3.16125
  0
LINE
  8
0
 10
69.8027
 20
3.16125
 11
69.7034
 21
3.08424
  0
LINE
  8
0
 10
69.7034
 20
3.08424
 11
69.5995
 21
3.01363
  0
LINE
  8
0
 10
69.5995
 20
3.01363
 11
69.4914
 21
2.94966
  0
LINE
  8
0
 10
69.4914
 20
2.94966
 11
69.3794
 21
2.89262
  0
LINE
  8
0
 10
69.3794
 20
2.89262
 11
69.2641
 21
2.84273
  0
LINE
  8
0
 10
69.2641
 20
2.84273
 11
69.1459
 21
2.80016
  0
LINE
  8
0
 10
69.1459
 20
2.80016
 11
69.0252
 21
2.76511
  0
LINE
  8
0
 10
69.0252
 20
2.76511
 11
68.9026
 21
2.7377
  0
LINE
  8
0
 10
68.9026
 20
2.7377
 11
68.7785
 21
2.71805
  0
LINE
  8
0
 10
68.7785
 20
2.71805
 11
68.6534
 21
2.70622
  0
LINE
  8
0
 10
68.6534
 20
2.70622
 11
68.5279
 21
2.70227
  0
LINE
  8
0
 10
68.5279
 20
2.70227
 11
68.4023
 21
2.70622
  0
ENDSEC
  0
SECTION
  2
OBJECTS
  0
DICTIONARY
  0
ENDSEC
  0
EOF
