  0
SECTION
  2
BLOCKS
  0
ENDSEC
  0
SECTION
  2
ENTITIES
  0
LINE
  8
0
 10
245
 20
250.826
 11
95
 21
250.826
  0
LINE
  8
0
 10
95
 20
250.826
 11
170
 21
20.0001
  0
LINE
  8
0
 10
170
 20
20.0001
 11
245
 21
250.826
  0
LINE
  8
0
 10
101.347
 20
244.128
 11
101.222
 21
244.14
  0
LINE
  8
0
 10
101.222
 20
244.14
 11
101.098
 21
244.159
  0
LINE
  8
0
 10
101.098
 20
244.159
 11
100.975
 21
244.187
  0
LINE
  8
0
 10
100.975
 20
244.187
 11
100.854
 21
244.222
  0
LINE
  8
0
 10
100.854
 20
244.222
 11
100.736
 21
244.265
  0
LINE
  8
0
 10
100.736
 20
244.265
 11
100.62
 21
244.315
  0
LINE
  8
0
 10
100.62
 20
244.315
 11
100.509
 21
244.371
  0
LINE
  8
0
 10
100.509
 20
244.371
 11
100.4
 21
244.436
  0
LINE
  8
0
 10
100.4
 20
244.436
 11
100.297
 21
244.506
  0
LINE
  8
0
 10
100.297
 20
244.506
 11
100.197
 21
244.583
  0
LINE
  8
0
 10
100.197
 20
244.583
 11
100.103
 21
244.666
  0
LINE
  8
0
 10
100.103
 20
244.666
 11
100.015
 21
244.755
  0
LINE
  8
0
 10
100.015
 20
244.755
 11
99.9307
 21
244.849
  0
LINE
  8
0
 10
99.9307
 20
244.849
 11
99.8545
 21
244.948
  0
LINE
  8
0
 10
99.8545
 20
244.948
 11
99.7832
 21
245.052
  0
LINE
  8
0
 10
99.7832
 20
245.052
 11
99.7197
 21
245.16
  0
LINE
  8
0
 10
99.7197
 20
245.16
 11
99.6621
 21
245.273
  0
LINE
  8
0
 10
99.6621
 20
245.273
 11
99.6123
 21
245.388
  0
LINE
  8
0
 10
99.6123
 20
245.388
 11
99.5703
 21
245.506
  0
LINE
  8
0
 10
99.5703
 20
245.506
 11
99.5352
 21
245.627
  0
LINE
  8
0
 10
99.5352
 20
245.627
 11
99.5078
 21
245.749
  0
LINE
  8
0
 10
99.5078
 20
245.749
 11
99.4883
 21
245.873
  0
LINE
  8
0
 10
99.4883
 20
245.873
 11
99.4766
 21
245.998
  0
LINE
  8
0
 10
99.4766
 20
245.998
 11
99.4717
 21
246.124
  0
LINE
  8
0
 10
99.4717
 20
246.124
 11
99.4766
 21
246.249
  0
LINE
  8
0
 10
99.4766
 20
246.249
 11
99.4883
 21
246.375
  0
LINE
  8
0
 10
99.4883
 20
246.375
 11
99.5078
 21
246.499
  0
LINE
  8
0
 10
99.5078
 20
246.499
 11
99.5352
 21
246.621
  0
LINE
  8
0
 10
99.5352
 20
246.621
 11
99.5703
 21
246.742
  0
LINE
  8
0
 10
99.5703
 20
246.742
 11
99.6123
 21
246.86
  0
LINE
  8
0
 10
99.6123
 20
246.86
 11
99.6621
 21
246.976
  0
LINE
  8
0
 10
99.6621
 20
246.976
 11
99.7197
 21
247.087
  0
LINE
  8
0
 10
99.7197
 20
247.087
 11
99.7832
 21
247.195
  0
LINE
  8
0
 10
99.7832
 20
247.195
 11
99.8545
 21
247.3
  0
LINE
  8
0
 10
99.8545
 20
247.3
 11
99.9307
 21
247.399
  0
LINE
  8
0
 10
99.9307
 20
247.399
 11
100.015
 21
247.493
  0
LINE
  8
0
 10
100.015
 20
247.493
 11
100.103
 21
247.582
  0
LINE
  8
0
 10
100.103
 20
247.582
 11
100.197
 21
247.665
  0
LINE
  8
0
 10
100.197
 20
247.665
 11
100.297
 21
247.742
  0
LINE
  8
0
 10
100.297
 20
247.742
 11
100.4
 21
247.813
  0
LINE
  8
0
 10
100.4
 20
247.813
 11
100.509
 21
247.877
  0
LINE
  8
0
 10
100.509
 20
247.877
 11
100.62
 21
247.934
  0
LINE
  8
0
 10
100.62
 20
247.934
 11
100.736
 21
247.984
  0
LINE
  8
0
 10
100.736
 20
247.984
 11
100.854
 21
248.026
  0
LINE
  8
0
 10
100.854
 20
248.026
 11
100.975
 21
248.062
  0
LINE
  8
0
 10
100.975
 20
248.062
 11
101.098
 21
248.089
  0
LINE
  8
0
 10
101.098
 20
248.089
 11
101.222
 21
248.109
  0
LINE
  8
0
 10
101.222
 20
248.109
 11
101.347
 21
248.12
  0
LINE
  8
0
 10
101.347
 20
248.12
 11
101.472
 21
248.124
  0
LINE
  8
0
 10
101.472
 20
248.124
 11
101.598
 21
248.12
  0
LINE
  8
0
 10
101.598
 20
248.12
 11
101.723
 21
248.109
  0
LINE
  8
0
 10
101.723
 20
248.109
 11
101.847
 21
248.089
  0
LINE
  8
0
 10
101.847
 20
248.089
 11
101.97
 21
248.062
  0
LINE
  8
0
 10
101.97
 20
248.062
 11
102.09
 21
248.026
  0
LINE
  8
0
 10
102.09
 20
248.026
 11
102.208
 21
247.984
  0
LINE
  8
0
 10
102.208
 20
247.984
 11
102.323
 21
247.934
  0
LINE
  8
0
 10
102.323
 20
247.934
 11
102.436
 21
247.877
  0
LINE
  8
0
 10
102.436
 20
247.877
 11
102.544
 21
247.813
  0
LINE
  8
0
 10
102.544
 20
247.813
 11
102.647
 21
247.742
  0
LINE
  8
0
 10
102.647
 20
247.742
 11
102.747
 21
247.665
  0
LINE
  8
0
 10
102.747
 20
247.665
 11
102.841
 21
247.582
  0
LINE
  8
0
 10
102.841
 20
247.582
 11
102.93
 21
247.493
  0
LINE
  8
0
 10
102.93
 20
247.493
 11
103.014
 21
247.399
  0
LINE
  8
0
 10
103.014
 20
247.399
 11
103.09
 21
247.3
  0
LINE
  8
0
 10
103.09
 20
247.3
 11
103.161
 21
247.195
  0
LINE
  8
0
 10
103.161
 20
247.195
 11
103.225
 21
247.087
  0
LINE
  8
0
 10
103.225
 20
247.087
 11
103.282
 21
246.976
  0
LINE
  8
0
 10
103.282
 20
246.976
 11
103.332
 21
246.86
  0
LINE
  8
0
 10
103.332
 20
246.86
 11
103.374
 21
246.742
  0
LINE
  8
0
 10
103.374
 20
246.742
 11
103.409
 21
246.621
  0
LINE
  8
0
 10
103.409
 20
246.621
 11
103.437
 21
246.499
  0
LINE
  8
0
 10
103.437
 20
246.499
 11
103.456
 21
246.375
  0
LINE
  8
0
 10
103.456
 20
246.375
 11
103.468
 21
246.249
  0
LINE
  8
0
 10
103.468
 20
246.249
 11
103.472
 21
246.124
  0
LINE
  8
0
 10
103.472
 20
246.124
 11
103.468
 21
245.998
  0
LINE
  8
0
 10
103.468
 20
245.998
 11
103.456
 21
245.873
  0
LINE
  8
0
 10
103.456
 20
245.873
 11
103.437
 21
245.749
  0
LINE
  8
0
 10
103.437
 20
245.749
 11
103.409
 21
245.627
  0
LINE
  8
0
 10
103.409
 20
245.627
 11
103.374
 21
245.506
  0
LINE
  8
0
 10
103.374
 20
245.506
 11
103.332
 21
245.388
  0
LINE
  8
0
 10
103.332
 20
245.388
 11
103.282
 21
245.273
  0
LINE
  8
0
 10
103.282
 20
245.273
 11
103.225
 21
245.16
  0
LINE
  8
0
 10
103.225
 20
245.16
 11
103.161
 21
245.052
  0
LINE
  8
0
 10
103.161
 20
245.052
 11
103.09
 21
244.948
  0
LINE
  8
0
 10
103.09
 20
244.948
 11
103.014
 21
244.849
  0
LINE
  8
0
 10
103.014
 20
244.849
 11
102.93
 21
244.755
  0
LINE
  8
0
 10
102.93
 20
244.755
 11
102.841
 21
244.666
  0
LINE
  8
0
 10
102.841
 20
244.666
 11
102.747
 21
244.583
  0
LINE
  8
0
 10
102.747
 20
244.583
 11
102.647
 21
244.506
  0
LINE
  8
0
 10
102.647
 20
244.506
 11
102.544
 21
244.436
  0
LINE
  8
0
 10
102.544
 20
244.436
 11
102.436
 21
244.371
  0
LINE
  8
0
 10
102.436
 20
244.371
 11
102.323
 21
244.315
  0
LINE
  8
0
 10
102.323
 20
244.315
 11
102.208
 21
244.265
  0
LINE
  8
0
 10
102.208
 20
244.265
 11
102.09
 21
244.222
  0
LINE
  8
0
 10
102.09
 20
244.222
 11
101.97
 21
244.187
  0
LINE
  8
0
 10
101.97
 20
244.187
 11
101.847
 21
244.159
  0
LINE
  8
0
 10
101.847
 20
244.159
 11
101.723
 21
244.14
  0
LINE
  8
0
 10
101.723
 20
244.14
 11
101.598
 21
244.128
  0
LINE
  8
0
 10
101.598
 20
244.128
 11
101.472
 21
244.124
  0
LINE
  8
0
 10
101.472
 20
244.124
 11
101.347
 21
244.128
  0
LINE
  8
0
 10
238.402
 20
244.128
 11
238.277
 21
244.14
  0
LINE
  8
0
 10
238.277
 20
244.14
 11
238.153
 21
244.159
  0
LINE
  8
0
 10
238.153
 20
244.159
 11
238.03
 21
244.187
  0
LINE
  8
0
 10
238.03
 20
244.187
 11
237.91
 21
244.222
  0
LINE
  8
0
 10
237.91
 20
244.222
 11
237.792
 21
244.265
  0
LINE
  8
0
 10
237.792
 20
244.265
 11
237.677
 21
244.315
  0
LINE
  8
0
 10
237.677
 20
244.315
 11
237.564
 21
244.371
  0
LINE
  8
0
 10
237.564
 20
244.371
 11
237.456
 21
244.436
  0
LINE
  8
0
 10
237.456
 20
244.436
 11
237.353
 21
244.506
  0
LINE
  8
0
 10
237.353
 20
244.506
 11
237.253
 21
244.583
  0
LINE
  8
0
 10
237.253
 20
244.583
 11
237.159
 21
244.666
  0
LINE
  8
0
 10
237.159
 20
244.666
 11
237.07
 21
244.755
  0
LINE
  8
0
 10
237.07
 20
244.755
 11
236.986
 21
244.849
  0
LINE
  8
0
 10
236.986
 20
244.849
 11
236.91
 21
244.948
  0
LINE
  8
0
 10
236.91
 20
244.948
 11
236.839
 21
245.052
  0
LINE
  8
0
 10
236.839
 20
245.052
 11
236.775
 21
245.16
  0
LINE
  8
0
 10
236.775
 20
245.16
 11
236.718
 21
245.273
  0
LINE
  8
0
 10
236.718
 20
245.273
 11
236.668
 21
245.388
  0
LINE
  8
0
 10
236.668
 20
245.388
 11
236.626
 21
245.506
  0
LINE
  8
0
 10
236.626
 20
245.506
 11
236.591
 21
245.627
  0
LINE
  8
0
 10
236.591
 20
245.627
 11
236.563
 21
245.749
  0
LINE
  8
0
 10
236.563
 20
245.749
 11
236.544
 21
245.873
  0
LINE
  8
0
 10
236.544
 20
245.873
 11
236.532
 21
245.998
  0
LINE
  8
0
 10
236.532
 20
245.998
 11
236.528
 21
246.124
  0
LINE
  8
0
 10
236.528
 20
246.124
 11
236.532
 21
246.249
  0
LINE
  8
0
 10
236.532
 20
246.249
 11
236.544
 21
246.375
  0
LINE
  8
0
 10
236.544
 20
246.375
 11
236.563
 21
246.499
  0
LINE
  8
0
 10
236.563
 20
246.499
 11
236.591
 21
246.621
  0
LINE
  8
0
 10
236.591
 20
246.621
 11
236.626
 21
246.742
  0
LINE
  8
0
 10
236.626
 20
246.742
 11
236.668
 21
246.86
  0
LINE
  8
0
 10
236.668
 20
246.86
 11
236.718
 21
246.976
  0
LINE
  8
0
 10
236.718
 20
246.976
 11
236.775
 21
247.087
  0
LINE
  8
0
 10
236.775
 20
247.087
 11
236.839
 21
247.195
  0
LINE
  8
0
 10
236.839
 20
247.195
 11
236.91
 21
247.3
  0
LINE
  8
0
 10
236.91
 20
247.3
 11
236.986
 21
247.399
  0
LINE
  8
0
 10
236.986
 20
247.399
 11
237.07
 21
247.493
  0
LINE
  8
0
 10
237.07
 20
247.493
 11
237.159
 21
247.582
  0
LINE
  8
0
 10
237.159
 20
247.582
 11
237.253
 21
247.665
  0
LINE
  8
0
 10
237.253
 20
247.665
 11
237.353
 21
247.742
  0
LINE
  8
0
 10
237.353
 20
247.742
 11
237.456
 21
247.813
  0
LINE
  8
0
 10
237.456
 20
247.813
 11
237.564
 21
247.877
  0
LINE
  8
0
 10
237.564
 20
247.877
 11
237.677
 21
247.934
  0
LINE
  8
0
 10
237.677
 20
247.934
 11
237.792
 21
247.984
  0
LINE
  8
0
 10
237.792
 20
247.984
 11
237.91
 21
248.026
  0
LINE
  8
0
 10
237.91
 20
248.026
 11
238.03
 21
248.062
  0
LINE
  8
0
 10
238.03
 20
248.062
 11
238.153
 21
248.089
  0
LINE
  8
0
 10
238.153
 20
248.089
 11
238.277
 21
248.109
  0
LINE
  8
0
 10
238.277
 20
248.109
 11
238.402
 21
248.12
  0
LINE
  8
0
 10
238.402
 20
248.12
 11
238.528
 21
248.124
  0
LINE
  8
0
 10
238.528
 20
248.124
 11
238.653
 21
248.12
  0
LINE
  8
0
 10
238.653
 20
248.12
 11
238.778
 21
248.109
  0
LINE
  8
0
 10
238.778
 20
248.109
 11
238.902
 21
248.089
  0
LINE
  8
0
 10
238.902
 20
248.089
 11
239.025
 21
248.062
  0
LINE
  8
0
 10
239.025
 20
248.062
 11
239.146
 21
248.026
  0
LINE
  8
0
 10
239.146
 20
248.026
 11
239.264
 21
247.984
  0
LINE
  8
0
 10
239.264
 20
247.984
 11
239.38
 21
247.934
  0
LINE
  8
0
 10
239.38
 20
247.934
 11
239.491
 21
247.877
  0
LINE
  8
0
 10
239.491
 20
247.877
 11
239.6
 21
247.813
  0
LINE
  8
0
 10
239.6
 20
247.813
 11
239.703
 21
247.742
  0
LINE
  8
0
 10
239.703
 20
247.742
 11
239.803
 21
247.665
  0
LINE
  8
0
 10
239.803
 20
247.665
 11
239.897
 21
247.582
  0
LINE
  8
0
 10
239.897
 20
247.582
 11
239.985
 21
247.493
  0
LINE
  8
0
 10
239.985
 20
247.493
 11
240.069
 21
247.399
  0
LINE
  8
0
 10
240.069
 20
247.399
 11
240.146
 21
247.3
  0
LINE
  8
0
 10
240.146
 20
247.3
 11
240.217
 21
247.195
  0
LINE
  8
0
 10
240.217
 20
247.195
 11
240.28
 21
247.087
  0
LINE
  8
0
 10
240.28
 20
247.087
 11
240.338
 21
246.976
  0
LINE
  8
0
 10
240.338
 20
246.976
 11
240.388
 21
246.86
  0
LINE
  8
0
 10
240.388
 20
246.86
 11
240.43
 21
246.742
  0
LINE
  8
0
 10
240.43
 20
246.742
 11
240.465
 21
246.621
  0
LINE
  8
0
 10
240.465
 20
246.621
 11
240.492
 21
246.499
  0
LINE
  8
0
 10
240.492
 20
246.499
 11
240.512
 21
246.375
  0
LINE
  8
0
 10
240.512
 20
246.375
 11
240.523
 21
246.249
  0
LINE
  8
0
 10
240.523
 20
246.249
 11
240.528
 21
246.124
  0
LINE
  8
0
 10
240.528
 20
246.124
 11
240.523
 21
245.998
  0
LINE
  8
0
 10
240.523
 20
245.998
 11
240.512
 21
245.873
  0
LINE
  8
0
 10
240.512
 20
245.873
 11
240.492
 21
245.749
  0
LINE
  8
0
 10
240.492
 20
245.749
 11
240.465
 21
245.627
  0
LINE
  8
0
 10
240.465
 20
245.627
 11
240.43
 21
245.506
  0
LINE
  8
0
 10
240.43
 20
245.506
 11
240.388
 21
245.388
  0
LINE
  8
0
 10
240.388
 20
245.388
 11
240.338
 21
245.273
  0
LINE
  8
0
 10
240.338
 20
245.273
 11
240.28
 21
245.16
  0
LINE
  8
0
 10
240.28
 20
245.16
 11
240.217
 21
245.052
  0
LINE
  8
0
 10
240.217
 20
245.052
 11
240.146
 21
244.948
  0
LINE
  8
0
 10
240.146
 20
244.948
 11
240.069
 21
244.849
  0
LINE
  8
0
 10
240.069
 20
244.849
 11
239.985
 21
244.755
  0
LINE
  8
0
 10
239.985
 20
244.755
 11
239.897
 21
244.666
  0
LINE
  8
0
 10
239.897
 20
244.666
 11
239.803
 21
244.583
  0
LINE
  8
0
 10
239.803
 20
244.583
 11
239.703
 21
244.506
  0
LINE
  8
0
 10
239.703
 20
244.506
 11
239.6
 21
244.436
  0
LINE
  8
0
 10
239.6
 20
244.436
 11
239.491
 21
244.371
  0
LINE
  8
0
 10
239.491
 20
244.371
 11
239.38
 21
244.315
  0
LINE
  8
0
 10
239.38
 20
244.315
 11
239.264
 21
244.265
  0
LINE
  8
0
 10
239.264
 20
244.265
 11
239.146
 21
244.222
  0
LINE
  8
0
 10
239.146
 20
244.222
 11
239.025
 21
244.187
  0
LINE
  8
0
 10
239.025
 20
244.187
 11
238.902
 21
244.159
  0
LINE
  8
0
 10
238.902
 20
244.159
 11
238.778
 21
244.14
  0
LINE
  8
0
 10
238.778
 20
244.14
 11
238.653
 21
244.128
  0
LINE
  8
0
 10
238.653
 20
244.128
 11
238.528
 21
244.124
  0
LINE
  8
0
 10
238.528
 20
244.124
 11
238.402
 21
244.128
  0
LINE
  8
0
 10
160
 20
239.826
 11
160
 21
243.826
  0
LINE
  8
0
 10
160
 20
243.826
 11
180
 21
243.826
  0
LINE
  8
0
 10
180
 20
243.826
 11
180
 21
239.826
  0
LINE
  8
0
 10
180
 20
239.826
 11
160
 21
239.826
  0
LINE
  8
0
 10
206.754
 20
238.826
 11
207.056
 21
238.826
  0
LINE
  8
0
 10
207.056
 20
238.826
 11
206.754
 21
238.337
  0
LINE
  8
0
 10
206.754
 20
238.337
 11
206.754
 21
238.826
  0
LINE
  8
0
 10
185.754
 20
238.826
 11
186.056
 21
238.826
  0
LINE
  8
0
 10
186.056
 20
238.826
 11
185.754
 21
238.337
  0
LINE
  8
0
 10
185.754
 20
238.337
 11
185.754
 21
238.826
  0
LINE
  8
0
 10
133.254
 20
238.826
 11
133.557
 21
238.826
  0
LINE
  8
0
 10
133.557
 20
238.826
 11
133.254
 21
238.337
  0
LINE
  8
0
 10
133.254
 20
238.337
 11
133.254
 21
238.826
  0
LINE
  8
0
 10
217.254
 20
238.826
 11
217.556
 21
238.826
  0
LINE
  8
0
 10
217.556
 20
238.826
 11
217.254
 21
238.337
  0
LINE
  8
0
 10
217.254
 20
238.337
 11
217.254
 21
238.826
  0
LINE
  8
0
 10
164.754
 20
238.826
 11
165.056
 21
238.826
  0
LINE
  8
0
 10
165.056
 20
238.826
 11
164.754
 21
238.337
  0
LINE
  8
0
 10
164.754
 20
238.337
 11
164.754
 21
238.826
  0
LINE
  8
0
 10
196.254
 20
238.826
 11
196.556
 21
238.826
  0
LINE
  8
0
 10
196.556
 20
238.826
 11
196.254
 21
238.337
  0
LINE
  8
0
 10
196.254
 20
238.337
 11
196.254
 21
238.826
  0
LINE
  8
0
 10
154.255
 20
238.826
 11
154.557
 21
238.826
  0
LINE
  8
0
 10
154.557
 20
238.826
 11
154.255
 21
238.337
  0
LINE
  8
0
 10
154.255
 20
238.337
 11
154.255
 21
238.826
  0
LINE
  8
0
 10
227.754
 20
238.826
 11
228.056
 21
238.826
  0
LINE
  8
0
 10
228.056
 20
238.826
 11
227.754
 21
238.337
  0
LINE
  8
0
 10
227.754
 20
238.337
 11
227.754
 21
238.826
  0
LINE
  8
0
 10
175.254
 20
238.826
 11
175.556
 21
238.826
  0
LINE
  8
0
 10
175.556
 20
238.826
 11
175.254
 21
238.337
  0
LINE
  8
0
 10
175.254
 20
238.337
 11
175.254
 21
238.826
  0
LINE
  8
0
 10
112.254
 20
238.826
 11
112.556
 21
238.826
  0
LINE
  8
0
 10
112.556
 20
238.826
 11
112.254
 21
238.337
  0
LINE
  8
0
 10
112.254
 20
238.337
 11
112.254
 21
238.826
  0
LINE
  8
0
 10
122.754
 20
238.826
 11
123.056
 21
238.826
  0
LINE
  8
0
 10
123.056
 20
238.826
 11
122.754
 21
238.337
  0
LINE
  8
0
 10
122.754
 20
238.337
 11
122.754
 21
238.826
  0
LINE
  8
0
 10
143.754
 20
238.826
 11
144.057
 21
238.826
  0
LINE
  8
0
 10
144.057
 20
238.826
 11
143.754
 21
238.337
  0
LINE
  8
0
 10
143.754
 20
238.337
 11
143.754
 21
238.826
  0
LINE
  8
0
 10
124.744
 20
224.522
 11
125.168
 21
225.467
  0
LINE
  8
0
 10
125.168
 20
225.467
 11
125.565
 21
226.43
  0
LINE
  8
0
 10
125.565
 20
226.43
 11
125.935
 21
227.41
  0
LINE
  8
0
 10
125.935
 20
227.41
 11
126.276
 21
228.406
  0
LINE
  8
0
 10
126.276
 20
228.406
 11
126.59
 21
229.419
  0
LINE
  8
0
 10
126.59
 20
229.419
 11
126.875
 21
230.449
  0
LINE
  8
0
 10
126.875
 20
230.449
 11
127.133
 21
231.494
  0
LINE
  8
0
 10
127.133
 20
231.494
 11
127.363
 21
232.557
  0
LINE
  8
0
 10
127.363
 20
232.557
 11
127.564
 21
233.635
  0
LINE
  8
0
 10
127.564
 20
233.635
 11
127.739
 21
234.73
  0
LINE
  8
0
 10
127.739
 20
234.73
 11
127.886
 21
235.841
  0
LINE
  8
0
 10
127.886
 20
235.841
 11
128.004
 21
236.969
  0
LINE
  8
0
 10
128.004
 20
236.969
 11
128.004
 21
238.315
  0
LINE
  8
0
 10
128.004
 20
238.315
 11
128.94
 21
236.801
  0
LINE
  8
0
 10
128.94
 20
236.801
 11
129.741
 21
235.328
  0
LINE
  8
0
 10
129.741
 20
235.328
 11
130.4
 21
233.907
  0
LINE
  8
0
 10
130.4
 20
233.907
 11
130.92
 21
232.537
  0
LINE
  8
0
 10
130.92
 20
232.537
 11
131.298
 21
231.217
  0
LINE
  8
0
 10
131.298
 20
231.217
 11
131.533
 21
229.948
  0
LINE
  8
0
 10
131.533
 20
229.948
 11
131.628
 21
228.731
  0
LINE
  8
0
 10
131.628
 20
228.731
 11
131.583
 21
227.563
  0
LINE
  8
0
 10
131.583
 20
227.563
 11
131.396
 21
226.446
  0
LINE
  8
0
 10
131.396
 20
226.446
 11
131.067
 21
225.381
  0
LINE
  8
0
 10
131.067
 20
225.381
 11
130.598
 21
224.367
  0
LINE
  8
0
 10
130.598
 20
224.367
 11
129.986
 21
223.402
  0
LINE
  8
0
 10
129.986
 20
223.402
 11
127.997
 21
221.039
  0
LINE
  8
0
 10
127.997
 20
221.039
 11
127.997
 21
220.624
  0
LINE
  8
0
 10
127.997
 20
220.624
 11
124.744
 21
224.522
  0
LINE
  8
0
 10
166.744
 20
224.522
 11
167.168
 21
225.467
  0
LINE
  8
0
 10
167.168
 20
225.467
 11
167.565
 21
226.43
  0
LINE
  8
0
 10
167.565
 20
226.43
 11
167.935
 21
227.41
  0
LINE
  8
0
 10
167.935
 20
227.41
 11
168.276
 21
228.406
  0
LINE
  8
0
 10
168.276
 20
228.406
 11
168.59
 21
229.419
  0
LINE
  8
0
 10
168.59
 20
229.419
 11
168.875
 21
230.449
  0
LINE
  8
0
 10
168.875
 20
230.449
 11
169.133
 21
231.494
  0
LINE
  8
0
 10
169.133
 20
231.494
 11
169.363
 21
232.557
  0
LINE
  8
0
 10
169.363
 20
232.557
 11
169.564
 21
233.635
  0
LINE
  8
0
 10
169.564
 20
233.635
 11
169.739
 21
234.73
  0
LINE
  8
0
 10
169.739
 20
234.73
 11
169.885
 21
235.841
  0
LINE
  8
0
 10
169.885
 20
235.841
 11
170.004
 21
236.969
  0
LINE
  8
0
 10
170.004
 20
236.969
 11
170.004
 21
238.315
  0
LINE
  8
0
 10
170.004
 20
238.315
 11
170.939
 21
236.801
  0
LINE
  8
0
 10
170.939
 20
236.801
 11
171.74
 21
235.328
  0
LINE
  8
0
 10
171.74
 20
235.328
 11
172.4
 21
233.907
  0
LINE
  8
0
 10
172.4
 20
233.907
 11
172.919
 21
232.537
  0
LINE
  8
0
 10
172.919
 20
232.537
 11
173.297
 21
231.217
  0
LINE
  8
0
 10
173.297
 20
231.217
 11
173.533
 21
229.948
  0
LINE
  8
0
 10
173.533
 20
229.948
 11
173.627
 21
228.731
  0
LINE
  8
0
 10
173.627
 20
228.731
 11
173.582
 21
227.563
  0
LINE
  8
0
 10
173.582
 20
227.563
 11
173.395
 21
226.446
  0
LINE
  8
0
 10
173.395
 20
226.446
 11
173.066
 21
225.381
  0
LINE
  8
0
 10
173.066
 20
225.381
 11
172.597
 21
224.367
  0
LINE
  8
0
 10
172.597
 20
224.367
 11
171.986
 21
223.402
  0
LINE
  8
0
 10
171.986
 20
223.402
 11
169.997
 21
221.039
  0
LINE
  8
0
 10
169.997
 20
221.039
 11
169.997
 21
220.624
  0
LINE
  8
0
 10
169.997
 20
220.624
 11
166.744
 21
224.522
  0
LINE
  8
0
 10
208.744
 20
224.522
 11
209.168
 21
225.467
  0
LINE
  8
0
 10
209.168
 20
225.467
 11
209.565
 21
226.43
  0
LINE
  8
0
 10
209.565
 20
226.43
 11
209.935
 21
227.41
  0
LINE
  8
0
 10
209.935
 20
227.41
 11
210.276
 21
228.406
  0
LINE
  8
0
 10
210.276
 20
228.406
 11
210.59
 21
229.419
  0
LINE
  8
0
 10
210.59
 20
229.419
 11
210.875
 21
230.449
  0
LINE
  8
0
 10
210.875
 20
230.449
 11
211.133
 21
231.494
  0
LINE
  8
0
 10
211.133
 20
231.494
 11
211.363
 21
232.557
  0
LINE
  8
0
 10
211.363
 20
232.557
 11
211.564
 21
233.635
  0
LINE
  8
0
 10
211.564
 20
233.635
 11
211.738
 21
234.73
  0
LINE
  8
0
 10
211.738
 20
234.73
 11
211.885
 21
235.841
  0
LINE
  8
0
 10
211.885
 20
235.841
 11
212.004
 21
236.969
  0
LINE
  8
0
 10
212.004
 20
236.969
 11
212.004
 21
238.315
  0
LINE
  8
0
 10
212.004
 20
238.315
 11
212.939
 21
236.801
  0
LINE
  8
0
 10
212.939
 20
236.801
 11
213.741
 21
235.328
  0
LINE
  8
0
 10
213.741
 20
235.328
 11
214.4
 21
233.907
  0
LINE
  8
0
 10
214.4
 20
233.907
 11
214.92
 21
232.537
  0
LINE
  8
0
 10
214.92
 20
232.537
 11
215.297
 21
231.217
  0
LINE
  8
0
 10
215.297
 20
231.217
 11
215.533
 21
229.948
  0
LINE
  8
0
 10
215.533
 20
229.948
 11
215.628
 21
228.731
  0
LINE
  8
0
 10
215.628
 20
228.731
 11
215.582
 21
227.563
  0
LINE
  8
0
 10
215.582
 20
227.563
 11
215.395
 21
226.446
  0
LINE
  8
0
 10
215.395
 20
226.446
 11
215.067
 21
225.381
  0
LINE
  8
0
 10
215.067
 20
225.381
 11
214.597
 21
224.367
  0
LINE
  8
0
 10
214.597
 20
224.367
 11
213.986
 21
223.402
  0
LINE
  8
0
 10
213.986
 20
223.402
 11
211.997
 21
221.039
  0
LINE
  8
0
 10
211.997
 20
221.039
 11
211.997
 21
220.624
  0
LINE
  8
0
 10
211.997
 20
220.624
 11
208.744
 21
224.522
  0
LINE
  8
0
 10
198.243
 20
224.522
 11
198.668
 21
225.467
  0
LINE
  8
0
 10
198.668
 20
225.467
 11
199.065
 21
226.43
  0
LINE
  8
0
 10
199.065
 20
226.43
 11
199.435
 21
227.41
  0
LINE
  8
0
 10
199.435
 20
227.41
 11
199.775
 21
228.406
  0
LINE
  8
0
 10
199.775
 20
228.406
 11
200.089
 21
229.419
  0
LINE
  8
0
 10
200.089
 20
229.419
 11
200.375
 21
230.449
  0
LINE
  8
0
 10
200.375
 20
230.449
 11
200.633
 21
231.494
  0
LINE
  8
0
 10
200.633
 20
231.494
 11
200.862
 21
232.557
  0
LINE
  8
0
 10
200.862
 20
232.557
 11
201.064
 21
233.635
  0
LINE
  8
0
 10
201.064
 20
233.635
 11
201.238
 21
234.73
  0
LINE
  8
0
 10
201.238
 20
234.73
 11
201.385
 21
235.841
  0
LINE
  8
0
 10
201.385
 20
235.841
 11
201.504
 21
236.969
  0
LINE
  8
0
 10
201.504
 20
236.969
 11
201.504
 21
238.315
  0
LINE
  8
0
 10
201.504
 20
238.315
 11
202.439
 21
236.801
  0
LINE
  8
0
 10
202.439
 20
236.801
 11
203.241
 21
235.328
  0
LINE
  8
0
 10
203.241
 20
235.328
 11
203.9
 21
233.907
  0
LINE
  8
0
 10
203.9
 20
233.907
 11
204.42
 21
232.537
  0
LINE
  8
0
 10
204.42
 20
232.537
 11
204.797
 21
231.217
  0
LINE
  8
0
 10
204.797
 20
231.217
 11
205.033
 21
229.948
  0
LINE
  8
0
 10
205.033
 20
229.948
 11
205.128
 21
228.731
  0
LINE
  8
0
 10
205.128
 20
228.731
 11
205.082
 21
227.563
  0
LINE
  8
0
 10
205.082
 20
227.563
 11
204.895
 21
226.446
  0
LINE
  8
0
 10
204.895
 20
226.446
 11
204.567
 21
225.381
  0
LINE
  8
0
 10
204.567
 20
225.381
 11
204.097
 21
224.367
  0
LINE
  8
0
 10
204.097
 20
224.367
 11
203.486
 21
223.402
  0
LINE
  8
0
 10
203.486
 20
223.402
 11
201.497
 21
221.039
  0
LINE
  8
0
 10
201.497
 20
221.039
 11
201.497
 21
220.624
  0
LINE
  8
0
 10
201.497
 20
220.624
 11
198.243
 21
224.522
  0
LINE
  8
0
 10
187.743
 20
224.522
 11
188.168
 21
225.467
  0
LINE
  8
0
 10
188.168
 20
225.467
 11
188.564
 21
226.43
  0
LINE
  8
0
 10
188.564
 20
226.43
 11
188.934
 21
227.41
  0
LINE
  8
0
 10
188.934
 20
227.41
 11
189.275
 21
228.406
  0
LINE
  8
0
 10
189.275
 20
228.406
 11
189.589
 21
229.419
  0
LINE
  8
0
 10
189.589
 20
229.419
 11
189.875
 21
230.449
  0
LINE
  8
0
 10
189.875
 20
230.449
 11
190.133
 21
231.494
  0
LINE
  8
0
 10
190.133
 20
231.494
 11
190.362
 21
232.557
  0
LINE
  8
0
 10
190.362
 20
232.557
 11
190.564
 21
233.635
  0
LINE
  8
0
 10
190.564
 20
233.635
 11
190.738
 21
234.73
  0
LINE
  8
0
 10
190.738
 20
234.73
 11
190.885
 21
235.841
  0
LINE
  8
0
 10
190.885
 20
235.841
 11
191.003
 21
236.969
  0
LINE
  8
0
 10
191.003
 20
236.969
 11
191.003
 21
238.315
  0
LINE
  8
0
 10
191.003
 20
238.315
 11
191.939
 21
236.801
  0
LINE
  8
0
 10
191.939
 20
236.801
 11
192.74
 21
235.328
  0
LINE
  8
0
 10
192.74
 20
235.328
 11
193.4
 21
233.907
  0
LINE
  8
0
 10
193.4
 20
233.907
 11
193.919
 21
232.537
  0
LINE
  8
0
 10
193.919
 20
232.537
 11
194.297
 21
231.217
  0
LINE
  8
0
 10
194.297
 20
231.217
 11
194.533
 21
229.948
  0
LINE
  8
0
 10
194.533
 20
229.948
 11
194.628
 21
228.731
  0
LINE
  8
0
 10
194.628
 20
228.731
 11
194.582
 21
227.563
  0
LINE
  8
0
 10
194.582
 20
227.563
 11
194.395
 21
226.446
  0
LINE
  8
0
 10
194.395
 20
226.446
 11
194.066
 21
225.381
  0
LINE
  8
0
 10
194.066
 20
225.381
 11
193.597
 21
224.367
  0
LINE
  8
0
 10
193.597
 20
224.367
 11
192.986
 21
223.402
  0
LINE
  8
0
 10
192.986
 20
223.402
 11
190.996
 21
221.039
  0
LINE
  8
0
 10
190.996
 20
221.039
 11
190.996
 21
220.624
  0
LINE
  8
0
 10
190.996
 20
220.624
 11
187.743
 21
224.522
  0
LINE
  8
0
 10
145.744
 20
224.522
 11
146.168
 21
225.467
  0
LINE
  8
0
 10
146.168
 20
225.467
 11
146.565
 21
226.43
  0
LINE
  8
0
 10
146.565
 20
226.43
 11
146.935
 21
227.41
  0
LINE
  8
0
 10
146.935
 20
227.41
 11
147.276
 21
228.406
  0
LINE
  8
0
 10
147.276
 20
228.406
 11
147.59
 21
229.419
  0
LINE
  8
0
 10
147.59
 20
229.419
 11
147.876
 21
230.449
  0
LINE
  8
0
 10
147.876
 20
230.449
 11
148.134
 21
231.494
  0
LINE
  8
0
 10
148.134
 20
231.494
 11
148.363
 21
232.557
  0
LINE
  8
0
 10
148.363
 20
232.557
 11
148.565
 21
233.635
  0
LINE
  8
0
 10
148.565
 20
233.635
 11
148.739
 21
234.73
  0
LINE
  8
0
 10
148.739
 20
234.73
 11
148.886
 21
235.841
  0
LINE
  8
0
 10
148.886
 20
235.841
 11
149.004
 21
236.969
  0
LINE
  8
0
 10
149.004
 20
236.969
 11
149.004
 21
238.315
  0
LINE
  8
0
 10
149.004
 20
238.315
 11
149.94
 21
236.801
  0
LINE
  8
0
 10
149.94
 20
236.801
 11
150.741
 21
235.328
  0
LINE
  8
0
 10
150.741
 20
235.328
 11
151.401
 21
233.907
  0
LINE
  8
0
 10
151.401
 20
233.907
 11
151.92
 21
232.537
  0
LINE
  8
0
 10
151.92
 20
232.537
 11
152.298
 21
231.217
  0
LINE
  8
0
 10
152.298
 20
231.217
 11
152.533
 21
229.948
  0
LINE
  8
0
 10
152.533
 20
229.948
 11
152.628
 21
228.731
  0
LINE
  8
0
 10
152.628
 20
228.731
 11
152.583
 21
227.563
  0
LINE
  8
0
 10
152.583
 20
227.563
 11
152.396
 21
226.446
  0
LINE
  8
0
 10
152.396
 20
226.446
 11
152.067
 21
225.381
  0
LINE
  8
0
 10
152.067
 20
225.381
 11
151.598
 21
224.367
  0
LINE
  8
0
 10
151.598
 20
224.367
 11
150.987
 21
223.402
  0
LINE
  8
0
 10
150.987
 20
223.402
 11
148.997
 21
221.039
  0
LINE
  8
0
 10
148.997
 20
221.039
 11
148.997
 21
220.624
  0
LINE
  8
0
 10
148.997
 20
220.624
 11
145.744
 21
224.522
  0
LINE
  8
0
 10
135.244
 20
224.522
 11
135.668
 21
225.467
  0
LINE
  8
0
 10
135.668
 20
225.467
 11
136.065
 21
226.43
  0
LINE
  8
0
 10
136.065
 20
226.43
 11
136.435
 21
227.41
  0
LINE
  8
0
 10
136.435
 20
227.41
 11
136.776
 21
228.406
  0
LINE
  8
0
 10
136.776
 20
228.406
 11
137.09
 21
229.419
  0
LINE
  8
0
 10
137.09
 20
229.419
 11
137.376
 21
230.449
  0
LINE
  8
0
 10
137.376
 20
230.449
 11
137.634
 21
231.494
  0
LINE
  8
0
 10
137.634
 20
231.494
 11
137.863
 21
232.557
  0
LINE
  8
0
 10
137.863
 20
232.557
 11
138.065
 21
233.635
  0
LINE
  8
0
 10
138.065
 20
233.635
 11
138.239
 21
234.73
  0
LINE
  8
0
 10
138.239
 20
234.73
 11
138.386
 21
235.841
  0
LINE
  8
0
 10
138.386
 20
235.841
 11
138.504
 21
236.969
  0
LINE
  8
0
 10
138.504
 20
236.969
 11
138.504
 21
238.315
  0
LINE
  8
0
 10
138.504
 20
238.315
 11
139.44
 21
236.801
  0
LINE
  8
0
 10
139.44
 20
236.801
 11
140.241
 21
235.328
  0
LINE
  8
0
 10
140.241
 20
235.328
 11
140.9
 21
233.907
  0
LINE
  8
0
 10
140.9
 20
233.907
 11
141.42
 21
232.537
  0
LINE
  8
0
 10
141.42
 20
232.537
 11
141.798
 21
231.217
  0
LINE
  8
0
 10
141.798
 20
231.217
 11
142.033
 21
229.948
  0
LINE
  8
0
 10
142.033
 20
229.948
 11
142.128
 21
228.731
  0
LINE
  8
0
 10
142.128
 20
228.731
 11
142.083
 21
227.563
  0
LINE
  8
0
 10
142.083
 20
227.563
 11
141.896
 21
226.446
  0
LINE
  8
0
 10
141.896
 20
226.446
 11
141.567
 21
225.381
  0
LINE
  8
0
 10
141.567
 20
225.381
 11
141.098
 21
224.367
  0
LINE
  8
0
 10
141.098
 20
224.367
 11
140.487
 21
223.402
  0
LINE
  8
0
 10
140.487
 20
223.402
 11
138.497
 21
221.039
  0
LINE
  8
0
 10
138.497
 20
221.039
 11
138.497
 21
220.624
  0
LINE
  8
0
 10
138.497
 20
220.624
 11
135.244
 21
224.522
  0
LINE
  8
0
 10
117.389
 20
220.753
 11
115.322
 21
227.113
  0
LINE
  8
0
 10
115.322
 20
227.113
 11
115.435
 21
227.41
  0
LINE
  8
0
 10
115.435
 20
227.41
 11
115.776
 21
228.406
  0
LINE
  8
0
 10
115.776
 20
228.406
 11
116.09
 21
229.419
  0
LINE
  8
0
 10
116.09
 20
229.419
 11
116.375
 21
230.449
  0
LINE
  8
0
 10
116.375
 20
230.449
 11
116.633
 21
231.494
  0
LINE
  8
0
 10
116.633
 20
231.494
 11
116.863
 21
232.557
  0
LINE
  8
0
 10
116.863
 20
232.557
 11
117.064
 21
233.635
  0
LINE
  8
0
 10
117.064
 20
233.635
 11
117.239
 21
234.73
  0
LINE
  8
0
 10
117.239
 20
234.73
 11
117.385
 21
235.841
  0
LINE
  8
0
 10
117.385
 20
235.841
 11
117.504
 21
236.969
  0
LINE
  8
0
 10
117.504
 20
236.969
 11
117.504
 21
238.315
  0
LINE
  8
0
 10
117.504
 20
238.315
 11
118.439
 21
236.801
  0
LINE
  8
0
 10
118.439
 20
236.801
 11
119.241
 21
235.328
  0
LINE
  8
0
 10
119.241
 20
235.328
 11
119.9
 21
233.907
  0
LINE
  8
0
 10
119.9
 20
233.907
 11
120.42
 21
232.537
  0
LINE
  8
0
 10
120.42
 20
232.537
 11
120.797
 21
231.217
  0
LINE
  8
0
 10
120.797
 20
231.217
 11
121.033
 21
229.948
  0
LINE
  8
0
 10
121.033
 20
229.948
 11
121.128
 21
228.731
  0
LINE
  8
0
 10
121.128
 20
228.731
 11
121.082
 21
227.563
  0
LINE
  8
0
 10
121.082
 20
227.563
 11
120.895
 21
226.446
  0
LINE
  8
0
 10
120.895
 20
226.446
 11
120.567
 21
225.381
  0
LINE
  8
0
 10
120.567
 20
225.381
 11
120.097
 21
224.367
  0
LINE
  8
0
 10
120.097
 20
224.367
 11
119.486
 21
223.402
  0
LINE
  8
0
 10
119.486
 20
223.402
 11
117.497
 21
221.039
  0
LINE
  8
0
 10
117.497
 20
221.039
 11
117.497
 21
220.624
  0
LINE
  8
0
 10
117.497
 20
220.624
 11
117.389
 21
220.753
  0
LINE
  8
0
 10
177.243
 20
224.522
 11
177.667
 21
225.467
  0
LINE
  8
0
 10
177.667
 20
225.467
 11
178.064
 21
226.43
  0
LINE
  8
0
 10
178.064
 20
226.43
 11
178.434
 21
227.41
  0
LINE
  8
0
 10
178.434
 20
227.41
 11
178.775
 21
228.406
  0
LINE
  8
0
 10
178.775
 20
228.406
 11
179.089
 21
229.419
  0
LINE
  8
0
 10
179.089
 20
229.419
 11
179.375
 21
230.449
  0
LINE
  8
0
 10
179.375
 20
230.449
 11
179.633
 21
231.494
  0
LINE
  8
0
 10
179.633
 20
231.494
 11
179.862
 21
232.557
  0
LINE
  8
0
 10
179.862
 20
232.557
 11
180.064
 21
233.635
  0
LINE
  8
0
 10
180.064
 20
233.635
 11
180.238
 21
234.73
  0
LINE
  8
0
 10
180.238
 20
234.73
 11
180.385
 21
235.841
  0
LINE
  8
0
 10
180.385
 20
235.841
 11
180.503
 21
236.969
  0
LINE
  8
0
 10
180.503
 20
236.969
 11
180.503
 21
238.315
  0
LINE
  8
0
 10
180.503
 20
238.315
 11
181.439
 21
236.801
  0
LINE
  8
0
 10
181.439
 20
236.801
 11
182.24
 21
235.328
  0
LINE
  8
0
 10
182.24
 20
235.328
 11
182.9
 21
233.907
  0
LINE
  8
0
 10
182.9
 20
233.907
 11
183.419
 21
232.537
  0
LINE
  8
0
 10
183.419
 20
232.537
 11
183.797
 21
231.217
  0
LINE
  8
0
 10
183.797
 20
231.217
 11
184.033
 21
229.948
  0
LINE
  8
0
 10
184.033
 20
229.948
 11
184.127
 21
228.731
  0
LINE
  8
0
 10
184.127
 20
228.731
 11
184.082
 21
227.563
  0
LINE
  8
0
 10
184.082
 20
227.563
 11
183.895
 21
226.446
  0
LINE
  8
0
 10
183.895
 20
226.446
 11
183.566
 21
225.381
  0
LINE
  8
0
 10
183.566
 20
225.381
 11
183.097
 21
224.367
  0
LINE
  8
0
 10
183.097
 20
224.367
 11
182.486
 21
223.402
  0
LINE
  8
0
 10
182.486
 20
223.402
 11
180.496
 21
221.039
  0
LINE
  8
0
 10
180.496
 20
221.039
 11
180.496
 21
220.624
  0
LINE
  8
0
 10
180.496
 20
220.624
 11
177.243
 21
224.522
  0
LINE
  8
0
 10
219.244
 20
224.522
 11
219.668
 21
225.467
  0
LINE
  8
0
 10
219.668
 20
225.467
 11
220.065
 21
226.43
  0
LINE
  8
0
 10
220.065
 20
226.43
 11
220.435
 21
227.41
  0
LINE
  8
0
 10
220.435
 20
227.41
 11
220.776
 21
228.406
  0
LINE
  8
0
 10
220.776
 20
228.406
 11
221.09
 21
229.419
  0
LINE
  8
0
 10
221.09
 20
229.419
 11
221.375
 21
230.449
  0
LINE
  8
0
 10
221.375
 20
230.449
 11
221.633
 21
231.494
  0
LINE
  8
0
 10
221.633
 20
231.494
 11
221.863
 21
232.557
  0
LINE
  8
0
 10
221.863
 20
232.557
 11
222.064
 21
233.635
  0
LINE
  8
0
 10
222.064
 20
233.635
 11
222.239
 21
234.73
  0
LINE
  8
0
 10
222.239
 20
234.73
 11
222.385
 21
235.841
  0
LINE
  8
0
 10
222.385
 20
235.841
 11
222.504
 21
236.969
  0
LINE
  8
0
 10
222.504
 20
236.969
 11
222.504
 21
238.314
  0
LINE
  8
0
 10
222.504
 20
238.314
 11
223.439
 21
236.801
  0
LINE
  8
0
 10
223.439
 20
236.801
 11
224.24
 21
235.328
  0
LINE
  8
0
 10
224.24
 20
235.328
 11
224.9
 21
233.907
  0
LINE
  8
0
 10
224.9
 20
233.907
 11
225.419
 21
232.537
  0
LINE
  8
0
 10
225.419
 20
232.537
 11
225.797
 21
231.217
  0
LINE
  8
0
 10
225.797
 20
231.217
 11
225.875
 21
230.798
  0
LINE
  8
0
 10
225.875
 20
230.798
 11
222.835
 21
221.442
  0
LINE
  8
0
 10
222.835
 20
221.442
 11
222.496
 21
221.039
  0
LINE
  8
0
 10
222.496
 20
221.039
 11
222.496
 21
220.624
  0
LINE
  8
0
 10
222.496
 20
220.624
 11
219.244
 21
224.522
  0
LINE
  8
0
 10
156.244
 20
224.522
 11
156.668
 21
225.467
  0
LINE
  8
0
 10
156.668
 20
225.467
 11
157.065
 21
226.43
  0
LINE
  8
0
 10
157.065
 20
226.43
 11
157.435
 21
227.41
  0
LINE
  8
0
 10
157.435
 20
227.41
 11
157.776
 21
228.406
  0
LINE
  8
0
 10
157.776
 20
228.406
 11
158.09
 21
229.419
  0
LINE
  8
0
 10
158.09
 20
229.419
 11
158.376
 21
230.449
  0
LINE
  8
0
 10
158.376
 20
230.449
 11
158.634
 21
231.494
  0
LINE
  8
0
 10
158.634
 20
231.494
 11
158.863
 21
232.557
  0
LINE
  8
0
 10
158.863
 20
232.557
 11
159.065
 21
233.635
  0
LINE
  8
0
 10
159.065
 20
233.635
 11
159.239
 21
234.73
  0
LINE
  8
0
 10
159.239
 20
234.73
 11
159.386
 21
235.841
  0
LINE
  8
0
 10
159.386
 20
235.841
 11
159.504
 21
236.969
  0
LINE
  8
0
 10
159.504
 20
236.969
 11
159.504
 21
238.314
  0
LINE
  8
0
 10
159.504
 20
238.314
 11
160.439
 21
236.801
  0
LINE
  8
0
 10
160.439
 20
236.801
 11
161.241
 21
235.328
  0
LINE
  8
0
 10
161.241
 20
235.328
 11
161.9
 21
233.907
  0
LINE
  8
0
 10
161.9
 20
233.907
 11
162.42
 21
232.537
  0
LINE
  8
0
 10
162.42
 20
232.537
 11
162.797
 21
231.217
  0
LINE
  8
0
 10
162.797
 20
231.217
 11
163.033
 21
229.948
  0
LINE
  8
0
 10
163.033
 20
229.948
 11
163.128
 21
228.731
  0
LINE
  8
0
 10
163.128
 20
228.731
 11
163.082
 21
227.563
  0
LINE
  8
0
 10
163.082
 20
227.563
 11
162.895
 21
226.446
  0
LINE
  8
0
 10
162.895
 20
226.446
 11
162.567
 21
225.381
  0
LINE
  8
0
 10
162.567
 20
225.381
 11
162.097
 21
224.367
  0
LINE
  8
0
 10
162.097
 20
224.367
 11
161.486
 21
223.402
  0
LINE
  8
0
 10
161.486
 20
223.402
 11
159.497
 21
221.039
  0
LINE
  8
0
 10
159.497
 20
221.039
 11
159.497
 21
220.624
  0
LINE
  8
0
 10
159.497
 20
220.624
 11
156.244
 21
224.522
  0
LINE
  8
0
 10
143.754
 20
204.683
 11
143.636
 21
205.811
  0
LINE
  8
0
 10
143.636
 20
205.811
 11
143.49
 21
206.922
  0
LINE
  8
0
 10
143.49
 20
206.922
 11
143.315
 21
208.017
  0
LINE
  8
0
 10
143.315
 20
208.017
 11
143.113
 21
209.095
  0
LINE
  8
0
 10
143.113
 20
209.095
 11
142.884
 21
210.157
  0
LINE
  8
0
 10
142.884
 20
210.157
 11
142.626
 21
211.202
  0
LINE
  8
0
 10
142.626
 20
211.202
 11
142.34
 21
212.233
  0
LINE
  8
0
 10
142.34
 20
212.233
 11
142.026
 21
213.245
  0
LINE
  8
0
 10
142.026
 20
213.245
 11
141.685
 21
214.242
  0
LINE
  8
0
 10
141.685
 20
214.242
 11
141.315
 21
215.222
  0
LINE
  8
0
 10
141.315
 20
215.222
 11
140.918
 21
216.186
  0
LINE
  8
0
 10
140.918
 20
216.186
 11
140.494
 21
217.131
  0
LINE
  8
0
 10
140.494
 20
217.131
 11
143.747
 21
221.028
  0
LINE
  8
0
 10
143.747
 20
221.028
 11
143.747
 21
220.613
  0
LINE
  8
0
 10
143.747
 20
220.613
 11
145.737
 21
218.25
  0
LINE
  8
0
 10
145.737
 20
218.25
 11
146.347
 21
217.286
  0
LINE
  8
0
 10
146.347
 20
217.286
 11
146.817
 21
216.272
  0
LINE
  8
0
 10
146.817
 20
216.272
 11
147.146
 21
215.205
  0
LINE
  8
0
 10
147.146
 20
215.205
 11
147.333
 21
214.089
  0
LINE
  8
0
 10
147.333
 20
214.089
 11
147.378
 21
212.923
  0
LINE
  8
0
 10
147.378
 20
212.923
 11
147.283
 21
211.704
  0
LINE
  8
0
 10
147.283
 20
211.704
 11
147.047
 21
210.435
  0
LINE
  8
0
 10
147.047
 20
210.435
 11
146.67
 21
209.115
  0
LINE
  8
0
 10
146.67
 20
209.115
 11
146.15
 21
207.745
  0
LINE
  8
0
 10
146.15
 20
207.745
 11
145.491
 21
206.324
  0
LINE
  8
0
 10
145.491
 20
206.324
 11
144.689
 21
204.852
  0
LINE
  8
0
 10
144.689
 20
204.852
 11
143.754
 21
203.337
  0
LINE
  8
0
 10
143.754
 20
203.337
 11
143.754
 21
204.683
  0
LINE
  8
0
 10
154.255
 20
204.683
 11
154.137
 21
205.811
  0
LINE
  8
0
 10
154.137
 20
205.811
 11
153.99
 21
206.922
  0
LINE
  8
0
 10
153.99
 20
206.922
 11
153.815
 21
208.017
  0
LINE
  8
0
 10
153.815
 20
208.017
 11
153.613
 21
209.095
  0
LINE
  8
0
 10
153.613
 20
209.095
 11
153.384
 21
210.157
  0
LINE
  8
0
 10
153.384
 20
210.157
 11
153.126
 21
211.202
  0
LINE
  8
0
 10
153.126
 20
211.202
 11
152.84
 21
212.233
  0
LINE
  8
0
 10
152.84
 20
212.233
 11
152.526
 21
213.245
  0
LINE
  8
0
 10
152.526
 20
213.245
 11
152.185
 21
214.242
  0
LINE
  8
0
 10
152.185
 20
214.242
 11
151.815
 21
215.222
  0
LINE
  8
0
 10
151.815
 20
215.222
 11
151.419
 21
216.186
  0
LINE
  8
0
 10
151.419
 20
216.186
 11
150.994
 21
217.131
  0
LINE
  8
0
 10
150.994
 20
217.131
 11
154.247
 21
221.028
  0
LINE
  8
0
 10
154.247
 20
221.028
 11
154.247
 21
220.613
  0
LINE
  8
0
 10
154.247
 20
220.613
 11
156.237
 21
218.25
  0
LINE
  8
0
 10
156.237
 20
218.25
 11
156.848
 21
217.286
  0
LINE
  8
0
 10
156.848
 20
217.286
 11
157.317
 21
216.272
  0
LINE
  8
0
 10
157.317
 20
216.272
 11
157.646
 21
215.205
  0
LINE
  8
0
 10
157.646
 20
215.205
 11
157.833
 21
214.089
  0
LINE
  8
0
 10
157.833
 20
214.089
 11
157.878
 21
212.923
  0
LINE
  8
0
 10
157.878
 20
212.923
 11
157.783
 21
211.704
  0
LINE
  8
0
 10
157.783
 20
211.704
 11
157.548
 21
210.435
  0
LINE
  8
0
 10
157.548
 20
210.435
 11
157.17
 21
209.115
  0
LINE
  8
0
 10
157.17
 20
209.115
 11
156.65
 21
207.745
  0
LINE
  8
0
 10
156.65
 20
207.745
 11
155.991
 21
206.324
  0
LINE
  8
0
 10
155.991
 20
206.324
 11
155.19
 21
204.852
  0
LINE
  8
0
 10
155.19
 20
204.852
 11
154.255
 21
203.337
  0
LINE
  8
0
 10
154.255
 20
203.337
 11
154.255
 21
204.683
  0
LINE
  8
0
 10
175.254
 20
204.683
 11
175.136
 21
205.811
  0
LINE
  8
0
 10
175.136
 20
205.811
 11
174.989
 21
206.922
  0
LINE
  8
0
 10
174.989
 20
206.922
 11
174.814
 21
208.017
  0
LINE
  8
0
 10
174.814
 20
208.017
 11
174.612
 21
209.095
  0
LINE
  8
0
 10
174.612
 20
209.095
 11
174.383
 21
210.157
  0
LINE
  8
0
 10
174.383
 20
210.157
 11
174.125
 21
211.202
  0
LINE
  8
0
 10
174.125
 20
211.202
 11
173.839
 21
212.233
  0
LINE
  8
0
 10
173.839
 20
212.233
 11
173.525
 21
213.245
  0
LINE
  8
0
 10
173.525
 20
213.245
 11
173.184
 21
214.242
  0
LINE
  8
0
 10
173.184
 20
214.242
 11
172.815
 21
215.222
  0
LINE
  8
0
 10
172.815
 20
215.222
 11
172.418
 21
216.186
  0
LINE
  8
0
 10
172.418
 20
216.186
 11
171.993
 21
217.131
  0
LINE
  8
0
 10
171.993
 20
217.131
 11
175.246
 21
221.028
  0
LINE
  8
0
 10
175.246
 20
221.028
 11
175.246
 21
220.613
  0
LINE
  8
0
 10
175.246
 20
220.613
 11
177.236
 21
218.25
  0
LINE
  8
0
 10
177.236
 20
218.25
 11
177.847
 21
217.286
  0
LINE
  8
0
 10
177.847
 20
217.286
 11
178.316
 21
216.272
  0
LINE
  8
0
 10
178.316
 20
216.272
 11
178.645
 21
215.205
  0
LINE
  8
0
 10
178.645
 20
215.205
 11
178.832
 21
214.089
  0
LINE
  8
0
 10
178.832
 20
214.089
 11
178.877
 21
212.923
  0
LINE
  8
0
 10
178.877
 20
212.923
 11
178.782
 21
211.704
  0
LINE
  8
0
 10
178.782
 20
211.704
 11
178.547
 21
210.435
  0
LINE
  8
0
 10
178.547
 20
210.435
 11
178.169
 21
209.115
  0
LINE
  8
0
 10
178.169
 20
209.115
 11
177.649
 21
207.745
  0
LINE
  8
0
 10
177.649
 20
207.745
 11
176.99
 21
206.324
  0
LINE
  8
0
 10
176.99
 20
206.324
 11
176.189
 21
204.852
  0
LINE
  8
0
 10
176.189
 20
204.852
 11
175.254
 21
203.337
  0
LINE
  8
0
 10
175.254
 20
203.337
 11
175.254
 21
204.683
  0
LINE
  8
0
 10
164.754
 20
204.683
 11
164.636
 21
205.811
  0
LINE
  8
0
 10
164.636
 20
205.811
 11
164.489
 21
206.922
  0
LINE
  8
0
 10
164.489
 20
206.922
 11
164.315
 21
208.017
  0
LINE
  8
0
 10
164.315
 20
208.017
 11
164.113
 21
209.095
  0
LINE
  8
0
 10
164.113
 20
209.095
 11
163.884
 21
210.157
  0
LINE
  8
0
 10
163.884
 20
210.157
 11
163.626
 21
211.202
  0
LINE
  8
0
 10
163.626
 20
211.202
 11
163.34
 21
212.233
  0
LINE
  8
0
 10
163.34
 20
212.233
 11
163.026
 21
213.245
  0
LINE
  8
0
 10
163.026
 20
213.245
 11
162.685
 21
214.242
  0
LINE
  8
0
 10
162.685
 20
214.242
 11
162.315
 21
215.222
  0
LINE
  8
0
 10
162.315
 20
215.222
 11
161.918
 21
216.186
  0
LINE
  8
0
 10
161.918
 20
216.186
 11
161.493
 21
217.131
  0
LINE
  8
0
 10
161.493
 20
217.131
 11
164.746
 21
221.028
  0
LINE
  8
0
 10
164.746
 20
221.028
 11
164.746
 21
220.613
  0
LINE
  8
0
 10
164.746
 20
220.613
 11
166.737
 21
218.25
  0
LINE
  8
0
 10
166.737
 20
218.25
 11
167.347
 21
217.286
  0
LINE
  8
0
 10
167.347
 20
217.286
 11
167.816
 21
216.272
  0
LINE
  8
0
 10
167.816
 20
216.272
 11
168.146
 21
215.205
  0
LINE
  8
0
 10
168.146
 20
215.205
 11
168.333
 21
214.089
  0
LINE
  8
0
 10
168.333
 20
214.089
 11
168.378
 21
212.923
  0
LINE
  8
0
 10
168.378
 20
212.923
 11
168.282
 21
211.704
  0
LINE
  8
0
 10
168.282
 20
211.704
 11
168.047
 21
210.435
  0
LINE
  8
0
 10
168.047
 20
210.435
 11
167.669
 21
209.115
  0
LINE
  8
0
 10
167.669
 20
209.115
 11
167.15
 21
207.745
  0
LINE
  8
0
 10
167.15
 20
207.745
 11
166.49
 21
206.324
  0
LINE
  8
0
 10
166.49
 20
206.324
 11
165.689
 21
204.852
  0
LINE
  8
0
 10
165.689
 20
204.852
 11
164.754
 21
203.337
  0
LINE
  8
0
 10
164.754
 20
203.337
 11
164.754
 21
204.683
  0
LINE
  8
0
 10
206.754
 20
204.683
 11
206.636
 21
205.811
  0
LINE
  8
0
 10
206.636
 20
205.811
 11
206.489
 21
206.922
  0
LINE
  8
0
 10
206.489
 20
206.922
 11
206.314
 21
208.017
  0
LINE
  8
0
 10
206.314
 20
208.017
 11
206.113
 21
209.095
  0
LINE
  8
0
 10
206.113
 20
209.095
 11
205.883
 21
210.157
  0
LINE
  8
0
 10
205.883
 20
210.157
 11
205.625
 21
211.202
  0
LINE
  8
0
 10
205.625
 20
211.202
 11
205.34
 21
212.233
  0
LINE
  8
0
 10
205.34
 20
212.233
 11
205.026
 21
213.245
  0
LINE
  8
0
 10
205.026
 20
213.245
 11
204.685
 21
214.242
  0
LINE
  8
0
 10
204.685
 20
214.242
 11
204.315
 21
215.222
  0
LINE
  8
0
 10
204.315
 20
215.222
 11
203.918
 21
216.186
  0
LINE
  8
0
 10
203.918
 20
216.186
 11
203.493
 21
217.131
  0
LINE
  8
0
 10
203.493
 20
217.131
 11
206.746
 21
221.028
  0
LINE
  8
0
 10
206.746
 20
221.028
 11
206.746
 21
220.613
  0
LINE
  8
0
 10
206.746
 20
220.613
 11
208.736
 21
218.25
  0
LINE
  8
0
 10
208.736
 20
218.25
 11
209.347
 21
217.286
  0
LINE
  8
0
 10
209.347
 20
217.286
 11
209.816
 21
216.272
  0
LINE
  8
0
 10
209.816
 20
216.272
 11
210.146
 21
215.205
  0
LINE
  8
0
 10
210.146
 20
215.205
 11
210.333
 21
214.089
  0
LINE
  8
0
 10
210.333
 20
214.089
 11
210.377
 21
212.923
  0
LINE
  8
0
 10
210.377
 20
212.923
 11
210.282
 21
211.704
  0
LINE
  8
0
 10
210.282
 20
211.704
 11
210.047
 21
210.435
  0
LINE
  8
0
 10
210.047
 20
210.435
 11
209.669
 21
209.115
  0
LINE
  8
0
 10
209.669
 20
209.115
 11
209.15
 21
207.745
  0
LINE
  8
0
 10
209.15
 20
207.745
 11
208.49
 21
206.324
  0
LINE
  8
0
 10
208.49
 20
206.324
 11
207.689
 21
204.852
  0
LINE
  8
0
 10
207.689
 20
204.852
 11
206.754
 21
203.337
  0
LINE
  8
0
 10
206.754
 20
203.337
 11
206.754
 21
204.683
  0
LINE
  8
0
 10
133.254
 20
204.683
 11
133.136
 21
205.811
  0
LINE
  8
0
 10
133.136
 20
205.811
 11
132.99
 21
206.922
  0
LINE
  8
0
 10
132.99
 20
206.922
 11
132.815
 21
208.017
  0
LINE
  8
0
 10
132.815
 20
208.017
 11
132.613
 21
209.095
  0
LINE
  8
0
 10
132.613
 20
209.095
 11
132.384
 21
210.157
  0
LINE
  8
0
 10
132.384
 20
210.157
 11
132.126
 21
211.202
  0
LINE
  8
0
 10
132.126
 20
211.202
 11
131.84
 21
212.233
  0
LINE
  8
0
 10
131.84
 20
212.233
 11
131.526
 21
213.245
  0
LINE
  8
0
 10
131.526
 20
213.245
 11
131.185
 21
214.242
  0
LINE
  8
0
 10
131.185
 20
214.242
 11
130.815
 21
215.222
  0
LINE
  8
0
 10
130.815
 20
215.222
 11
130.418
 21
216.186
  0
LINE
  8
0
 10
130.418
 20
216.186
 11
129.994
 21
217.131
  0
LINE
  8
0
 10
129.994
 20
217.131
 11
133.247
 21
221.028
  0
LINE
  8
0
 10
133.247
 20
221.028
 11
133.247
 21
220.613
  0
LINE
  8
0
 10
133.247
 20
220.613
 11
135.237
 21
218.25
  0
LINE
  8
0
 10
135.237
 20
218.25
 11
135.847
 21
217.286
  0
LINE
  8
0
 10
135.847
 20
217.286
 11
136.317
 21
216.272
  0
LINE
  8
0
 10
136.317
 20
216.272
 11
136.646
 21
215.205
  0
LINE
  8
0
 10
136.646
 20
215.205
 11
136.833
 21
214.089
  0
LINE
  8
0
 10
136.833
 20
214.089
 11
136.878
 21
212.923
  0
LINE
  8
0
 10
136.878
 20
212.923
 11
136.782
 21
211.704
  0
LINE
  8
0
 10
136.782
 20
211.704
 11
136.547
 21
210.435
  0
LINE
  8
0
 10
136.547
 20
210.435
 11
136.17
 21
209.115
  0
LINE
  8
0
 10
136.17
 20
209.115
 11
135.65
 21
207.745
  0
LINE
  8
0
 10
135.65
 20
207.745
 11
134.991
 21
206.324
  0
LINE
  8
0
 10
134.991
 20
206.324
 11
134.189
 21
204.852
  0
LINE
  8
0
 10
134.189
 20
204.852
 11
133.254
 21
203.337
  0
LINE
  8
0
 10
133.254
 20
203.337
 11
133.254
 21
204.683
  0
LINE
  8
0
 10
185.754
 20
204.683
 11
185.636
 21
205.811
  0
LINE
  8
0
 10
185.636
 20
205.811
 11
185.489
 21
206.922
  0
LINE
  8
0
 10
185.489
 20
206.922
 11
185.314
 21
208.017
  0
LINE
  8
0
 10
185.314
 20
208.017
 11
185.113
 21
209.095
  0
LINE
  8
0
 10
185.113
 20
209.095
 11
184.883
 21
210.157
  0
LINE
  8
0
 10
184.883
 20
210.157
 11
184.625
 21
211.202
  0
LINE
  8
0
 10
184.625
 20
211.202
 11
184.34
 21
212.233
  0
LINE
  8
0
 10
184.34
 20
212.233
 11
184.026
 21
213.245
  0
LINE
  8
0
 10
184.026
 20
213.245
 11
183.685
 21
214.242
  0
LINE
  8
0
 10
183.685
 20
214.242
 11
183.315
 21
215.222
  0
LINE
  8
0
 10
183.315
 20
215.222
 11
182.918
 21
216.186
  0
LINE
  8
0
 10
182.918
 20
216.186
 11
182.493
 21
217.131
  0
LINE
  8
0
 10
182.493
 20
217.131
 11
185.746
 21
221.028
  0
LINE
  8
0
 10
185.746
 20
221.028
 11
185.746
 21
220.613
  0
LINE
  8
0
 10
185.746
 20
220.613
 11
187.736
 21
218.25
  0
LINE
  8
0
 10
187.736
 20
218.25
 11
188.347
 21
217.286
  0
LINE
  8
0
 10
188.347
 20
217.286
 11
188.816
 21
216.272
  0
LINE
  8
0
 10
188.816
 20
216.272
 11
189.145
 21
215.205
  0
LINE
  8
0
 10
189.145
 20
215.205
 11
189.332
 21
214.089
  0
LINE
  8
0
 10
189.332
 20
214.089
 11
189.377
 21
212.923
  0
LINE
  8
0
 10
189.377
 20
212.923
 11
189.282
 21
211.704
  0
LINE
  8
0
 10
189.282
 20
211.704
 11
189.047
 21
210.435
  0
LINE
  8
0
 10
189.047
 20
210.435
 11
188.669
 21
209.115
  0
LINE
  8
0
 10
188.669
 20
209.115
 11
188.149
 21
207.745
  0
LINE
  8
0
 10
188.149
 20
207.745
 11
187.49
 21
206.324
  0
LINE
  8
0
 10
187.49
 20
206.324
 11
186.689
 21
204.852
  0
LINE
  8
0
 10
186.689
 20
204.852
 11
185.754
 21
203.337
  0
LINE
  8
0
 10
185.754
 20
203.337
 11
185.754
 21
204.683
  0
LINE
  8
0
 10
196.254
 20
204.683
 11
196.136
 21
205.811
  0
LINE
  8
0
 10
196.136
 20
205.811
 11
195.989
 21
206.922
  0
LINE
  8
0
 10
195.989
 20
206.922
 11
195.814
 21
208.017
  0
LINE
  8
0
 10
195.814
 20
208.017
 11
195.613
 21
209.095
  0
LINE
  8
0
 10
195.613
 20
209.095
 11
195.383
 21
210.157
  0
LINE
  8
0
 10
195.383
 20
210.157
 11
195.125
 21
211.202
  0
LINE
  8
0
 10
195.125
 20
211.202
 11
194.84
 21
212.233
  0
LINE
  8
0
 10
194.84
 20
212.233
 11
194.526
 21
213.245
  0
LINE
  8
0
 10
194.526
 20
213.245
 11
194.185
 21
214.242
  0
LINE
  8
0
 10
194.185
 20
214.242
 11
193.815
 21
215.222
  0
LINE
  8
0
 10
193.815
 20
215.222
 11
193.418
 21
216.186
  0
LINE
  8
0
 10
193.418
 20
216.186
 11
192.993
 21
217.131
  0
LINE
  8
0
 10
192.993
 20
217.131
 11
196.246
 21
221.028
  0
LINE
  8
0
 10
196.246
 20
221.028
 11
196.246
 21
220.613
  0
LINE
  8
0
 10
196.246
 20
220.613
 11
198.236
 21
218.25
  0
LINE
  8
0
 10
198.236
 20
218.25
 11
198.847
 21
217.286
  0
LINE
  8
0
 10
198.847
 20
217.286
 11
199.316
 21
216.272
  0
LINE
  8
0
 10
199.316
 20
216.272
 11
199.645
 21
215.205
  0
LINE
  8
0
 10
199.645
 20
215.205
 11
199.832
 21
214.089
  0
LINE
  8
0
 10
199.832
 20
214.089
 11
199.877
 21
212.923
  0
LINE
  8
0
 10
199.877
 20
212.923
 11
199.782
 21
211.704
  0
LINE
  8
0
 10
199.782
 20
211.704
 11
199.547
 21
210.435
  0
LINE
  8
0
 10
199.547
 20
210.435
 11
199.169
 21
209.115
  0
LINE
  8
0
 10
199.169
 20
209.115
 11
198.65
 21
207.745
  0
LINE
  8
0
 10
198.65
 20
207.745
 11
197.99
 21
206.324
  0
LINE
  8
0
 10
197.99
 20
206.324
 11
197.189
 21
204.852
  0
LINE
  8
0
 10
197.189
 20
204.852
 11
196.254
 21
203.337
  0
LINE
  8
0
 10
196.254
 20
203.337
 11
196.254
 21
204.683
  0
LINE
  8
0
 10
122.754
 20
204.241
 11
122.754
 21
204.683
  0
LINE
  8
0
 10
122.754
 20
204.683
 11
122.636
 21
205.811
  0
LINE
  8
0
 10
122.636
 20
205.811
 11
122.489
 21
206.922
  0
LINE
  8
0
 10
122.489
 20
206.922
 11
122.315
 21
208.017
  0
LINE
  8
0
 10
122.315
 20
208.017
 11
122.113
 21
209.095
  0
LINE
  8
0
 10
122.113
 20
209.095
 11
121.884
 21
210.157
  0
LINE
  8
0
 10
121.884
 20
210.157
 11
121.626
 21
211.202
  0
LINE
  8
0
 10
121.626
 20
211.202
 11
121.34
 21
212.233
  0
LINE
  8
0
 10
121.34
 20
212.233
 11
121.026
 21
213.245
  0
LINE
  8
0
 10
121.026
 20
213.245
 11
120.685
 21
214.242
  0
LINE
  8
0
 10
120.685
 20
214.242
 11
120.315
 21
215.222
  0
LINE
  8
0
 10
120.315
 20
215.222
 11
119.918
 21
216.186
  0
LINE
  8
0
 10
119.918
 20
216.186
 11
119.493
 21
217.131
  0
LINE
  8
0
 10
119.493
 20
217.131
 11
122.747
 21
221.028
  0
LINE
  8
0
 10
122.747
 20
221.028
 11
122.747
 21
220.613
  0
LINE
  8
0
 10
122.747
 20
220.613
 11
124.737
 21
218.25
  0
LINE
  8
0
 10
124.737
 20
218.25
 11
125.347
 21
217.286
  0
LINE
  8
0
 10
125.347
 20
217.286
 11
125.817
 21
216.272
  0
LINE
  8
0
 10
125.817
 20
216.272
 11
126.146
 21
215.205
  0
LINE
  8
0
 10
126.146
 20
215.205
 11
126.333
 21
214.089
  0
LINE
  8
0
 10
126.333
 20
214.089
 11
126.378
 21
212.923
  0
LINE
  8
0
 10
126.378
 20
212.923
 11
126.282
 21
211.704
  0
LINE
  8
0
 10
126.282
 20
211.704
 11
126.047
 21
210.435
  0
LINE
  8
0
 10
126.047
 20
210.435
 11
125.67
 21
209.115
  0
LINE
  8
0
 10
125.67
 20
209.115
 11
125.15
 21
207.745
  0
LINE
  8
0
 10
125.15
 20
207.745
 11
124.491
 21
206.324
  0
LINE
  8
0
 10
124.491
 20
206.324
 11
123.689
 21
204.852
  0
LINE
  8
0
 10
123.689
 20
204.852
 11
122.946
 21
203.649
  0
LINE
  8
0
 10
122.946
 20
203.649
 11
122.754
 21
204.241
  0
LINE
  8
0
 10
217.254
 20
204.683
 11
217.136
 21
205.811
  0
LINE
  8
0
 10
217.136
 20
205.811
 11
216.989
 21
206.922
  0
LINE
  8
0
 10
216.989
 20
206.922
 11
216.815
 21
208.017
  0
LINE
  8
0
 10
216.815
 20
208.017
 11
216.613
 21
209.095
  0
LINE
  8
0
 10
216.613
 20
209.095
 11
216.384
 21
210.157
  0
LINE
  8
0
 10
216.384
 20
210.157
 11
216.126
 21
211.202
  0
LINE
  8
0
 10
216.126
 20
211.202
 11
215.84
 21
212.233
  0
LINE
  8
0
 10
215.84
 20
212.233
 11
215.526
 21
213.245
  0
LINE
  8
0
 10
215.526
 20
213.245
 11
215.185
 21
214.242
  0
LINE
  8
0
 10
215.185
 20
214.242
 11
214.815
 21
215.222
  0
LINE
  8
0
 10
214.815
 20
215.222
 11
214.418
 21
216.186
  0
LINE
  8
0
 10
214.418
 20
216.186
 11
213.993
 21
217.131
  0
LINE
  8
0
 10
213.993
 20
217.131
 11
217.246
 21
221.028
  0
LINE
  8
0
 10
217.246
 20
221.028
 11
217.246
 21
220.613
  0
LINE
  8
0
 10
217.246
 20
220.613
 11
219.237
 21
218.25
  0
LINE
  8
0
 10
219.237
 20
218.25
 11
219.847
 21
217.286
  0
LINE
  8
0
 10
219.847
 20
217.286
 11
220.316
 21
216.272
  0
LINE
  8
0
 10
220.316
 20
216.272
 11
220.646
 21
215.205
  0
LINE
  8
0
 10
220.646
 20
215.205
 11
220.701
 21
214.874
  0
LINE
  8
0
 10
220.701
 20
214.874
 11
217.254
 21
204.266
  0
LINE
  8
0
 10
217.254
 20
204.266
 11
217.254
 21
204.683
  0
LINE
  8
0
 10
187.743
 20
189.522
 11
188.168
 21
190.467
  0
LINE
  8
0
 10
188.168
 20
190.467
 11
188.564
 21
191.43
  0
LINE
  8
0
 10
188.564
 20
191.43
 11
188.934
 21
192.41
  0
LINE
  8
0
 10
188.934
 20
192.41
 11
189.275
 21
193.406
  0
LINE
  8
0
 10
189.275
 20
193.406
 11
189.589
 21
194.419
  0
LINE
  8
0
 10
189.589
 20
194.419
 11
189.875
 21
195.449
  0
LINE
  8
0
 10
189.875
 20
195.449
 11
190.133
 21
196.494
  0
LINE
  8
0
 10
190.133
 20
196.494
 11
190.362
 21
197.557
  0
LINE
  8
0
 10
190.362
 20
197.557
 11
190.564
 21
198.635
  0
LINE
  8
0
 10
190.564
 20
198.635
 11
190.738
 21
199.73
  0
LINE
  8
0
 10
190.738
 20
199.73
 11
190.885
 21
200.841
  0
LINE
  8
0
 10
190.885
 20
200.841
 11
191.003
 21
201.969
  0
LINE
  8
0
 10
191.003
 20
201.969
 11
191.003
 21
203.315
  0
LINE
  8
0
 10
191.003
 20
203.315
 11
191.939
 21
201.801
  0
LINE
  8
0
 10
191.939
 20
201.801
 11
192.74
 21
200.328
  0
LINE
  8
0
 10
192.74
 20
200.328
 11
193.4
 21
198.907
  0
LINE
  8
0
 10
193.4
 20
198.907
 11
193.919
 21
197.537
  0
LINE
  8
0
 10
193.919
 20
197.537
 11
194.297
 21
196.217
  0
LINE
  8
0
 10
194.297
 20
196.217
 11
194.533
 21
194.948
  0
LINE
  8
0
 10
194.533
 20
194.948
 11
194.628
 21
193.731
  0
LINE
  8
0
 10
194.628
 20
193.731
 11
194.582
 21
192.563
  0
LINE
  8
0
 10
194.582
 20
192.563
 11
194.395
 21
191.446
  0
LINE
  8
0
 10
194.395
 20
191.446
 11
194.066
 21
190.381
  0
LINE
  8
0
 10
194.066
 20
190.381
 11
193.597
 21
189.367
  0
LINE
  8
0
 10
193.597
 20
189.367
 11
192.986
 21
188.402
  0
LINE
  8
0
 10
192.986
 20
188.402
 11
190.996
 21
186.039
  0
LINE
  8
0
 10
190.996
 20
186.039
 11
190.996
 21
185.624
  0
LINE
  8
0
 10
190.996
 20
185.624
 11
187.743
 21
189.522
  0
LINE
  8
0
 10
126.275
 20
193.403
 11
126.276
 21
193.406
  0
LINE
  8
0
 10
126.276
 20
193.406
 11
126.59
 21
194.419
  0
LINE
  8
0
 10
126.59
 20
194.419
 11
126.875
 21
195.449
  0
LINE
  8
0
 10
126.875
 20
195.449
 11
127.133
 21
196.494
  0
LINE
  8
0
 10
127.133
 20
196.494
 11
127.363
 21
197.557
  0
LINE
  8
0
 10
127.363
 20
197.557
 11
127.564
 21
198.635
  0
LINE
  8
0
 10
127.564
 20
198.635
 11
127.739
 21
199.73
  0
LINE
  8
0
 10
127.739
 20
199.73
 11
127.886
 21
200.841
  0
LINE
  8
0
 10
127.886
 20
200.841
 11
128.004
 21
201.969
  0
LINE
  8
0
 10
128.004
 20
201.969
 11
128.004
 21
203.315
  0
LINE
  8
0
 10
128.004
 20
203.315
 11
128.94
 21
201.801
  0
LINE
  8
0
 10
128.94
 20
201.801
 11
129.741
 21
200.328
  0
LINE
  8
0
 10
129.741
 20
200.328
 11
130.4
 21
198.907
  0
LINE
  8
0
 10
130.4
 20
198.907
 11
130.92
 21
197.537
  0
LINE
  8
0
 10
130.92
 20
197.537
 11
131.298
 21
196.217
  0
LINE
  8
0
 10
131.298
 20
196.217
 11
131.533
 21
194.948
  0
LINE
  8
0
 10
131.533
 20
194.948
 11
131.628
 21
193.731
  0
LINE
  8
0
 10
131.628
 20
193.731
 11
131.583
 21
192.563
  0
LINE
  8
0
 10
131.583
 20
192.563
 11
131.396
 21
191.446
  0
LINE
  8
0
 10
131.396
 20
191.446
 11
131.067
 21
190.381
  0
LINE
  8
0
 10
131.067
 20
190.381
 11
130.598
 21
189.367
  0
LINE
  8
0
 10
130.598
 20
189.367
 11
129.986
 21
188.402
  0
LINE
  8
0
 10
129.986
 20
188.402
 11
128.481
 21
186.614
  0
LINE
  8
0
 10
128.481
 20
186.614
 11
126.275
 21
193.403
  0
LINE
  8
0
 10
208.744
 20
189.522
 11
209.168
 21
190.467
  0
LINE
  8
0
 10
209.168
 20
190.467
 11
209.565
 21
191.43
  0
LINE
  8
0
 10
209.565
 20
191.43
 11
209.935
 21
192.41
  0
LINE
  8
0
 10
209.935
 20
192.41
 11
210.276
 21
193.406
  0
LINE
  8
0
 10
210.276
 20
193.406
 11
210.59
 21
194.419
  0
LINE
  8
0
 10
210.59
 20
194.419
 11
210.875
 21
195.449
  0
LINE
  8
0
 10
210.875
 20
195.449
 11
211.133
 21
196.494
  0
LINE
  8
0
 10
211.133
 20
196.494
 11
211.363
 21
197.557
  0
LINE
  8
0
 10
211.363
 20
197.557
 11
211.564
 21
198.635
  0
LINE
  8
0
 10
211.564
 20
198.635
 11
211.738
 21
199.73
  0
LINE
  8
0
 10
211.738
 20
199.73
 11
211.885
 21
200.841
  0
LINE
  8
0
 10
211.885
 20
200.841
 11
212.004
 21
201.969
  0
LINE
  8
0
 10
212.004
 20
201.969
 11
212.004
 21
203.315
  0
LINE
  8
0
 10
212.004
 20
203.315
 11
212.939
 21
201.801
  0
LINE
  8
0
 10
212.939
 20
201.801
 11
213.741
 21
200.328
  0
LINE
  8
0
 10
213.741
 20
200.328
 11
214.4
 21
198.907
  0
LINE
  8
0
 10
214.4
 20
198.907
 11
214.92
 21
197.537
  0
LINE
  8
0
 10
214.92
 20
197.537
 11
214.989
 21
197.295
  0
LINE
  8
0
 10
214.989
 20
197.295
 11
211.421
 21
186.314
  0
LINE
  8
0
 10
211.421
 20
186.314
 11
208.744
 21
189.522
  0
LINE
  8
0
 10
145.744
 20
189.522
 11
146.168
 21
190.467
  0
LINE
  8
0
 10
146.168
 20
190.467
 11
146.565
 21
191.43
  0
LINE
  8
0
 10
146.565
 20
191.43
 11
146.935
 21
192.41
  0
LINE
  8
0
 10
146.935
 20
192.41
 11
147.276
 21
193.406
  0
LINE
  8
0
 10
147.276
 20
193.406
 11
147.59
 21
194.419
  0
LINE
  8
0
 10
147.59
 20
194.419
 11
147.876
 21
195.449
  0
LINE
  8
0
 10
147.876
 20
195.449
 11
148.134
 21
196.494
  0
LINE
  8
0
 10
148.134
 20
196.494
 11
148.363
 21
197.557
  0
LINE
  8
0
 10
148.363
 20
197.557
 11
148.565
 21
198.635
  0
LINE
  8
0
 10
148.565
 20
198.635
 11
148.739
 21
199.73
  0
LINE
  8
0
 10
148.739
 20
199.73
 11
148.886
 21
200.841
  0
LINE
  8
0
 10
148.886
 20
200.841
 11
149.004
 21
201.969
  0
LINE
  8
0
 10
149.004
 20
201.969
 11
149.004
 21
203.315
  0
LINE
  8
0
 10
149.004
 20
203.315
 11
149.94
 21
201.801
  0
LINE
  8
0
 10
149.94
 20
201.801
 11
150.741
 21
200.328
  0
LINE
  8
0
 10
150.741
 20
200.328
 11
151.401
 21
198.907
  0
LINE
  8
0
 10
151.401
 20
198.907
 11
151.92
 21
197.537
  0
LINE
  8
0
 10
151.92
 20
197.537
 11
152.298
 21
196.217
  0
LINE
  8
0
 10
152.298
 20
196.217
 11
152.533
 21
194.948
  0
LINE
  8
0
 10
152.533
 20
194.948
 11
152.628
 21
193.731
  0
LINE
  8
0
 10
152.628
 20
193.731
 11
152.583
 21
192.563
  0
LINE
  8
0
 10
152.583
 20
192.563
 11
152.396
 21
191.446
  0
LINE
  8
0
 10
152.396
 20
191.446
 11
152.067
 21
190.381
  0
LINE
  8
0
 10
152.067
 20
190.381
 11
151.598
 21
189.367
  0
LINE
  8
0
 10
151.598
 20
189.367
 11
150.987
 21
188.402
  0
LINE
  8
0
 10
150.987
 20
188.402
 11
148.997
 21
186.039
  0
LINE
  8
0
 10
148.997
 20
186.039
 11
148.997
 21
185.624
  0
LINE
  8
0
 10
148.997
 20
185.624
 11
145.744
 21
189.522
  0
LINE
  8
0
 10
177.243
 20
189.522
 11
177.667
 21
190.467
  0
LINE
  8
0
 10
177.667
 20
190.467
 11
178.064
 21
191.43
  0
LINE
  8
0
 10
178.064
 20
191.43
 11
178.434
 21
192.41
  0
LINE
  8
0
 10
178.434
 20
192.41
 11
178.775
 21
193.406
  0
LINE
  8
0
 10
178.775
 20
193.406
 11
179.089
 21
194.419
  0
LINE
  8
0
 10
179.089
 20
194.419
 11
179.375
 21
195.449
  0
LINE
  8
0
 10
179.375
 20
195.449
 11
179.633
 21
196.494
  0
LINE
  8
0
 10
179.633
 20
196.494
 11
179.862
 21
197.557
  0
LINE
  8
0
 10
179.862
 20
197.557
 11
180.064
 21
198.635
  0
LINE
  8
0
 10
180.064
 20
198.635
 11
180.238
 21
199.73
  0
LINE
  8
0
 10
180.238
 20
199.73
 11
180.385
 21
200.841
  0
LINE
  8
0
 10
180.385
 20
200.841
 11
180.503
 21
201.969
  0
LINE
  8
0
 10
180.503
 20
201.969
 11
180.503
 21
203.315
  0
LINE
  8
0
 10
180.503
 20
203.315
 11
181.439
 21
201.801
  0
LINE
  8
0
 10
181.439
 20
201.801
 11
182.24
 21
200.328
  0
LINE
  8
0
 10
182.24
 20
200.328
 11
182.9
 21
198.907
  0
LINE
  8
0
 10
182.9
 20
198.907
 11
183.419
 21
197.537
  0
LINE
  8
0
 10
183.419
 20
197.537
 11
183.797
 21
196.217
  0
LINE
  8
0
 10
183.797
 20
196.217
 11
184.033
 21
194.948
  0
LINE
  8
0
 10
184.033
 20
194.948
 11
184.127
 21
193.731
  0
LINE
  8
0
 10
184.127
 20
193.731
 11
184.082
 21
192.563
  0
LINE
  8
0
 10
184.082
 20
192.563
 11
183.895
 21
191.446
  0
LINE
  8
0
 10
183.895
 20
191.446
 11
183.566
 21
190.381
  0
LINE
  8
0
 10
183.566
 20
190.381
 11
183.097
 21
189.367
  0
LINE
  8
0
 10
183.097
 20
189.367
 11
182.486
 21
188.402
  0
LINE
  8
0
 10
182.486
 20
188.402
 11
180.496
 21
186.039
  0
LINE
  8
0
 10
180.496
 20
186.039
 11
180.496
 21
185.624
  0
LINE
  8
0
 10
180.496
 20
185.624
 11
177.243
 21
189.522
  0
LINE
  8
0
 10
135.244
 20
189.522
 11
135.668
 21
190.467
  0
LINE
  8
0
 10
135.668
 20
190.467
 11
136.065
 21
191.43
  0
LINE
  8
0
 10
136.065
 20
191.43
 11
136.435
 21
192.41
  0
LINE
  8
0
 10
136.435
 20
192.41
 11
136.776
 21
193.406
  0
LINE
  8
0
 10
136.776
 20
193.406
 11
137.09
 21
194.419
  0
LINE
  8
0
 10
137.09
 20
194.419
 11
137.376
 21
195.449
  0
LINE
  8
0
 10
137.376
 20
195.449
 11
137.634
 21
196.494
  0
LINE
  8
0
 10
137.634
 20
196.494
 11
137.863
 21
197.557
  0
LINE
  8
0
 10
137.863
 20
197.557
 11
138.065
 21
198.635
  0
LINE
  8
0
 10
138.065
 20
198.635
 11
138.239
 21
199.73
  0
LINE
  8
0
 10
138.239
 20
199.73
 11
138.386
 21
200.841
  0
LINE
  8
0
 10
138.386
 20
200.841
 11
138.504
 21
201.969
  0
LINE
  8
0
 10
138.504
 20
201.969
 11
138.504
 21
203.315
  0
LINE
  8
0
 10
138.504
 20
203.315
 11
139.44
 21
201.801
  0
LINE
  8
0
 10
139.44
 20
201.801
 11
140.241
 21
200.328
  0
LINE
  8
0
 10
140.241
 20
200.328
 11
140.9
 21
198.907
  0
LINE
  8
0
 10
140.9
 20
198.907
 11
141.42
 21
197.537
  0
LINE
  8
0
 10
141.42
 20
197.537
 11
141.798
 21
196.217
  0
LINE
  8
0
 10
141.798
 20
196.217
 11
142.033
 21
194.948
  0
LINE
  8
0
 10
142.033
 20
194.948
 11
142.128
 21
193.731
  0
LINE
  8
0
 10
142.128
 20
193.731
 11
142.083
 21
192.563
  0
LINE
  8
0
 10
142.083
 20
192.563
 11
141.896
 21
191.446
  0
LINE
  8
0
 10
141.896
 20
191.446
 11
141.567
 21
190.381
  0
LINE
  8
0
 10
141.567
 20
190.381
 11
141.098
 21
189.367
  0
LINE
  8
0
 10
141.098
 20
189.367
 11
140.487
 21
188.402
  0
LINE
  8
0
 10
140.487
 20
188.402
 11
138.497
 21
186.039
  0
LINE
  8
0
 10
138.497
 20
186.039
 11
138.497
 21
185.624
  0
LINE
  8
0
 10
138.497
 20
185.624
 11
135.244
 21
189.522
  0
LINE
  8
0
 10
166.744
 20
189.522
 11
167.168
 21
190.467
  0
LINE
  8
0
 10
167.168
 20
190.467
 11
167.565
 21
191.43
  0
LINE
  8
0
 10
167.565
 20
191.43
 11
167.935
 21
192.41
  0
LINE
  8
0
 10
167.935
 20
192.41
 11
168.276
 21
193.406
  0
LINE
  8
0
 10
168.276
 20
193.406
 11
168.59
 21
194.419
  0
LINE
  8
0
 10
168.59
 20
194.419
 11
168.875
 21
195.449
  0
LINE
  8
0
 10
168.875
 20
195.449
 11
169.133
 21
196.494
  0
LINE
  8
0
 10
169.133
 20
196.494
 11
169.363
 21
197.557
  0
LINE
  8
0
 10
169.363
 20
197.557
 11
169.564
 21
198.635
  0
LINE
  8
0
 10
169.564
 20
198.635
 11
169.739
 21
199.73
  0
LINE
  8
0
 10
169.739
 20
199.73
 11
169.885
 21
200.841
  0
LINE
  8
0
 10
169.885
 20
200.841
 11
170.004
 21
201.969
  0
LINE
  8
0
 10
170.004
 20
201.969
 11
170.004
 21
203.315
  0
LINE
  8
0
 10
170.004
 20
203.315
 11
170.939
 21
201.801
  0
LINE
  8
0
 10
170.939
 20
201.801
 11
171.74
 21
200.328
  0
LINE
  8
0
 10
171.74
 20
200.328
 11
172.4
 21
198.907
  0
LINE
  8
0
 10
172.4
 20
198.907
 11
172.919
 21
197.537
  0
LINE
  8
0
 10
172.919
 20
197.537
 11
173.297
 21
196.217
  0
LINE
  8
0
 10
173.297
 20
196.217
 11
173.533
 21
194.948
  0
LINE
  8
0
 10
173.533
 20
194.948
 11
173.627
 21
193.731
  0
LINE
  8
0
 10
173.627
 20
193.731
 11
173.582
 21
192.563
  0
LINE
  8
0
 10
173.582
 20
192.563
 11
173.395
 21
191.446
  0
LINE
  8
0
 10
173.395
 20
191.446
 11
173.066
 21
190.381
  0
LINE
  8
0
 10
173.066
 20
190.381
 11
172.597
 21
189.367
  0
LINE
  8
0
 10
172.597
 20
189.367
 11
171.986
 21
188.402
  0
LINE
  8
0
 10
171.986
 20
188.402
 11
169.997
 21
186.039
  0
LINE
  8
0
 10
169.997
 20
186.039
 11
169.997
 21
185.624
  0
LINE
  8
0
 10
169.997
 20
185.624
 11
166.744
 21
189.522
  0
LINE
  8
0
 10
198.243
 20
189.522
 11
198.668
 21
190.467
  0
LINE
  8
0
 10
198.668
 20
190.467
 11
199.065
 21
191.43
  0
LINE
  8
0
 10
199.065
 20
191.43
 11
199.435
 21
192.41
  0
LINE
  8
0
 10
199.435
 20
192.41
 11
199.775
 21
193.406
  0
LINE
  8
0
 10
199.775
 20
193.406
 11
200.089
 21
194.419
  0
LINE
  8
0
 10
200.089
 20
194.419
 11
200.375
 21
195.449
  0
LINE
  8
0
 10
200.375
 20
195.449
 11
200.633
 21
196.494
  0
LINE
  8
0
 10
200.633
 20
196.494
 11
200.862
 21
197.557
  0
LINE
  8
0
 10
200.862
 20
197.557
 11
201.064
 21
198.635
  0
LINE
  8
0
 10
201.064
 20
198.635
 11
201.238
 21
199.73
  0
LINE
  8
0
 10
201.238
 20
199.73
 11
201.385
 21
200.841
  0
LINE
  8
0
 10
201.385
 20
200.841
 11
201.504
 21
201.969
  0
LINE
  8
0
 10
201.504
 20
201.969
 11
201.504
 21
203.315
  0
LINE
  8
0
 10
201.504
 20
203.315
 11
202.439
 21
201.801
  0
LINE
  8
0
 10
202.439
 20
201.801
 11
203.241
 21
200.328
  0
LINE
  8
0
 10
203.241
 20
200.328
 11
203.9
 21
198.907
  0
LINE
  8
0
 10
203.9
 20
198.907
 11
204.42
 21
197.537
  0
LINE
  8
0
 10
204.42
 20
197.537
 11
204.797
 21
196.217
  0
LINE
  8
0
 10
204.797
 20
196.217
 11
205.033
 21
194.948
  0
LINE
  8
0
 10
205.033
 20
194.948
 11
205.128
 21
193.731
  0
LINE
  8
0
 10
205.128
 20
193.731
 11
205.082
 21
192.563
  0
LINE
  8
0
 10
205.082
 20
192.563
 11
204.895
 21
191.446
  0
LINE
  8
0
 10
204.895
 20
191.446
 11
204.567
 21
190.381
  0
LINE
  8
0
 10
204.567
 20
190.381
 11
204.097
 21
189.367
  0
LINE
  8
0
 10
204.097
 20
189.367
 11
203.486
 21
188.402
  0
LINE
  8
0
 10
203.486
 20
188.402
 11
201.497
 21
186.039
  0
LINE
  8
0
 10
201.497
 20
186.039
 11
201.497
 21
185.624
  0
LINE
  8
0
 10
201.497
 20
185.624
 11
198.243
 21
189.522
  0
LINE
  8
0
 10
156.244
 20
189.522
 11
156.668
 21
190.467
  0
LINE
  8
0
 10
156.668
 20
190.467
 11
157.065
 21
191.43
  0
LINE
  8
0
 10
157.065
 20
191.43
 11
157.435
 21
192.41
  0
LINE
  8
0
 10
157.435
 20
192.41
 11
157.776
 21
193.406
  0
LINE
  8
0
 10
157.776
 20
193.406
 11
158.09
 21
194.419
  0
LINE
  8
0
 10
158.09
 20
194.419
 11
158.376
 21
195.449
  0
LINE
  8
0
 10
158.376
 20
195.449
 11
158.634
 21
196.494
  0
LINE
  8
0
 10
158.634
 20
196.494
 11
158.863
 21
197.557
  0
LINE
  8
0
 10
158.863
 20
197.557
 11
159.065
 21
198.635
  0
LINE
  8
0
 10
159.065
 20
198.635
 11
159.239
 21
199.73
  0
LINE
  8
0
 10
159.239
 20
199.73
 11
159.386
 21
200.841
  0
LINE
  8
0
 10
159.386
 20
200.841
 11
159.504
 21
201.969
  0
LINE
  8
0
 10
159.504
 20
201.969
 11
159.504
 21
203.314
  0
LINE
  8
0
 10
159.504
 20
203.314
 11
160.439
 21
201.801
  0
LINE
  8
0
 10
160.439
 20
201.801
 11
161.241
 21
200.328
  0
LINE
  8
0
 10
161.241
 20
200.328
 11
161.9
 21
198.907
  0
LINE
  8
0
 10
161.9
 20
198.907
 11
162.42
 21
197.537
  0
LINE
  8
0
 10
162.42
 20
197.537
 11
162.797
 21
196.217
  0
LINE
  8
0
 10
162.797
 20
196.217
 11
163.033
 21
194.948
  0
LINE
  8
0
 10
163.033
 20
194.948
 11
163.128
 21
193.731
  0
LINE
  8
0
 10
163.128
 20
193.731
 11
163.082
 21
192.563
  0
LINE
  8
0
 10
163.082
 20
192.563
 11
162.895
 21
191.446
  0
LINE
  8
0
 10
162.895
 20
191.446
 11
162.567
 21
190.381
  0
LINE
  8
0
 10
162.567
 20
190.381
 11
162.097
 21
189.367
  0
LINE
  8
0
 10
162.097
 20
189.367
 11
161.486
 21
188.402
  0
LINE
  8
0
 10
161.486
 20
188.402
 11
159.497
 21
186.039
  0
LINE
  8
0
 10
159.497
 20
186.039
 11
159.497
 21
185.624
  0
LINE
  8
0
 10
159.497
 20
185.624
 11
156.244
 21
189.522
  0
LINE
  8
0
 10
143.754
 20
169.683
 11
143.636
 21
170.811
  0
LINE
  8
0
 10
143.636
 20
170.811
 11
143.49
 21
171.922
  0
LINE
  8
0
 10
143.49
 20
171.922
 11
143.315
 21
173.017
  0
LINE
  8
0
 10
143.315
 20
173.017
 11
143.113
 21
174.095
  0
LINE
  8
0
 10
143.113
 20
174.095
 11
142.884
 21
175.157
  0
LINE
  8
0
 10
142.884
 20
175.157
 11
142.626
 21
176.202
  0
LINE
  8
0
 10
142.626
 20
176.202
 11
142.34
 21
177.233
  0
LINE
  8
0
 10
142.34
 20
177.233
 11
142.026
 21
178.245
  0
LINE
  8
0
 10
142.026
 20
178.245
 11
141.685
 21
179.242
  0
LINE
  8
0
 10
141.685
 20
179.242
 11
141.315
 21
180.222
  0
LINE
  8
0
 10
141.315
 20
180.222
 11
140.918
 21
181.186
  0
LINE
  8
0
 10
140.918
 20
181.186
 11
140.494
 21
182.131
  0
LINE
  8
0
 10
140.494
 20
182.131
 11
143.747
 21
186.028
  0
LINE
  8
0
 10
143.747
 20
186.028
 11
143.747
 21
185.613
  0
LINE
  8
0
 10
143.747
 20
185.613
 11
145.737
 21
183.25
  0
LINE
  8
0
 10
145.737
 20
183.25
 11
146.347
 21
182.286
  0
LINE
  8
0
 10
146.347
 20
182.286
 11
146.817
 21
181.272
  0
LINE
  8
0
 10
146.817
 20
181.272
 11
147.146
 21
180.205
  0
LINE
  8
0
 10
147.146
 20
180.205
 11
147.333
 21
179.089
  0
LINE
  8
0
 10
147.333
 20
179.089
 11
147.378
 21
177.923
  0
LINE
  8
0
 10
147.378
 20
177.923
 11
147.283
 21
176.704
  0
LINE
  8
0
 10
147.283
 20
176.704
 11
147.047
 21
175.435
  0
LINE
  8
0
 10
147.047
 20
175.435
 11
146.67
 21
174.115
  0
LINE
  8
0
 10
146.67
 20
174.115
 11
146.15
 21
172.745
  0
LINE
  8
0
 10
146.15
 20
172.745
 11
145.491
 21
171.324
  0
LINE
  8
0
 10
145.491
 20
171.324
 11
144.689
 21
169.852
  0
LINE
  8
0
 10
144.689
 20
169.852
 11
143.754
 21
168.337
  0
LINE
  8
0
 10
143.754
 20
168.337
 11
143.754
 21
169.683
  0
LINE
  8
0
 10
185.754
 20
169.683
 11
185.636
 21
170.811
  0
LINE
  8
0
 10
185.636
 20
170.811
 11
185.489
 21
171.922
  0
LINE
  8
0
 10
185.489
 20
171.922
 11
185.314
 21
173.017
  0
LINE
  8
0
 10
185.314
 20
173.017
 11
185.113
 21
174.095
  0
LINE
  8
0
 10
185.113
 20
174.095
 11
184.883
 21
175.157
  0
LINE
  8
0
 10
184.883
 20
175.157
 11
184.625
 21
176.202
  0
LINE
  8
0
 10
184.625
 20
176.202
 11
184.34
 21
177.233
  0
LINE
  8
0
 10
184.34
 20
177.233
 11
184.026
 21
178.245
  0
LINE
  8
0
 10
184.026
 20
178.245
 11
183.685
 21
179.242
  0
LINE
  8
0
 10
183.685
 20
179.242
 11
183.315
 21
180.222
  0
LINE
  8
0
 10
183.315
 20
180.222
 11
182.918
 21
181.186
  0
LINE
  8
0
 10
182.918
 20
181.186
 11
182.493
 21
182.131
  0
LINE
  8
0
 10
182.493
 20
182.131
 11
185.746
 21
186.028
  0
LINE
  8
0
 10
185.746
 20
186.028
 11
185.746
 21
185.613
  0
LINE
  8
0
 10
185.746
 20
185.613
 11
187.736
 21
183.25
  0
LINE
  8
0
 10
187.736
 20
183.25
 11
188.347
 21
182.286
  0
LINE
  8
0
 10
188.347
 20
182.286
 11
188.816
 21
181.272
  0
LINE
  8
0
 10
188.816
 20
181.272
 11
189.145
 21
180.205
  0
LINE
  8
0
 10
189.145
 20
180.205
 11
189.332
 21
179.089
  0
LINE
  8
0
 10
189.332
 20
179.089
 11
189.377
 21
177.923
  0
LINE
  8
0
 10
189.377
 20
177.923
 11
189.282
 21
176.704
  0
LINE
  8
0
 10
189.282
 20
176.704
 11
189.047
 21
175.435
  0
LINE
  8
0
 10
189.047
 20
175.435
 11
188.669
 21
174.115
  0
LINE
  8
0
 10
188.669
 20
174.115
 11
188.149
 21
172.745
  0
LINE
  8
0
 10
188.149
 20
172.745
 11
187.49
 21
171.324
  0
LINE
  8
0
 10
187.49
 20
171.324
 11
186.689
 21
169.852
  0
LINE
  8
0
 10
186.689
 20
169.852
 11
185.754
 21
168.337
  0
LINE
  8
0
 10
185.754
 20
168.337
 11
185.754
 21
169.683
  0
LINE
  8
0
 10
196.254
 20
169.683
 11
196.136
 21
170.811
  0
LINE
  8
0
 10
196.136
 20
170.811
 11
195.989
 21
171.922
  0
LINE
  8
0
 10
195.989
 20
171.922
 11
195.814
 21
173.017
  0
LINE
  8
0
 10
195.814
 20
173.017
 11
195.613
 21
174.095
  0
LINE
  8
0
 10
195.613
 20
174.095
 11
195.383
 21
175.157
  0
LINE
  8
0
 10
195.383
 20
175.157
 11
195.125
 21
176.202
  0
LINE
  8
0
 10
195.125
 20
176.202
 11
194.84
 21
177.233
  0
LINE
  8
0
 10
194.84
 20
177.233
 11
194.526
 21
178.245
  0
LINE
  8
0
 10
194.526
 20
178.245
 11
194.185
 21
179.242
  0
LINE
  8
0
 10
194.185
 20
179.242
 11
193.815
 21
180.222
  0
LINE
  8
0
 10
193.815
 20
180.222
 11
193.418
 21
181.186
  0
LINE
  8
0
 10
193.418
 20
181.186
 11
192.993
 21
182.131
  0
LINE
  8
0
 10
192.993
 20
182.131
 11
196.246
 21
186.028
  0
LINE
  8
0
 10
196.246
 20
186.028
 11
196.246
 21
185.613
  0
LINE
  8
0
 10
196.246
 20
185.613
 11
198.236
 21
183.25
  0
LINE
  8
0
 10
198.236
 20
183.25
 11
198.847
 21
182.286
  0
LINE
  8
0
 10
198.847
 20
182.286
 11
199.316
 21
181.272
  0
LINE
  8
0
 10
199.316
 20
181.272
 11
199.645
 21
180.205
  0
LINE
  8
0
 10
199.645
 20
180.205
 11
199.832
 21
179.089
  0
LINE
  8
0
 10
199.832
 20
179.089
 11
199.877
 21
177.923
  0
LINE
  8
0
 10
199.877
 20
177.923
 11
199.782
 21
176.704
  0
LINE
  8
0
 10
199.782
 20
176.704
 11
199.547
 21
175.435
  0
LINE
  8
0
 10
199.547
 20
175.435
 11
199.169
 21
174.115
  0
LINE
  8
0
 10
199.169
 20
174.115
 11
198.65
 21
172.745
  0
LINE
  8
0
 10
198.65
 20
172.745
 11
197.99
 21
171.324
  0
LINE
  8
0
 10
197.99
 20
171.324
 11
197.189
 21
169.852
  0
LINE
  8
0
 10
197.189
 20
169.852
 11
196.254
 21
168.337
  0
LINE
  8
0
 10
196.254
 20
168.337
 11
196.254
 21
169.683
  0
LINE
  8
0
 10
154.255
 20
169.683
 11
154.137
 21
170.811
  0
LINE
  8
0
 10
154.137
 20
170.811
 11
153.99
 21
171.922
  0
LINE
  8
0
 10
153.99
 20
171.922
 11
153.815
 21
173.017
  0
LINE
  8
0
 10
153.815
 20
173.017
 11
153.613
 21
174.095
  0
LINE
  8
0
 10
153.613
 20
174.095
 11
153.384
 21
175.157
  0
LINE
  8
0
 10
153.384
 20
175.157
 11
153.126
 21
176.202
  0
LINE
  8
0
 10
153.126
 20
176.202
 11
152.84
 21
177.233
  0
LINE
  8
0
 10
152.84
 20
177.233
 11
152.526
 21
178.245
  0
LINE
  8
0
 10
152.526
 20
178.245
 11
152.185
 21
179.242
  0
LINE
  8
0
 10
152.185
 20
179.242
 11
151.815
 21
180.222
  0
LINE
  8
0
 10
151.815
 20
180.222
 11
151.419
 21
181.186
  0
LINE
  8
0
 10
151.419
 20
181.186
 11
150.994
 21
182.131
  0
LINE
  8
0
 10
150.994
 20
182.131
 11
154.247
 21
186.028
  0
LINE
  8
0
 10
154.247
 20
186.028
 11
154.247
 21
185.613
  0
LINE
  8
0
 10
154.247
 20
185.613
 11
156.237
 21
183.25
  0
LINE
  8
0
 10
156.237
 20
183.25
 11
156.848
 21
182.286
  0
LINE
  8
0
 10
156.848
 20
182.286
 11
157.317
 21
181.272
  0
LINE
  8
0
 10
157.317
 20
181.272
 11
157.646
 21
180.205
  0
LINE
  8
0
 10
157.646
 20
180.205
 11
157.833
 21
179.089
  0
LINE
  8
0
 10
157.833
 20
179.089
 11
157.878
 21
177.923
  0
LINE
  8
0
 10
157.878
 20
177.923
 11
157.783
 21
176.704
  0
LINE
  8
0
 10
157.783
 20
176.704
 11
157.548
 21
175.435
  0
LINE
  8
0
 10
157.548
 20
175.435
 11
157.17
 21
174.115
  0
LINE
  8
0
 10
157.17
 20
174.115
 11
156.65
 21
172.745
  0
LINE
  8
0
 10
156.65
 20
172.745
 11
155.991
 21
171.324
  0
LINE
  8
0
 10
155.991
 20
171.324
 11
155.19
 21
169.852
  0
LINE
  8
0
 10
155.19
 20
169.852
 11
154.255
 21
168.337
  0
LINE
  8
0
 10
154.255
 20
168.337
 11
154.255
 21
169.683
  0
LINE
  8
0
 10
175.254
 20
169.683
 11
175.136
 21
170.811
  0
LINE
  8
0
 10
175.136
 20
170.811
 11
174.989
 21
171.922
  0
LINE
  8
0
 10
174.989
 20
171.922
 11
174.814
 21
173.017
  0
LINE
  8
0
 10
174.814
 20
173.017
 11
174.612
 21
174.095
  0
LINE
  8
0
 10
174.612
 20
174.095
 11
174.383
 21
175.157
  0
LINE
  8
0
 10
174.383
 20
175.157
 11
174.125
 21
176.202
  0
LINE
  8
0
 10
174.125
 20
176.202
 11
173.839
 21
177.233
  0
LINE
  8
0
 10
173.839
 20
177.233
 11
173.525
 21
178.245
  0
LINE
  8
0
 10
173.525
 20
178.245
 11
173.184
 21
179.242
  0
LINE
  8
0
 10
173.184
 20
179.242
 11
172.815
 21
180.222
  0
LINE
  8
0
 10
172.815
 20
180.222
 11
172.418
 21
181.186
  0
LINE
  8
0
 10
172.418
 20
181.186
 11
171.993
 21
182.131
  0
LINE
  8
0
 10
171.993
 20
182.131
 11
175.246
 21
186.028
  0
LINE
  8
0
 10
175.246
 20
186.028
 11
175.246
 21
185.613
  0
LINE
  8
0
 10
175.246
 20
185.613
 11
177.236
 21
183.25
  0
LINE
  8
0
 10
177.236
 20
183.25
 11
177.847
 21
182.286
  0
LINE
  8
0
 10
177.847
 20
182.286
 11
178.316
 21
181.272
  0
LINE
  8
0
 10
178.316
 20
181.272
 11
178.645
 21
180.205
  0
LINE
  8
0
 10
178.645
 20
180.205
 11
178.832
 21
179.089
  0
LINE
  8
0
 10
178.832
 20
179.089
 11
178.877
 21
177.923
  0
LINE
  8
0
 10
178.877
 20
177.923
 11
178.782
 21
176.704
  0
LINE
  8
0
 10
178.782
 20
176.704
 11
178.547
 21
175.435
  0
LINE
  8
0
 10
178.547
 20
175.435
 11
178.169
 21
174.115
  0
LINE
  8
0
 10
178.169
 20
174.115
 11
177.649
 21
172.745
  0
LINE
  8
0
 10
177.649
 20
172.745
 11
176.99
 21
171.324
  0
LINE
  8
0
 10
176.99
 20
171.324
 11
176.189
 21
169.852
  0
LINE
  8
0
 10
176.189
 20
169.852
 11
175.254
 21
168.337
  0
LINE
  8
0
 10
175.254
 20
168.337
 11
175.254
 21
169.683
  0
LINE
  8
0
 10
206.489
 20
171.922
 11
206.314
 21
173.017
  0
LINE
  8
0
 10
206.314
 20
173.017
 11
206.113
 21
174.095
  0
LINE
  8
0
 10
206.113
 20
174.095
 11
205.883
 21
175.157
  0
LINE
  8
0
 10
205.883
 20
175.157
 11
205.625
 21
176.202
  0
LINE
  8
0
 10
205.625
 20
176.202
 11
205.34
 21
177.233
  0
LINE
  8
0
 10
205.34
 20
177.233
 11
205.026
 21
178.245
  0
LINE
  8
0
 10
205.026
 20
178.245
 11
204.685
 21
179.242
  0
LINE
  8
0
 10
204.685
 20
179.242
 11
204.315
 21
180.222
  0
LINE
  8
0
 10
204.315
 20
180.222
 11
203.918
 21
181.186
  0
LINE
  8
0
 10
203.918
 20
181.186
 11
203.493
 21
182.131
  0
LINE
  8
0
 10
203.493
 20
182.131
 11
206.746
 21
186.028
  0
LINE
  8
0
 10
206.746
 20
186.028
 11
206.746
 21
185.613
  0
LINE
  8
0
 10
206.746
 20
185.613
 11
208.736
 21
183.25
  0
LINE
  8
0
 10
208.736
 20
183.25
 11
209.347
 21
182.286
  0
LINE
  8
0
 10
209.347
 20
182.286
 11
209.797
 21
181.315
  0
LINE
  8
0
 10
209.797
 20
181.315
 11
206.563
 21
171.362
  0
LINE
  8
0
 10
206.563
 20
171.362
 11
206.489
 21
171.922
  0
LINE
  8
0
 10
132.701
 20
173.628
 11
132.613
 21
174.095
  0
LINE
  8
0
 10
132.613
 20
174.095
 11
132.384
 21
175.157
  0
LINE
  8
0
 10
132.384
 20
175.157
 11
132.126
 21
176.202
  0
LINE
  8
0
 10
132.126
 20
176.202
 11
131.84
 21
177.233
  0
LINE
  8
0
 10
131.84
 20
177.233
 11
131.526
 21
178.245
  0
LINE
  8
0
 10
131.526
 20
178.245
 11
131.185
 21
179.242
  0
LINE
  8
0
 10
131.185
 20
179.242
 11
130.815
 21
180.222
  0
LINE
  8
0
 10
130.815
 20
180.222
 11
130.418
 21
181.186
  0
LINE
  8
0
 10
130.418
 20
181.186
 11
129.994
 21
182.131
  0
LINE
  8
0
 10
129.994
 20
182.131
 11
133.247
 21
186.028
  0
LINE
  8
0
 10
133.247
 20
186.028
 11
133.247
 21
185.613
  0
LINE
  8
0
 10
133.247
 20
185.613
 11
135.237
 21
183.25
  0
LINE
  8
0
 10
135.237
 20
183.25
 11
135.847
 21
182.286
  0
LINE
  8
0
 10
135.847
 20
182.286
 11
136.317
 21
181.272
  0
LINE
  8
0
 10
136.317
 20
181.272
 11
136.646
 21
180.205
  0
LINE
  8
0
 10
136.646
 20
180.205
 11
136.833
 21
179.089
  0
LINE
  8
0
 10
136.833
 20
179.089
 11
136.878
 21
177.923
  0
LINE
  8
0
 10
136.878
 20
177.923
 11
136.782
 21
176.704
  0
LINE
  8
0
 10
136.782
 20
176.704
 11
136.547
 21
175.435
  0
LINE
  8
0
 10
136.547
 20
175.435
 11
136.17
 21
174.115
  0
LINE
  8
0
 10
136.17
 20
174.115
 11
135.65
 21
172.745
  0
LINE
  8
0
 10
135.65
 20
172.745
 11
134.991
 21
171.324
  0
LINE
  8
0
 10
134.991
 20
171.324
 11
134.189
 21
169.852
  0
LINE
  8
0
 10
134.189
 20
169.852
 11
134.019
 21
169.573
  0
LINE
  8
0
 10
134.019
 20
169.573
 11
132.701
 21
173.628
  0
LINE
  8
0
 10
164.754
 20
169.683
 11
164.636
 21
170.811
  0
LINE
  8
0
 10
164.636
 20
170.811
 11
164.489
 21
171.922
  0
LINE
  8
0
 10
164.489
 20
171.922
 11
164.315
 21
173.017
  0
LINE
  8
0
 10
164.315
 20
173.017
 11
164.113
 21
174.095
  0
LINE
  8
0
 10
164.113
 20
174.095
 11
163.884
 21
175.157
  0
LINE
  8
0
 10
163.884
 20
175.157
 11
163.626
 21
176.202
  0
LINE
  8
0
 10
163.626
 20
176.202
 11
163.34
 21
177.233
  0
LINE
  8
0
 10
163.34
 20
177.233
 11
163.026
 21
178.245
  0
LINE
  8
0
 10
163.026
 20
178.245
 11
162.685
 21
179.242
  0
LINE
  8
0
 10
162.685
 20
179.242
 11
162.315
 21
180.222
  0
LINE
  8
0
 10
162.315
 20
180.222
 11
161.918
 21
181.186
  0
LINE
  8
0
 10
161.918
 20
181.186
 11
161.493
 21
182.131
  0
LINE
  8
0
 10
161.493
 20
182.131
 11
164.746
 21
186.028
  0
LINE
  8
0
 10
164.746
 20
186.028
 11
164.746
 21
185.613
  0
LINE
  8
0
 10
164.746
 20
185.613
 11
166.737
 21
183.25
  0
LINE
  8
0
 10
166.737
 20
183.25
 11
167.347
 21
182.286
  0
LINE
  8
0
 10
167.347
 20
182.286
 11
167.816
 21
181.272
  0
LINE
  8
0
 10
167.816
 20
181.272
 11
168.146
 21
180.205
  0
LINE
  8
0
 10
168.146
 20
180.205
 11
168.333
 21
179.089
  0
LINE
  8
0
 10
168.333
 20
179.089
 11
168.378
 21
177.923
  0
LINE
  8
0
 10
168.378
 20
177.923
 11
168.282
 21
176.704
  0
LINE
  8
0
 10
168.282
 20
176.704
 11
168.047
 21
175.435
  0
LINE
  8
0
 10
168.047
 20
175.435
 11
167.669
 21
174.115
  0
LINE
  8
0
 10
167.669
 20
174.115
 11
167.15
 21
172.745
  0
LINE
  8
0
 10
167.15
 20
172.745
 11
166.49
 21
171.324
  0
LINE
  8
0
 10
166.49
 20
171.324
 11
165.689
 21
169.852
  0
LINE
  8
0
 10
165.689
 20
169.852
 11
164.754
 21
168.337
  0
LINE
  8
0
 10
164.754
 20
168.337
 11
164.754
 21
169.683
  0
LINE
  8
0
 10
187.743
 20
154.522
 11
188.168
 21
155.467
  0
LINE
  8
0
 10
188.168
 20
155.467
 11
188.564
 21
156.43
  0
LINE
  8
0
 10
188.564
 20
156.43
 11
188.934
 21
157.41
  0
LINE
  8
0
 10
188.934
 20
157.41
 11
189.275
 21
158.406
  0
LINE
  8
0
 10
189.275
 20
158.406
 11
189.589
 21
159.419
  0
LINE
  8
0
 10
189.589
 20
159.419
 11
189.875
 21
160.449
  0
LINE
  8
0
 10
189.875
 20
160.449
 11
190.133
 21
161.494
  0
LINE
  8
0
 10
190.133
 20
161.494
 11
190.362
 21
162.557
  0
LINE
  8
0
 10
190.362
 20
162.557
 11
190.564
 21
163.635
  0
LINE
  8
0
 10
190.564
 20
163.635
 11
190.738
 21
164.73
  0
LINE
  8
0
 10
190.738
 20
164.73
 11
190.885
 21
165.841
  0
LINE
  8
0
 10
190.885
 20
165.841
 11
191.003
 21
166.969
  0
LINE
  8
0
 10
191.003
 20
166.969
 11
191.003
 21
168.315
  0
LINE
  8
0
 10
191.003
 20
168.315
 11
191.939
 21
166.801
  0
LINE
  8
0
 10
191.939
 20
166.801
 11
192.74
 21
165.328
  0
LINE
  8
0
 10
192.74
 20
165.328
 11
193.4
 21
163.907
  0
LINE
  8
0
 10
193.4
 20
163.907
 11
193.919
 21
162.537
  0
LINE
  8
0
 10
193.919
 20
162.537
 11
194.297
 21
161.217
  0
LINE
  8
0
 10
194.297
 20
161.217
 11
194.533
 21
159.948
  0
LINE
  8
0
 10
194.533
 20
159.948
 11
194.628
 21
158.731
  0
LINE
  8
0
 10
194.628
 20
158.731
 11
194.582
 21
157.563
  0
LINE
  8
0
 10
194.582
 20
157.563
 11
194.395
 21
156.446
  0
LINE
  8
0
 10
194.395
 20
156.446
 11
194.066
 21
155.381
  0
LINE
  8
0
 10
194.066
 20
155.381
 11
193.597
 21
154.367
  0
LINE
  8
0
 10
193.597
 20
154.367
 11
192.986
 21
153.402
  0
LINE
  8
0
 10
192.986
 20
153.402
 11
190.996
 21
151.039
  0
LINE
  8
0
 10
190.996
 20
151.039
 11
190.996
 21
150.624
  0
LINE
  8
0
 10
190.996
 20
150.624
 11
187.743
 21
154.522
  0
LINE
  8
0
 10
137.194
 20
159.797
 11
137.376
 21
160.449
  0
LINE
  8
0
 10
137.376
 20
160.449
 11
137.634
 21
161.494
  0
LINE
  8
0
 10
137.634
 20
161.494
 11
137.863
 21
162.557
  0
LINE
  8
0
 10
137.863
 20
162.557
 11
138.065
 21
163.635
  0
LINE
  8
0
 10
138.065
 20
163.635
 11
138.239
 21
164.73
  0
LINE
  8
0
 10
138.239
 20
164.73
 11
138.386
 21
165.841
  0
LINE
  8
0
 10
138.386
 20
165.841
 11
138.504
 21
166.969
  0
LINE
  8
0
 10
138.504
 20
166.969
 11
138.504
 21
168.315
  0
LINE
  8
0
 10
138.504
 20
168.315
 11
139.44
 21
166.801
  0
LINE
  8
0
 10
139.44
 20
166.801
 11
140.241
 21
165.328
  0
LINE
  8
0
 10
140.241
 20
165.328
 11
140.9
 21
163.907
  0
LINE
  8
0
 10
140.9
 20
163.907
 11
141.42
 21
162.537
  0
LINE
  8
0
 10
141.42
 20
162.537
 11
141.798
 21
161.217
  0
LINE
  8
0
 10
141.798
 20
161.217
 11
142.033
 21
159.948
  0
LINE
  8
0
 10
142.033
 20
159.948
 11
142.128
 21
158.731
  0
LINE
  8
0
 10
142.128
 20
158.731
 11
142.083
 21
157.563
  0
LINE
  8
0
 10
142.083
 20
157.563
 11
141.896
 21
156.446
  0
LINE
  8
0
 10
141.896
 20
156.446
 11
141.567
 21
155.381
  0
LINE
  8
0
 10
141.567
 20
155.381
 11
141.098
 21
154.367
  0
LINE
  8
0
 10
141.098
 20
154.367
 11
140.487
 21
153.402
  0
LINE
  8
0
 10
140.487
 20
153.402
 11
139.61
 21
152.361
  0
LINE
  8
0
 10
139.61
 20
152.361
 11
137.194
 21
159.797
  0
LINE
  8
0
 10
177.243
 20
154.522
 11
177.667
 21
155.467
  0
LINE
  8
0
 10
177.667
 20
155.467
 11
178.064
 21
156.43
  0
LINE
  8
0
 10
178.064
 20
156.43
 11
178.434
 21
157.41
  0
LINE
  8
0
 10
178.434
 20
157.41
 11
178.775
 21
158.406
  0
LINE
  8
0
 10
178.775
 20
158.406
 11
179.089
 21
159.419
  0
LINE
  8
0
 10
179.089
 20
159.419
 11
179.375
 21
160.449
  0
LINE
  8
0
 10
179.375
 20
160.449
 11
179.633
 21
161.494
  0
LINE
  8
0
 10
179.633
 20
161.494
 11
179.862
 21
162.557
  0
LINE
  8
0
 10
179.862
 20
162.557
 11
180.064
 21
163.635
  0
LINE
  8
0
 10
180.064
 20
163.635
 11
180.238
 21
164.73
  0
LINE
  8
0
 10
180.238
 20
164.73
 11
180.385
 21
165.841
  0
LINE
  8
0
 10
180.385
 20
165.841
 11
180.503
 21
166.969
  0
LINE
  8
0
 10
180.503
 20
166.969
 11
180.503
 21
168.315
  0
LINE
  8
0
 10
180.503
 20
168.315
 11
181.439
 21
166.801
  0
LINE
  8
0
 10
181.439
 20
166.801
 11
182.24
 21
165.328
  0
LINE
  8
0
 10
182.24
 20
165.328
 11
182.9
 21
163.907
  0
LINE
  8
0
 10
182.9
 20
163.907
 11
183.419
 21
162.537
  0
LINE
  8
0
 10
183.419
 20
162.537
 11
183.797
 21
161.217
  0
LINE
  8
0
 10
183.797
 20
161.217
 11
184.033
 21
159.948
  0
LINE
  8
0
 10
184.033
 20
159.948
 11
184.127
 21
158.731
  0
LINE
  8
0
 10
184.127
 20
158.731
 11
184.082
 21
157.563
  0
LINE
  8
0
 10
184.082
 20
157.563
 11
183.895
 21
156.446
  0
LINE
  8
0
 10
183.895
 20
156.446
 11
183.566
 21
155.381
  0
LINE
  8
0
 10
183.566
 20
155.381
 11
183.097
 21
154.367
  0
LINE
  8
0
 10
183.097
 20
154.367
 11
182.486
 21
153.402
  0
LINE
  8
0
 10
182.486
 20
153.402
 11
180.496
 21
151.039
  0
LINE
  8
0
 10
180.496
 20
151.039
 11
180.496
 21
150.624
  0
LINE
  8
0
 10
180.496
 20
150.624
 11
177.243
 21
154.522
  0
LINE
  8
0
 10
145.744
 20
154.522
 11
146.168
 21
155.467
  0
LINE
  8
0
 10
146.168
 20
155.467
 11
146.565
 21
156.43
  0
LINE
  8
0
 10
146.565
 20
156.43
 11
146.935
 21
157.41
  0
LINE
  8
0
 10
146.935
 20
157.41
 11
147.276
 21
158.406
  0
LINE
  8
0
 10
147.276
 20
158.406
 11
147.59
 21
159.419
  0
LINE
  8
0
 10
147.59
 20
159.419
 11
147.876
 21
160.449
  0
LINE
  8
0
 10
147.876
 20
160.449
 11
148.134
 21
161.494
  0
LINE
  8
0
 10
148.134
 20
161.494
 11
148.363
 21
162.557
  0
LINE
  8
0
 10
148.363
 20
162.557
 11
148.565
 21
163.635
  0
LINE
  8
0
 10
148.565
 20
163.635
 11
148.739
 21
164.73
  0
LINE
  8
0
 10
148.739
 20
164.73
 11
148.886
 21
165.841
  0
LINE
  8
0
 10
148.886
 20
165.841
 11
149.004
 21
166.969
  0
LINE
  8
0
 10
149.004
 20
166.969
 11
149.004
 21
168.315
  0
LINE
  8
0
 10
149.004
 20
168.315
 11
149.94
 21
166.801
  0
LINE
  8
0
 10
149.94
 20
166.801
 11
150.741
 21
165.328
  0
LINE
  8
0
 10
150.741
 20
165.328
 11
151.401
 21
163.907
  0
LINE
  8
0
 10
151.401
 20
163.907
 11
151.92
 21
162.537
  0
LINE
  8
0
 10
151.92
 20
162.537
 11
152.298
 21
161.217
  0
LINE
  8
0
 10
152.298
 20
161.217
 11
152.533
 21
159.948
  0
LINE
  8
0
 10
152.533
 20
159.948
 11
152.628
 21
158.731
  0
LINE
  8
0
 10
152.628
 20
158.731
 11
152.583
 21
157.563
  0
LINE
  8
0
 10
152.583
 20
157.563
 11
152.396
 21
156.446
  0
LINE
  8
0
 10
152.396
 20
156.446
 11
152.067
 21
155.381
  0
LINE
  8
0
 10
152.067
 20
155.381
 11
151.598
 21
154.367
  0
LINE
  8
0
 10
151.598
 20
154.367
 11
150.987
 21
153.402
  0
LINE
  8
0
 10
150.987
 20
153.402
 11
148.997
 21
151.039
  0
LINE
  8
0
 10
148.997
 20
151.039
 11
148.997
 21
150.624
  0
LINE
  8
0
 10
148.997
 20
150.624
 11
145.744
 21
154.522
  0
LINE
  8
0
 10
166.744
 20
154.522
 11
167.168
 21
155.467
  0
LINE
  8
0
 10
167.168
 20
155.467
 11
167.565
 21
156.43
  0
LINE
  8
0
 10
167.565
 20
156.43
 11
167.935
 21
157.41
  0
LINE
  8
0
 10
167.935
 20
157.41
 11
168.276
 21
158.406
  0
LINE
  8
0
 10
168.276
 20
158.406
 11
168.59
 21
159.419
  0
LINE
  8
0
 10
168.59
 20
159.419
 11
168.875
 21
160.449
  0
LINE
  8
0
 10
168.875
 20
160.449
 11
169.133
 21
161.494
  0
LINE
  8
0
 10
169.133
 20
161.494
 11
169.363
 21
162.557
  0
LINE
  8
0
 10
169.363
 20
162.557
 11
169.564
 21
163.635
  0
LINE
  8
0
 10
169.564
 20
163.635
 11
169.739
 21
164.73
  0
LINE
  8
0
 10
169.739
 20
164.73
 11
169.885
 21
165.841
  0
LINE
  8
0
 10
169.885
 20
165.841
 11
170.004
 21
166.969
  0
LINE
  8
0
 10
170.004
 20
166.969
 11
170.004
 21
168.315
  0
LINE
  8
0
 10
170.004
 20
168.315
 11
170.939
 21
166.801
  0
LINE
  8
0
 10
170.939
 20
166.801
 11
171.74
 21
165.328
  0
LINE
  8
0
 10
171.74
 20
165.328
 11
172.4
 21
163.907
  0
LINE
  8
0
 10
172.4
 20
163.907
 11
172.919
 21
162.537
  0
LINE
  8
0
 10
172.919
 20
162.537
 11
173.297
 21
161.217
  0
LINE
  8
0
 10
173.297
 20
161.217
 11
173.533
 21
159.948
  0
LINE
  8
0
 10
173.533
 20
159.948
 11
173.627
 21
158.731
  0
LINE
  8
0
 10
173.627
 20
158.731
 11
173.582
 21
157.563
  0
LINE
  8
0
 10
173.582
 20
157.563
 11
173.395
 21
156.446
  0
LINE
  8
0
 10
173.395
 20
156.446
 11
173.066
 21
155.381
  0
LINE
  8
0
 10
173.066
 20
155.381
 11
172.597
 21
154.367
  0
LINE
  8
0
 10
172.597
 20
154.367
 11
171.986
 21
153.402
  0
LINE
  8
0
 10
171.986
 20
153.402
 11
169.997
 21
151.039
  0
LINE
  8
0
 10
169.997
 20
151.039
 11
169.997
 21
150.624
  0
LINE
  8
0
 10
169.997
 20
150.624
 11
166.744
 21
154.522
  0
LINE
  8
0
 10
198.243
 20
154.522
 11
198.668
 21
155.467
  0
LINE
  8
0
 10
198.668
 20
155.467
 11
199.065
 21
156.43
  0
LINE
  8
0
 10
199.065
 20
156.43
 11
199.435
 21
157.41
  0
LINE
  8
0
 10
199.435
 20
157.41
 11
199.775
 21
158.406
  0
LINE
  8
0
 10
199.775
 20
158.406
 11
200.089
 21
159.419
  0
LINE
  8
0
 10
200.089
 20
159.419
 11
200.375
 21
160.449
  0
LINE
  8
0
 10
200.375
 20
160.449
 11
200.633
 21
161.494
  0
LINE
  8
0
 10
200.633
 20
161.494
 11
200.862
 21
162.557
  0
LINE
  8
0
 10
200.862
 20
162.557
 11
201.064
 21
163.635
  0
LINE
  8
0
 10
201.064
 20
163.635
 11
201.238
 21
164.73
  0
LINE
  8
0
 10
201.238
 20
164.73
 11
201.385
 21
165.841
  0
LINE
  8
0
 10
201.385
 20
165.841
 11
201.504
 21
166.969
  0
LINE
  8
0
 10
201.504
 20
166.969
 11
201.504
 21
168.315
  0
LINE
  8
0
 10
201.504
 20
168.315
 11
202.439
 21
166.801
  0
LINE
  8
0
 10
202.439
 20
166.801
 11
203.241
 21
165.328
  0
LINE
  8
0
 10
203.241
 20
165.328
 11
203.9
 21
163.907
  0
LINE
  8
0
 10
203.9
 20
163.907
 11
204.029
 21
163.566
  0
LINE
  8
0
 10
204.029
 20
163.566
 11
200.293
 21
152.066
  0
LINE
  8
0
 10
200.293
 20
152.066
 11
198.243
 21
154.522
  0
LINE
  8
0
 10
156.244
 20
154.522
 11
156.668
 21
155.467
  0
LINE
  8
0
 10
156.668
 20
155.467
 11
157.065
 21
156.43
  0
LINE
  8
0
 10
157.065
 20
156.43
 11
157.435
 21
157.41
  0
LINE
  8
0
 10
157.435
 20
157.41
 11
157.776
 21
158.406
  0
LINE
  8
0
 10
157.776
 20
158.406
 11
158.09
 21
159.419
  0
LINE
  8
0
 10
158.09
 20
159.419
 11
158.376
 21
160.449
  0
LINE
  8
0
 10
158.376
 20
160.449
 11
158.634
 21
161.494
  0
LINE
  8
0
 10
158.634
 20
161.494
 11
158.863
 21
162.557
  0
LINE
  8
0
 10
158.863
 20
162.557
 11
159.065
 21
163.635
  0
LINE
  8
0
 10
159.065
 20
163.635
 11
159.239
 21
164.73
  0
LINE
  8
0
 10
159.239
 20
164.73
 11
159.386
 21
165.841
  0
LINE
  8
0
 10
159.386
 20
165.841
 11
159.504
 21
166.969
  0
LINE
  8
0
 10
159.504
 20
166.969
 11
159.504
 21
168.314
  0
LINE
  8
0
 10
159.504
 20
168.314
 11
160.439
 21
166.801
  0
LINE
  8
0
 10
160.439
 20
166.801
 11
161.241
 21
165.328
  0
LINE
  8
0
 10
161.241
 20
165.328
 11
161.9
 21
163.907
  0
LINE
  8
0
 10
161.9
 20
163.907
 11
162.42
 21
162.537
  0
LINE
  8
0
 10
162.42
 20
162.537
 11
162.797
 21
161.217
  0
LINE
  8
0
 10
162.797
 20
161.217
 11
163.033
 21
159.948
  0
LINE
  8
0
 10
163.033
 20
159.948
 11
163.128
 21
158.731
  0
LINE
  8
0
 10
163.128
 20
158.731
 11
163.082
 21
157.563
  0
LINE
  8
0
 10
163.082
 20
157.563
 11
162.895
 21
156.446
  0
LINE
  8
0
 10
162.895
 20
156.446
 11
162.567
 21
155.381
  0
LINE
  8
0
 10
162.567
 20
155.381
 11
162.097
 21
154.367
  0
LINE
  8
0
 10
162.097
 20
154.367
 11
161.486
 21
153.402
  0
LINE
  8
0
 10
161.486
 20
153.402
 11
159.497
 21
151.039
  0
LINE
  8
0
 10
159.497
 20
151.039
 11
159.497
 21
150.624
  0
LINE
  8
0
 10
159.497
 20
150.624
 11
156.244
 21
154.522
  0
LINE
  8
0
 10
164.754
 20
134.684
 11
164.636
 21
135.811
  0
LINE
  8
0
 10
164.636
 20
135.811
 11
164.489
 21
136.922
  0
LINE
  8
0
 10
164.489
 20
136.922
 11
164.315
 21
138.018
  0
LINE
  8
0
 10
164.315
 20
138.018
 11
164.113
 21
139.095
  0
LINE
  8
0
 10
164.113
 20
139.095
 11
163.884
 21
140.157
  0
LINE
  8
0
 10
163.884
 20
140.157
 11
163.626
 21
141.202
  0
LINE
  8
0
 10
163.626
 20
141.202
 11
163.34
 21
142.233
  0
LINE
  8
0
 10
163.34
 20
142.233
 11
163.026
 21
143.245
  0
LINE
  8
0
 10
163.026
 20
143.245
 11
162.685
 21
144.242
  0
LINE
  8
0
 10
162.685
 20
144.242
 11
162.315
 21
145.223
  0
LINE
  8
0
 10
162.315
 20
145.223
 11
161.918
 21
146.186
  0
LINE
  8
0
 10
161.918
 20
146.186
 11
161.493
 21
147.13
  0
LINE
  8
0
 10
161.493
 20
147.13
 11
164.746
 21
151.028
  0
LINE
  8
0
 10
164.746
 20
151.028
 11
164.746
 21
150.613
  0
LINE
  8
0
 10
164.746
 20
150.613
 11
166.737
 21
148.25
  0
LINE
  8
0
 10
166.737
 20
148.25
 11
167.347
 21
147.286
  0
LINE
  8
0
 10
167.347
 20
147.286
 11
167.816
 21
146.272
  0
LINE
  8
0
 10
167.816
 20
146.272
 11
168.146
 21
145.205
  0
LINE
  8
0
 10
168.146
 20
145.205
 11
168.333
 21
144.089
  0
LINE
  8
0
 10
168.333
 20
144.089
 11
168.378
 21
142.922
  0
LINE
  8
0
 10
168.378
 20
142.922
 11
168.282
 21
141.704
  0
LINE
  8
0
 10
168.282
 20
141.704
 11
168.047
 21
140.436
  0
LINE
  8
0
 10
168.047
 20
140.436
 11
167.669
 21
139.115
  0
LINE
  8
0
 10
167.669
 20
139.115
 11
167.15
 21
137.745
  0
LINE
  8
0
 10
167.15
 20
137.745
 11
166.49
 21
136.324
  0
LINE
  8
0
 10
166.49
 20
136.324
 11
165.689
 21
134.852
  0
LINE
  8
0
 10
165.689
 20
134.852
 11
164.754
 21
133.337
  0
LINE
  8
0
 10
164.754
 20
133.337
 11
164.754
 21
134.684
  0
LINE
  8
0
 10
185.754
 20
134.684
 11
185.636
 21
135.811
  0
LINE
  8
0
 10
185.636
 20
135.811
 11
185.489
 21
136.922
  0
LINE
  8
0
 10
185.489
 20
136.922
 11
185.314
 21
138.018
  0
LINE
  8
0
 10
185.314
 20
138.018
 11
185.113
 21
139.095
  0
LINE
  8
0
 10
185.113
 20
139.095
 11
184.883
 21
140.157
  0
LINE
  8
0
 10
184.883
 20
140.157
 11
184.625
 21
141.202
  0
LINE
  8
0
 10
184.625
 20
141.202
 11
184.34
 21
142.233
  0
LINE
  8
0
 10
184.34
 20
142.233
 11
184.026
 21
143.245
  0
LINE
  8
0
 10
184.026
 20
143.245
 11
183.685
 21
144.242
  0
LINE
  8
0
 10
183.685
 20
144.242
 11
183.315
 21
145.223
  0
LINE
  8
0
 10
183.315
 20
145.223
 11
182.918
 21
146.186
  0
LINE
  8
0
 10
182.918
 20
146.186
 11
182.493
 21
147.13
  0
LINE
  8
0
 10
182.493
 20
147.13
 11
185.746
 21
151.028
  0
LINE
  8
0
 10
185.746
 20
151.028
 11
185.746
 21
150.613
  0
LINE
  8
0
 10
185.746
 20
150.613
 11
187.736
 21
148.25
  0
LINE
  8
0
 10
187.736
 20
148.25
 11
188.347
 21
147.286
  0
LINE
  8
0
 10
188.347
 20
147.286
 11
188.816
 21
146.272
  0
LINE
  8
0
 10
188.816
 20
146.272
 11
189.145
 21
145.205
  0
LINE
  8
0
 10
189.145
 20
145.205
 11
189.332
 21
144.089
  0
LINE
  8
0
 10
189.332
 20
144.089
 11
189.377
 21
142.922
  0
LINE
  8
0
 10
189.377
 20
142.922
 11
189.282
 21
141.704
  0
LINE
  8
0
 10
189.282
 20
141.704
 11
189.047
 21
140.436
  0
LINE
  8
0
 10
189.047
 20
140.436
 11
188.669
 21
139.115
  0
LINE
  8
0
 10
188.669
 20
139.115
 11
188.149
 21
137.745
  0
LINE
  8
0
 10
188.149
 20
137.745
 11
187.49
 21
136.324
  0
LINE
  8
0
 10
187.49
 20
136.324
 11
186.689
 21
134.852
  0
LINE
  8
0
 10
186.689
 20
134.852
 11
185.754
 21
133.337
  0
LINE
  8
0
 10
185.754
 20
133.337
 11
185.754
 21
134.684
  0
LINE
  8
0
 10
154.255
 20
134.684
 11
154.137
 21
135.811
  0
LINE
  8
0
 10
154.137
 20
135.811
 11
153.99
 21
136.922
  0
LINE
  8
0
 10
153.99
 20
136.922
 11
153.815
 21
138.018
  0
LINE
  8
0
 10
153.815
 20
138.018
 11
153.613
 21
139.095
  0
LINE
  8
0
 10
153.613
 20
139.095
 11
153.384
 21
140.157
  0
LINE
  8
0
 10
153.384
 20
140.157
 11
153.126
 21
141.202
  0
LINE
  8
0
 10
153.126
 20
141.202
 11
152.84
 21
142.233
  0
LINE
  8
0
 10
152.84
 20
142.233
 11
152.526
 21
143.245
  0
LINE
  8
0
 10
152.526
 20
143.245
 11
152.185
 21
144.242
  0
LINE
  8
0
 10
152.185
 20
144.242
 11
151.815
 21
145.223
  0
LINE
  8
0
 10
151.815
 20
145.223
 11
151.419
 21
146.186
  0
LINE
  8
0
 10
151.419
 20
146.186
 11
150.994
 21
147.13
  0
LINE
  8
0
 10
150.994
 20
147.13
 11
154.247
 21
151.028
  0
LINE
  8
0
 10
154.247
 20
151.028
 11
154.247
 21
150.613
  0
LINE
  8
0
 10
154.247
 20
150.613
 11
156.237
 21
148.25
  0
LINE
  8
0
 10
156.237
 20
148.25
 11
156.848
 21
147.286
  0
LINE
  8
0
 10
156.848
 20
147.286
 11
157.317
 21
146.272
  0
LINE
  8
0
 10
157.317
 20
146.272
 11
157.646
 21
145.205
  0
LINE
  8
0
 10
157.646
 20
145.205
 11
157.833
 21
144.089
  0
LINE
  8
0
 10
157.833
 20
144.089
 11
157.878
 21
142.922
  0
LINE
  8
0
 10
157.878
 20
142.922
 11
157.783
 21
141.704
  0
LINE
  8
0
 10
157.783
 20
141.704
 11
157.548
 21
140.436
  0
LINE
  8
0
 10
157.548
 20
140.436
 11
157.17
 21
139.115
  0
LINE
  8
0
 10
157.17
 20
139.115
 11
156.65
 21
137.745
  0
LINE
  8
0
 10
156.65
 20
137.745
 11
155.991
 21
136.324
  0
LINE
  8
0
 10
155.991
 20
136.324
 11
155.19
 21
134.852
  0
LINE
  8
0
 10
155.19
 20
134.852
 11
154.255
 21
133.337
  0
LINE
  8
0
 10
154.255
 20
133.337
 11
154.255
 21
134.684
  0
LINE
  8
0
 10
141.081
 20
147.834
 11
143.747
 21
151.028
  0
LINE
  8
0
 10
143.747
 20
151.028
 11
143.747
 21
150.613
  0
LINE
  8
0
 10
143.747
 20
150.613
 11
145.737
 21
148.25
  0
LINE
  8
0
 10
145.737
 20
148.25
 11
146.347
 21
147.286
  0
LINE
  8
0
 10
146.347
 20
147.286
 11
146.817
 21
146.272
  0
LINE
  8
0
 10
146.817
 20
146.272
 11
147.146
 21
145.205
  0
LINE
  8
0
 10
147.146
 20
145.205
 11
147.333
 21
144.089
  0
LINE
  8
0
 10
147.333
 20
144.089
 11
147.378
 21
142.922
  0
LINE
  8
0
 10
147.378
 20
142.922
 11
147.283
 21
141.704
  0
LINE
  8
0
 10
147.283
 20
141.704
 11
147.047
 21
140.436
  0
LINE
  8
0
 10
147.047
 20
140.436
 11
146.67
 21
139.115
  0
LINE
  8
0
 10
146.67
 20
139.115
 11
146.15
 21
137.745
  0
LINE
  8
0
 10
146.15
 20
137.745
 11
145.491
 21
136.324
  0
LINE
  8
0
 10
145.491
 20
136.324
 11
145.072
 21
135.553
  0
LINE
  8
0
 10
145.072
 20
135.553
 11
141.081
 21
147.834
  0
LINE
  8
0
 10
195.613
 20
139.095
 11
195.383
 21
140.157
  0
LINE
  8
0
 10
195.383
 20
140.157
 11
195.125
 21
141.202
  0
LINE
  8
0
 10
195.125
 20
141.202
 11
194.84
 21
142.233
  0
LINE
  8
0
 10
194.84
 20
142.233
 11
194.526
 21
143.245
  0
LINE
  8
0
 10
194.526
 20
143.245
 11
194.185
 21
144.242
  0
LINE
  8
0
 10
194.185
 20
144.242
 11
193.815
 21
145.223
  0
LINE
  8
0
 10
193.815
 20
145.223
 11
193.418
 21
146.186
  0
LINE
  8
0
 10
193.418
 20
146.186
 11
192.993
 21
147.13
  0
LINE
  8
0
 10
192.993
 20
147.13
 11
196.246
 21
151.028
  0
LINE
  8
0
 10
196.246
 20
151.028
 11
196.246
 21
150.613
  0
LINE
  8
0
 10
196.246
 20
150.613
 11
198.236
 21
148.25
  0
LINE
  8
0
 10
198.236
 20
148.25
 11
198.776
 21
147.398
  0
LINE
  8
0
 10
198.776
 20
147.398
 11
195.783
 21
138.186
  0
LINE
  8
0
 10
195.783
 20
138.186
 11
195.613
 21
139.095
  0
LINE
  8
0
 10
175.254
 20
134.684
 11
175.136
 21
135.811
  0
LINE
  8
0
 10
175.136
 20
135.811
 11
174.989
 21
136.922
  0
LINE
  8
0
 10
174.989
 20
136.922
 11
174.814
 21
138.018
  0
LINE
  8
0
 10
174.814
 20
138.018
 11
174.612
 21
139.095
  0
LINE
  8
0
 10
174.612
 20
139.095
 11
174.383
 21
140.157
  0
LINE
  8
0
 10
174.383
 20
140.157
 11
174.125
 21
141.202
  0
LINE
  8
0
 10
174.125
 20
141.202
 11
173.839
 21
142.233
  0
LINE
  8
0
 10
173.839
 20
142.233
 11
173.525
 21
143.245
  0
LINE
  8
0
 10
173.525
 20
143.245
 11
173.184
 21
144.242
  0
LINE
  8
0
 10
173.184
 20
144.242
 11
172.815
 21
145.223
  0
LINE
  8
0
 10
172.815
 20
145.223
 11
172.418
 21
146.186
  0
LINE
  8
0
 10
172.418
 20
146.186
 11
171.993
 21
147.13
  0
LINE
  8
0
 10
171.993
 20
147.13
 11
175.246
 21
151.028
  0
LINE
  8
0
 10
175.246
 20
151.028
 11
175.246
 21
150.613
  0
LINE
  8
0
 10
175.246
 20
150.613
 11
177.236
 21
148.25
  0
LINE
  8
0
 10
177.236
 20
148.25
 11
177.847
 21
147.286
  0
LINE
  8
0
 10
177.847
 20
147.286
 11
178.316
 21
146.272
  0
LINE
  8
0
 10
178.316
 20
146.272
 11
178.645
 21
145.205
  0
LINE
  8
0
 10
178.645
 20
145.205
 11
178.832
 21
144.089
  0
LINE
  8
0
 10
178.832
 20
144.089
 11
178.877
 21
142.922
  0
LINE
  8
0
 10
178.877
 20
142.922
 11
178.782
 21
141.704
  0
LINE
  8
0
 10
178.782
 20
141.704
 11
178.547
 21
140.436
  0
LINE
  8
0
 10
178.547
 20
140.436
 11
178.169
 21
139.115
  0
LINE
  8
0
 10
178.169
 20
139.115
 11
177.649
 21
137.745
  0
LINE
  8
0
 10
177.649
 20
137.745
 11
176.99
 21
136.324
  0
LINE
  8
0
 10
176.99
 20
136.324
 11
176.189
 21
134.852
  0
LINE
  8
0
 10
176.189
 20
134.852
 11
175.254
 21
133.337
  0
LINE
  8
0
 10
175.254
 20
133.337
 11
175.254
 21
134.684
  0
LINE
  8
0
 10
166.744
 20
119.523
 11
167.168
 21
120.466
  0
LINE
  8
0
 10
167.168
 20
120.466
 11
167.565
 21
121.43
  0
LINE
  8
0
 10
167.565
 20
121.43
 11
167.935
 21
122.41
  0
LINE
  8
0
 10
167.935
 20
122.41
 11
168.276
 21
123.406
  0
LINE
  8
0
 10
168.276
 20
123.406
 11
168.59
 21
124.419
  0
LINE
  8
0
 10
168.59
 20
124.419
 11
168.875
 21
125.449
  0
LINE
  8
0
 10
168.875
 20
125.449
 11
169.133
 21
126.494
  0
LINE
  8
0
 10
169.133
 20
126.494
 11
169.363
 21
127.558
  0
LINE
  8
0
 10
169.363
 20
127.558
 11
169.564
 21
128.635
  0
LINE
  8
0
 10
169.564
 20
128.635
 11
169.739
 21
129.731
  0
LINE
  8
0
 10
169.739
 20
129.731
 11
169.885
 21
130.84
  0
LINE
  8
0
 10
169.885
 20
130.84
 11
170.004
 21
131.969
  0
LINE
  8
0
 10
170.004
 20
131.969
 11
170.004
 21
133.315
  0
LINE
  8
0
 10
170.004
 20
133.315
 11
170.939
 21
131.801
  0
LINE
  8
0
 10
170.939
 20
131.801
 11
171.74
 21
130.328
  0
LINE
  8
0
 10
171.74
 20
130.328
 11
172.4
 21
128.907
  0
LINE
  8
0
 10
172.4
 20
128.907
 11
172.919
 21
127.537
  0
LINE
  8
0
 10
172.919
 20
127.537
 11
173.297
 21
126.217
  0
LINE
  8
0
 10
173.297
 20
126.217
 11
173.533
 21
124.948
  0
LINE
  8
0
 10
173.533
 20
124.948
 11
173.627
 21
123.731
  0
LINE
  8
0
 10
173.627
 20
123.731
 11
173.582
 21
122.564
  0
LINE
  8
0
 10
173.582
 20
122.564
 11
173.395
 21
121.446
  0
LINE
  8
0
 10
173.395
 20
121.446
 11
173.066
 21
120.38
  0
LINE
  8
0
 10
173.066
 20
120.38
 11
172.597
 21
119.367
  0
LINE
  8
0
 10
172.597
 20
119.367
 11
171.986
 21
118.402
  0
LINE
  8
0
 10
171.986
 20
118.402
 11
169.997
 21
116.039
  0
LINE
  8
0
 10
169.997
 20
116.039
 11
169.997
 21
115.624
  0
LINE
  8
0
 10
169.997
 20
115.624
 11
166.744
 21
119.523
  0
LINE
  8
0
 10
156.244
 20
119.523
 11
156.668
 21
120.466
  0
LINE
  8
0
 10
156.668
 20
120.466
 11
157.065
 21
121.43
  0
LINE
  8
0
 10
157.065
 20
121.43
 11
157.435
 21
122.41
  0
LINE
  8
0
 10
157.435
 20
122.41
 11
157.776
 21
123.406
  0
LINE
  8
0
 10
157.776
 20
123.406
 11
158.09
 21
124.419
  0
LINE
  8
0
 10
158.09
 20
124.419
 11
158.376
 21
125.449
  0
LINE
  8
0
 10
158.376
 20
125.449
 11
158.634
 21
126.494
  0
LINE
  8
0
 10
158.634
 20
126.494
 11
158.863
 21
127.558
  0
LINE
  8
0
 10
158.863
 20
127.558
 11
159.065
 21
128.635
  0
LINE
  8
0
 10
159.065
 20
128.635
 11
159.239
 21
129.731
  0
LINE
  8
0
 10
159.239
 20
129.731
 11
159.386
 21
130.84
  0
LINE
  8
0
 10
159.386
 20
130.84
 11
159.504
 21
131.969
  0
LINE
  8
0
 10
159.504
 20
131.969
 11
159.504
 21
133.315
  0
LINE
  8
0
 10
159.504
 20
133.315
 11
160.439
 21
131.801
  0
LINE
  8
0
 10
160.439
 20
131.801
 11
161.241
 21
130.328
  0
LINE
  8
0
 10
161.241
 20
130.328
 11
161.9
 21
128.907
  0
LINE
  8
0
 10
161.9
 20
128.907
 11
162.42
 21
127.537
  0
LINE
  8
0
 10
162.42
 20
127.537
 11
162.797
 21
126.217
  0
LINE
  8
0
 10
162.797
 20
126.217
 11
163.033
 21
124.948
  0
LINE
  8
0
 10
163.033
 20
124.948
 11
163.128
 21
123.731
  0
LINE
  8
0
 10
163.128
 20
123.731
 11
163.082
 21
122.564
  0
LINE
  8
0
 10
163.082
 20
122.564
 11
162.895
 21
121.446
  0
LINE
  8
0
 10
162.895
 20
121.446
 11
162.567
 21
120.38
  0
LINE
  8
0
 10
162.567
 20
120.38
 11
162.097
 21
119.367
  0
LINE
  8
0
 10
162.097
 20
119.367
 11
161.486
 21
118.402
  0
LINE
  8
0
 10
161.486
 20
118.402
 11
159.497
 21
116.039
  0
LINE
  8
0
 10
159.497
 20
116.039
 11
159.497
 21
115.624
  0
LINE
  8
0
 10
159.497
 20
115.624
 11
156.244
 21
119.523
  0
LINE
  8
0
 10
177.243
 20
119.523
 11
177.667
 21
120.466
  0
LINE
  8
0
 10
177.667
 20
120.466
 11
178.064
 21
121.43
  0
LINE
  8
0
 10
178.064
 20
121.43
 11
178.434
 21
122.41
  0
LINE
  8
0
 10
178.434
 20
122.41
 11
178.775
 21
123.406
  0
LINE
  8
0
 10
178.775
 20
123.406
 11
179.089
 21
124.419
  0
LINE
  8
0
 10
179.089
 20
124.419
 11
179.375
 21
125.449
  0
LINE
  8
0
 10
179.375
 20
125.449
 11
179.633
 21
126.494
  0
LINE
  8
0
 10
179.633
 20
126.494
 11
179.862
 21
127.558
  0
LINE
  8
0
 10
179.862
 20
127.558
 11
180.064
 21
128.635
  0
LINE
  8
0
 10
180.064
 20
128.635
 11
180.238
 21
129.731
  0
LINE
  8
0
 10
180.238
 20
129.731
 11
180.385
 21
130.84
  0
LINE
  8
0
 10
180.385
 20
130.84
 11
180.503
 21
131.969
  0
LINE
  8
0
 10
180.503
 20
131.969
 11
180.503
 21
133.315
  0
LINE
  8
0
 10
180.503
 20
133.315
 11
181.439
 21
131.801
  0
LINE
  8
0
 10
181.439
 20
131.801
 11
182.24
 21
130.328
  0
LINE
  8
0
 10
182.24
 20
130.328
 11
182.9
 21
128.907
  0
LINE
  8
0
 10
182.9
 20
128.907
 11
183.419
 21
127.537
  0
LINE
  8
0
 10
183.419
 20
127.537
 11
183.797
 21
126.217
  0
LINE
  8
0
 10
183.797
 20
126.217
 11
184.033
 21
124.948
  0
LINE
  8
0
 10
184.033
 20
124.948
 11
184.127
 21
123.731
  0
LINE
  8
0
 10
184.127
 20
123.731
 11
184.082
 21
122.564
  0
LINE
  8
0
 10
184.082
 20
122.564
 11
183.895
 21
121.446
  0
LINE
  8
0
 10
183.895
 20
121.446
 11
183.566
 21
120.38
  0
LINE
  8
0
 10
183.566
 20
120.38
 11
183.097
 21
119.367
  0
LINE
  8
0
 10
183.097
 20
119.367
 11
182.486
 21
118.402
  0
LINE
  8
0
 10
182.486
 20
118.402
 11
180.496
 21
116.039
  0
LINE
  8
0
 10
180.496
 20
116.039
 11
180.496
 21
115.624
  0
LINE
  8
0
 10
180.496
 20
115.624
 11
177.243
 21
119.523
  0
LINE
  8
0
 10
187.743
 20
119.523
 11
188.168
 21
120.466
  0
LINE
  8
0
 10
188.168
 20
120.466
 11
188.564
 21
121.43
  0
LINE
  8
0
 10
188.564
 20
121.43
 11
188.934
 21
122.41
  0
LINE
  8
0
 10
188.934
 20
122.41
 11
189.275
 21
123.406
  0
LINE
  8
0
 10
189.275
 20
123.406
 11
189.589
 21
124.419
  0
LINE
  8
0
 10
189.589
 20
124.419
 11
189.875
 21
125.449
  0
LINE
  8
0
 10
189.875
 20
125.449
 11
190.133
 21
126.494
  0
LINE
  8
0
 10
190.133
 20
126.494
 11
190.362
 21
127.558
  0
LINE
  8
0
 10
190.362
 20
127.558
 11
190.564
 21
128.635
  0
LINE
  8
0
 10
190.564
 20
128.635
 11
190.738
 21
129.731
  0
LINE
  8
0
 10
190.738
 20
129.731
 11
190.885
 21
130.84
  0
LINE
  8
0
 10
190.885
 20
130.84
 11
191.003
 21
131.969
  0
LINE
  8
0
 10
191.003
 20
131.969
 11
191.003
 21
133.315
  0
LINE
  8
0
 10
191.003
 20
133.315
 11
191.939
 21
131.801
  0
LINE
  8
0
 10
191.939
 20
131.801
 11
192.74
 21
130.328
  0
LINE
  8
0
 10
192.74
 20
130.328
 11
193.028
 21
129.708
  0
LINE
  8
0
 10
193.028
 20
129.708
 11
189.165
 21
117.818
  0
LINE
  8
0
 10
189.165
 20
117.818
 11
187.743
 21
119.523
  0
LINE
  8
0
 10
148.082
 20
126.288
 11
148.134
 21
126.494
  0
LINE
  8
0
 10
148.134
 20
126.494
 11
148.363
 21
127.558
  0
LINE
  8
0
 10
148.363
 20
127.558
 11
148.565
 21
128.635
  0
LINE
  8
0
 10
148.565
 20
128.635
 11
148.739
 21
129.731
  0
LINE
  8
0
 10
148.739
 20
129.731
 11
148.886
 21
130.84
  0
LINE
  8
0
 10
148.886
 20
130.84
 11
149.004
 21
131.969
  0
LINE
  8
0
 10
149.004
 20
131.969
 11
149.004
 21
133.315
  0
LINE
  8
0
 10
149.004
 20
133.315
 11
149.94
 21
131.801
  0
LINE
  8
0
 10
149.94
 20
131.801
 11
150.741
 21
130.328
  0
LINE
  8
0
 10
150.741
 20
130.328
 11
151.401
 21
128.907
  0
LINE
  8
0
 10
151.401
 20
128.907
 11
151.92
 21
127.537
  0
LINE
  8
0
 10
151.92
 20
127.537
 11
152.298
 21
126.217
  0
LINE
  8
0
 10
152.298
 20
126.217
 11
152.533
 21
124.948
  0
LINE
  8
0
 10
152.533
 20
124.948
 11
152.628
 21
123.731
  0
LINE
  8
0
 10
152.628
 20
123.731
 11
152.583
 21
122.564
  0
LINE
  8
0
 10
152.583
 20
122.564
 11
152.396
 21
121.446
  0
LINE
  8
0
 10
152.396
 20
121.446
 11
152.067
 21
120.38
  0
LINE
  8
0
 10
152.067
 20
120.38
 11
151.598
 21
119.367
  0
LINE
  8
0
 10
151.598
 20
119.367
 11
150.987
 21
118.402
  0
LINE
  8
0
 10
150.987
 20
118.402
 11
150.74
 21
118.109
  0
LINE
  8
0
 10
150.74
 20
118.109
 11
148.082
 21
126.288
  0
LINE
  8
0
 10
175.254
 20
99.6837
 11
175.136
 21
100.811
  0
LINE
  8
0
 10
175.136
 20
100.811
 11
174.989
 21
101.922
  0
LINE
  8
0
 10
174.989
 20
101.922
 11
174.814
 21
103.018
  0
LINE
  8
0
 10
174.814
 20
103.018
 11
174.612
 21
104.095
  0
LINE
  8
0
 10
174.612
 20
104.095
 11
174.383
 21
105.157
  0
LINE
  8
0
 10
174.383
 20
105.157
 11
174.125
 21
106.202
  0
LINE
  8
0
 10
174.125
 20
106.202
 11
173.839
 21
107.233
  0
LINE
  8
0
 10
173.839
 20
107.233
 11
173.525
 21
108.245
  0
LINE
  8
0
 10
173.525
 20
108.245
 11
173.184
 21
109.242
  0
LINE
  8
0
 10
173.184
 20
109.242
 11
172.815
 21
110.223
  0
LINE
  8
0
 10
172.815
 20
110.223
 11
172.418
 21
111.186
  0
LINE
  8
0
 10
172.418
 20
111.186
 11
171.993
 21
112.13
  0
LINE
  8
0
 10
171.993
 20
112.13
 11
175.246
 21
116.028
  0
LINE
  8
0
 10
175.246
 20
116.028
 11
175.246
 21
115.613
  0
LINE
  8
0
 10
175.246
 20
115.613
 11
177.236
 21
113.25
  0
LINE
  8
0
 10
177.236
 20
113.25
 11
177.847
 21
112.286
  0
LINE
  8
0
 10
177.847
 20
112.286
 11
178.316
 21
111.272
  0
LINE
  8
0
 10
178.316
 20
111.272
 11
178.645
 21
110.205
  0
LINE
  8
0
 10
178.645
 20
110.205
 11
178.832
 21
109.089
  0
LINE
  8
0
 10
178.832
 20
109.089
 11
178.877
 21
107.922
  0
LINE
  8
0
 10
178.877
 20
107.922
 11
178.782
 21
106.704
  0
LINE
  8
0
 10
178.782
 20
106.704
 11
178.547
 21
105.436
  0
LINE
  8
0
 10
178.547
 20
105.436
 11
178.169
 21
104.115
  0
LINE
  8
0
 10
178.169
 20
104.115
 11
177.649
 21
102.745
  0
LINE
  8
0
 10
177.649
 20
102.745
 11
176.99
 21
101.324
  0
LINE
  8
0
 10
176.99
 20
101.324
 11
176.189
 21
99.8517
  0
LINE
  8
0
 10
176.189
 20
99.8517
 11
175.254
 21
98.337
  0
LINE
  8
0
 10
175.254
 20
98.337
 11
175.254
 21
99.6837
  0
LINE
  8
0
 10
164.754
 20
99.6837
 11
164.636
 21
100.811
  0
LINE
  8
0
 10
164.636
 20
100.811
 11
164.489
 21
101.922
  0
LINE
  8
0
 10
164.489
 20
101.922
 11
164.315
 21
103.018
  0
LINE
  8
0
 10
164.315
 20
103.018
 11
164.113
 21
104.095
  0
LINE
  8
0
 10
164.113
 20
104.095
 11
163.884
 21
105.157
  0
LINE
  8
0
 10
163.884
 20
105.157
 11
163.626
 21
106.202
  0
LINE
  8
0
 10
163.626
 20
106.202
 11
163.34
 21
107.233
  0
LINE
  8
0
 10
163.34
 20
107.233
 11
163.026
 21
108.245
  0
LINE
  8
0
 10
163.026
 20
108.245
 11
162.685
 21
109.242
  0
LINE
  8
0
 10
162.685
 20
109.242
 11
162.315
 21
110.223
  0
LINE
  8
0
 10
162.315
 20
110.223
 11
161.918
 21
111.186
  0
LINE
  8
0
 10
161.918
 20
111.186
 11
161.493
 21
112.13
  0
LINE
  8
0
 10
161.493
 20
112.13
 11
164.746
 21
116.028
  0
LINE
  8
0
 10
164.746
 20
116.028
 11
164.746
 21
115.613
  0
LINE
  8
0
 10
164.746
 20
115.613
 11
166.737
 21
113.25
  0
LINE
  8
0
 10
166.737
 20
113.25
 11
167.347
 21
112.286
  0
LINE
  8
0
 10
167.347
 20
112.286
 11
167.816
 21
111.272
  0
LINE
  8
0
 10
167.816
 20
111.272
 11
168.146
 21
110.205
  0
LINE
  8
0
 10
168.146
 20
110.205
 11
168.333
 21
109.089
  0
LINE
  8
0
 10
168.333
 20
109.089
 11
168.378
 21
107.922
  0
LINE
  8
0
 10
168.378
 20
107.922
 11
168.282
 21
106.704
  0
LINE
  8
0
 10
168.282
 20
106.704
 11
168.047
 21
105.436
  0
LINE
  8
0
 10
168.047
 20
105.436
 11
167.669
 21
104.115
  0
LINE
  8
0
 10
167.669
 20
104.115
 11
167.15
 21
102.745
  0
LINE
  8
0
 10
167.15
 20
102.745
 11
166.49
 21
101.324
  0
LINE
  8
0
 10
166.49
 20
101.324
 11
165.689
 21
99.8517
  0
LINE
  8
0
 10
165.689
 20
99.8517
 11
164.754
 21
98.337
  0
LINE
  8
0
 10
164.754
 20
98.337
 11
164.754
 21
99.6837
  0
LINE
  8
0
 10
152.209
 20
113.587
 11
154.247
 21
116.028
  0
LINE
  8
0
 10
154.247
 20
116.028
 11
154.247
 21
115.613
  0
LINE
  8
0
 10
154.247
 20
115.613
 11
156.237
 21
113.25
  0
LINE
  8
0
 10
156.237
 20
113.25
 11
156.848
 21
112.286
  0
LINE
  8
0
 10
156.848
 20
112.286
 11
157.317
 21
111.272
  0
LINE
  8
0
 10
157.317
 20
111.272
 11
157.646
 21
110.205
  0
LINE
  8
0
 10
157.646
 20
110.205
 11
157.833
 21
109.089
  0
LINE
  8
0
 10
157.833
 20
109.089
 11
157.878
 21
107.922
  0
LINE
  8
0
 10
157.878
 20
107.922
 11
157.783
 21
106.704
  0
LINE
  8
0
 10
157.783
 20
106.704
 11
157.548
 21
105.436
  0
LINE
  8
0
 10
157.548
 20
105.436
 11
157.17
 21
104.115
  0
LINE
  8
0
 10
157.17
 20
104.115
 11
156.65
 21
102.745
  0
LINE
  8
0
 10
156.65
 20
102.745
 11
156.11
 21
101.581
  0
LINE
  8
0
 10
156.11
 20
101.581
 11
152.209
 21
113.587
  0
LINE
  8
0
 10
184.883
 20
105.157
 11
184.625
 21
106.202
  0
LINE
  8
0
 10
184.625
 20
106.202
 11
184.34
 21
107.233
  0
LINE
  8
0
 10
184.34
 20
107.233
 11
184.026
 21
108.245
  0
LINE
  8
0
 10
184.026
 20
108.245
 11
183.685
 21
109.242
  0
LINE
  8
0
 10
183.685
 20
109.242
 11
183.315
 21
110.223
  0
LINE
  8
0
 10
183.315
 20
110.223
 11
182.918
 21
111.186
  0
LINE
  8
0
 10
182.918
 20
111.186
 11
182.493
 21
112.13
  0
LINE
  8
0
 10
182.493
 20
112.13
 11
185.746
 21
116.028
  0
LINE
  8
0
 10
185.746
 20
116.028
 11
185.746
 21
115.613
  0
LINE
  8
0
 10
185.746
 20
115.613
 11
187.696
 21
113.297
  0
LINE
  8
0
 10
187.696
 20
113.297
 11
184.95
 21
104.845
  0
LINE
  8
0
 10
184.95
 20
104.845
 11
184.883
 21
105.157
  0
LINE
  8
0
 10
166.744
 20
84.5226
 11
167.168
 21
85.4659
  0
LINE
  8
0
 10
167.168
 20
85.4659
 11
167.565
 21
86.4298
  0
LINE
  8
0
 10
167.565
 20
86.4298
 11
167.935
 21
87.4103
  0
LINE
  8
0
 10
167.935
 20
87.4103
 11
168.276
 21
88.4064
  0
LINE
  8
0
 10
168.276
 20
88.4064
 11
168.59
 21
89.4191
  0
LINE
  8
0
 10
168.59
 20
89.4191
 11
168.875
 21
90.4493
  0
LINE
  8
0
 10
168.875
 20
90.4493
 11
169.133
 21
91.4943
  0
LINE
  8
0
 10
169.133
 20
91.4943
 11
169.363
 21
92.5577
  0
LINE
  8
0
 10
169.363
 20
92.5577
 11
169.564
 21
93.6349
  0
LINE
  8
0
 10
169.564
 20
93.6349
 11
169.739
 21
94.7306
  0
LINE
  8
0
 10
169.739
 20
94.7306
 11
169.885
 21
95.84
  0
LINE
  8
0
 10
169.885
 20
95.84
 11
170.004
 21
96.9689
  0
LINE
  8
0
 10
170.004
 20
96.9689
 11
170.004
 21
98.3146
  0
LINE
  8
0
 10
170.004
 20
98.3146
 11
170.939
 21
96.8009
  0
LINE
  8
0
 10
170.939
 20
96.8009
 11
171.74
 21
95.3282
  0
LINE
  8
0
 10
171.74
 20
95.3282
 11
172.4
 21
93.9073
  0
LINE
  8
0
 10
172.4
 20
93.9073
 11
172.919
 21
92.5372
  0
LINE
  8
0
 10
172.919
 20
92.5372
 11
173.297
 21
91.2169
  0
LINE
  8
0
 10
173.297
 20
91.2169
 11
173.533
 21
89.9484
  0
LINE
  8
0
 10
173.533
 20
89.9484
 11
173.627
 21
88.7306
  0
LINE
  8
0
 10
173.627
 20
88.7306
 11
173.582
 21
87.5636
  0
LINE
  8
0
 10
173.582
 20
87.5636
 11
173.395
 21
86.4464
  0
LINE
  8
0
 10
173.395
 20
86.4464
 11
173.066
 21
85.38
  0
LINE
  8
0
 10
173.066
 20
85.38
 11
172.597
 21
84.3673
  0
LINE
  8
0
 10
172.597
 20
84.3673
 11
171.986
 21
83.4025
  0
LINE
  8
0
 10
171.986
 20
83.4025
 11
169.997
 21
81.0392
  0
LINE
  8
0
 10
169.997
 20
81.0392
 11
169.997
 21
80.6241
  0
LINE
  8
0
 10
169.997
 20
80.6241
 11
166.744
 21
84.5226
  0
LINE
  8
0
 10
177.243
 20
84.5226
 11
177.667
 21
85.4659
  0
LINE
  8
0
 10
177.667
 20
85.4659
 11
178.064
 21
86.4298
  0
LINE
  8
0
 10
178.064
 20
86.4298
 11
178.434
 21
87.4103
  0
LINE
  8
0
 10
178.434
 20
87.4103
 11
178.775
 21
88.4064
  0
LINE
  8
0
 10
178.775
 20
88.4064
 11
179.089
 21
89.4191
  0
LINE
  8
0
 10
179.089
 20
89.4191
 11
179.375
 21
90.4493
  0
LINE
  8
0
 10
179.375
 20
90.4493
 11
179.633
 21
91.4943
  0
LINE
  8
0
 10
179.633
 20
91.4943
 11
179.862
 21
92.5577
  0
LINE
  8
0
 10
179.862
 20
92.5577
 11
180.064
 21
93.6349
  0
LINE
  8
0
 10
180.064
 20
93.6349
 11
180.238
 21
94.7306
  0
LINE
  8
0
 10
180.238
 20
94.7306
 11
180.385
 21
95.84
  0
LINE
  8
0
 10
180.385
 20
95.84
 11
180.503
 21
96.9689
  0
LINE
  8
0
 10
180.503
 20
96.9689
 11
180.503
 21
98.3146
  0
LINE
  8
0
 10
180.503
 20
98.3146
 11
181.439
 21
96.8009
  0
LINE
  8
0
 10
181.439
 20
96.8009
 11
182.001
 21
95.7687
  0
LINE
  8
0
 10
182.001
 20
95.7687
 11
178.038
 21
83.5704
  0
LINE
  8
0
 10
178.038
 20
83.5704
 11
177.243
 21
84.5226
  0
LINE
  8
0
 10
158.929
 20
92.9064
 11
159.065
 21
93.6349
  0
LINE
  8
0
 10
159.065
 20
93.6349
 11
159.239
 21
94.7306
  0
LINE
  8
0
 10
159.239
 20
94.7306
 11
159.386
 21
95.84
  0
LINE
  8
0
 10
159.386
 20
95.84
 11
159.504
 21
96.9689
  0
LINE
  8
0
 10
159.504
 20
96.9689
 11
159.504
 21
98.3146
  0
LINE
  8
0
 10
159.504
 20
98.3146
 11
160.439
 21
96.8009
  0
LINE
  8
0
 10
160.439
 20
96.8009
 11
161.241
 21
95.3282
  0
LINE
  8
0
 10
161.241
 20
95.3282
 11
161.9
 21
93.9073
  0
LINE
  8
0
 10
161.9
 20
93.9073
 11
162.42
 21
92.5372
  0
LINE
  8
0
 10
162.42
 20
92.5372
 11
162.797
 21
91.2169
  0
LINE
  8
0
 10
162.797
 20
91.2169
 11
163.033
 21
89.9484
  0
LINE
  8
0
 10
163.033
 20
89.9484
 11
163.128
 21
88.7306
  0
LINE
  8
0
 10
163.128
 20
88.7306
 11
163.082
 21
87.5636
  0
LINE
  8
0
 10
163.082
 20
87.5636
 11
162.895
 21
86.4464
  0
LINE
  8
0
 10
162.895
 20
86.4464
 11
162.567
 21
85.38
  0
LINE
  8
0
 10
162.567
 20
85.38
 11
162.097
 21
84.3673
  0
LINE
  8
0
 10
162.097
 20
84.3673
 11
161.837
 21
83.9562
  0
LINE
  8
0
 10
161.837
 20
83.9562
 11
158.929
 21
92.9064
  0
LINE
  8
0
 10
173.839
 20
72.2325
 11
173.525
 21
73.2452
  0
LINE
  8
0
 10
173.525
 20
73.2452
 11
173.184
 21
74.2423
  0
LINE
  8
0
 10
173.184
 20
74.2423
 11
172.815
 21
75.2228
  0
LINE
  8
0
 10
172.815
 20
75.2228
 11
172.418
 21
76.1857
  0
LINE
  8
0
 10
172.418
 20
76.1857
 11
171.993
 21
77.13
  0
LINE
  8
0
 10
171.993
 20
77.13
 11
175.246
 21
81.0284
  0
LINE
  8
0
 10
175.246
 20
81.0284
 11
175.246
 21
80.6134
  0
LINE
  8
0
 10
175.246
 20
80.6134
 11
176.567
 21
79.0441
  0
LINE
  8
0
 10
176.567
 20
79.0441
 11
174.076
 21
71.3781
  0
LINE
  8
0
 10
174.076
 20
71.3781
 11
173.839
 21
72.2325
  0
LINE
  8
0
 10
163.337
 20
79.339
 11
164.746
 21
81.0284
  0
LINE
  8
0
 10
164.746
 20
81.0284
 11
164.746
 21
80.6134
  0
LINE
  8
0
 10
164.746
 20
80.6134
 11
166.737
 21
78.2501
  0
LINE
  8
0
 10
166.737
 20
78.2501
 11
167.347
 21
77.2863
  0
LINE
  8
0
 10
167.347
 20
77.2863
 11
167.816
 21
76.2716
  0
LINE
  8
0
 10
167.816
 20
76.2716
 11
168.146
 21
75.2052
  0
LINE
  8
0
 10
168.146
 20
75.2052
 11
168.333
 21
74.089
  0
LINE
  8
0
 10
168.333
 20
74.089
 11
168.378
 21
72.922
  0
LINE
  8
0
 10
168.378
 20
72.922
 11
168.282
 21
71.7042
  0
LINE
  8
0
 10
168.282
 20
71.7042
 11
168.047
 21
70.4357
  0
LINE
  8
0
 10
168.047
 20
70.4357
 11
167.669
 21
69.1154
  0
LINE
  8
0
 10
167.669
 20
69.1154
 11
167.15
 21
67.7452
  0
LINE
  8
0
 10
167.15
 20
67.7452
 11
167.123
 21
67.6876
  0
LINE
  8
0
 10
167.123
 20
67.6876
 11
163.337
 21
79.339
  0
LINE
  8
0
 10
169.729
 20
59.6671
 11
169.739
 21
59.7306
  0
LINE
  8
0
 10
169.739
 20
59.7306
 11
169.885
 21
60.84
  0
LINE
  8
0
 10
169.885
 20
60.84
 11
170.004
 21
61.9689
  0
LINE
  8
0
 10
170.004
 20
61.9689
 11
170.004
 21
63.3146
  0
LINE
  8
0
 10
170.004
 20
63.3146
 11
170.939
 21
61.8009
  0
LINE
  8
0
 10
170.939
 20
61.8009
 11
170.955
 21
61.7726
  0
LINE
  8
0
 10
170.955
 20
61.7726
 11
170
 21
58.8331
  0
LINE
  8
0
 10
170
 20
58.8331
 11
169.729
 21
59.6671
  0
LINE
  8
0
 10
169.874
 20
34.004
 11
169.749
 21
34.0167
  0
LINE
  8
0
 10
169.749
 20
34.0167
 11
169.625
 21
34.0353
  0
LINE
  8
0
 10
169.625
 20
34.0353
 11
169.503
 21
34.0636
  0
LINE
  8
0
 10
169.503
 20
34.0636
 11
169.382
 21
34.0988
  0
LINE
  8
0
 10
169.382
 20
34.0988
 11
169.264
 21
34.1407
  0
LINE
  8
0
 10
169.264
 20
34.1407
 11
169.148
 21
34.1906
  0
LINE
  8
0
 10
169.148
 20
34.1906
 11
169.036
 21
34.2472
  0
LINE
  8
0
 10
169.036
 20
34.2472
 11
168.929
 21
34.3116
  0
LINE
  8
0
 10
168.929
 20
34.3116
 11
168.824
 21
34.382
  0
LINE
  8
0
 10
168.824
 20
34.382
 11
168.726
 21
34.4591
  0
LINE
  8
0
 10
168.726
 20
34.4591
 11
168.631
 21
34.5421
  0
LINE
  8
0
 10
168.631
 20
34.5421
 11
168.542
 21
34.631
  0
LINE
  8
0
 10
168.542
 20
34.631
 11
168.459
 21
34.7257
  0
LINE
  8
0
 10
168.459
 20
34.7257
 11
168.382
 21
34.8243
  0
LINE
  8
0
 10
168.382
 20
34.8243
 11
168.312
 21
34.9279
  0
LINE
  8
0
 10
168.312
 20
34.9279
 11
168.247
 21
35.0363
  0
LINE
  8
0
 10
168.247
 20
35.0363
 11
168.19
 21
35.1486
  0
LINE
  8
0
 10
168.19
 20
35.1486
 11
168.141
 21
35.2648
  0
LINE
  8
0
 10
168.141
 20
35.2648
 11
168.098
 21
35.382
  0
LINE
  8
0
 10
168.098
 20
35.382
 11
168.062
 21
35.5021
  0
LINE
  8
0
 10
168.062
 20
35.5021
 11
168.035
 21
35.6251
  0
LINE
  8
0
 10
168.035
 20
35.6251
 11
168.016
 21
35.7491
  0
LINE
  8
0
 10
168.016
 20
35.7491
 11
168.004
 21
35.8741
  0
LINE
  8
0
 10
168.004
 20
35.8741
 11
168
 21
36.0001
  0
LINE
  8
0
 10
168
 20
36.0001
 11
168.004
 21
36.1251
  0
LINE
  8
0
 10
168.004
 20
36.1251
 11
168.016
 21
36.2501
  0
LINE
  8
0
 10
168.016
 20
36.2501
 11
168.035
 21
36.3751
  0
LINE
  8
0
 10
168.035
 20
36.3751
 11
168.062
 21
36.4972
  0
LINE
  8
0
 10
168.062
 20
36.4972
 11
168.098
 21
36.6183
  0
LINE
  8
0
 10
168.098
 20
36.6183
 11
168.141
 21
36.7365
  0
LINE
  8
0
 10
168.141
 20
36.7365
 11
168.19
 21
36.8517
  0
LINE
  8
0
 10
168.19
 20
36.8517
 11
168.247
 21
36.963
  0
LINE
  8
0
 10
168.247
 20
36.963
 11
168.312
 21
37.0714
  0
LINE
  8
0
 10
168.312
 20
37.0714
 11
168.382
 21
37.1749
  0
LINE
  8
0
 10
168.382
 20
37.1749
 11
168.459
 21
37.2755
  0
LINE
  8
0
 10
168.459
 20
37.2755
 11
168.542
 21
37.3693
  0
LINE
  8
0
 10
168.542
 20
37.3693
 11
168.631
 21
37.4581
  0
LINE
  8
0
 10
168.631
 20
37.4581
 11
168.726
 21
37.5411
  0
LINE
  8
0
 10
168.726
 20
37.5411
 11
168.824
 21
37.6183
  0
LINE
  8
0
 10
168.824
 20
37.6183
 11
168.929
 21
37.6886
  0
LINE
  8
0
 10
168.929
 20
37.6886
 11
169.036
 21
37.7521
  0
LINE
  8
0
 10
169.036
 20
37.7521
 11
169.148
 21
37.8097
  0
LINE
  8
0
 10
169.148
 20
37.8097
 11
169.264
 21
37.8595
  0
LINE
  8
0
 10
169.264
 20
37.8595
 11
169.382
 21
37.9025
  0
LINE
  8
0
 10
169.382
 20
37.9025
 11
169.503
 21
37.9376
  0
LINE
  8
0
 10
169.503
 20
37.9376
 11
169.625
 21
37.964
  0
LINE
  8
0
 10
169.625
 20
37.964
 11
169.749
 21
37.9845
  0
LINE
  8
0
 10
169.749
 20
37.9845
 11
169.874
 21
37.9962
  0
LINE
  8
0
 10
169.874
 20
37.9962
 11
170
 21
38.0001
  0
LINE
  8
0
 10
170
 20
38.0001
 11
170.126
 21
37.9962
  0
LINE
  8
0
 10
170.126
 20
37.9962
 11
170.251
 21
37.9845
  0
LINE
  8
0
 10
170.251
 20
37.9845
 11
170.375
 21
37.964
  0
LINE
  8
0
 10
170.375
 20
37.964
 11
170.497
 21
37.9376
  0
LINE
  8
0
 10
170.497
 20
37.9376
 11
170.618
 21
37.9025
  0
LINE
  8
0
 10
170.618
 20
37.9025
 11
170.736
 21
37.8595
  0
LINE
  8
0
 10
170.736
 20
37.8595
 11
170.852
 21
37.8097
  0
LINE
  8
0
 10
170.852
 20
37.8097
 11
170.964
 21
37.7521
  0
LINE
  8
0
 10
170.964
 20
37.7521
 11
171.071
 21
37.6886
  0
LINE
  8
0
 10
171.071
 20
37.6886
 11
171.176
 21
37.6183
  0
LINE
  8
0
 10
171.176
 20
37.6183
 11
171.274
 21
37.5411
  0
LINE
  8
0
 10
171.274
 20
37.5411
 11
171.369
 21
37.4581
  0
LINE
  8
0
 10
171.369
 20
37.4581
 11
171.458
 21
37.3693
  0
LINE
  8
0
 10
171.458
 20
37.3693
 11
171.541
 21
37.2755
  0
LINE
  8
0
 10
171.541
 20
37.2755
 11
171.618
 21
37.1749
  0
LINE
  8
0
 10
171.618
 20
37.1749
 11
171.688
 21
37.0714
  0
LINE
  8
0
 10
171.688
 20
37.0714
 11
171.753
 21
36.963
  0
LINE
  8
0
 10
171.753
 20
36.963
 11
171.81
 21
36.8517
  0
LINE
  8
0
 10
171.81
 20
36.8517
 11
171.859
 21
36.7365
  0
LINE
  8
0
 10
171.859
 20
36.7365
 11
171.902
 21
36.6183
  0
LINE
  8
0
 10
171.902
 20
36.6183
 11
171.938
 21
36.4972
  0
LINE
  8
0
 10
171.938
 20
36.4972
 11
171.965
 21
36.3751
  0
LINE
  8
0
 10
171.965
 20
36.3751
 11
171.984
 21
36.2501
  0
LINE
  8
0
 10
171.984
 20
36.2501
 11
171.996
 21
36.1251
  0
LINE
  8
0
 10
171.996
 20
36.1251
 11
172
 21
36.0001
  0
LINE
  8
0
 10
172
 20
36.0001
 11
171.996
 21
35.8741
  0
LINE
  8
0
 10
171.996
 20
35.8741
 11
171.984
 21
35.7491
  0
LINE
  8
0
 10
171.984
 20
35.7491
 11
171.965
 21
35.6251
  0
LINE
  8
0
 10
171.965
 20
35.6251
 11
171.938
 21
35.5021
  0
LINE
  8
0
 10
171.938
 20
35.5021
 11
171.902
 21
35.382
  0
LINE
  8
0
 10
171.902
 20
35.382
 11
171.859
 21
35.2648
  0
LINE
  8
0
 10
171.859
 20
35.2648
 11
171.81
 21
35.1486
  0
LINE
  8
0
 10
171.81
 20
35.1486
 11
171.753
 21
35.0363
  0
LINE
  8
0
 10
171.753
 20
35.0363
 11
171.688
 21
34.9279
  0
LINE
  8
0
 10
171.688
 20
34.9279
 11
171.618
 21
34.8243
  0
LINE
  8
0
 10
171.618
 20
34.8243
 11
171.541
 21
34.7257
  0
LINE
  8
0
 10
171.541
 20
34.7257
 11
171.458
 21
34.631
  0
LINE
  8
0
 10
171.458
 20
34.631
 11
171.369
 21
34.5421
  0
LINE
  8
0
 10
171.369
 20
34.5421
 11
171.274
 21
34.4591
  0
LINE
  8
0
 10
171.274
 20
34.4591
 11
171.176
 21
34.382
  0
LINE
  8
0
 10
171.176
 20
34.382
 11
171.071
 21
34.3116
  0
LINE
  8
0
 10
171.071
 20
34.3116
 11
170.964
 21
34.2472
  0
LINE
  8
0
 10
170.964
 20
34.2472
 11
170.852
 21
34.1906
  0
LINE
  8
0
 10
170.852
 20
34.1906
 11
170.736
 21
34.1407
  0
LINE
  8
0
 10
170.736
 20
34.1407
 11
170.618
 21
34.0988
  0
LINE
  8
0
 10
170.618
 20
34.0988
 11
170.497
 21
34.0636
  0
LINE
  8
0
 10
170.497
 20
34.0636
 11
170.375
 21
34.0353
  0
LINE
  8
0
 10
170.375
 20
34.0353
 11
170.251
 21
34.0167
  0
LINE
  8
0
 10
170.251
 20
34.0167
 11
170.126
 21
34.004
  0
LINE
  8
0
 10
170.126
 20
34.004
 11
170
 21
34.0001
  0
LINE
  8
0
 10
170
 20
34.0001
 11
169.874
 21
34.004
  0
LINE
  8
0
 10
395
 20
250.826
 11
245
 21
250.826
  0
LINE
  8
0
 10
245
 20
250.826
 11
320
 21
20.0001
  0
LINE
  8
0
 10
320
 20
20.0001
 11
395
 21
250.826
  0
LINE
  8
0
 10
251.347
 20
244.128
 11
251.222
 21
244.14
  0
LINE
  8
0
 10
251.222
 20
244.14
 11
251.098
 21
244.159
  0
LINE
  8
0
 10
251.098
 20
244.159
 11
250.975
 21
244.187
  0
LINE
  8
0
 10
250.975
 20
244.187
 11
250.854
 21
244.222
  0
LINE
  8
0
 10
250.854
 20
244.222
 11
250.736
 21
244.265
  0
LINE
  8
0
 10
250.736
 20
244.265
 11
250.62
 21
244.315
  0
LINE
  8
0
 10
250.62
 20
244.315
 11
250.509
 21
244.371
  0
LINE
  8
0
 10
250.509
 20
244.371
 11
250.4
 21
244.436
  0
LINE
  8
0
 10
250.4
 20
244.436
 11
250.297
 21
244.506
  0
LINE
  8
0
 10
250.297
 20
244.506
 11
250.197
 21
244.583
  0
LINE
  8
0
 10
250.197
 20
244.583
 11
250.103
 21
244.666
  0
LINE
  8
0
 10
250.103
 20
244.666
 11
250.015
 21
244.755
  0
LINE
  8
0
 10
250.015
 20
244.755
 11
249.931
 21
244.849
  0
LINE
  8
0
 10
249.931
 20
244.849
 11
249.854
 21
244.948
  0
LINE
  8
0
 10
249.854
 20
244.948
 11
249.783
 21
245.052
  0
LINE
  8
0
 10
249.783
 20
245.052
 11
249.72
 21
245.16
  0
LINE
  8
0
 10
249.72
 20
245.16
 11
249.662
 21
245.273
  0
LINE
  8
0
 10
249.662
 20
245.273
 11
249.612
 21
245.388
  0
LINE
  8
0
 10
249.612
 20
245.388
 11
249.57
 21
245.506
  0
LINE
  8
0
 10
249.57
 20
245.506
 11
249.535
 21
245.627
  0
LINE
  8
0
 10
249.535
 20
245.627
 11
249.508
 21
245.749
  0
LINE
  8
0
 10
249.508
 20
245.749
 11
249.488
 21
245.873
  0
LINE
  8
0
 10
249.488
 20
245.873
 11
249.477
 21
245.998
  0
LINE
  8
0
 10
249.477
 20
245.998
 11
249.472
 21
246.124
  0
LINE
  8
0
 10
249.472
 20
246.124
 11
249.477
 21
246.249
  0
LINE
  8
0
 10
249.477
 20
246.249
 11
249.488
 21
246.375
  0
LINE
  8
0
 10
249.488
 20
246.375
 11
249.508
 21
246.499
  0
LINE
  8
0
 10
249.508
 20
246.499
 11
249.535
 21
246.621
  0
LINE
  8
0
 10
249.535
 20
246.621
 11
249.57
 21
246.742
  0
LINE
  8
0
 10
249.57
 20
246.742
 11
249.612
 21
246.86
  0
LINE
  8
0
 10
249.612
 20
246.86
 11
249.662
 21
246.976
  0
LINE
  8
0
 10
249.662
 20
246.976
 11
249.72
 21
247.087
  0
LINE
  8
0
 10
249.72
 20
247.087
 11
249.783
 21
247.195
  0
LINE
  8
0
 10
249.783
 20
247.195
 11
249.854
 21
247.3
  0
LINE
  8
0
 10
249.854
 20
247.3
 11
249.931
 21
247.399
  0
LINE
  8
0
 10
249.931
 20
247.399
 11
250.015
 21
247.493
  0
LINE
  8
0
 10
250.015
 20
247.493
 11
250.103
 21
247.582
  0
LINE
  8
0
 10
250.103
 20
247.582
 11
250.197
 21
247.665
  0
LINE
  8
0
 10
250.197
 20
247.665
 11
250.297
 21
247.742
  0
LINE
  8
0
 10
250.297
 20
247.742
 11
250.4
 21
247.813
  0
LINE
  8
0
 10
250.4
 20
247.813
 11
250.509
 21
247.877
  0
LINE
  8
0
 10
250.509
 20
247.877
 11
250.62
 21
247.934
  0
LINE
  8
0
 10
250.62
 20
247.934
 11
250.736
 21
247.984
  0
LINE
  8
0
 10
250.736
 20
247.984
 11
250.854
 21
248.026
  0
LINE
  8
0
 10
250.854
 20
248.026
 11
250.975
 21
248.062
  0
LINE
  8
0
 10
250.975
 20
248.062
 11
251.098
 21
248.089
  0
LINE
  8
0
 10
251.098
 20
248.089
 11
251.222
 21
248.109
  0
LINE
  8
0
 10
251.222
 20
248.109
 11
251.347
 21
248.12
  0
LINE
  8
0
 10
251.347
 20
248.12
 11
251.472
 21
248.124
  0
LINE
  8
0
 10
251.472
 20
248.124
 11
251.598
 21
248.12
  0
LINE
  8
0
 10
251.598
 20
248.12
 11
251.723
 21
248.109
  0
LINE
  8
0
 10
251.723
 20
248.109
 11
251.847
 21
248.089
  0
LINE
  8
0
 10
251.847
 20
248.089
 11
251.97
 21
248.062
  0
LINE
  8
0
 10
251.97
 20
248.062
 11
252.09
 21
248.026
  0
LINE
  8
0
 10
252.09
 20
248.026
 11
252.208
 21
247.984
  0
LINE
  8
0
 10
252.208
 20
247.984
 11
252.323
 21
247.934
  0
LINE
  8
0
 10
252.323
 20
247.934
 11
252.436
 21
247.877
  0
LINE
  8
0
 10
252.436
 20
247.877
 11
252.544
 21
247.813
  0
LINE
  8
0
 10
252.544
 20
247.813
 11
252.647
 21
247.742
  0
LINE
  8
0
 10
252.647
 20
247.742
 11
252.747
 21
247.665
  0
LINE
  8
0
 10
252.747
 20
247.665
 11
252.841
 21
247.582
  0
LINE
  8
0
 10
252.841
 20
247.582
 11
252.93
 21
247.493
  0
LINE
  8
0
 10
252.93
 20
247.493
 11
253.014
 21
247.399
  0
LINE
  8
0
 10
253.014
 20
247.399
 11
253.09
 21
247.3
  0
LINE
  8
0
 10
253.09
 20
247.3
 11
253.161
 21
247.195
  0
LINE
  8
0
 10
253.161
 20
247.195
 11
253.225
 21
247.087
  0
LINE
  8
0
 10
253.225
 20
247.087
 11
253.282
 21
246.976
  0
LINE
  8
0
 10
253.282
 20
246.976
 11
253.332
 21
246.86
  0
LINE
  8
0
 10
253.332
 20
246.86
 11
253.374
 21
246.742
  0
LINE
  8
0
 10
253.374
 20
246.742
 11
253.409
 21
246.621
  0
LINE
  8
0
 10
253.409
 20
246.621
 11
253.437
 21
246.499
  0
LINE
  8
0
 10
253.437
 20
246.499
 11
253.456
 21
246.375
  0
LINE
  8
0
 10
253.456
 20
246.375
 11
253.468
 21
246.249
  0
LINE
  8
0
 10
253.468
 20
246.249
 11
253.472
 21
246.124
  0
LINE
  8
0
 10
253.472
 20
246.124
 11
253.468
 21
245.998
  0
LINE
  8
0
 10
253.468
 20
245.998
 11
253.456
 21
245.873
  0
LINE
  8
0
 10
253.456
 20
245.873
 11
253.437
 21
245.749
  0
LINE
  8
0
 10
253.437
 20
245.749
 11
253.409
 21
245.627
  0
LINE
  8
0
 10
253.409
 20
245.627
 11
253.374
 21
245.506
  0
LINE
  8
0
 10
253.374
 20
245.506
 11
253.332
 21
245.388
  0
LINE
  8
0
 10
253.332
 20
245.388
 11
253.282
 21
245.273
  0
LINE
  8
0
 10
253.282
 20
245.273
 11
253.225
 21
245.16
  0
LINE
  8
0
 10
253.225
 20
245.16
 11
253.161
 21
245.052
  0
LINE
  8
0
 10
253.161
 20
245.052
 11
253.09
 21
244.948
  0
LINE
  8
0
 10
253.09
 20
244.948
 11
253.014
 21
244.849
  0
LINE
  8
0
 10
253.014
 20
244.849
 11
252.93
 21
244.755
  0
LINE
  8
0
 10
252.93
 20
244.755
 11
252.841
 21
244.666
  0
LINE
  8
0
 10
252.841
 20
244.666
 11
252.747
 21
244.583
  0
LINE
  8
0
 10
252.747
 20
244.583
 11
252.647
 21
244.506
  0
LINE
  8
0
 10
252.647
 20
244.506
 11
252.544
 21
244.436
  0
LINE
  8
0
 10
252.544
 20
244.436
 11
252.436
 21
244.371
  0
LINE
  8
0
 10
252.436
 20
244.371
 11
252.323
 21
244.315
  0
LINE
  8
0
 10
252.323
 20
244.315
 11
252.208
 21
244.265
  0
LINE
  8
0
 10
252.208
 20
244.265
 11
252.09
 21
244.222
  0
LINE
  8
0
 10
252.09
 20
244.222
 11
251.97
 21
244.187
  0
LINE
  8
0
 10
251.97
 20
244.187
 11
251.847
 21
244.159
  0
LINE
  8
0
 10
251.847
 20
244.159
 11
251.723
 21
244.14
  0
LINE
  8
0
 10
251.723
 20
244.14
 11
251.598
 21
244.128
  0
LINE
  8
0
 10
251.598
 20
244.128
 11
251.472
 21
244.124
  0
LINE
  8
0
 10
251.472
 20
244.124
 11
251.347
 21
244.128
  0
LINE
  8
0
 10
388.402
 20
244.128
 11
388.277
 21
244.14
  0
LINE
  8
0
 10
388.277
 20
244.14
 11
388.153
 21
244.159
  0
LINE
  8
0
 10
388.153
 20
244.159
 11
388.03
 21
244.187
  0
LINE
  8
0
 10
388.03
 20
244.187
 11
387.91
 21
244.222
  0
LINE
  8
0
 10
387.91
 20
244.222
 11
387.792
 21
244.265
  0
LINE
  8
0
 10
387.792
 20
244.265
 11
387.677
 21
244.315
  0
LINE
  8
0
 10
387.677
 20
244.315
 11
387.564
 21
244.371
  0
LINE
  8
0
 10
387.564
 20
244.371
 11
387.456
 21
244.436
  0
LINE
  8
0
 10
387.456
 20
244.436
 11
387.353
 21
244.506
  0
LINE
  8
0
 10
387.353
 20
244.506
 11
387.253
 21
244.583
  0
LINE
  8
0
 10
387.253
 20
244.583
 11
387.159
 21
244.666
  0
LINE
  8
0
 10
387.159
 20
244.666
 11
387.07
 21
244.755
  0
LINE
  8
0
 10
387.07
 20
244.755
 11
386.986
 21
244.849
  0
LINE
  8
0
 10
386.986
 20
244.849
 11
386.91
 21
244.948
  0
LINE
  8
0
 10
386.91
 20
244.948
 11
386.839
 21
245.052
  0
LINE
  8
0
 10
386.839
 20
245.052
 11
386.775
 21
245.16
  0
LINE
  8
0
 10
386.775
 20
245.16
 11
386.718
 21
245.273
  0
LINE
  8
0
 10
386.718
 20
245.273
 11
386.668
 21
245.388
  0
LINE
  8
0
 10
386.668
 20
245.388
 11
386.626
 21
245.506
  0
LINE
  8
0
 10
386.626
 20
245.506
 11
386.591
 21
245.627
  0
LINE
  8
0
 10
386.591
 20
245.627
 11
386.563
 21
245.749
  0
LINE
  8
0
 10
386.563
 20
245.749
 11
386.544
 21
245.873
  0
LINE
  8
0
 10
386.544
 20
245.873
 11
386.532
 21
245.998
  0
LINE
  8
0
 10
386.532
 20
245.998
 11
386.528
 21
246.124
  0
LINE
  8
0
 10
386.528
 20
246.124
 11
386.532
 21
246.249
  0
LINE
  8
0
 10
386.532
 20
246.249
 11
386.544
 21
246.375
  0
LINE
  8
0
 10
386.544
 20
246.375
 11
386.563
 21
246.499
  0
LINE
  8
0
 10
386.563
 20
246.499
 11
386.591
 21
246.621
  0
LINE
  8
0
 10
386.591
 20
246.621
 11
386.626
 21
246.742
  0
LINE
  8
0
 10
386.626
 20
246.742
 11
386.668
 21
246.86
  0
LINE
  8
0
 10
386.668
 20
246.86
 11
386.718
 21
246.976
  0
LINE
  8
0
 10
386.718
 20
246.976
 11
386.775
 21
247.087
  0
LINE
  8
0
 10
386.775
 20
247.087
 11
386.839
 21
247.195
  0
LINE
  8
0
 10
386.839
 20
247.195
 11
386.91
 21
247.3
  0
LINE
  8
0
 10
386.91
 20
247.3
 11
386.986
 21
247.399
  0
LINE
  8
0
 10
386.986
 20
247.399
 11
387.07
 21
247.493
  0
LINE
  8
0
 10
387.07
 20
247.493
 11
387.159
 21
247.582
  0
LINE
  8
0
 10
387.159
 20
247.582
 11
387.253
 21
247.665
  0
LINE
  8
0
 10
387.253
 20
247.665
 11
387.353
 21
247.742
  0
LINE
  8
0
 10
387.353
 20
247.742
 11
387.456
 21
247.813
  0
LINE
  8
0
 10
387.456
 20
247.813
 11
387.564
 21
247.877
  0
LINE
  8
0
 10
387.564
 20
247.877
 11
387.677
 21
247.934
  0
LINE
  8
0
 10
387.677
 20
247.934
 11
387.792
 21
247.984
  0
LINE
  8
0
 10
387.792
 20
247.984
 11
387.91
 21
248.026
  0
LINE
  8
0
 10
387.91
 20
248.026
 11
388.03
 21
248.062
  0
LINE
  8
0
 10
388.03
 20
248.062
 11
388.153
 21
248.089
  0
LINE
  8
0
 10
388.153
 20
248.089
 11
388.277
 21
248.109
  0
LINE
  8
0
 10
388.277
 20
248.109
 11
388.402
 21
248.12
  0
LINE
  8
0
 10
388.402
 20
248.12
 11
388.528
 21
248.124
  0
LINE
  8
0
 10
388.528
 20
248.124
 11
388.653
 21
248.12
  0
LINE
  8
0
 10
388.653
 20
248.12
 11
388.778
 21
248.109
  0
LINE
  8
0
 10
388.778
 20
248.109
 11
388.902
 21
248.089
  0
LINE
  8
0
 10
388.902
 20
248.089
 11
389.025
 21
248.062
  0
LINE
  8
0
 10
389.025
 20
248.062
 11
389.146
 21
248.026
  0
LINE
  8
0
 10
389.146
 20
248.026
 11
389.264
 21
247.984
  0
LINE
  8
0
 10
389.264
 20
247.984
 11
389.38
 21
247.934
  0
LINE
  8
0
 10
389.38
 20
247.934
 11
389.491
 21
247.877
  0
LINE
  8
0
 10
389.491
 20
247.877
 11
389.6
 21
247.813
  0
LINE
  8
0
 10
389.6
 20
247.813
 11
389.703
 21
247.742
  0
LINE
  8
0
 10
389.703
 20
247.742
 11
389.803
 21
247.665
  0
LINE
  8
0
 10
389.803
 20
247.665
 11
389.897
 21
247.582
  0
LINE
  8
0
 10
389.897
 20
247.582
 11
389.985
 21
247.493
  0
LINE
  8
0
 10
389.985
 20
247.493
 11
390.069
 21
247.399
  0
LINE
  8
0
 10
390.069
 20
247.399
 11
390.146
 21
247.3
  0
LINE
  8
0
 10
390.146
 20
247.3
 11
390.217
 21
247.195
  0
LINE
  8
0
 10
390.217
 20
247.195
 11
390.28
 21
247.087
  0
LINE
  8
0
 10
390.28
 20
247.087
 11
390.338
 21
246.976
  0
LINE
  8
0
 10
390.338
 20
246.976
 11
390.388
 21
246.86
  0
LINE
  8
0
 10
390.388
 20
246.86
 11
390.43
 21
246.742
  0
LINE
  8
0
 10
390.43
 20
246.742
 11
390.465
 21
246.621
  0
LINE
  8
0
 10
390.465
 20
246.621
 11
390.492
 21
246.499
  0
LINE
  8
0
 10
390.492
 20
246.499
 11
390.512
 21
246.375
  0
LINE
  8
0
 10
390.512
 20
246.375
 11
390.523
 21
246.249
  0
LINE
  8
0
 10
390.523
 20
246.249
 11
390.528
 21
246.124
  0
LINE
  8
0
 10
390.528
 20
246.124
 11
390.523
 21
245.998
  0
LINE
  8
0
 10
390.523
 20
245.998
 11
390.512
 21
245.873
  0
LINE
  8
0
 10
390.512
 20
245.873
 11
390.492
 21
245.749
  0
LINE
  8
0
 10
390.492
 20
245.749
 11
390.465
 21
245.627
  0
LINE
  8
0
 10
390.465
 20
245.627
 11
390.43
 21
245.506
  0
LINE
  8
0
 10
390.43
 20
245.506
 11
390.388
 21
245.388
  0
LINE
  8
0
 10
390.388
 20
245.388
 11
390.338
 21
245.273
  0
LINE
  8
0
 10
390.338
 20
245.273
 11
390.28
 21
245.16
  0
LINE
  8
0
 10
390.28
 20
245.16
 11
390.217
 21
245.052
  0
LINE
  8
0
 10
390.217
 20
245.052
 11
390.146
 21
244.948
  0
LINE
  8
0
 10
390.146
 20
244.948
 11
390.069
 21
244.849
  0
LINE
  8
0
 10
390.069
 20
244.849
 11
389.985
 21
244.755
  0
LINE
  8
0
 10
389.985
 20
244.755
 11
389.897
 21
244.666
  0
LINE
  8
0
 10
389.897
 20
244.666
 11
389.803
 21
244.583
  0
LINE
  8
0
 10
389.803
 20
244.583
 11
389.703
 21
244.506
  0
LINE
  8
0
 10
389.703
 20
244.506
 11
389.6
 21
244.436
  0
LINE
  8
0
 10
389.6
 20
244.436
 11
389.491
 21
244.371
  0
LINE
  8
0
 10
389.491
 20
244.371
 11
389.38
 21
244.315
  0
LINE
  8
0
 10
389.38
 20
244.315
 11
389.264
 21
244.265
  0
LINE
  8
0
 10
389.264
 20
244.265
 11
389.146
 21
244.222
  0
LINE
  8
0
 10
389.146
 20
244.222
 11
389.025
 21
244.187
  0
LINE
  8
0
 10
389.025
 20
244.187
 11
388.902
 21
244.159
  0
LINE
  8
0
 10
388.902
 20
244.159
 11
388.778
 21
244.14
  0
LINE
  8
0
 10
388.778
 20
244.14
 11
388.653
 21
244.128
  0
LINE
  8
0
 10
388.653
 20
244.128
 11
388.528
 21
244.124
  0
LINE
  8
0
 10
388.528
 20
244.124
 11
388.402
 21
244.128
  0
LINE
  8
0
 10
310
 20
239.826
 11
310
 21
243.826
  0
LINE
  8
0
 10
310
 20
243.826
 11
330
 21
243.826
  0
LINE
  8
0
 10
330
 20
243.826
 11
330
 21
239.826
  0
LINE
  8
0
 10
330
 20
239.826
 11
310
 21
239.826
  0
LINE
  8
0
 10
314.75
 20
238.826
 11
318.192
 21
238.826
  0
LINE
  8
0
 10
318.192
 20
238.826
 11
318.125
 21
238.748
  0
LINE
  8
0
 10
318.125
 20
238.748
 11
317.5
 21
237.736
  0
LINE
  8
0
 10
317.5
 20
237.736
 11
316.875
 21
236.429
  0
LINE
  8
0
 10
316.875
 20
236.429
 11
316.25
 21
234.826
  0
LINE
  8
0
 10
316.25
 20
234.826
 11
314.75
 21
238.826
  0
LINE
  8
0
 10
299.721
 20
238.826
 11
303.29
 21
238.826
  0
LINE
  8
0
 10
303.29
 20
238.826
 11
303.125
 21
238.625
  0
LINE
  8
0
 10
303.125
 20
238.625
 11
302.5
 21
237.572
  0
LINE
  8
0
 10
302.5
 20
237.572
 11
301.875
 21
236.224
  0
LINE
  8
0
 10
301.875
 20
236.224
 11
301.25
 21
234.581
  0
LINE
  8
0
 10
301.25
 20
234.581
 11
299.721
 21
238.826
  0
LINE
  8
0
 10
308.125
 20
236.429
 11
307.5
 21
237.736
  0
LINE
  8
0
 10
307.5
 20
237.736
 11
306.875
 21
238.748
  0
LINE
  8
0
 10
306.875
 20
238.748
 11
306.808
 21
238.826
  0
LINE
  8
0
 10
306.808
 20
238.826
 11
310.25
 21
238.826
  0
LINE
  8
0
 10
310.25
 20
238.826
 11
308.75
 21
234.826
  0
LINE
  8
0
 10
308.75
 20
234.826
 11
308.125
 21
236.429
  0
LINE
  8
0
 10
374.75
 20
238.826
 11
378.192
 21
238.826
  0
LINE
  8
0
 10
378.192
 20
238.826
 11
378.125
 21
238.748
  0
LINE
  8
0
 10
378.125
 20
238.748
 11
377.5
 21
237.736
  0
LINE
  8
0
 10
377.5
 20
237.736
 11
376.875
 21
236.429
  0
LINE
  8
0
 10
376.875
 20
236.429
 11
376.25
 21
234.826
  0
LINE
  8
0
 10
376.25
 20
234.826
 11
374.75
 21
238.826
  0
LINE
  8
0
 10
338.125
 20
236.429
 11
337.5
 21
237.736
  0
LINE
  8
0
 10
337.5
 20
237.736
 11
336.875
 21
238.748
  0
LINE
  8
0
 10
336.875
 20
238.748
 11
336.808
 21
238.826
  0
LINE
  8
0
 10
336.808
 20
238.826
 11
340.25
 21
238.826
  0
LINE
  8
0
 10
340.25
 20
238.826
 11
338.75
 21
234.826
  0
LINE
  8
0
 10
338.75
 20
234.826
 11
338.125
 21
236.429
  0
LINE
  8
0
 10
278.125
 20
236.429
 11
277.5
 21
237.736
  0
LINE
  8
0
 10
277.5
 20
237.736
 11
276.875
 21
238.748
  0
LINE
  8
0
 10
276.875
 20
238.748
 11
276.808
 21
238.826
  0
LINE
  8
0
 10
276.808
 20
238.826
 11
280.25
 21
238.826
  0
LINE
  8
0
 10
280.25
 20
238.826
 11
278.75
 21
234.826
  0
LINE
  8
0
 10
278.75
 20
234.826
 11
278.125
 21
236.429
  0
LINE
  8
0
 10
344.75
 20
238.826
 11
348.192
 21
238.826
  0
LINE
  8
0
 10
348.192
 20
238.826
 11
348.125
 21
238.748
  0
LINE
  8
0
 10
348.125
 20
238.748
 11
347.5
 21
237.736
  0
LINE
  8
0
 10
347.5
 20
237.736
 11
346.875
 21
236.429
  0
LINE
  8
0
 10
346.875
 20
236.429
 11
346.25
 21
234.826
  0
LINE
  8
0
 10
346.25
 20
234.826
 11
344.75
 21
238.826
  0
LINE
  8
0
 10
284.75
 20
238.826
 11
288.192
 21
238.826
  0
LINE
  8
0
 10
288.192
 20
238.826
 11
288.125
 21
238.748
  0
LINE
  8
0
 10
288.125
 20
238.748
 11
287.5
 21
237.736
  0
LINE
  8
0
 10
287.5
 20
237.736
 11
286.875
 21
236.429
  0
LINE
  8
0
 10
286.875
 20
236.429
 11
286.25
 21
234.826
  0
LINE
  8
0
 10
286.25
 20
234.826
 11
284.75
 21
238.826
  0
LINE
  8
0
 10
368.125
 20
236.429
 11
367.5
 21
237.736
  0
LINE
  8
0
 10
367.5
 20
237.736
 11
366.875
 21
238.748
  0
LINE
  8
0
 10
366.875
 20
238.748
 11
366.808
 21
238.826
  0
LINE
  8
0
 10
366.808
 20
238.826
 11
370.25
 21
238.826
  0
LINE
  8
0
 10
370.25
 20
238.826
 11
368.75
 21
234.826
  0
LINE
  8
0
 10
368.75
 20
234.826
 11
368.125
 21
236.429
  0
LINE
  8
0
 10
323.125
 20
236.224
 11
322.5
 21
237.572
  0
LINE
  8
0
 10
322.5
 20
237.572
 11
321.875
 21
238.625
  0
LINE
  8
0
 10
321.875
 20
238.625
 11
321.71
 21
238.826
  0
LINE
  8
0
 10
321.71
 20
238.826
 11
325.279
 21
238.826
  0
LINE
  8
0
 10
325.279
 20
238.826
 11
323.75
 21
234.581
  0
LINE
  8
0
 10
323.75
 20
234.581
 11
323.125
 21
236.224
  0
LINE
  8
0
 10
359.721
 20
238.826
 11
363.29
 21
238.826
  0
LINE
  8
0
 10
363.29
 20
238.826
 11
363.125
 21
238.625
  0
LINE
  8
0
 10
363.125
 20
238.625
 11
362.5
 21
237.572
  0
LINE
  8
0
 10
362.5
 20
237.572
 11
361.875
 21
236.224
  0
LINE
  8
0
 10
361.875
 20
236.224
 11
361.25
 21
234.581
  0
LINE
  8
0
 10
361.25
 20
234.581
 11
359.721
 21
238.826
  0
LINE
  8
0
 10
269.721
 20
238.826
 11
273.29
 21
238.826
  0
LINE
  8
0
 10
273.29
 20
238.826
 11
273.125
 21
238.625
  0
LINE
  8
0
 10
273.125
 20
238.625
 11
272.5
 21
237.572
  0
LINE
  8
0
 10
272.5
 20
237.572
 11
271.875
 21
236.224
  0
LINE
  8
0
 10
271.875
 20
236.224
 11
271.25
 21
234.581
  0
LINE
  8
0
 10
271.25
 20
234.581
 11
269.721
 21
238.826
  0
LINE
  8
0
 10
353.125
 20
236.224
 11
352.5
 21
237.572
  0
LINE
  8
0
 10
352.5
 20
237.572
 11
351.875
 21
238.625
  0
LINE
  8
0
 10
351.875
 20
238.625
 11
351.71
 21
238.826
  0
LINE
  8
0
 10
351.71
 20
238.826
 11
355.279
 21
238.826
  0
LINE
  8
0
 10
355.279
 20
238.826
 11
353.75
 21
234.581
  0
LINE
  8
0
 10
353.75
 20
234.581
 11
353.125
 21
236.224
  0
LINE
  8
0
 10
263.125
 20
236.224
 11
262.5
 21
237.572
  0
LINE
  8
0
 10
262.5
 20
237.572
 11
261.875
 21
238.625
  0
LINE
  8
0
 10
261.875
 20
238.625
 11
261.71
 21
238.826
  0
LINE
  8
0
 10
261.71
 20
238.826
 11
265.279
 21
238.826
  0
LINE
  8
0
 10
265.279
 20
238.826
 11
263.75
 21
234.581
  0
LINE
  8
0
 10
263.75
 20
234.581
 11
263.125
 21
236.224
  0
LINE
  8
0
 10
293.125
 20
236.224
 11
292.5
 21
237.572
  0
LINE
  8
0
 10
292.5
 20
237.572
 11
291.875
 21
238.625
  0
LINE
  8
0
 10
291.875
 20
238.625
 11
291.71
 21
238.826
  0
LINE
  8
0
 10
291.71
 20
238.826
 11
295.279
 21
238.826
  0
LINE
  8
0
 10
295.279
 20
238.826
 11
293.75
 21
234.581
  0
LINE
  8
0
 10
293.75
 20
234.581
 11
293.125
 21
236.224
  0
LINE
  8
0
 10
329.721
 20
238.826
 11
333.29
 21
238.826
  0
LINE
  8
0
 10
333.29
 20
238.826
 11
333.125
 21
238.625
  0
LINE
  8
0
 10
333.125
 20
238.625
 11
332.5
 21
237.572
  0
LINE
  8
0
 10
332.5
 20
237.572
 11
331.875
 21
236.224
  0
LINE
  8
0
 10
331.875
 20
236.224
 11
331.25
 21
234.581
  0
LINE
  8
0
 10
331.25
 20
234.581
 11
329.721
 21
238.826
  0
LINE
  8
0
 10
303.5
 20
234.825
 11
303.5
 21
222.826
  0
LINE
  8
0
 10
303.5
 20
222.826
 11
299
 21
219.826
  0
LINE
  8
0
 10
299
 20
219.826
 11
303.5
 21
234.825
  0
LINE
  8
0
 10
318.5
 20
234.825
 11
318.5
 21
222.826
  0
LINE
  8
0
 10
318.5
 20
222.826
 11
314
 21
219.826
  0
LINE
  8
0
 10
314
 20
219.826
 11
318.5
 21
234.825
  0
LINE
  8
0
 10
288.5
 20
234.825
 11
288.5
 21
222.826
  0
LINE
  8
0
 10
288.5
 20
222.826
 11
284
 21
219.826
  0
LINE
  8
0
 10
284
 20
219.826
 11
288.5
 21
234.825
  0
LINE
  8
0
 10
291.5
 20
222.826
 11
291.5
 21
234.825
  0
LINE
  8
0
 10
291.5
 20
234.825
 11
296
 21
219.826
  0
LINE
  8
0
 10
296
 20
219.826
 11
291.5
 21
222.826
  0
LINE
  8
0
 10
273.5
 20
234.825
 11
273.5
 21
222.826
  0
LINE
  8
0
 10
273.5
 20
222.826
 11
269
 21
219.826
  0
LINE
  8
0
 10
269
 20
219.826
 11
273.5
 21
234.825
  0
LINE
  8
0
 10
276.5
 20
222.826
 11
276.5
 21
234.825
  0
LINE
  8
0
 10
276.5
 20
234.825
 11
281
 21
219.826
  0
LINE
  8
0
 10
281
 20
219.826
 11
276.5
 21
222.826
  0
LINE
  8
0
 10
366.5
 20
222.826
 11
366.5
 21
234.825
  0
LINE
  8
0
 10
366.5
 20
234.825
 11
371
 21
219.826
  0
LINE
  8
0
 10
371
 20
219.826
 11
366.5
 21
222.826
  0
LINE
  8
0
 10
306.5
 20
222.826
 11
306.5
 21
234.825
  0
LINE
  8
0
 10
306.5
 20
234.825
 11
311
 21
219.826
  0
LINE
  8
0
 10
311
 20
219.826
 11
306.5
 21
222.826
  0
LINE
  8
0
 10
348.5
 20
234.825
 11
348.5
 21
222.826
  0
LINE
  8
0
 10
348.5
 20
222.826
 11
344
 21
219.826
  0
LINE
  8
0
 10
344
 20
219.826
 11
348.5
 21
234.825
  0
LINE
  8
0
 10
351.5
 20
222.826
 11
351.5
 21
234.825
  0
LINE
  8
0
 10
351.5
 20
234.825
 11
356
 21
219.826
  0
LINE
  8
0
 10
356
 20
219.826
 11
351.5
 21
222.826
  0
LINE
  8
0
 10
333.5
 20
234.825
 11
333.5
 21
222.826
  0
LINE
  8
0
 10
333.5
 20
222.826
 11
329
 21
219.826
  0
LINE
  8
0
 10
329
 20
219.826
 11
333.5
 21
234.825
  0
LINE
  8
0
 10
336.5
 20
222.826
 11
336.5
 21
234.825
  0
LINE
  8
0
 10
336.5
 20
234.825
 11
341
 21
219.826
  0
LINE
  8
0
 10
341
 20
219.826
 11
336.5
 21
222.826
  0
LINE
  8
0
 10
363.5
 20
234.825
 11
363.5
 21
222.826
  0
LINE
  8
0
 10
363.5
 20
222.826
 11
359
 21
219.826
  0
LINE
  8
0
 10
359
 20
219.826
 11
363.5
 21
234.825
  0
LINE
  8
0
 10
321.5
 20
222.826
 11
321.5
 21
234.825
  0
LINE
  8
0
 10
321.5
 20
234.825
 11
326
 21
219.826
  0
LINE
  8
0
 10
326
 20
219.826
 11
321.5
 21
222.826
  0
LINE
  8
0
 10
274.706
 20
215.341
 11
274.415
 21
215.384
  0
LINE
  8
0
 10
274.415
 20
215.384
 11
274.129
 21
215.455
  0
LINE
  8
0
 10
274.129
 20
215.455
 11
273.852
 21
215.555
  0
LINE
  8
0
 10
273.852
 20
215.555
 11
273.586
 21
215.681
  0
LINE
  8
0
 10
273.586
 20
215.681
 11
273.333
 21
215.832
  0
LINE
  8
0
 10
273.333
 20
215.832
 11
273.097
 21
216.007
  0
LINE
  8
0
 10
273.097
 20
216.007
 11
272.879
 21
216.205
  0
LINE
  8
0
 10
272.879
 20
216.205
 11
272.681
 21
216.423
  0
LINE
  8
0
 10
272.681
 20
216.423
 11
272.506
 21
216.659
  0
LINE
  8
0
 10
272.506
 20
216.659
 11
272.354
 21
216.912
  0
LINE
  8
0
 10
272.354
 20
216.912
 11
272.229
 21
217.178
  0
LINE
  8
0
 10
272.229
 20
217.178
 11
272.129
 21
217.455
  0
LINE
  8
0
 10
272.129
 20
217.455
 11
272.058
 21
217.741
  0
LINE
  8
0
 10
272.058
 20
217.741
 11
272.015
 21
218.032
  0
LINE
  8
0
 10
272.015
 20
218.032
 11
272
 21
218.326
  0
LINE
  8
0
 10
272
 20
218.326
 11
272.015
 21
218.62
  0
LINE
  8
0
 10
272.015
 20
218.62
 11
272.058
 21
218.911
  0
LINE
  8
0
 10
272.058
 20
218.911
 11
272.129
 21
219.197
  0
LINE
  8
0
 10
272.129
 20
219.197
 11
272.229
 21
219.475
  0
LINE
  8
0
 10
272.229
 20
219.475
 11
272.354
 21
219.74
  0
LINE
  8
0
 10
272.354
 20
219.74
 11
272.506
 21
219.993
  0
LINE
  8
0
 10
272.506
 20
219.993
 11
272.681
 21
220.23
  0
LINE
  8
0
 10
272.681
 20
220.23
 11
272.879
 21
220.447
  0
LINE
  8
0
 10
272.879
 20
220.447
 11
273.097
 21
220.646
  0
LINE
  8
0
 10
273.097
 20
220.646
 11
273.333
 21
220.82
  0
LINE
  8
0
 10
273.333
 20
220.82
 11
273.586
 21
220.972
  0
LINE
  8
0
 10
273.586
 20
220.972
 11
273.852
 21
221.098
  0
LINE
  8
0
 10
273.852
 20
221.098
 11
274.129
 21
221.197
  0
LINE
  8
0
 10
274.129
 20
221.197
 11
274.415
 21
221.269
  0
LINE
  8
0
 10
274.415
 20
221.269
 11
274.706
 21
221.312
  0
LINE
  8
0
 10
274.706
 20
221.312
 11
275
 21
221.326
  0
LINE
  8
0
 10
275
 20
221.326
 11
275.294
 21
221.312
  0
LINE
  8
0
 10
275.294
 20
221.312
 11
275.585
 21
221.269
  0
LINE
  8
0
 10
275.585
 20
221.269
 11
275.871
 21
221.197
  0
LINE
  8
0
 10
275.871
 20
221.197
 11
276.148
 21
221.098
  0
LINE
  8
0
 10
276.148
 20
221.098
 11
276.414
 21
220.972
  0
LINE
  8
0
 10
276.414
 20
220.972
 11
276.667
 21
220.82
  0
LINE
  8
0
 10
276.667
 20
220.82
 11
276.903
 21
220.646
  0
LINE
  8
0
 10
276.903
 20
220.646
 11
277.121
 21
220.447
  0
LINE
  8
0
 10
277.121
 20
220.447
 11
277.319
 21
220.23
  0
LINE
  8
0
 10
277.319
 20
220.23
 11
277.494
 21
219.993
  0
LINE
  8
0
 10
277.494
 20
219.993
 11
277.646
 21
219.74
  0
LINE
  8
0
 10
277.646
 20
219.74
 11
277.771
 21
219.475
  0
LINE
  8
0
 10
277.771
 20
219.475
 11
277.871
 21
219.197
  0
LINE
  8
0
 10
277.871
 20
219.197
 11
277.942
 21
218.911
  0
LINE
  8
0
 10
277.942
 20
218.911
 11
277.985
 21
218.62
  0
LINE
  8
0
 10
277.985
 20
218.62
 11
278
 21
218.326
  0
LINE
  8
0
 10
278
 20
218.326
 11
277.985
 21
218.032
  0
LINE
  8
0
 10
277.985
 20
218.032
 11
277.942
 21
217.741
  0
LINE
  8
0
 10
277.942
 20
217.741
 11
277.871
 21
217.455
  0
LINE
  8
0
 10
277.871
 20
217.455
 11
277.771
 21
217.178
  0
LINE
  8
0
 10
277.771
 20
217.178
 11
277.646
 21
216.912
  0
LINE
  8
0
 10
277.646
 20
216.912
 11
277.494
 21
216.659
  0
LINE
  8
0
 10
277.494
 20
216.659
 11
277.319
 21
216.423
  0
LINE
  8
0
 10
277.319
 20
216.423
 11
277.121
 21
216.205
  0
LINE
  8
0
 10
277.121
 20
216.205
 11
276.903
 21
216.007
  0
LINE
  8
0
 10
276.903
 20
216.007
 11
276.667
 21
215.832
  0
LINE
  8
0
 10
276.667
 20
215.832
 11
276.414
 21
215.681
  0
LINE
  8
0
 10
276.414
 20
215.681
 11
276.148
 21
215.555
  0
LINE
  8
0
 10
276.148
 20
215.555
 11
275.871
 21
215.455
  0
LINE
  8
0
 10
275.871
 20
215.455
 11
275.585
 21
215.384
  0
LINE
  8
0
 10
275.585
 20
215.384
 11
275.294
 21
215.341
  0
LINE
  8
0
 10
275.294
 20
215.341
 11
275
 21
215.326
  0
LINE
  8
0
 10
275
 20
215.326
 11
274.706
 21
215.341
  0
LINE
  8
0
 10
334.706
 20
215.341
 11
334.415
 21
215.384
  0
LINE
  8
0
 10
334.415
 20
215.384
 11
334.129
 21
215.455
  0
LINE
  8
0
 10
334.129
 20
215.455
 11
333.852
 21
215.555
  0
LINE
  8
0
 10
333.852
 20
215.555
 11
333.586
 21
215.681
  0
LINE
  8
0
 10
333.586
 20
215.681
 11
333.333
 21
215.832
  0
LINE
  8
0
 10
333.333
 20
215.832
 11
333.097
 21
216.007
  0
LINE
  8
0
 10
333.097
 20
216.007
 11
332.879
 21
216.205
  0
LINE
  8
0
 10
332.879
 20
216.205
 11
332.681
 21
216.423
  0
LINE
  8
0
 10
332.681
 20
216.423
 11
332.506
 21
216.659
  0
LINE
  8
0
 10
332.506
 20
216.659
 11
332.354
 21
216.912
  0
LINE
  8
0
 10
332.354
 20
216.912
 11
332.229
 21
217.178
  0
LINE
  8
0
 10
332.229
 20
217.178
 11
332.129
 21
217.455
  0
LINE
  8
0
 10
332.129
 20
217.455
 11
332.058
 21
217.741
  0
LINE
  8
0
 10
332.058
 20
217.741
 11
332.015
 21
218.032
  0
LINE
  8
0
 10
332.015
 20
218.032
 11
332
 21
218.326
  0
LINE
  8
0
 10
332
 20
218.326
 11
332.015
 21
218.62
  0
LINE
  8
0
 10
332.015
 20
218.62
 11
332.058
 21
218.911
  0
LINE
  8
0
 10
332.058
 20
218.911
 11
332.129
 21
219.197
  0
LINE
  8
0
 10
332.129
 20
219.197
 11
332.229
 21
219.475
  0
LINE
  8
0
 10
332.229
 20
219.475
 11
332.354
 21
219.74
  0
LINE
  8
0
 10
332.354
 20
219.74
 11
332.506
 21
219.993
  0
LINE
  8
0
 10
332.506
 20
219.993
 11
332.681
 21
220.23
  0
LINE
  8
0
 10
332.681
 20
220.23
 11
332.879
 21
220.447
  0
LINE
  8
0
 10
332.879
 20
220.447
 11
333.097
 21
220.646
  0
LINE
  8
0
 10
333.097
 20
220.646
 11
333.333
 21
220.82
  0
LINE
  8
0
 10
333.333
 20
220.82
 11
333.586
 21
220.972
  0
LINE
  8
0
 10
333.586
 20
220.972
 11
333.852
 21
221.098
  0
LINE
  8
0
 10
333.852
 20
221.098
 11
334.129
 21
221.197
  0
LINE
  8
0
 10
334.129
 20
221.197
 11
334.415
 21
221.269
  0
LINE
  8
0
 10
334.415
 20
221.269
 11
334.706
 21
221.312
  0
LINE
  8
0
 10
334.706
 20
221.312
 11
335
 21
221.326
  0
LINE
  8
0
 10
335
 20
221.326
 11
335.294
 21
221.312
  0
LINE
  8
0
 10
335.294
 20
221.312
 11
335.585
 21
221.269
  0
LINE
  8
0
 10
335.585
 20
221.269
 11
335.871
 21
221.197
  0
LINE
  8
0
 10
335.871
 20
221.197
 11
336.148
 21
221.098
  0
LINE
  8
0
 10
336.148
 20
221.098
 11
336.414
 21
220.972
  0
LINE
  8
0
 10
336.414
 20
220.972
 11
336.667
 21
220.82
  0
LINE
  8
0
 10
336.667
 20
220.82
 11
336.903
 21
220.646
  0
LINE
  8
0
 10
336.903
 20
220.646
 11
337.121
 21
220.447
  0
LINE
  8
0
 10
337.121
 20
220.447
 11
337.319
 21
220.23
  0
LINE
  8
0
 10
337.319
 20
220.23
 11
337.494
 21
219.993
  0
LINE
  8
0
 10
337.494
 20
219.993
 11
337.646
 21
219.74
  0
LINE
  8
0
 10
337.646
 20
219.74
 11
337.771
 21
219.475
  0
LINE
  8
0
 10
337.771
 20
219.475
 11
337.871
 21
219.197
  0
LINE
  8
0
 10
337.871
 20
219.197
 11
337.942
 21
218.911
  0
LINE
  8
0
 10
337.942
 20
218.911
 11
337.985
 21
218.62
  0
LINE
  8
0
 10
337.985
 20
218.62
 11
338
 21
218.326
  0
LINE
  8
0
 10
338
 20
218.326
 11
337.985
 21
218.032
  0
LINE
  8
0
 10
337.985
 20
218.032
 11
337.942
 21
217.741
  0
LINE
  8
0
 10
337.942
 20
217.741
 11
337.871
 21
217.455
  0
LINE
  8
0
 10
337.871
 20
217.455
 11
337.771
 21
217.178
  0
LINE
  8
0
 10
337.771
 20
217.178
 11
337.646
 21
216.912
  0
LINE
  8
0
 10
337.646
 20
216.912
 11
337.494
 21
216.659
  0
LINE
  8
0
 10
337.494
 20
216.659
 11
337.319
 21
216.423
  0
LINE
  8
0
 10
337.319
 20
216.423
 11
337.121
 21
216.205
  0
LINE
  8
0
 10
337.121
 20
216.205
 11
336.903
 21
216.007
  0
LINE
  8
0
 10
336.903
 20
216.007
 11
336.667
 21
215.832
  0
LINE
  8
0
 10
336.667
 20
215.832
 11
336.414
 21
215.681
  0
LINE
  8
0
 10
336.414
 20
215.681
 11
336.148
 21
215.555
  0
LINE
  8
0
 10
336.148
 20
215.555
 11
335.871
 21
215.455
  0
LINE
  8
0
 10
335.871
 20
215.455
 11
335.585
 21
215.384
  0
LINE
  8
0
 10
335.585
 20
215.384
 11
335.294
 21
215.341
  0
LINE
  8
0
 10
335.294
 20
215.341
 11
335
 21
215.326
  0
LINE
  8
0
 10
335
 20
215.326
 11
334.706
 21
215.341
  0
LINE
  8
0
 10
364.706
 20
215.341
 11
364.415
 21
215.384
  0
LINE
  8
0
 10
364.415
 20
215.384
 11
364.129
 21
215.455
  0
LINE
  8
0
 10
364.129
 20
215.455
 11
363.852
 21
215.555
  0
LINE
  8
0
 10
363.852
 20
215.555
 11
363.586
 21
215.681
  0
LINE
  8
0
 10
363.586
 20
215.681
 11
363.333
 21
215.832
  0
LINE
  8
0
 10
363.333
 20
215.832
 11
363.097
 21
216.007
  0
LINE
  8
0
 10
363.097
 20
216.007
 11
362.879
 21
216.205
  0
LINE
  8
0
 10
362.879
 20
216.205
 11
362.681
 21
216.423
  0
LINE
  8
0
 10
362.681
 20
216.423
 11
362.506
 21
216.659
  0
LINE
  8
0
 10
362.506
 20
216.659
 11
362.354
 21
216.912
  0
LINE
  8
0
 10
362.354
 20
216.912
 11
362.229
 21
217.178
  0
LINE
  8
0
 10
362.229
 20
217.178
 11
362.129
 21
217.455
  0
LINE
  8
0
 10
362.129
 20
217.455
 11
362.058
 21
217.741
  0
LINE
  8
0
 10
362.058
 20
217.741
 11
362.015
 21
218.032
  0
LINE
  8
0
 10
362.015
 20
218.032
 11
362
 21
218.326
  0
LINE
  8
0
 10
362
 20
218.326
 11
362.015
 21
218.62
  0
LINE
  8
0
 10
362.015
 20
218.62
 11
362.058
 21
218.911
  0
LINE
  8
0
 10
362.058
 20
218.911
 11
362.129
 21
219.197
  0
LINE
  8
0
 10
362.129
 20
219.197
 11
362.229
 21
219.475
  0
LINE
  8
0
 10
362.229
 20
219.475
 11
362.354
 21
219.74
  0
LINE
  8
0
 10
362.354
 20
219.74
 11
362.506
 21
219.993
  0
LINE
  8
0
 10
362.506
 20
219.993
 11
362.681
 21
220.23
  0
LINE
  8
0
 10
362.681
 20
220.23
 11
362.879
 21
220.447
  0
LINE
  8
0
 10
362.879
 20
220.447
 11
363.097
 21
220.646
  0
LINE
  8
0
 10
363.097
 20
220.646
 11
363.333
 21
220.82
  0
LINE
  8
0
 10
363.333
 20
220.82
 11
363.586
 21
220.972
  0
LINE
  8
0
 10
363.586
 20
220.972
 11
363.852
 21
221.098
  0
LINE
  8
0
 10
363.852
 20
221.098
 11
364.129
 21
221.197
  0
LINE
  8
0
 10
364.129
 20
221.197
 11
364.415
 21
221.269
  0
LINE
  8
0
 10
364.415
 20
221.269
 11
364.706
 21
221.312
  0
LINE
  8
0
 10
364.706
 20
221.312
 11
365
 21
221.326
  0
LINE
  8
0
 10
365
 20
221.326
 11
365.294
 21
221.312
  0
LINE
  8
0
 10
365.294
 20
221.312
 11
365.585
 21
221.269
  0
LINE
  8
0
 10
365.585
 20
221.269
 11
365.871
 21
221.197
  0
LINE
  8
0
 10
365.871
 20
221.197
 11
366.148
 21
221.098
  0
LINE
  8
0
 10
366.148
 20
221.098
 11
366.414
 21
220.972
  0
LINE
  8
0
 10
366.414
 20
220.972
 11
366.667
 21
220.82
  0
LINE
  8
0
 10
366.667
 20
220.82
 11
366.903
 21
220.646
  0
LINE
  8
0
 10
366.903
 20
220.646
 11
367.121
 21
220.447
  0
LINE
  8
0
 10
367.121
 20
220.447
 11
367.319
 21
220.23
  0
LINE
  8
0
 10
367.319
 20
220.23
 11
367.494
 21
219.993
  0
LINE
  8
0
 10
367.494
 20
219.993
 11
367.646
 21
219.74
  0
LINE
  8
0
 10
367.646
 20
219.74
 11
367.771
 21
219.475
  0
LINE
  8
0
 10
367.771
 20
219.475
 11
367.871
 21
219.197
  0
LINE
  8
0
 10
367.871
 20
219.197
 11
367.942
 21
218.911
  0
LINE
  8
0
 10
367.942
 20
218.911
 11
367.985
 21
218.62
  0
LINE
  8
0
 10
367.985
 20
218.62
 11
368
 21
218.326
  0
LINE
  8
0
 10
368
 20
218.326
 11
367.985
 21
218.032
  0
LINE
  8
0
 10
367.985
 20
218.032
 11
367.942
 21
217.741
  0
LINE
  8
0
 10
367.942
 20
217.741
 11
367.871
 21
217.455
  0
LINE
  8
0
 10
367.871
 20
217.455
 11
367.771
 21
217.178
  0
LINE
  8
0
 10
367.771
 20
217.178
 11
367.646
 21
216.912
  0
LINE
  8
0
 10
367.646
 20
216.912
 11
367.494
 21
216.659
  0
LINE
  8
0
 10
367.494
 20
216.659
 11
367.319
 21
216.423
  0
LINE
  8
0
 10
367.319
 20
216.423
 11
367.121
 21
216.205
  0
LINE
  8
0
 10
367.121
 20
216.205
 11
366.903
 21
216.007
  0
LINE
  8
0
 10
366.903
 20
216.007
 11
366.667
 21
215.832
  0
LINE
  8
0
 10
366.667
 20
215.832
 11
366.414
 21
215.681
  0
LINE
  8
0
 10
366.414
 20
215.681
 11
366.148
 21
215.555
  0
LINE
  8
0
 10
366.148
 20
215.555
 11
365.871
 21
215.455
  0
LINE
  8
0
 10
365.871
 20
215.455
 11
365.585
 21
215.384
  0
LINE
  8
0
 10
365.585
 20
215.384
 11
365.294
 21
215.341
  0
LINE
  8
0
 10
365.294
 20
215.341
 11
365
 21
215.326
  0
LINE
  8
0
 10
365
 20
215.326
 11
364.706
 21
215.341
  0
LINE
  8
0
 10
319.706
 20
215.341
 11
319.415
 21
215.384
  0
LINE
  8
0
 10
319.415
 20
215.384
 11
319.129
 21
215.455
  0
LINE
  8
0
 10
319.129
 20
215.455
 11
318.852
 21
215.555
  0
LINE
  8
0
 10
318.852
 20
215.555
 11
318.586
 21
215.681
  0
LINE
  8
0
 10
318.586
 20
215.681
 11
318.333
 21
215.832
  0
LINE
  8
0
 10
318.333
 20
215.832
 11
318.097
 21
216.007
  0
LINE
  8
0
 10
318.097
 20
216.007
 11
317.879
 21
216.205
  0
LINE
  8
0
 10
317.879
 20
216.205
 11
317.681
 21
216.423
  0
LINE
  8
0
 10
317.681
 20
216.423
 11
317.506
 21
216.659
  0
LINE
  8
0
 10
317.506
 20
216.659
 11
317.354
 21
216.912
  0
LINE
  8
0
 10
317.354
 20
216.912
 11
317.229
 21
217.178
  0
LINE
  8
0
 10
317.229
 20
217.178
 11
317.129
 21
217.455
  0
LINE
  8
0
 10
317.129
 20
217.455
 11
317.058
 21
217.741
  0
LINE
  8
0
 10
317.058
 20
217.741
 11
317.015
 21
218.032
  0
LINE
  8
0
 10
317.015
 20
218.032
 11
317
 21
218.326
  0
LINE
  8
0
 10
317
 20
218.326
 11
317.015
 21
218.62
  0
LINE
  8
0
 10
317.015
 20
218.62
 11
317.058
 21
218.911
  0
LINE
  8
0
 10
317.058
 20
218.911
 11
317.129
 21
219.197
  0
LINE
  8
0
 10
317.129
 20
219.197
 11
317.229
 21
219.475
  0
LINE
  8
0
 10
317.229
 20
219.475
 11
317.354
 21
219.74
  0
LINE
  8
0
 10
317.354
 20
219.74
 11
317.506
 21
219.993
  0
LINE
  8
0
 10
317.506
 20
219.993
 11
317.681
 21
220.23
  0
LINE
  8
0
 10
317.681
 20
220.23
 11
317.879
 21
220.447
  0
LINE
  8
0
 10
317.879
 20
220.447
 11
318.097
 21
220.646
  0
LINE
  8
0
 10
318.097
 20
220.646
 11
318.333
 21
220.82
  0
LINE
  8
0
 10
318.333
 20
220.82
 11
318.586
 21
220.972
  0
LINE
  8
0
 10
318.586
 20
220.972
 11
318.852
 21
221.098
  0
LINE
  8
0
 10
318.852
 20
221.098
 11
319.129
 21
221.197
  0
LINE
  8
0
 10
319.129
 20
221.197
 11
319.415
 21
221.269
  0
LINE
  8
0
 10
319.415
 20
221.269
 11
319.706
 21
221.312
  0
LINE
  8
0
 10
319.706
 20
221.312
 11
320
 21
221.326
  0
LINE
  8
0
 10
320
 20
221.326
 11
320.294
 21
221.312
  0
LINE
  8
0
 10
320.294
 20
221.312
 11
320.585
 21
221.269
  0
LINE
  8
0
 10
320.585
 20
221.269
 11
320.871
 21
221.197
  0
LINE
  8
0
 10
320.871
 20
221.197
 11
321.148
 21
221.098
  0
LINE
  8
0
 10
321.148
 20
221.098
 11
321.414
 21
220.972
  0
LINE
  8
0
 10
321.414
 20
220.972
 11
321.667
 21
220.82
  0
LINE
  8
0
 10
321.667
 20
220.82
 11
321.903
 21
220.646
  0
LINE
  8
0
 10
321.903
 20
220.646
 11
322.121
 21
220.447
  0
LINE
  8
0
 10
322.121
 20
220.447
 11
322.319
 21
220.23
  0
LINE
  8
0
 10
322.319
 20
220.23
 11
322.494
 21
219.993
  0
LINE
  8
0
 10
322.494
 20
219.993
 11
322.646
 21
219.74
  0
LINE
  8
0
 10
322.646
 20
219.74
 11
322.771
 21
219.475
  0
LINE
  8
0
 10
322.771
 20
219.475
 11
322.871
 21
219.197
  0
LINE
  8
0
 10
322.871
 20
219.197
 11
322.942
 21
218.911
  0
LINE
  8
0
 10
322.942
 20
218.911
 11
322.985
 21
218.62
  0
LINE
  8
0
 10
322.985
 20
218.62
 11
323
 21
218.326
  0
LINE
  8
0
 10
323
 20
218.326
 11
322.985
 21
218.032
  0
LINE
  8
0
 10
322.985
 20
218.032
 11
322.942
 21
217.741
  0
LINE
  8
0
 10
322.942
 20
217.741
 11
322.871
 21
217.455
  0
LINE
  8
0
 10
322.871
 20
217.455
 11
322.771
 21
217.178
  0
LINE
  8
0
 10
322.771
 20
217.178
 11
322.646
 21
216.912
  0
LINE
  8
0
 10
322.646
 20
216.912
 11
322.494
 21
216.659
  0
LINE
  8
0
 10
322.494
 20
216.659
 11
322.319
 21
216.423
  0
LINE
  8
0
 10
322.319
 20
216.423
 11
322.121
 21
216.205
  0
LINE
  8
0
 10
322.121
 20
216.205
 11
321.903
 21
216.007
  0
LINE
  8
0
 10
321.903
 20
216.007
 11
321.667
 21
215.832
  0
LINE
  8
0
 10
321.667
 20
215.832
 11
321.414
 21
215.681
  0
LINE
  8
0
 10
321.414
 20
215.681
 11
321.148
 21
215.555
  0
LINE
  8
0
 10
321.148
 20
215.555
 11
320.871
 21
215.455
  0
LINE
  8
0
 10
320.871
 20
215.455
 11
320.585
 21
215.384
  0
LINE
  8
0
 10
320.585
 20
215.384
 11
320.294
 21
215.341
  0
LINE
  8
0
 10
320.294
 20
215.341
 11
320
 21
215.326
  0
LINE
  8
0
 10
320
 20
215.326
 11
319.706
 21
215.341
  0
LINE
  8
0
 10
304.706
 20
215.341
 11
304.415
 21
215.384
  0
LINE
  8
0
 10
304.415
 20
215.384
 11
304.129
 21
215.455
  0
LINE
  8
0
 10
304.129
 20
215.455
 11
303.852
 21
215.555
  0
LINE
  8
0
 10
303.852
 20
215.555
 11
303.586
 21
215.681
  0
LINE
  8
0
 10
303.586
 20
215.681
 11
303.333
 21
215.832
  0
LINE
  8
0
 10
303.333
 20
215.832
 11
303.097
 21
216.007
  0
LINE
  8
0
 10
303.097
 20
216.007
 11
302.879
 21
216.205
  0
LINE
  8
0
 10
302.879
 20
216.205
 11
302.681
 21
216.423
  0
LINE
  8
0
 10
302.681
 20
216.423
 11
302.506
 21
216.659
  0
LINE
  8
0
 10
302.506
 20
216.659
 11
302.354
 21
216.912
  0
LINE
  8
0
 10
302.354
 20
216.912
 11
302.229
 21
217.178
  0
LINE
  8
0
 10
302.229
 20
217.178
 11
302.129
 21
217.455
  0
LINE
  8
0
 10
302.129
 20
217.455
 11
302.058
 21
217.741
  0
LINE
  8
0
 10
302.058
 20
217.741
 11
302.015
 21
218.032
  0
LINE
  8
0
 10
302.015
 20
218.032
 11
302
 21
218.326
  0
LINE
  8
0
 10
302
 20
218.326
 11
302.015
 21
218.62
  0
LINE
  8
0
 10
302.015
 20
218.62
 11
302.058
 21
218.911
  0
LINE
  8
0
 10
302.058
 20
218.911
 11
302.129
 21
219.197
  0
LINE
  8
0
 10
302.129
 20
219.197
 11
302.229
 21
219.475
  0
LINE
  8
0
 10
302.229
 20
219.475
 11
302.354
 21
219.74
  0
LINE
  8
0
 10
302.354
 20
219.74
 11
302.506
 21
219.993
  0
LINE
  8
0
 10
302.506
 20
219.993
 11
302.681
 21
220.23
  0
LINE
  8
0
 10
302.681
 20
220.23
 11
302.879
 21
220.447
  0
LINE
  8
0
 10
302.879
 20
220.447
 11
303.097
 21
220.646
  0
LINE
  8
0
 10
303.097
 20
220.646
 11
303.333
 21
220.82
  0
LINE
  8
0
 10
303.333
 20
220.82
 11
303.586
 21
220.972
  0
LINE
  8
0
 10
303.586
 20
220.972
 11
303.852
 21
221.098
  0
LINE
  8
0
 10
303.852
 20
221.098
 11
304.129
 21
221.197
  0
LINE
  8
0
 10
304.129
 20
221.197
 11
304.415
 21
221.269
  0
LINE
  8
0
 10
304.415
 20
221.269
 11
304.706
 21
221.312
  0
LINE
  8
0
 10
304.706
 20
221.312
 11
305
 21
221.326
  0
LINE
  8
0
 10
305
 20
221.326
 11
305.294
 21
221.312
  0
LINE
  8
0
 10
305.294
 20
221.312
 11
305.585
 21
221.269
  0
LINE
  8
0
 10
305.585
 20
221.269
 11
305.871
 21
221.197
  0
LINE
  8
0
 10
305.871
 20
221.197
 11
306.148
 21
221.098
  0
LINE
  8
0
 10
306.148
 20
221.098
 11
306.414
 21
220.972
  0
LINE
  8
0
 10
306.414
 20
220.972
 11
306.667
 21
220.82
  0
LINE
  8
0
 10
306.667
 20
220.82
 11
306.903
 21
220.646
  0
LINE
  8
0
 10
306.903
 20
220.646
 11
307.121
 21
220.447
  0
LINE
  8
0
 10
307.121
 20
220.447
 11
307.319
 21
220.23
  0
LINE
  8
0
 10
307.319
 20
220.23
 11
307.494
 21
219.993
  0
LINE
  8
0
 10
307.494
 20
219.993
 11
307.646
 21
219.74
  0
LINE
  8
0
 10
307.646
 20
219.74
 11
307.771
 21
219.475
  0
LINE
  8
0
 10
307.771
 20
219.475
 11
307.871
 21
219.197
  0
LINE
  8
0
 10
307.871
 20
219.197
 11
307.942
 21
218.911
  0
LINE
  8
0
 10
307.942
 20
218.911
 11
307.985
 21
218.62
  0
LINE
  8
0
 10
307.985
 20
218.62
 11
308
 21
218.326
  0
LINE
  8
0
 10
308
 20
218.326
 11
307.985
 21
218.032
  0
LINE
  8
0
 10
307.985
 20
218.032
 11
307.942
 21
217.741
  0
LINE
  8
0
 10
307.942
 20
217.741
 11
307.871
 21
217.455
  0
LINE
  8
0
 10
307.871
 20
217.455
 11
307.771
 21
217.178
  0
LINE
  8
0
 10
307.771
 20
217.178
 11
307.646
 21
216.912
  0
LINE
  8
0
 10
307.646
 20
216.912
 11
307.494
 21
216.659
  0
LINE
  8
0
 10
307.494
 20
216.659
 11
307.319
 21
216.423
  0
LINE
  8
0
 10
307.319
 20
216.423
 11
307.121
 21
216.205
  0
LINE
  8
0
 10
307.121
 20
216.205
 11
306.903
 21
216.007
  0
LINE
  8
0
 10
306.903
 20
216.007
 11
306.667
 21
215.832
  0
LINE
  8
0
 10
306.667
 20
215.832
 11
306.414
 21
215.681
  0
LINE
  8
0
 10
306.414
 20
215.681
 11
306.148
 21
215.555
  0
LINE
  8
0
 10
306.148
 20
215.555
 11
305.871
 21
215.455
  0
LINE
  8
0
 10
305.871
 20
215.455
 11
305.585
 21
215.384
  0
LINE
  8
0
 10
305.585
 20
215.384
 11
305.294
 21
215.341
  0
LINE
  8
0
 10
305.294
 20
215.341
 11
305
 21
215.326
  0
LINE
  8
0
 10
305
 20
215.326
 11
304.706
 21
215.341
  0
LINE
  8
0
 10
289.706
 20
215.341
 11
289.415
 21
215.384
  0
LINE
  8
0
 10
289.415
 20
215.384
 11
289.129
 21
215.455
  0
LINE
  8
0
 10
289.129
 20
215.455
 11
288.852
 21
215.555
  0
LINE
  8
0
 10
288.852
 20
215.555
 11
288.586
 21
215.681
  0
LINE
  8
0
 10
288.586
 20
215.681
 11
288.333
 21
215.832
  0
LINE
  8
0
 10
288.333
 20
215.832
 11
288.097
 21
216.007
  0
LINE
  8
0
 10
288.097
 20
216.007
 11
287.879
 21
216.205
  0
LINE
  8
0
 10
287.879
 20
216.205
 11
287.681
 21
216.423
  0
LINE
  8
0
 10
287.681
 20
216.423
 11
287.506
 21
216.659
  0
LINE
  8
0
 10
287.506
 20
216.659
 11
287.354
 21
216.912
  0
LINE
  8
0
 10
287.354
 20
216.912
 11
287.229
 21
217.178
  0
LINE
  8
0
 10
287.229
 20
217.178
 11
287.129
 21
217.455
  0
LINE
  8
0
 10
287.129
 20
217.455
 11
287.058
 21
217.741
  0
LINE
  8
0
 10
287.058
 20
217.741
 11
287.015
 21
218.032
  0
LINE
  8
0
 10
287.015
 20
218.032
 11
287
 21
218.326
  0
LINE
  8
0
 10
287
 20
218.326
 11
287.015
 21
218.62
  0
LINE
  8
0
 10
287.015
 20
218.62
 11
287.058
 21
218.911
  0
LINE
  8
0
 10
287.058
 20
218.911
 11
287.129
 21
219.197
  0
LINE
  8
0
 10
287.129
 20
219.197
 11
287.229
 21
219.475
  0
LINE
  8
0
 10
287.229
 20
219.475
 11
287.354
 21
219.74
  0
LINE
  8
0
 10
287.354
 20
219.74
 11
287.506
 21
219.993
  0
LINE
  8
0
 10
287.506
 20
219.993
 11
287.681
 21
220.23
  0
LINE
  8
0
 10
287.681
 20
220.23
 11
287.879
 21
220.447
  0
LINE
  8
0
 10
287.879
 20
220.447
 11
288.097
 21
220.646
  0
LINE
  8
0
 10
288.097
 20
220.646
 11
288.333
 21
220.82
  0
LINE
  8
0
 10
288.333
 20
220.82
 11
288.586
 21
220.972
  0
LINE
  8
0
 10
288.586
 20
220.972
 11
288.852
 21
221.098
  0
LINE
  8
0
 10
288.852
 20
221.098
 11
289.129
 21
221.197
  0
LINE
  8
0
 10
289.129
 20
221.197
 11
289.415
 21
221.269
  0
LINE
  8
0
 10
289.415
 20
221.269
 11
289.706
 21
221.312
  0
LINE
  8
0
 10
289.706
 20
221.312
 11
290
 21
221.326
  0
LINE
  8
0
 10
290
 20
221.326
 11
290.294
 21
221.312
  0
LINE
  8
0
 10
290.294
 20
221.312
 11
290.585
 21
221.269
  0
LINE
  8
0
 10
290.585
 20
221.269
 11
290.871
 21
221.197
  0
LINE
  8
0
 10
290.871
 20
221.197
 11
291.148
 21
221.098
  0
LINE
  8
0
 10
291.148
 20
221.098
 11
291.414
 21
220.972
  0
LINE
  8
0
 10
291.414
 20
220.972
 11
291.667
 21
220.82
  0
LINE
  8
0
 10
291.667
 20
220.82
 11
291.903
 21
220.646
  0
LINE
  8
0
 10
291.903
 20
220.646
 11
292.121
 21
220.447
  0
LINE
  8
0
 10
292.121
 20
220.447
 11
292.319
 21
220.23
  0
LINE
  8
0
 10
292.319
 20
220.23
 11
292.494
 21
219.993
  0
LINE
  8
0
 10
292.494
 20
219.993
 11
292.646
 21
219.74
  0
LINE
  8
0
 10
292.646
 20
219.74
 11
292.771
 21
219.475
  0
LINE
  8
0
 10
292.771
 20
219.475
 11
292.871
 21
219.197
  0
LINE
  8
0
 10
292.871
 20
219.197
 11
292.942
 21
218.911
  0
LINE
  8
0
 10
292.942
 20
218.911
 11
292.985
 21
218.62
  0
LINE
  8
0
 10
292.985
 20
218.62
 11
293
 21
218.326
  0
LINE
  8
0
 10
293
 20
218.326
 11
292.985
 21
218.032
  0
LINE
  8
0
 10
292.985
 20
218.032
 11
292.942
 21
217.741
  0
LINE
  8
0
 10
292.942
 20
217.741
 11
292.871
 21
217.455
  0
LINE
  8
0
 10
292.871
 20
217.455
 11
292.771
 21
217.178
  0
LINE
  8
0
 10
292.771
 20
217.178
 11
292.646
 21
216.912
  0
LINE
  8
0
 10
292.646
 20
216.912
 11
292.494
 21
216.659
  0
LINE
  8
0
 10
292.494
 20
216.659
 11
292.319
 21
216.423
  0
LINE
  8
0
 10
292.319
 20
216.423
 11
292.121
 21
216.205
  0
LINE
  8
0
 10
292.121
 20
216.205
 11
291.903
 21
216.007
  0
LINE
  8
0
 10
291.903
 20
216.007
 11
291.667
 21
215.832
  0
LINE
  8
0
 10
291.667
 20
215.832
 11
291.414
 21
215.681
  0
LINE
  8
0
 10
291.414
 20
215.681
 11
291.148
 21
215.555
  0
LINE
  8
0
 10
291.148
 20
215.555
 11
290.871
 21
215.455
  0
LINE
  8
0
 10
290.871
 20
215.455
 11
290.585
 21
215.384
  0
LINE
  8
0
 10
290.585
 20
215.384
 11
290.294
 21
215.341
  0
LINE
  8
0
 10
290.294
 20
215.341
 11
290
 21
215.326
  0
LINE
  8
0
 10
290
 20
215.326
 11
289.706
 21
215.341
  0
LINE
  8
0
 10
349.706
 20
215.341
 11
349.415
 21
215.384
  0
LINE
  8
0
 10
349.415
 20
215.384
 11
349.129
 21
215.455
  0
LINE
  8
0
 10
349.129
 20
215.455
 11
348.852
 21
215.555
  0
LINE
  8
0
 10
348.852
 20
215.555
 11
348.586
 21
215.681
  0
LINE
  8
0
 10
348.586
 20
215.681
 11
348.333
 21
215.832
  0
LINE
  8
0
 10
348.333
 20
215.832
 11
348.097
 21
216.007
  0
LINE
  8
0
 10
348.097
 20
216.007
 11
347.879
 21
216.205
  0
LINE
  8
0
 10
347.879
 20
216.205
 11
347.681
 21
216.423
  0
LINE
  8
0
 10
347.681
 20
216.423
 11
347.506
 21
216.659
  0
LINE
  8
0
 10
347.506
 20
216.659
 11
347.354
 21
216.912
  0
LINE
  8
0
 10
347.354
 20
216.912
 11
347.229
 21
217.178
  0
LINE
  8
0
 10
347.229
 20
217.178
 11
347.129
 21
217.455
  0
LINE
  8
0
 10
347.129
 20
217.455
 11
347.058
 21
217.741
  0
LINE
  8
0
 10
347.058
 20
217.741
 11
347.015
 21
218.032
  0
LINE
  8
0
 10
347.015
 20
218.032
 11
347
 21
218.326
  0
LINE
  8
0
 10
347
 20
218.326
 11
347.015
 21
218.62
  0
LINE
  8
0
 10
347.015
 20
218.62
 11
347.058
 21
218.911
  0
LINE
  8
0
 10
347.058
 20
218.911
 11
347.129
 21
219.197
  0
LINE
  8
0
 10
347.129
 20
219.197
 11
347.229
 21
219.475
  0
LINE
  8
0
 10
347.229
 20
219.475
 11
347.354
 21
219.74
  0
LINE
  8
0
 10
347.354
 20
219.74
 11
347.506
 21
219.993
  0
LINE
  8
0
 10
347.506
 20
219.993
 11
347.681
 21
220.23
  0
LINE
  8
0
 10
347.681
 20
220.23
 11
347.879
 21
220.447
  0
LINE
  8
0
 10
347.879
 20
220.447
 11
348.097
 21
220.646
  0
LINE
  8
0
 10
348.097
 20
220.646
 11
348.333
 21
220.82
  0
LINE
  8
0
 10
348.333
 20
220.82
 11
348.586
 21
220.972
  0
LINE
  8
0
 10
348.586
 20
220.972
 11
348.852
 21
221.098
  0
LINE
  8
0
 10
348.852
 20
221.098
 11
349.129
 21
221.197
  0
LINE
  8
0
 10
349.129
 20
221.197
 11
349.415
 21
221.269
  0
LINE
  8
0
 10
349.415
 20
221.269
 11
349.706
 21
221.312
  0
LINE
  8
0
 10
349.706
 20
221.312
 11
350
 21
221.326
  0
LINE
  8
0
 10
350
 20
221.326
 11
350.294
 21
221.312
  0
LINE
  8
0
 10
350.294
 20
221.312
 11
350.585
 21
221.269
  0
LINE
  8
0
 10
350.585
 20
221.269
 11
350.871
 21
221.197
  0
LINE
  8
0
 10
350.871
 20
221.197
 11
351.148
 21
221.098
  0
LINE
  8
0
 10
351.148
 20
221.098
 11
351.414
 21
220.972
  0
LINE
  8
0
 10
351.414
 20
220.972
 11
351.667
 21
220.82
  0
LINE
  8
0
 10
351.667
 20
220.82
 11
351.903
 21
220.646
  0
LINE
  8
0
 10
351.903
 20
220.646
 11
352.121
 21
220.447
  0
LINE
  8
0
 10
352.121
 20
220.447
 11
352.319
 21
220.23
  0
LINE
  8
0
 10
352.319
 20
220.23
 11
352.494
 21
219.993
  0
LINE
  8
0
 10
352.494
 20
219.993
 11
352.646
 21
219.74
  0
LINE
  8
0
 10
352.646
 20
219.74
 11
352.771
 21
219.475
  0
LINE
  8
0
 10
352.771
 20
219.475
 11
352.871
 21
219.197
  0
LINE
  8
0
 10
352.871
 20
219.197
 11
352.942
 21
218.911
  0
LINE
  8
0
 10
352.942
 20
218.911
 11
352.985
 21
218.62
  0
LINE
  8
0
 10
352.985
 20
218.62
 11
353
 21
218.326
  0
LINE
  8
0
 10
353
 20
218.326
 11
352.985
 21
218.032
  0
LINE
  8
0
 10
352.985
 20
218.032
 11
352.942
 21
217.741
  0
LINE
  8
0
 10
352.942
 20
217.741
 11
352.871
 21
217.455
  0
LINE
  8
0
 10
352.871
 20
217.455
 11
352.771
 21
217.178
  0
LINE
  8
0
 10
352.771
 20
217.178
 11
352.646
 21
216.912
  0
LINE
  8
0
 10
352.646
 20
216.912
 11
352.494
 21
216.659
  0
LINE
  8
0
 10
352.494
 20
216.659
 11
352.319
 21
216.423
  0
LINE
  8
0
 10
352.319
 20
216.423
 11
352.121
 21
216.205
  0
LINE
  8
0
 10
352.121
 20
216.205
 11
351.903
 21
216.007
  0
LINE
  8
0
 10
351.903
 20
216.007
 11
351.667
 21
215.832
  0
LINE
  8
0
 10
351.667
 20
215.832
 11
351.414
 21
215.681
  0
LINE
  8
0
 10
351.414
 20
215.681
 11
351.148
 21
215.555
  0
LINE
  8
0
 10
351.148
 20
215.555
 11
350.871
 21
215.455
  0
LINE
  8
0
 10
350.871
 20
215.455
 11
350.585
 21
215.384
  0
LINE
  8
0
 10
350.585
 20
215.384
 11
350.294
 21
215.341
  0
LINE
  8
0
 10
350.294
 20
215.341
 11
350
 21
215.326
  0
LINE
  8
0
 10
350
 20
215.326
 11
349.706
 21
215.341
  0
LINE
  8
0
 10
314
 20
216.826
 11
318.5
 21
213.826
  0
LINE
  8
0
 10
318.5
 20
213.826
 11
318.5
 21
201.827
  0
LINE
  8
0
 10
318.5
 20
201.827
 11
314
 21
216.826
  0
LINE
  8
0
 10
344
 20
216.826
 11
348.5
 21
213.826
  0
LINE
  8
0
 10
348.5
 20
213.826
 11
348.5
 21
201.827
  0
LINE
  8
0
 10
348.5
 20
201.827
 11
344
 21
216.826
  0
LINE
  8
0
 10
351.5
 20
213.826
 11
356
 21
216.826
  0
LINE
  8
0
 10
356
 20
216.826
 11
351.5
 21
201.827
  0
LINE
  8
0
 10
351.5
 20
201.827
 11
351.5
 21
213.826
  0
LINE
  8
0
 10
359
 20
216.826
 11
363.5
 21
213.826
  0
LINE
  8
0
 10
363.5
 20
213.826
 11
363.5
 21
201.827
  0
LINE
  8
0
 10
363.5
 20
201.827
 11
359
 21
216.826
  0
LINE
  8
0
 10
329
 20
216.826
 11
333.5
 21
213.826
  0
LINE
  8
0
 10
333.5
 20
213.826
 11
333.5
 21
201.827
  0
LINE
  8
0
 10
333.5
 20
201.827
 11
329
 21
216.826
  0
LINE
  8
0
 10
291.5
 20
213.826
 11
296
 21
216.826
  0
LINE
  8
0
 10
296
 20
216.826
 11
291.5
 21
201.827
  0
LINE
  8
0
 10
291.5
 20
201.827
 11
291.5
 21
213.826
  0
LINE
  8
0
 10
284
 20
216.826
 11
288.5
 21
213.826
  0
LINE
  8
0
 10
288.5
 20
213.826
 11
288.5
 21
201.827
  0
LINE
  8
0
 10
288.5
 20
201.827
 11
284
 21
216.826
  0
LINE
  8
0
 10
276.5
 20
213.826
 11
281
 21
216.826
  0
LINE
  8
0
 10
281
 20
216.826
 11
276.5
 21
201.827
  0
LINE
  8
0
 10
276.5
 20
201.827
 11
276.5
 21
213.826
  0
LINE
  8
0
 10
321.5
 20
213.826
 11
326
 21
216.826
  0
LINE
  8
0
 10
326
 20
216.826
 11
321.5
 21
201.827
  0
LINE
  8
0
 10
321.5
 20
201.827
 11
321.5
 21
213.826
  0
LINE
  8
0
 10
366.5
 20
213.826
 11
371
 21
216.826
  0
LINE
  8
0
 10
371
 20
216.826
 11
366.963
 21
203.369
  0
LINE
  8
0
 10
366.963
 20
203.369
 11
366.5
 21
201.945
  0
LINE
  8
0
 10
366.5
 20
201.945
 11
366.5
 21
213.826
  0
LINE
  8
0
 10
306.5
 20
213.826
 11
311
 21
216.826
  0
LINE
  8
0
 10
311
 20
216.826
 11
306.5
 21
201.827
  0
LINE
  8
0
 10
306.5
 20
201.827
 11
306.5
 21
213.826
  0
LINE
  8
0
 10
299
 20
216.826
 11
303.5
 21
213.826
  0
LINE
  8
0
 10
303.5
 20
213.826
 11
303.5
 21
201.827
  0
LINE
  8
0
 10
303.5
 20
201.827
 11
299
 21
216.826
  0
LINE
  8
0
 10
336.5
 20
213.826
 11
341
 21
216.826
  0
LINE
  8
0
 10
341
 20
216.826
 11
336.5
 21
201.827
  0
LINE
  8
0
 10
336.5
 20
201.827
 11
336.5
 21
213.826
  0
LINE
  8
0
 10
273.037
 20
203.369
 11
269
 21
216.826
  0
LINE
  8
0
 10
269
 20
216.826
 11
273.5
 21
213.826
  0
LINE
  8
0
 10
273.5
 20
213.826
 11
273.5
 21
201.945
  0
LINE
  8
0
 10
273.5
 20
201.945
 11
273.037
 21
203.369
  0
LINE
  8
0
 10
353.125
 20
191.224
 11
352.5
 21
192.572
  0
LINE
  8
0
 10
352.5
 20
192.572
 11
351.875
 21
193.625
  0
LINE
  8
0
 10
351.875
 20
193.625
 11
351.25
 21
194.384
  0
LINE
  8
0
 10
351.25
 20
194.384
 11
350.625
 21
194.847
  0
LINE
  8
0
 10
350.625
 20
194.847
 11
350
 21
195.015
  0
LINE
  8
0
 10
350
 20
195.015
 11
349.375
 21
194.888
  0
LINE
  8
0
 10
349.375
 20
194.888
 11
348.75
 21
194.466
  0
LINE
  8
0
 10
348.75
 20
194.466
 11
348.125
 21
193.748
  0
LINE
  8
0
 10
348.125
 20
193.748
 11
347.5
 21
192.736
  0
LINE
  8
0
 10
347.5
 20
192.736
 11
346.875
 21
191.429
  0
LINE
  8
0
 10
346.875
 20
191.429
 11
346.25
 21
189.826
  0
LINE
  8
0
 10
346.25
 20
189.826
 11
344
 21
195.826
  0
LINE
  8
0
 10
344
 20
195.826
 11
346.25
 21
201.826
  0
LINE
  8
0
 10
346.25
 20
201.826
 11
346.875
 21
200.224
  0
LINE
  8
0
 10
346.875
 20
200.224
 11
347.5
 21
198.916
  0
LINE
  8
0
 10
347.5
 20
198.916
 11
348.125
 21
197.904
  0
LINE
  8
0
 10
348.125
 20
197.904
 11
348.75
 21
197.187
  0
LINE
  8
0
 10
348.75
 20
197.187
 11
349.375
 21
196.765
  0
LINE
  8
0
 10
349.375
 20
196.765
 11
350
 21
196.638
  0
LINE
  8
0
 10
350
 20
196.638
 11
350.625
 21
196.806
  0
LINE
  8
0
 10
350.625
 20
196.806
 11
351.25
 21
197.269
  0
LINE
  8
0
 10
351.25
 20
197.269
 11
351.875
 21
198.027
  0
LINE
  8
0
 10
351.875
 20
198.027
 11
352.5
 21
199.08
  0
LINE
  8
0
 10
352.5
 20
199.08
 11
353.125
 21
200.429
  0
LINE
  8
0
 10
353.125
 20
200.429
 11
353.75
 21
202.071
  0
LINE
  8
0
 10
353.75
 20
202.071
 11
356
 21
195.826
  0
LINE
  8
0
 10
356
 20
195.826
 11
353.75
 21
189.581
  0
LINE
  8
0
 10
353.75
 20
189.581
 11
353.125
 21
191.224
  0
LINE
  8
0
 10
293.125
 20
191.224
 11
292.5
 21
192.572
  0
LINE
  8
0
 10
292.5
 20
192.572
 11
291.875
 21
193.625
  0
LINE
  8
0
 10
291.875
 20
193.625
 11
291.25
 21
194.384
  0
LINE
  8
0
 10
291.25
 20
194.384
 11
290.625
 21
194.847
  0
LINE
  8
0
 10
290.625
 20
194.847
 11
290
 21
195.015
  0
LINE
  8
0
 10
290
 20
195.015
 11
289.375
 21
194.888
  0
LINE
  8
0
 10
289.375
 20
194.888
 11
288.75
 21
194.466
  0
LINE
  8
0
 10
288.75
 20
194.466
 11
288.125
 21
193.748
  0
LINE
  8
0
 10
288.125
 20
193.748
 11
287.5
 21
192.736
  0
LINE
  8
0
 10
287.5
 20
192.736
 11
286.875
 21
191.429
  0
LINE
  8
0
 10
286.875
 20
191.429
 11
286.25
 21
189.826
  0
LINE
  8
0
 10
286.25
 20
189.826
 11
284
 21
195.826
  0
LINE
  8
0
 10
284
 20
195.826
 11
286.25
 21
201.826
  0
LINE
  8
0
 10
286.25
 20
201.826
 11
286.875
 21
200.224
  0
LINE
  8
0
 10
286.875
 20
200.224
 11
287.5
 21
198.916
  0
LINE
  8
0
 10
287.5
 20
198.916
 11
288.125
 21
197.904
  0
LINE
  8
0
 10
288.125
 20
197.904
 11
288.75
 21
197.187
  0
LINE
  8
0
 10
288.75
 20
197.187
 11
289.375
 21
196.765
  0
LINE
  8
0
 10
289.375
 20
196.765
 11
290
 21
196.638
  0
LINE
  8
0
 10
290
 20
196.638
 11
290.625
 21
196.806
  0
LINE
  8
0
 10
290.625
 20
196.806
 11
291.25
 21
197.269
  0
LINE
  8
0
 10
291.25
 20
197.269
 11
291.875
 21
198.027
  0
LINE
  8
0
 10
291.875
 20
198.027
 11
292.5
 21
199.08
  0
LINE
  8
0
 10
292.5
 20
199.08
 11
293.125
 21
200.429
  0
LINE
  8
0
 10
293.125
 20
200.429
 11
293.75
 21
202.071
  0
LINE
  8
0
 10
293.75
 20
202.071
 11
296
 21
195.826
  0
LINE
  8
0
 10
296
 20
195.826
 11
293.75
 21
189.581
  0
LINE
  8
0
 10
293.75
 20
189.581
 11
293.125
 21
191.224
  0
LINE
  8
0
 10
329
 20
195.826
 11
331.25
 21
202.071
  0
LINE
  8
0
 10
331.25
 20
202.071
 11
331.875
 21
200.429
  0
LINE
  8
0
 10
331.875
 20
200.429
 11
332.5
 21
199.08
  0
LINE
  8
0
 10
332.5
 20
199.08
 11
333.125
 21
198.027
  0
LINE
  8
0
 10
333.125
 20
198.027
 11
333.75
 21
197.269
  0
LINE
  8
0
 10
333.75
 20
197.269
 11
334.375
 21
196.806
  0
LINE
  8
0
 10
334.375
 20
196.806
 11
335
 21
196.638
  0
LINE
  8
0
 10
335
 20
196.638
 11
335.625
 21
196.765
  0
LINE
  8
0
 10
335.625
 20
196.765
 11
336.25
 21
197.187
  0
LINE
  8
0
 10
336.25
 20
197.187
 11
336.875
 21
197.904
  0
LINE
  8
0
 10
336.875
 20
197.904
 11
337.5
 21
198.916
  0
LINE
  8
0
 10
337.5
 20
198.916
 11
338.125
 21
200.224
  0
LINE
  8
0
 10
338.125
 20
200.224
 11
338.75
 21
201.826
  0
LINE
  8
0
 10
338.75
 20
201.826
 11
341
 21
195.826
  0
LINE
  8
0
 10
341
 20
195.826
 11
338.75
 21
189.826
  0
LINE
  8
0
 10
338.75
 20
189.826
 11
338.125
 21
191.429
  0
LINE
  8
0
 10
338.125
 20
191.429
 11
337.5
 21
192.736
  0
LINE
  8
0
 10
337.5
 20
192.736
 11
336.875
 21
193.748
  0
LINE
  8
0
 10
336.875
 20
193.748
 11
336.25
 21
194.466
  0
LINE
  8
0
 10
336.25
 20
194.466
 11
335.625
 21
194.888
  0
LINE
  8
0
 10
335.625
 20
194.888
 11
335
 21
195.015
  0
LINE
  8
0
 10
335
 20
195.015
 11
334.375
 21
194.847
  0
LINE
  8
0
 10
334.375
 20
194.847
 11
333.75
 21
194.384
  0
LINE
  8
0
 10
333.75
 20
194.384
 11
333.125
 21
193.625
  0
LINE
  8
0
 10
333.125
 20
193.625
 11
332.5
 21
192.572
  0
LINE
  8
0
 10
332.5
 20
192.572
 11
331.875
 21
191.224
  0
LINE
  8
0
 10
331.875
 20
191.224
 11
331.25
 21
189.581
  0
LINE
  8
0
 10
331.25
 20
189.581
 11
329
 21
195.826
  0
LINE
  8
0
 10
323.125
 20
191.224
 11
322.5
 21
192.572
  0
LINE
  8
0
 10
322.5
 20
192.572
 11
321.875
 21
193.625
  0
LINE
  8
0
 10
321.875
 20
193.625
 11
321.25
 21
194.384
  0
LINE
  8
0
 10
321.25
 20
194.384
 11
320.625
 21
194.847
  0
LINE
  8
0
 10
320.625
 20
194.847
 11
320
 21
195.015
  0
LINE
  8
0
 10
320
 20
195.015
 11
319.375
 21
194.888
  0
LINE
  8
0
 10
319.375
 20
194.888
 11
318.75
 21
194.466
  0
LINE
  8
0
 10
318.75
 20
194.466
 11
318.125
 21
193.748
  0
LINE
  8
0
 10
318.125
 20
193.748
 11
317.5
 21
192.736
  0
LINE
  8
0
 10
317.5
 20
192.736
 11
316.875
 21
191.429
  0
LINE
  8
0
 10
316.875
 20
191.429
 11
316.25
 21
189.826
  0
LINE
  8
0
 10
316.25
 20
189.826
 11
314
 21
195.826
  0
LINE
  8
0
 10
314
 20
195.826
 11
316.25
 21
201.826
  0
LINE
  8
0
 10
316.25
 20
201.826
 11
316.875
 21
200.224
  0
LINE
  8
0
 10
316.875
 20
200.224
 11
317.5
 21
198.916
  0
LINE
  8
0
 10
317.5
 20
198.916
 11
318.125
 21
197.904
  0
LINE
  8
0
 10
318.125
 20
197.904
 11
318.75
 21
197.187
  0
LINE
  8
0
 10
318.75
 20
197.187
 11
319.375
 21
196.765
  0
LINE
  8
0
 10
319.375
 20
196.765
 11
320
 21
196.638
  0
LINE
  8
0
 10
320
 20
196.638
 11
320.625
 21
196.806
  0
LINE
  8
0
 10
320.625
 20
196.806
 11
321.25
 21
197.269
  0
LINE
  8
0
 10
321.25
 20
197.269
 11
321.875
 21
198.027
  0
LINE
  8
0
 10
321.875
 20
198.027
 11
322.5
 21
199.08
  0
LINE
  8
0
 10
322.5
 20
199.08
 11
323.125
 21
200.429
  0
LINE
  8
0
 10
323.125
 20
200.429
 11
323.75
 21
202.071
  0
LINE
  8
0
 10
323.75
 20
202.071
 11
326
 21
195.826
  0
LINE
  8
0
 10
326
 20
195.826
 11
323.75
 21
189.581
  0
LINE
  8
0
 10
323.75
 20
189.581
 11
323.125
 21
191.224
  0
LINE
  8
0
 10
359
 20
195.826
 11
361.25
 21
202.071
  0
LINE
  8
0
 10
361.25
 20
202.071
 11
361.875
 21
200.429
  0
LINE
  8
0
 10
361.875
 20
200.429
 11
362.5
 21
199.08
  0
LINE
  8
0
 10
362.5
 20
199.08
 11
363.125
 21
198.027
  0
LINE
  8
0
 10
363.125
 20
198.027
 11
363.75
 21
197.269
  0
LINE
  8
0
 10
363.75
 20
197.269
 11
364.375
 21
196.806
  0
LINE
  8
0
 10
364.375
 20
196.806
 11
364.794
 21
196.693
  0
LINE
  8
0
 10
364.794
 20
196.693
 11
364.136
 21
194.67
  0
LINE
  8
0
 10
364.136
 20
194.67
 11
363.75
 21
194.384
  0
LINE
  8
0
 10
363.75
 20
194.384
 11
363.125
 21
193.625
  0
LINE
  8
0
 10
363.125
 20
193.625
 11
362.5
 21
192.572
  0
LINE
  8
0
 10
362.5
 20
192.572
 11
361.875
 21
191.224
  0
LINE
  8
0
 10
361.875
 20
191.224
 11
361.25
 21
189.581
  0
LINE
  8
0
 10
361.25
 20
189.581
 11
359
 21
195.826
  0
LINE
  8
0
 10
299
 20
195.826
 11
301.25
 21
202.071
  0
LINE
  8
0
 10
301.25
 20
202.071
 11
301.875
 21
200.429
  0
LINE
  8
0
 10
301.875
 20
200.429
 11
302.5
 21
199.08
  0
LINE
  8
0
 10
302.5
 20
199.08
 11
303.125
 21
198.027
  0
LINE
  8
0
 10
303.125
 20
198.027
 11
303.75
 21
197.269
  0
LINE
  8
0
 10
303.75
 20
197.269
 11
304.375
 21
196.806
  0
LINE
  8
0
 10
304.375
 20
196.806
 11
305
 21
196.638
  0
LINE
  8
0
 10
305
 20
196.638
 11
305.625
 21
196.765
  0
LINE
  8
0
 10
305.625
 20
196.765
 11
306.25
 21
197.187
  0
LINE
  8
0
 10
306.25
 20
197.187
 11
306.875
 21
197.904
  0
LINE
  8
0
 10
306.875
 20
197.904
 11
307.5
 21
198.916
  0
LINE
  8
0
 10
307.5
 20
198.916
 11
308.125
 21
200.224
  0
LINE
  8
0
 10
308.125
 20
200.224
 11
308.75
 21
201.826
  0
LINE
  8
0
 10
308.75
 20
201.826
 11
311
 21
195.826
  0
LINE
  8
0
 10
311
 20
195.826
 11
308.75
 21
189.826
  0
LINE
  8
0
 10
308.75
 20
189.826
 11
308.125
 21
191.429
  0
LINE
  8
0
 10
308.125
 20
191.429
 11
307.5
 21
192.736
  0
LINE
  8
0
 10
307.5
 20
192.736
 11
306.875
 21
193.748
  0
LINE
  8
0
 10
306.875
 20
193.748
 11
306.25
 21
194.466
  0
LINE
  8
0
 10
306.25
 20
194.466
 11
305.625
 21
194.888
  0
LINE
  8
0
 10
305.625
 20
194.888
 11
305
 21
195.015
  0
LINE
  8
0
 10
305
 20
195.015
 11
304.375
 21
194.847
  0
LINE
  8
0
 10
304.375
 20
194.847
 11
303.75
 21
194.384
  0
LINE
  8
0
 10
303.75
 20
194.384
 11
303.125
 21
193.625
  0
LINE
  8
0
 10
303.125
 20
193.625
 11
302.5
 21
192.572
  0
LINE
  8
0
 10
302.5
 20
192.572
 11
301.875
 21
191.224
  0
LINE
  8
0
 10
301.875
 20
191.224
 11
301.25
 21
189.581
  0
LINE
  8
0
 10
301.25
 20
189.581
 11
299
 21
195.826
  0
LINE
  8
0
 10
278.125
 20
191.429
 11
277.5
 21
192.736
  0
LINE
  8
0
 10
277.5
 20
192.736
 11
276.875
 21
193.748
  0
LINE
  8
0
 10
276.875
 20
193.748
 11
276.25
 21
194.466
  0
LINE
  8
0
 10
276.25
 20
194.466
 11
275.84
 21
194.742
  0
LINE
  8
0
 10
275.84
 20
194.742
 11
275.211
 21
196.681
  0
LINE
  8
0
 10
275.211
 20
196.681
 11
275.625
 21
196.765
  0
LINE
  8
0
 10
275.625
 20
196.765
 11
276.25
 21
197.187
  0
LINE
  8
0
 10
276.25
 20
197.187
 11
276.875
 21
197.904
  0
LINE
  8
0
 10
276.875
 20
197.904
 11
277.5
 21
198.916
  0
LINE
  8
0
 10
277.5
 20
198.916
 11
278.125
 21
200.224
  0
LINE
  8
0
 10
278.125
 20
200.224
 11
278.75
 21
201.826
  0
LINE
  8
0
 10
278.75
 20
201.826
 11
281
 21
195.826
  0
LINE
  8
0
 10
281
 20
195.826
 11
278.75
 21
189.826
  0
LINE
  8
0
 10
278.75
 20
189.826
 11
278.125
 21
191.429
  0
LINE
  8
0
 10
333.5
 20
189.825
 11
333.5
 21
177.826
  0
LINE
  8
0
 10
333.5
 20
177.826
 11
329
 21
174.826
  0
LINE
  8
0
 10
329
 20
174.826
 11
333.5
 21
189.825
  0
LINE
  8
0
 10
351.5
 20
177.826
 11
351.5
 21
189.825
  0
LINE
  8
0
 10
351.5
 20
189.825
 11
356
 21
174.826
  0
LINE
  8
0
 10
356
 20
174.826
 11
351.5
 21
177.826
  0
LINE
  8
0
 10
348.5
 20
189.825
 11
348.5
 21
177.826
  0
LINE
  8
0
 10
348.5
 20
177.826
 11
344
 21
174.826
  0
LINE
  8
0
 10
344
 20
174.826
 11
348.5
 21
189.825
  0
LINE
  8
0
 10
321.5
 20
177.826
 11
321.5
 21
189.825
  0
LINE
  8
0
 10
321.5
 20
189.825
 11
326
 21
174.826
  0
LINE
  8
0
 10
326
 20
174.826
 11
321.5
 21
177.826
  0
LINE
  8
0
 10
291.5
 20
177.826
 11
291.5
 21
189.825
  0
LINE
  8
0
 10
291.5
 20
189.825
 11
296
 21
174.826
  0
LINE
  8
0
 10
296
 20
174.826
 11
291.5
 21
177.826
  0
LINE
  8
0
 10
318.5
 20
189.825
 11
318.5
 21
177.826
  0
LINE
  8
0
 10
318.5
 20
177.826
 11
314
 21
174.826
  0
LINE
  8
0
 10
314
 20
174.826
 11
318.5
 21
189.825
  0
LINE
  8
0
 10
303.5
 20
189.825
 11
303.5
 21
177.826
  0
LINE
  8
0
 10
303.5
 20
177.826
 11
299
 21
174.826
  0
LINE
  8
0
 10
299
 20
174.826
 11
303.5
 21
189.825
  0
LINE
  8
0
 10
306.5
 20
177.826
 11
306.5
 21
189.825
  0
LINE
  8
0
 10
306.5
 20
189.825
 11
311
 21
174.826
  0
LINE
  8
0
 10
311
 20
174.826
 11
306.5
 21
177.826
  0
LINE
  8
0
 10
288.5
 20
189.825
 11
288.5
 21
177.826
  0
LINE
  8
0
 10
288.5
 20
177.826
 11
284
 21
174.826
  0
LINE
  8
0
 10
284
 20
174.826
 11
288.5
 21
189.825
  0
LINE
  8
0
 10
336.5
 20
177.826
 11
336.5
 21
189.825
  0
LINE
  8
0
 10
336.5
 20
189.825
 11
341
 21
174.826
  0
LINE
  8
0
 10
341
 20
174.826
 11
336.5
 21
177.826
  0
LINE
  8
0
 10
289.706
 20
170.341
 11
289.415
 21
170.384
  0
LINE
  8
0
 10
289.415
 20
170.384
 11
289.129
 21
170.455
  0
LINE
  8
0
 10
289.129
 20
170.455
 11
288.852
 21
170.555
  0
LINE
  8
0
 10
288.852
 20
170.555
 11
288.586
 21
170.681
  0
LINE
  8
0
 10
288.586
 20
170.681
 11
288.333
 21
170.832
  0
LINE
  8
0
 10
288.333
 20
170.832
 11
288.097
 21
171.007
  0
LINE
  8
0
 10
288.097
 20
171.007
 11
287.879
 21
171.205
  0
LINE
  8
0
 10
287.879
 20
171.205
 11
287.681
 21
171.423
  0
LINE
  8
0
 10
287.681
 20
171.423
 11
287.506
 21
171.659
  0
LINE
  8
0
 10
287.506
 20
171.659
 11
287.354
 21
171.912
  0
LINE
  8
0
 10
287.354
 20
171.912
 11
287.229
 21
172.178
  0
LINE
  8
0
 10
287.229
 20
172.178
 11
287.129
 21
172.455
  0
LINE
  8
0
 10
287.129
 20
172.455
 11
287.058
 21
172.741
  0
LINE
  8
0
 10
287.058
 20
172.741
 11
287.015
 21
173.032
  0
LINE
  8
0
 10
287.015
 20
173.032
 11
287
 21
173.326
  0
LINE
  8
0
 10
287
 20
173.326
 11
287.015
 21
173.62
  0
LINE
  8
0
 10
287.015
 20
173.62
 11
287.058
 21
173.911
  0
LINE
  8
0
 10
287.058
 20
173.911
 11
287.129
 21
174.197
  0
LINE
  8
0
 10
287.129
 20
174.197
 11
287.229
 21
174.475
  0
LINE
  8
0
 10
287.229
 20
174.475
 11
287.354
 21
174.74
  0
LINE
  8
0
 10
287.354
 20
174.74
 11
287.506
 21
174.993
  0
LINE
  8
0
 10
287.506
 20
174.993
 11
287.681
 21
175.23
  0
LINE
  8
0
 10
287.681
 20
175.23
 11
287.879
 21
175.447
  0
LINE
  8
0
 10
287.879
 20
175.447
 11
288.097
 21
175.646
  0
LINE
  8
0
 10
288.097
 20
175.646
 11
288.333
 21
175.82
  0
LINE
  8
0
 10
288.333
 20
175.82
 11
288.586
 21
175.972
  0
LINE
  8
0
 10
288.586
 20
175.972
 11
288.852
 21
176.098
  0
LINE
  8
0
 10
288.852
 20
176.098
 11
289.129
 21
176.197
  0
LINE
  8
0
 10
289.129
 20
176.197
 11
289.415
 21
176.269
  0
LINE
  8
0
 10
289.415
 20
176.269
 11
289.706
 21
176.312
  0
LINE
  8
0
 10
289.706
 20
176.312
 11
290
 21
176.326
  0
LINE
  8
0
 10
290
 20
176.326
 11
290.294
 21
176.312
  0
LINE
  8
0
 10
290.294
 20
176.312
 11
290.585
 21
176.269
  0
LINE
  8
0
 10
290.585
 20
176.269
 11
290.871
 21
176.197
  0
LINE
  8
0
 10
290.871
 20
176.197
 11
291.148
 21
176.098
  0
LINE
  8
0
 10
291.148
 20
176.098
 11
291.414
 21
175.972
  0
LINE
  8
0
 10
291.414
 20
175.972
 11
291.667
 21
175.82
  0
LINE
  8
0
 10
291.667
 20
175.82
 11
291.903
 21
175.646
  0
LINE
  8
0
 10
291.903
 20
175.646
 11
292.121
 21
175.447
  0
LINE
  8
0
 10
292.121
 20
175.447
 11
292.319
 21
175.23
  0
LINE
  8
0
 10
292.319
 20
175.23
 11
292.494
 21
174.993
  0
LINE
  8
0
 10
292.494
 20
174.993
 11
292.646
 21
174.74
  0
LINE
  8
0
 10
292.646
 20
174.74
 11
292.771
 21
174.475
  0
LINE
  8
0
 10
292.771
 20
174.475
 11
292.871
 21
174.197
  0
LINE
  8
0
 10
292.871
 20
174.197
 11
292.942
 21
173.911
  0
LINE
  8
0
 10
292.942
 20
173.911
 11
292.985
 21
173.62
  0
LINE
  8
0
 10
292.985
 20
173.62
 11
293
 21
173.326
  0
LINE
  8
0
 10
293
 20
173.326
 11
292.985
 21
173.032
  0
LINE
  8
0
 10
292.985
 20
173.032
 11
292.942
 21
172.741
  0
LINE
  8
0
 10
292.942
 20
172.741
 11
292.871
 21
172.455
  0
LINE
  8
0
 10
292.871
 20
172.455
 11
292.771
 21
172.178
  0
LINE
  8
0
 10
292.771
 20
172.178
 11
292.646
 21
171.912
  0
LINE
  8
0
 10
292.646
 20
171.912
 11
292.494
 21
171.659
  0
LINE
  8
0
 10
292.494
 20
171.659
 11
292.319
 21
171.423
  0
LINE
  8
0
 10
292.319
 20
171.423
 11
292.121
 21
171.205
  0
LINE
  8
0
 10
292.121
 20
171.205
 11
291.903
 21
171.007
  0
LINE
  8
0
 10
291.903
 20
171.007
 11
291.667
 21
170.832
  0
LINE
  8
0
 10
291.667
 20
170.832
 11
291.414
 21
170.681
  0
LINE
  8
0
 10
291.414
 20
170.681
 11
291.148
 21
170.555
  0
LINE
  8
0
 10
291.148
 20
170.555
 11
290.871
 21
170.455
  0
LINE
  8
0
 10
290.871
 20
170.455
 11
290.585
 21
170.384
  0
LINE
  8
0
 10
290.585
 20
170.384
 11
290.294
 21
170.341
  0
LINE
  8
0
 10
290.294
 20
170.341
 11
290
 21
170.326
  0
LINE
  8
0
 10
290
 20
170.326
 11
289.706
 21
170.341
  0
LINE
  8
0
 10
319.706
 20
170.341
 11
319.415
 21
170.384
  0
LINE
  8
0
 10
319.415
 20
170.384
 11
319.129
 21
170.455
  0
LINE
  8
0
 10
319.129
 20
170.455
 11
318.852
 21
170.555
  0
LINE
  8
0
 10
318.852
 20
170.555
 11
318.586
 21
170.681
  0
LINE
  8
0
 10
318.586
 20
170.681
 11
318.333
 21
170.832
  0
LINE
  8
0
 10
318.333
 20
170.832
 11
318.097
 21
171.007
  0
LINE
  8
0
 10
318.097
 20
171.007
 11
317.879
 21
171.205
  0
LINE
  8
0
 10
317.879
 20
171.205
 11
317.681
 21
171.423
  0
LINE
  8
0
 10
317.681
 20
171.423
 11
317.506
 21
171.659
  0
LINE
  8
0
 10
317.506
 20
171.659
 11
317.354
 21
171.912
  0
LINE
  8
0
 10
317.354
 20
171.912
 11
317.229
 21
172.178
  0
LINE
  8
0
 10
317.229
 20
172.178
 11
317.129
 21
172.455
  0
LINE
  8
0
 10
317.129
 20
172.455
 11
317.058
 21
172.741
  0
LINE
  8
0
 10
317.058
 20
172.741
 11
317.015
 21
173.032
  0
LINE
  8
0
 10
317.015
 20
173.032
 11
317
 21
173.326
  0
LINE
  8
0
 10
317
 20
173.326
 11
317.015
 21
173.62
  0
LINE
  8
0
 10
317.015
 20
173.62
 11
317.058
 21
173.911
  0
LINE
  8
0
 10
317.058
 20
173.911
 11
317.129
 21
174.197
  0
LINE
  8
0
 10
317.129
 20
174.197
 11
317.229
 21
174.475
  0
LINE
  8
0
 10
317.229
 20
174.475
 11
317.354
 21
174.74
  0
LINE
  8
0
 10
317.354
 20
174.74
 11
317.506
 21
174.993
  0
LINE
  8
0
 10
317.506
 20
174.993
 11
317.681
 21
175.23
  0
LINE
  8
0
 10
317.681
 20
175.23
 11
317.879
 21
175.447
  0
LINE
  8
0
 10
317.879
 20
175.447
 11
318.097
 21
175.646
  0
LINE
  8
0
 10
318.097
 20
175.646
 11
318.333
 21
175.82
  0
LINE
  8
0
 10
318.333
 20
175.82
 11
318.586
 21
175.972
  0
LINE
  8
0
 10
318.586
 20
175.972
 11
318.852
 21
176.098
  0
LINE
  8
0
 10
318.852
 20
176.098
 11
319.129
 21
176.197
  0
LINE
  8
0
 10
319.129
 20
176.197
 11
319.415
 21
176.269
  0
LINE
  8
0
 10
319.415
 20
176.269
 11
319.706
 21
176.312
  0
LINE
  8
0
 10
319.706
 20
176.312
 11
320
 21
176.326
  0
LINE
  8
0
 10
320
 20
176.326
 11
320.294
 21
176.312
  0
LINE
  8
0
 10
320.294
 20
176.312
 11
320.585
 21
176.269
  0
LINE
  8
0
 10
320.585
 20
176.269
 11
320.871
 21
176.197
  0
LINE
  8
0
 10
320.871
 20
176.197
 11
321.148
 21
176.098
  0
LINE
  8
0
 10
321.148
 20
176.098
 11
321.414
 21
175.972
  0
LINE
  8
0
 10
321.414
 20
175.972
 11
321.667
 21
175.82
  0
LINE
  8
0
 10
321.667
 20
175.82
 11
321.903
 21
175.646
  0
LINE
  8
0
 10
321.903
 20
175.646
 11
322.121
 21
175.447
  0
LINE
  8
0
 10
322.121
 20
175.447
 11
322.319
 21
175.23
  0
LINE
  8
0
 10
322.319
 20
175.23
 11
322.494
 21
174.993
  0
LINE
  8
0
 10
322.494
 20
174.993
 11
322.646
 21
174.74
  0
LINE
  8
0
 10
322.646
 20
174.74
 11
322.771
 21
174.475
  0
LINE
  8
0
 10
322.771
 20
174.475
 11
322.871
 21
174.197
  0
LINE
  8
0
 10
322.871
 20
174.197
 11
322.942
 21
173.911
  0
LINE
  8
0
 10
322.942
 20
173.911
 11
322.985
 21
173.62
  0
LINE
  8
0
 10
322.985
 20
173.62
 11
323
 21
173.326
  0
LINE
  8
0
 10
323
 20
173.326
 11
322.985
 21
173.032
  0
LINE
  8
0
 10
322.985
 20
173.032
 11
322.942
 21
172.741
  0
LINE
  8
0
 10
322.942
 20
172.741
 11
322.871
 21
172.455
  0
LINE
  8
0
 10
322.871
 20
172.455
 11
322.771
 21
172.178
  0
LINE
  8
0
 10
322.771
 20
172.178
 11
322.646
 21
171.912
  0
LINE
  8
0
 10
322.646
 20
171.912
 11
322.494
 21
171.659
  0
LINE
  8
0
 10
322.494
 20
171.659
 11
322.319
 21
171.423
  0
LINE
  8
0
 10
322.319
 20
171.423
 11
322.121
 21
171.205
  0
LINE
  8
0
 10
322.121
 20
171.205
 11
321.903
 21
171.007
  0
LINE
  8
0
 10
321.903
 20
171.007
 11
321.667
 21
170.832
  0
LINE
  8
0
 10
321.667
 20
170.832
 11
321.414
 21
170.681
  0
LINE
  8
0
 10
321.414
 20
170.681
 11
321.148
 21
170.555
  0
LINE
  8
0
 10
321.148
 20
170.555
 11
320.871
 21
170.455
  0
LINE
  8
0
 10
320.871
 20
170.455
 11
320.585
 21
170.384
  0
LINE
  8
0
 10
320.585
 20
170.384
 11
320.294
 21
170.341
  0
LINE
  8
0
 10
320.294
 20
170.341
 11
320
 21
170.326
  0
LINE
  8
0
 10
320
 20
170.326
 11
319.706
 21
170.341
  0
LINE
  8
0
 10
334.706
 20
170.341
 11
334.415
 21
170.384
  0
LINE
  8
0
 10
334.415
 20
170.384
 11
334.129
 21
170.455
  0
LINE
  8
0
 10
334.129
 20
170.455
 11
333.852
 21
170.555
  0
LINE
  8
0
 10
333.852
 20
170.555
 11
333.586
 21
170.681
  0
LINE
  8
0
 10
333.586
 20
170.681
 11
333.333
 21
170.832
  0
LINE
  8
0
 10
333.333
 20
170.832
 11
333.097
 21
171.007
  0
LINE
  8
0
 10
333.097
 20
171.007
 11
332.879
 21
171.205
  0
LINE
  8
0
 10
332.879
 20
171.205
 11
332.681
 21
171.423
  0
LINE
  8
0
 10
332.681
 20
171.423
 11
332.506
 21
171.659
  0
LINE
  8
0
 10
332.506
 20
171.659
 11
332.354
 21
171.912
  0
LINE
  8
0
 10
332.354
 20
171.912
 11
332.229
 21
172.178
  0
LINE
  8
0
 10
332.229
 20
172.178
 11
332.129
 21
172.455
  0
LINE
  8
0
 10
332.129
 20
172.455
 11
332.058
 21
172.741
  0
LINE
  8
0
 10
332.058
 20
172.741
 11
332.015
 21
173.032
  0
LINE
  8
0
 10
332.015
 20
173.032
 11
332
 21
173.326
  0
LINE
  8
0
 10
332
 20
173.326
 11
332.015
 21
173.62
  0
LINE
  8
0
 10
332.015
 20
173.62
 11
332.058
 21
173.911
  0
LINE
  8
0
 10
332.058
 20
173.911
 11
332.129
 21
174.197
  0
LINE
  8
0
 10
332.129
 20
174.197
 11
332.229
 21
174.475
  0
LINE
  8
0
 10
332.229
 20
174.475
 11
332.354
 21
174.74
  0
LINE
  8
0
 10
332.354
 20
174.74
 11
332.506
 21
174.993
  0
LINE
  8
0
 10
332.506
 20
174.993
 11
332.681
 21
175.23
  0
LINE
  8
0
 10
332.681
 20
175.23
 11
332.879
 21
175.447
  0
LINE
  8
0
 10
332.879
 20
175.447
 11
333.097
 21
175.646
  0
LINE
  8
0
 10
333.097
 20
175.646
 11
333.333
 21
175.82
  0
LINE
  8
0
 10
333.333
 20
175.82
 11
333.586
 21
175.972
  0
LINE
  8
0
 10
333.586
 20
175.972
 11
333.852
 21
176.098
  0
LINE
  8
0
 10
333.852
 20
176.098
 11
334.129
 21
176.197
  0
LINE
  8
0
 10
334.129
 20
176.197
 11
334.415
 21
176.269
  0
LINE
  8
0
 10
334.415
 20
176.269
 11
334.706
 21
176.312
  0
LINE
  8
0
 10
334.706
 20
176.312
 11
335
 21
176.326
  0
LINE
  8
0
 10
335
 20
176.326
 11
335.294
 21
176.312
  0
LINE
  8
0
 10
335.294
 20
176.312
 11
335.585
 21
176.269
  0
LINE
  8
0
 10
335.585
 20
176.269
 11
335.871
 21
176.197
  0
LINE
  8
0
 10
335.871
 20
176.197
 11
336.148
 21
176.098
  0
LINE
  8
0
 10
336.148
 20
176.098
 11
336.414
 21
175.972
  0
LINE
  8
0
 10
336.414
 20
175.972
 11
336.667
 21
175.82
  0
LINE
  8
0
 10
336.667
 20
175.82
 11
336.903
 21
175.646
  0
LINE
  8
0
 10
336.903
 20
175.646
 11
337.121
 21
175.447
  0
LINE
  8
0
 10
337.121
 20
175.447
 11
337.319
 21
175.23
  0
LINE
  8
0
 10
337.319
 20
175.23
 11
337.494
 21
174.993
  0
LINE
  8
0
 10
337.494
 20
174.993
 11
337.646
 21
174.74
  0
LINE
  8
0
 10
337.646
 20
174.74
 11
337.771
 21
174.475
  0
LINE
  8
0
 10
337.771
 20
174.475
 11
337.871
 21
174.197
  0
LINE
  8
0
 10
337.871
 20
174.197
 11
337.942
 21
173.911
  0
LINE
  8
0
 10
337.942
 20
173.911
 11
337.985
 21
173.62
  0
LINE
  8
0
 10
337.985
 20
173.62
 11
338
 21
173.326
  0
LINE
  8
0
 10
338
 20
173.326
 11
337.985
 21
173.032
  0
LINE
  8
0
 10
337.985
 20
173.032
 11
337.942
 21
172.741
  0
LINE
  8
0
 10
337.942
 20
172.741
 11
337.871
 21
172.455
  0
LINE
  8
0
 10
337.871
 20
172.455
 11
337.771
 21
172.178
  0
LINE
  8
0
 10
337.771
 20
172.178
 11
337.646
 21
171.912
  0
LINE
  8
0
 10
337.646
 20
171.912
 11
337.494
 21
171.659
  0
LINE
  8
0
 10
337.494
 20
171.659
 11
337.319
 21
171.423
  0
LINE
  8
0
 10
337.319
 20
171.423
 11
337.121
 21
171.205
  0
LINE
  8
0
 10
337.121
 20
171.205
 11
336.903
 21
171.007
  0
LINE
  8
0
 10
336.903
 20
171.007
 11
336.667
 21
170.832
  0
LINE
  8
0
 10
336.667
 20
170.832
 11
336.414
 21
170.681
  0
LINE
  8
0
 10
336.414
 20
170.681
 11
336.148
 21
170.555
  0
LINE
  8
0
 10
336.148
 20
170.555
 11
335.871
 21
170.455
  0
LINE
  8
0
 10
335.871
 20
170.455
 11
335.585
 21
170.384
  0
LINE
  8
0
 10
335.585
 20
170.384
 11
335.294
 21
170.341
  0
LINE
  8
0
 10
335.294
 20
170.341
 11
335
 21
170.326
  0
LINE
  8
0
 10
335
 20
170.326
 11
334.706
 21
170.341
  0
LINE
  8
0
 10
349.706
 20
170.341
 11
349.415
 21
170.384
  0
LINE
  8
0
 10
349.415
 20
170.384
 11
349.129
 21
170.455
  0
LINE
  8
0
 10
349.129
 20
170.455
 11
348.852
 21
170.555
  0
LINE
  8
0
 10
348.852
 20
170.555
 11
348.586
 21
170.681
  0
LINE
  8
0
 10
348.586
 20
170.681
 11
348.333
 21
170.832
  0
LINE
  8
0
 10
348.333
 20
170.832
 11
348.097
 21
171.007
  0
LINE
  8
0
 10
348.097
 20
171.007
 11
347.879
 21
171.205
  0
LINE
  8
0
 10
347.879
 20
171.205
 11
347.681
 21
171.423
  0
LINE
  8
0
 10
347.681
 20
171.423
 11
347.506
 21
171.659
  0
LINE
  8
0
 10
347.506
 20
171.659
 11
347.354
 21
171.912
  0
LINE
  8
0
 10
347.354
 20
171.912
 11
347.229
 21
172.178
  0
LINE
  8
0
 10
347.229
 20
172.178
 11
347.129
 21
172.455
  0
LINE
  8
0
 10
347.129
 20
172.455
 11
347.058
 21
172.741
  0
LINE
  8
0
 10
347.058
 20
172.741
 11
347.015
 21
173.032
  0
LINE
  8
0
 10
347.015
 20
173.032
 11
347
 21
173.326
  0
LINE
  8
0
 10
347
 20
173.326
 11
347.015
 21
173.62
  0
LINE
  8
0
 10
347.015
 20
173.62
 11
347.058
 21
173.911
  0
LINE
  8
0
 10
347.058
 20
173.911
 11
347.129
 21
174.197
  0
LINE
  8
0
 10
347.129
 20
174.197
 11
347.229
 21
174.475
  0
LINE
  8
0
 10
347.229
 20
174.475
 11
347.354
 21
174.74
  0
LINE
  8
0
 10
347.354
 20
174.74
 11
347.506
 21
174.993
  0
LINE
  8
0
 10
347.506
 20
174.993
 11
347.681
 21
175.23
  0
LINE
  8
0
 10
347.681
 20
175.23
 11
347.879
 21
175.447
  0
LINE
  8
0
 10
347.879
 20
175.447
 11
348.097
 21
175.646
  0
LINE
  8
0
 10
348.097
 20
175.646
 11
348.333
 21
175.82
  0
LINE
  8
0
 10
348.333
 20
175.82
 11
348.586
 21
175.972
  0
LINE
  8
0
 10
348.586
 20
175.972
 11
348.852
 21
176.098
  0
LINE
  8
0
 10
348.852
 20
176.098
 11
349.129
 21
176.197
  0
LINE
  8
0
 10
349.129
 20
176.197
 11
349.415
 21
176.269
  0
LINE
  8
0
 10
349.415
 20
176.269
 11
349.706
 21
176.312
  0
LINE
  8
0
 10
349.706
 20
176.312
 11
350
 21
176.326
  0
LINE
  8
0
 10
350
 20
176.326
 11
350.294
 21
176.312
  0
LINE
  8
0
 10
350.294
 20
176.312
 11
350.585
 21
176.269
  0
LINE
  8
0
 10
350.585
 20
176.269
 11
350.871
 21
176.197
  0
LINE
  8
0
 10
350.871
 20
176.197
 11
351.148
 21
176.098
  0
LINE
  8
0
 10
351.148
 20
176.098
 11
351.414
 21
175.972
  0
LINE
  8
0
 10
351.414
 20
175.972
 11
351.667
 21
175.82
  0
LINE
  8
0
 10
351.667
 20
175.82
 11
351.903
 21
175.646
  0
LINE
  8
0
 10
351.903
 20
175.646
 11
352.121
 21
175.447
  0
LINE
  8
0
 10
352.121
 20
175.447
 11
352.319
 21
175.23
  0
LINE
  8
0
 10
352.319
 20
175.23
 11
352.494
 21
174.993
  0
LINE
  8
0
 10
352.494
 20
174.993
 11
352.646
 21
174.74
  0
LINE
  8
0
 10
352.646
 20
174.74
 11
352.771
 21
174.475
  0
LINE
  8
0
 10
352.771
 20
174.475
 11
352.871
 21
174.197
  0
LINE
  8
0
 10
352.871
 20
174.197
 11
352.942
 21
173.911
  0
LINE
  8
0
 10
352.942
 20
173.911
 11
352.985
 21
173.62
  0
LINE
  8
0
 10
352.985
 20
173.62
 11
353
 21
173.326
  0
LINE
  8
0
 10
353
 20
173.326
 11
352.985
 21
173.032
  0
LINE
  8
0
 10
352.985
 20
173.032
 11
352.942
 21
172.741
  0
LINE
  8
0
 10
352.942
 20
172.741
 11
352.871
 21
172.455
  0
LINE
  8
0
 10
352.871
 20
172.455
 11
352.771
 21
172.178
  0
LINE
  8
0
 10
352.771
 20
172.178
 11
352.646
 21
171.912
  0
LINE
  8
0
 10
352.646
 20
171.912
 11
352.494
 21
171.659
  0
LINE
  8
0
 10
352.494
 20
171.659
 11
352.319
 21
171.423
  0
LINE
  8
0
 10
352.319
 20
171.423
 11
352.121
 21
171.205
  0
LINE
  8
0
 10
352.121
 20
171.205
 11
351.903
 21
171.007
  0
LINE
  8
0
 10
351.903
 20
171.007
 11
351.667
 21
170.832
  0
LINE
  8
0
 10
351.667
 20
170.832
 11
351.414
 21
170.681
  0
LINE
  8
0
 10
351.414
 20
170.681
 11
351.148
 21
170.555
  0
LINE
  8
0
 10
351.148
 20
170.555
 11
350.871
 21
170.455
  0
LINE
  8
0
 10
350.871
 20
170.455
 11
350.585
 21
170.384
  0
LINE
  8
0
 10
350.585
 20
170.384
 11
350.294
 21
170.341
  0
LINE
  8
0
 10
350.294
 20
170.341
 11
350
 21
170.326
  0
LINE
  8
0
 10
350
 20
170.326
 11
349.706
 21
170.341
  0
LINE
  8
0
 10
304.706
 20
170.341
 11
304.415
 21
170.384
  0
LINE
  8
0
 10
304.415
 20
170.384
 11
304.129
 21
170.455
  0
LINE
  8
0
 10
304.129
 20
170.455
 11
303.852
 21
170.555
  0
LINE
  8
0
 10
303.852
 20
170.555
 11
303.586
 21
170.681
  0
LINE
  8
0
 10
303.586
 20
170.681
 11
303.333
 21
170.832
  0
LINE
  8
0
 10
303.333
 20
170.832
 11
303.097
 21
171.007
  0
LINE
  8
0
 10
303.097
 20
171.007
 11
302.879
 21
171.205
  0
LINE
  8
0
 10
302.879
 20
171.205
 11
302.681
 21
171.423
  0
LINE
  8
0
 10
302.681
 20
171.423
 11
302.506
 21
171.659
  0
LINE
  8
0
 10
302.506
 20
171.659
 11
302.354
 21
171.912
  0
LINE
  8
0
 10
302.354
 20
171.912
 11
302.229
 21
172.178
  0
LINE
  8
0
 10
302.229
 20
172.178
 11
302.129
 21
172.455
  0
LINE
  8
0
 10
302.129
 20
172.455
 11
302.058
 21
172.741
  0
LINE
  8
0
 10
302.058
 20
172.741
 11
302.015
 21
173.032
  0
LINE
  8
0
 10
302.015
 20
173.032
 11
302
 21
173.326
  0
LINE
  8
0
 10
302
 20
173.326
 11
302.015
 21
173.62
  0
LINE
  8
0
 10
302.015
 20
173.62
 11
302.058
 21
173.911
  0
LINE
  8
0
 10
302.058
 20
173.911
 11
302.129
 21
174.197
  0
LINE
  8
0
 10
302.129
 20
174.197
 11
302.229
 21
174.475
  0
LINE
  8
0
 10
302.229
 20
174.475
 11
302.354
 21
174.74
  0
LINE
  8
0
 10
302.354
 20
174.74
 11
302.506
 21
174.993
  0
LINE
  8
0
 10
302.506
 20
174.993
 11
302.681
 21
175.23
  0
LINE
  8
0
 10
302.681
 20
175.23
 11
302.879
 21
175.447
  0
LINE
  8
0
 10
302.879
 20
175.447
 11
303.097
 21
175.646
  0
LINE
  8
0
 10
303.097
 20
175.646
 11
303.333
 21
175.82
  0
LINE
  8
0
 10
303.333
 20
175.82
 11
303.586
 21
175.972
  0
LINE
  8
0
 10
303.586
 20
175.972
 11
303.852
 21
176.098
  0
LINE
  8
0
 10
303.852
 20
176.098
 11
304.129
 21
176.197
  0
LINE
  8
0
 10
304.129
 20
176.197
 11
304.415
 21
176.269
  0
LINE
  8
0
 10
304.415
 20
176.269
 11
304.706
 21
176.312
  0
LINE
  8
0
 10
304.706
 20
176.312
 11
305
 21
176.326
  0
LINE
  8
0
 10
305
 20
176.326
 11
305.294
 21
176.312
  0
LINE
  8
0
 10
305.294
 20
176.312
 11
305.585
 21
176.269
  0
LINE
  8
0
 10
305.585
 20
176.269
 11
305.871
 21
176.197
  0
LINE
  8
0
 10
305.871
 20
176.197
 11
306.148
 21
176.098
  0
LINE
  8
0
 10
306.148
 20
176.098
 11
306.414
 21
175.972
  0
LINE
  8
0
 10
306.414
 20
175.972
 11
306.667
 21
175.82
  0
LINE
  8
0
 10
306.667
 20
175.82
 11
306.903
 21
175.646
  0
LINE
  8
0
 10
306.903
 20
175.646
 11
307.121
 21
175.447
  0
LINE
  8
0
 10
307.121
 20
175.447
 11
307.319
 21
175.23
  0
LINE
  8
0
 10
307.319
 20
175.23
 11
307.494
 21
174.993
  0
LINE
  8
0
 10
307.494
 20
174.993
 11
307.646
 21
174.74
  0
LINE
  8
0
 10
307.646
 20
174.74
 11
307.771
 21
174.475
  0
LINE
  8
0
 10
307.771
 20
174.475
 11
307.871
 21
174.197
  0
LINE
  8
0
 10
307.871
 20
174.197
 11
307.942
 21
173.911
  0
LINE
  8
0
 10
307.942
 20
173.911
 11
307.985
 21
173.62
  0
LINE
  8
0
 10
307.985
 20
173.62
 11
308
 21
173.326
  0
LINE
  8
0
 10
308
 20
173.326
 11
307.985
 21
173.032
  0
LINE
  8
0
 10
307.985
 20
173.032
 11
307.942
 21
172.741
  0
LINE
  8
0
 10
307.942
 20
172.741
 11
307.871
 21
172.455
  0
LINE
  8
0
 10
307.871
 20
172.455
 11
307.771
 21
172.178
  0
LINE
  8
0
 10
307.771
 20
172.178
 11
307.646
 21
171.912
  0
LINE
  8
0
 10
307.646
 20
171.912
 11
307.494
 21
171.659
  0
LINE
  8
0
 10
307.494
 20
171.659
 11
307.319
 21
171.423
  0
LINE
  8
0
 10
307.319
 20
171.423
 11
307.121
 21
171.205
  0
LINE
  8
0
 10
307.121
 20
171.205
 11
306.903
 21
171.007
  0
LINE
  8
0
 10
306.903
 20
171.007
 11
306.667
 21
170.832
  0
LINE
  8
0
 10
306.667
 20
170.832
 11
306.414
 21
170.681
  0
LINE
  8
0
 10
306.414
 20
170.681
 11
306.148
 21
170.555
  0
LINE
  8
0
 10
306.148
 20
170.555
 11
305.871
 21
170.455
  0
LINE
  8
0
 10
305.871
 20
170.455
 11
305.585
 21
170.384
  0
LINE
  8
0
 10
305.585
 20
170.384
 11
305.294
 21
170.341
  0
LINE
  8
0
 10
305.294
 20
170.341
 11
305
 21
170.326
  0
LINE
  8
0
 10
305
 20
170.326
 11
304.706
 21
170.341
  0
LINE
  8
0
 10
314
 20
171.826
 11
318.5
 21
168.826
  0
LINE
  8
0
 10
318.5
 20
168.826
 11
318.5
 21
156.827
  0
LINE
  8
0
 10
318.5
 20
156.827
 11
314
 21
171.826
  0
LINE
  8
0
 10
291.5
 20
168.826
 11
296
 21
171.826
  0
LINE
  8
0
 10
296
 20
171.826
 11
291.5
 21
156.827
  0
LINE
  8
0
 10
291.5
 20
156.827
 11
291.5
 21
168.826
  0
LINE
  8
0
 10
306.5
 20
168.826
 11
311
 21
171.826
  0
LINE
  8
0
 10
311
 20
171.826
 11
306.5
 21
156.827
  0
LINE
  8
0
 10
306.5
 20
156.827
 11
306.5
 21
168.826
  0
LINE
  8
0
 10
299
 20
171.826
 11
303.5
 21
168.826
  0
LINE
  8
0
 10
303.5
 20
168.826
 11
303.5
 21
156.827
  0
LINE
  8
0
 10
303.5
 20
156.827
 11
299
 21
171.826
  0
LINE
  8
0
 10
336.5
 20
168.826
 11
341
 21
171.826
  0
LINE
  8
0
 10
341
 20
171.826
 11
336.5
 21
156.827
  0
LINE
  8
0
 10
336.5
 20
156.827
 11
336.5
 21
168.826
  0
LINE
  8
0
 10
351.5
 20
168.826
 11
356
 21
171.826
  0
LINE
  8
0
 10
356
 20
171.826
 11
351.5
 21
156.827
  0
LINE
  8
0
 10
351.5
 20
156.827
 11
351.5
 21
168.826
  0
LINE
  8
0
 10
344
 20
171.826
 11
348.5
 21
168.826
  0
LINE
  8
0
 10
348.5
 20
168.826
 11
348.5
 21
156.827
  0
LINE
  8
0
 10
348.5
 20
156.827
 11
344
 21
171.826
  0
LINE
  8
0
 10
321.5
 20
168.826
 11
326
 21
171.826
  0
LINE
  8
0
 10
326
 20
171.826
 11
321.5
 21
156.827
  0
LINE
  8
0
 10
321.5
 20
156.827
 11
321.5
 21
168.826
  0
LINE
  8
0
 10
329
 20
171.826
 11
333.5
 21
168.826
  0
LINE
  8
0
 10
333.5
 20
168.826
 11
333.5
 21
156.827
  0
LINE
  8
0
 10
333.5
 20
156.827
 11
329
 21
171.826
  0
LINE
  8
0
 10
284
 20
171.826
 11
288.5
 21
168.826
  0
LINE
  8
0
 10
288.5
 20
168.826
 11
288.5
 21
156.827
  0
LINE
  8
0
 10
288.5
 20
156.827
 11
284
 21
171.826
  0
LINE
  8
0
 10
299
 20
150.826
 11
301.25
 21
157.071
  0
LINE
  8
0
 10
301.25
 20
157.071
 11
301.875
 21
155.429
  0
LINE
  8
0
 10
301.875
 20
155.429
 11
302.5
 21
154.08
  0
LINE
  8
0
 10
302.5
 20
154.08
 11
303.125
 21
153.027
  0
LINE
  8
0
 10
303.125
 20
153.027
 11
303.75
 21
152.269
  0
LINE
  8
0
 10
303.75
 20
152.269
 11
304.375
 21
151.806
  0
LINE
  8
0
 10
304.375
 20
151.806
 11
305
 21
151.638
  0
LINE
  8
0
 10
305
 20
151.638
 11
305.625
 21
151.765
  0
LINE
  8
0
 10
305.625
 20
151.765
 11
306.25
 21
152.187
  0
LINE
  8
0
 10
306.25
 20
152.187
 11
306.875
 21
152.904
  0
LINE
  8
0
 10
306.875
 20
152.904
 11
307.5
 21
153.916
  0
LINE
  8
0
 10
307.5
 20
153.916
 11
308.125
 21
155.224
  0
LINE
  8
0
 10
308.125
 20
155.224
 11
308.75
 21
156.826
  0
LINE
  8
0
 10
308.75
 20
156.826
 11
311
 21
150.826
  0
LINE
  8
0
 10
311
 20
150.826
 11
308.75
 21
144.826
  0
LINE
  8
0
 10
308.75
 20
144.826
 11
308.125
 21
146.429
  0
LINE
  8
0
 10
308.125
 20
146.429
 11
307.5
 21
147.736
  0
LINE
  8
0
 10
307.5
 20
147.736
 11
306.875
 21
148.748
  0
LINE
  8
0
 10
306.875
 20
148.748
 11
306.25
 21
149.465
  0
LINE
  8
0
 10
306.25
 20
149.465
 11
305.625
 21
149.888
  0
LINE
  8
0
 10
305.625
 20
149.888
 11
305
 21
150.016
  0
LINE
  8
0
 10
305
 20
150.016
 11
304.375
 21
149.848
  0
LINE
  8
0
 10
304.375
 20
149.848
 11
303.75
 21
149.383
  0
LINE
  8
0
 10
303.75
 20
149.383
 11
303.125
 21
148.625
  0
LINE
  8
0
 10
303.125
 20
148.625
 11
302.5
 21
147.572
  0
LINE
  8
0
 10
302.5
 20
147.572
 11
301.875
 21
146.225
  0
LINE
  8
0
 10
301.875
 20
146.225
 11
301.25
 21
144.581
  0
LINE
  8
0
 10
301.25
 20
144.581
 11
299
 21
150.826
  0
LINE
  8
0
 10
323.125
 20
146.225
 11
322.5
 21
147.572
  0
LINE
  8
0
 10
322.5
 20
147.572
 11
321.875
 21
148.625
  0
LINE
  8
0
 10
321.875
 20
148.625
 11
321.25
 21
149.383
  0
LINE
  8
0
 10
321.25
 20
149.383
 11
320.625
 21
149.848
  0
LINE
  8
0
 10
320.625
 20
149.848
 11
320
 21
150.016
  0
LINE
  8
0
 10
320
 20
150.016
 11
319.375
 21
149.888
  0
LINE
  8
0
 10
319.375
 20
149.888
 11
318.75
 21
149.465
  0
LINE
  8
0
 10
318.75
 20
149.465
 11
318.125
 21
148.748
  0
LINE
  8
0
 10
318.125
 20
148.748
 11
317.5
 21
147.736
  0
LINE
  8
0
 10
317.5
 20
147.736
 11
316.875
 21
146.429
  0
LINE
  8
0
 10
316.875
 20
146.429
 11
316.25
 21
144.826
  0
LINE
  8
0
 10
316.25
 20
144.826
 11
314
 21
150.826
  0
LINE
  8
0
 10
314
 20
150.826
 11
316.25
 21
156.826
  0
LINE
  8
0
 10
316.25
 20
156.826
 11
316.875
 21
155.224
  0
LINE
  8
0
 10
316.875
 20
155.224
 11
317.5
 21
153.916
  0
LINE
  8
0
 10
317.5
 20
153.916
 11
318.125
 21
152.904
  0
LINE
  8
0
 10
318.125
 20
152.904
 11
318.75
 21
152.187
  0
LINE
  8
0
 10
318.75
 20
152.187
 11
319.375
 21
151.765
  0
LINE
  8
0
 10
319.375
 20
151.765
 11
320
 21
151.638
  0
LINE
  8
0
 10
320
 20
151.638
 11
320.625
 21
151.806
  0
LINE
  8
0
 10
320.625
 20
151.806
 11
321.25
 21
152.269
  0
LINE
  8
0
 10
321.25
 20
152.269
 11
321.875
 21
153.027
  0
LINE
  8
0
 10
321.875
 20
153.027
 11
322.5
 21
154.08
  0
LINE
  8
0
 10
322.5
 20
154.08
 11
323.125
 21
155.429
  0
LINE
  8
0
 10
323.125
 20
155.429
 11
323.75
 21
157.071
  0
LINE
  8
0
 10
323.75
 20
157.071
 11
326
 21
150.826
  0
LINE
  8
0
 10
326
 20
150.826
 11
323.75
 21
144.581
  0
LINE
  8
0
 10
323.75
 20
144.581
 11
323.125
 21
146.225
  0
LINE
  8
0
 10
329
 20
150.826
 11
331.25
 21
157.071
  0
LINE
  8
0
 10
331.25
 20
157.071
 11
331.875
 21
155.429
  0
LINE
  8
0
 10
331.875
 20
155.429
 11
332.5
 21
154.08
  0
LINE
  8
0
 10
332.5
 20
154.08
 11
333.125
 21
153.027
  0
LINE
  8
0
 10
333.125
 20
153.027
 11
333.75
 21
152.269
  0
LINE
  8
0
 10
333.75
 20
152.269
 11
334.375
 21
151.806
  0
LINE
  8
0
 10
334.375
 20
151.806
 11
335
 21
151.638
  0
LINE
  8
0
 10
335
 20
151.638
 11
335.625
 21
151.765
  0
LINE
  8
0
 10
335.625
 20
151.765
 11
336.25
 21
152.187
  0
LINE
  8
0
 10
336.25
 20
152.187
 11
336.875
 21
152.904
  0
LINE
  8
0
 10
336.875
 20
152.904
 11
337.5
 21
153.916
  0
LINE
  8
0
 10
337.5
 20
153.916
 11
338.125
 21
155.224
  0
LINE
  8
0
 10
338.125
 20
155.224
 11
338.75
 21
156.826
  0
LINE
  8
0
 10
338.75
 20
156.826
 11
341
 21
150.826
  0
LINE
  8
0
 10
341
 20
150.826
 11
338.75
 21
144.826
  0
LINE
  8
0
 10
338.75
 20
144.826
 11
338.125
 21
146.429
  0
LINE
  8
0
 10
338.125
 20
146.429
 11
337.5
 21
147.736
  0
LINE
  8
0
 10
337.5
 20
147.736
 11
336.875
 21
148.748
  0
LINE
  8
0
 10
336.875
 20
148.748
 11
336.25
 21
149.465
  0
LINE
  8
0
 10
336.25
 20
149.465
 11
335.625
 21
149.888
  0
LINE
  8
0
 10
335.625
 20
149.888
 11
335
 21
150.016
  0
LINE
  8
0
 10
335
 20
150.016
 11
334.375
 21
149.848
  0
LINE
  8
0
 10
334.375
 20
149.848
 11
333.75
 21
149.383
  0
LINE
  8
0
 10
333.75
 20
149.383
 11
333.125
 21
148.625
  0
LINE
  8
0
 10
333.125
 20
148.625
 11
332.5
 21
147.572
  0
LINE
  8
0
 10
332.5
 20
147.572
 11
331.875
 21
146.225
  0
LINE
  8
0
 10
331.875
 20
146.225
 11
331.25
 21
144.581
  0
LINE
  8
0
 10
331.25
 20
144.581
 11
329
 21
150.826
  0
LINE
  8
0
 10
293.125
 20
146.225
 11
292.5
 21
147.572
  0
LINE
  8
0
 10
292.5
 20
147.572
 11
291.875
 21
148.625
  0
LINE
  8
0
 10
291.875
 20
148.625
 11
291.25
 21
149.383
  0
LINE
  8
0
 10
291.25
 20
149.383
 11
290.625
 21
149.848
  0
LINE
  8
0
 10
290.625
 20
149.848
 11
290.409
 21
149.905
  0
LINE
  8
0
 10
290.409
 20
149.905
 11
289.835
 21
151.671
  0
LINE
  8
0
 10
289.835
 20
151.671
 11
290
 21
151.638
  0
LINE
  8
0
 10
290
 20
151.638
 11
290.625
 21
151.806
  0
LINE
  8
0
 10
290.625
 20
151.806
 11
291.25
 21
152.269
  0
LINE
  8
0
 10
291.25
 20
152.269
 11
291.875
 21
153.027
  0
LINE
  8
0
 10
291.875
 20
153.027
 11
292.5
 21
154.08
  0
LINE
  8
0
 10
292.5
 20
154.08
 11
293.125
 21
155.429
  0
LINE
  8
0
 10
293.125
 20
155.429
 11
293.75
 21
157.071
  0
LINE
  8
0
 10
293.75
 20
157.071
 11
296
 21
150.826
  0
LINE
  8
0
 10
296
 20
150.826
 11
293.75
 21
144.581
  0
LINE
  8
0
 10
293.75
 20
144.581
 11
293.125
 21
146.225
  0
LINE
  8
0
 10
344
 20
150.826
 11
346.25
 21
156.826
  0
LINE
  8
0
 10
346.25
 20
156.826
 11
346.875
 21
155.224
  0
LINE
  8
0
 10
346.875
 20
155.224
 11
347.5
 21
153.916
  0
LINE
  8
0
 10
347.5
 20
153.916
 11
348.125
 21
152.904
  0
LINE
  8
0
 10
348.125
 20
152.904
 11
348.75
 21
152.187
  0
LINE
  8
0
 10
348.75
 20
152.187
 11
349.375
 21
151.765
  0
LINE
  8
0
 10
349.375
 20
151.765
 11
350
 21
151.638
  0
LINE
  8
0
 10
350
 20
151.638
 11
350.169
 21
151.683
  0
LINE
  8
0
 10
350.169
 20
151.683
 11
349.601
 21
149.934
  0
LINE
  8
0
 10
349.601
 20
149.934
 11
349.375
 21
149.888
  0
LINE
  8
0
 10
349.375
 20
149.888
 11
348.75
 21
149.465
  0
LINE
  8
0
 10
348.75
 20
149.465
 11
348.125
 21
148.748
  0
LINE
  8
0
 10
348.125
 20
148.748
 11
347.5
 21
147.736
  0
LINE
  8
0
 10
347.5
 20
147.736
 11
346.875
 21
146.429
  0
LINE
  8
0
 10
346.875
 20
146.429
 11
346.25
 21
144.826
  0
LINE
  8
0
 10
346.25
 20
144.826
 11
344
 21
150.826
  0
LINE
  8
0
 10
303.5
 20
144.825
 11
303.5
 21
132.826
  0
LINE
  8
0
 10
303.5
 20
132.826
 11
299
 21
129.826
  0
LINE
  8
0
 10
299
 20
129.826
 11
303.5
 21
144.825
  0
LINE
  8
0
 10
318.5
 20
144.825
 11
318.5
 21
132.826
  0
LINE
  8
0
 10
318.5
 20
132.826
 11
314
 21
129.826
  0
LINE
  8
0
 10
314
 20
129.826
 11
318.5
 21
144.825
  0
LINE
  8
0
 10
333.5
 20
144.825
 11
333.5
 21
132.826
  0
LINE
  8
0
 10
333.5
 20
132.826
 11
329
 21
129.826
  0
LINE
  8
0
 10
329
 20
129.826
 11
333.5
 21
144.825
  0
LINE
  8
0
 10
336.5
 20
132.826
 11
336.5
 21
144.825
  0
LINE
  8
0
 10
336.5
 20
144.825
 11
341
 21
129.826
  0
LINE
  8
0
 10
341
 20
129.826
 11
336.5
 21
132.826
  0
LINE
  8
0
 10
321.5
 20
132.826
 11
321.5
 21
144.825
  0
LINE
  8
0
 10
321.5
 20
144.825
 11
326
 21
129.826
  0
LINE
  8
0
 10
326
 20
129.826
 11
321.5
 21
132.826
  0
LINE
  8
0
 10
306.5
 20
132.826
 11
306.5
 21
144.825
  0
LINE
  8
0
 10
306.5
 20
144.825
 11
311
 21
129.826
  0
LINE
  8
0
 10
311
 20
129.826
 11
306.5
 21
132.826
  0
LINE
  8
0
 10
334.706
 20
125.341
 11
334.415
 21
125.384
  0
LINE
  8
0
 10
334.415
 20
125.384
 11
334.129
 21
125.455
  0
LINE
  8
0
 10
334.129
 20
125.455
 11
333.852
 21
125.555
  0
LINE
  8
0
 10
333.852
 20
125.555
 11
333.586
 21
125.68
  0
LINE
  8
0
 10
333.586
 20
125.68
 11
333.333
 21
125.832
  0
LINE
  8
0
 10
333.333
 20
125.832
 11
333.097
 21
126.007
  0
LINE
  8
0
 10
333.097
 20
126.007
 11
332.879
 21
126.205
  0
LINE
  8
0
 10
332.879
 20
126.205
 11
332.681
 21
126.423
  0
LINE
  8
0
 10
332.681
 20
126.423
 11
332.506
 21
126.659
  0
LINE
  8
0
 10
332.506
 20
126.659
 11
332.354
 21
126.912
  0
LINE
  8
0
 10
332.354
 20
126.912
 11
332.229
 21
127.178
  0
LINE
  8
0
 10
332.229
 20
127.178
 11
332.129
 21
127.455
  0
LINE
  8
0
 10
332.129
 20
127.455
 11
332.058
 21
127.741
  0
LINE
  8
0
 10
332.058
 20
127.741
 11
332.015
 21
128.032
  0
LINE
  8
0
 10
332.015
 20
128.032
 11
332
 21
128.326
  0
LINE
  8
0
 10
332
 20
128.326
 11
332.015
 21
128.62
  0
LINE
  8
0
 10
332.015
 20
128.62
 11
332.058
 21
128.911
  0
LINE
  8
0
 10
332.058
 20
128.911
 11
332.129
 21
129.197
  0
LINE
  8
0
 10
332.129
 20
129.197
 11
332.229
 21
129.475
  0
LINE
  8
0
 10
332.229
 20
129.475
 11
332.354
 21
129.74
  0
LINE
  8
0
 10
332.354
 20
129.74
 11
332.506
 21
129.993
  0
LINE
  8
0
 10
332.506
 20
129.993
 11
332.681
 21
130.23
  0
LINE
  8
0
 10
332.681
 20
130.23
 11
332.879
 21
130.447
  0
LINE
  8
0
 10
332.879
 20
130.447
 11
333.097
 21
130.646
  0
LINE
  8
0
 10
333.097
 20
130.646
 11
333.333
 21
130.82
  0
LINE
  8
0
 10
333.333
 20
130.82
 11
333.586
 21
130.973
  0
LINE
  8
0
 10
333.586
 20
130.973
 11
333.852
 21
131.099
  0
LINE
  8
0
 10
333.852
 20
131.099
 11
334.129
 21
131.197
  0
LINE
  8
0
 10
334.129
 20
131.197
 11
334.415
 21
131.269
  0
LINE
  8
0
 10
334.415
 20
131.269
 11
334.706
 21
131.312
  0
LINE
  8
0
 10
334.706
 20
131.312
 11
335
 21
131.326
  0
LINE
  8
0
 10
335
 20
131.326
 11
335.294
 21
131.312
  0
LINE
  8
0
 10
335.294
 20
131.312
 11
335.585
 21
131.269
  0
LINE
  8
0
 10
335.585
 20
131.269
 11
335.871
 21
131.197
  0
LINE
  8
0
 10
335.871
 20
131.197
 11
336.148
 21
131.099
  0
LINE
  8
0
 10
336.148
 20
131.099
 11
336.414
 21
130.973
  0
LINE
  8
0
 10
336.414
 20
130.973
 11
336.667
 21
130.82
  0
LINE
  8
0
 10
336.667
 20
130.82
 11
336.903
 21
130.646
  0
LINE
  8
0
 10
336.903
 20
130.646
 11
337.121
 21
130.447
  0
LINE
  8
0
 10
337.121
 20
130.447
 11
337.319
 21
130.23
  0
LINE
  8
0
 10
337.319
 20
130.23
 11
337.494
 21
129.993
  0
LINE
  8
0
 10
337.494
 20
129.993
 11
337.646
 21
129.74
  0
LINE
  8
0
 10
337.646
 20
129.74
 11
337.771
 21
129.475
  0
LINE
  8
0
 10
337.771
 20
129.475
 11
337.871
 21
129.197
  0
LINE
  8
0
 10
337.871
 20
129.197
 11
337.942
 21
128.911
  0
LINE
  8
0
 10
337.942
 20
128.911
 11
337.985
 21
128.62
  0
LINE
  8
0
 10
337.985
 20
128.62
 11
338
 21
128.326
  0
LINE
  8
0
 10
338
 20
128.326
 11
337.985
 21
128.032
  0
LINE
  8
0
 10
337.985
 20
128.032
 11
337.942
 21
127.741
  0
LINE
  8
0
 10
337.942
 20
127.741
 11
337.871
 21
127.455
  0
LINE
  8
0
 10
337.871
 20
127.455
 11
337.771
 21
127.178
  0
LINE
  8
0
 10
337.771
 20
127.178
 11
337.646
 21
126.912
  0
LINE
  8
0
 10
337.646
 20
126.912
 11
337.494
 21
126.659
  0
LINE
  8
0
 10
337.494
 20
126.659
 11
337.319
 21
126.423
  0
LINE
  8
0
 10
337.319
 20
126.423
 11
337.121
 21
126.205
  0
LINE
  8
0
 10
337.121
 20
126.205
 11
336.903
 21
126.007
  0
LINE
  8
0
 10
336.903
 20
126.007
 11
336.667
 21
125.832
  0
LINE
  8
0
 10
336.667
 20
125.832
 11
336.414
 21
125.68
  0
LINE
  8
0
 10
336.414
 20
125.68
 11
336.148
 21
125.555
  0
LINE
  8
0
 10
336.148
 20
125.555
 11
335.871
 21
125.455
  0
LINE
  8
0
 10
335.871
 20
125.455
 11
335.585
 21
125.384
  0
LINE
  8
0
 10
335.585
 20
125.384
 11
335.294
 21
125.341
  0
LINE
  8
0
 10
335.294
 20
125.341
 11
335
 21
125.326
  0
LINE
  8
0
 10
335
 20
125.326
 11
334.706
 21
125.341
  0
LINE
  8
0
 10
304.706
 20
125.341
 11
304.415
 21
125.384
  0
LINE
  8
0
 10
304.415
 20
125.384
 11
304.129
 21
125.455
  0
LINE
  8
0
 10
304.129
 20
125.455
 11
303.852
 21
125.555
  0
LINE
  8
0
 10
303.852
 20
125.555
 11
303.586
 21
125.68
  0
LINE
  8
0
 10
303.586
 20
125.68
 11
303.333
 21
125.832
  0
LINE
  8
0
 10
303.333
 20
125.832
 11
303.097
 21
126.007
  0
LINE
  8
0
 10
303.097
 20
126.007
 11
302.879
 21
126.205
  0
LINE
  8
0
 10
302.879
 20
126.205
 11
302.681
 21
126.423
  0
LINE
  8
0
 10
302.681
 20
126.423
 11
302.506
 21
126.659
  0
LINE
  8
0
 10
302.506
 20
126.659
 11
302.354
 21
126.912
  0
LINE
  8
0
 10
302.354
 20
126.912
 11
302.229
 21
127.178
  0
LINE
  8
0
 10
302.229
 20
127.178
 11
302.129
 21
127.455
  0
LINE
  8
0
 10
302.129
 20
127.455
 11
302.058
 21
127.741
  0
LINE
  8
0
 10
302.058
 20
127.741
 11
302.015
 21
128.032
  0
LINE
  8
0
 10
302.015
 20
128.032
 11
302
 21
128.326
  0
LINE
  8
0
 10
302
 20
128.326
 11
302.015
 21
128.62
  0
LINE
  8
0
 10
302.015
 20
128.62
 11
302.058
 21
128.911
  0
LINE
  8
0
 10
302.058
 20
128.911
 11
302.129
 21
129.197
  0
LINE
  8
0
 10
302.129
 20
129.197
 11
302.229
 21
129.475
  0
LINE
  8
0
 10
302.229
 20
129.475
 11
302.354
 21
129.74
  0
LINE
  8
0
 10
302.354
 20
129.74
 11
302.506
 21
129.993
  0
LINE
  8
0
 10
302.506
 20
129.993
 11
302.681
 21
130.23
  0
LINE
  8
0
 10
302.681
 20
130.23
 11
302.879
 21
130.447
  0
LINE
  8
0
 10
302.879
 20
130.447
 11
303.097
 21
130.646
  0
LINE
  8
0
 10
303.097
 20
130.646
 11
303.333
 21
130.82
  0
LINE
  8
0
 10
303.333
 20
130.82
 11
303.586
 21
130.973
  0
LINE
  8
0
 10
303.586
 20
130.973
 11
303.852
 21
131.099
  0
LINE
  8
0
 10
303.852
 20
131.099
 11
304.129
 21
131.197
  0
LINE
  8
0
 10
304.129
 20
131.197
 11
304.415
 21
131.269
  0
LINE
  8
0
 10
304.415
 20
131.269
 11
304.706
 21
131.312
  0
LINE
  8
0
 10
304.706
 20
131.312
 11
305
 21
131.326
  0
LINE
  8
0
 10
305
 20
131.326
 11
305.294
 21
131.312
  0
LINE
  8
0
 10
305.294
 20
131.312
 11
305.585
 21
131.269
  0
LINE
  8
0
 10
305.585
 20
131.269
 11
305.871
 21
131.197
  0
LINE
  8
0
 10
305.871
 20
131.197
 11
306.148
 21
131.099
  0
LINE
  8
0
 10
306.148
 20
131.099
 11
306.414
 21
130.973
  0
LINE
  8
0
 10
306.414
 20
130.973
 11
306.667
 21
130.82
  0
LINE
  8
0
 10
306.667
 20
130.82
 11
306.903
 21
130.646
  0
LINE
  8
0
 10
306.903
 20
130.646
 11
307.121
 21
130.447
  0
LINE
  8
0
 10
307.121
 20
130.447
 11
307.319
 21
130.23
  0
LINE
  8
0
 10
307.319
 20
130.23
 11
307.494
 21
129.993
  0
LINE
  8
0
 10
307.494
 20
129.993
 11
307.646
 21
129.74
  0
LINE
  8
0
 10
307.646
 20
129.74
 11
307.771
 21
129.475
  0
LINE
  8
0
 10
307.771
 20
129.475
 11
307.871
 21
129.197
  0
LINE
  8
0
 10
307.871
 20
129.197
 11
307.942
 21
128.911
  0
LINE
  8
0
 10
307.942
 20
128.911
 11
307.985
 21
128.62
  0
LINE
  8
0
 10
307.985
 20
128.62
 11
308
 21
128.326
  0
LINE
  8
0
 10
308
 20
128.326
 11
307.985
 21
128.032
  0
LINE
  8
0
 10
307.985
 20
128.032
 11
307.942
 21
127.741
  0
LINE
  8
0
 10
307.942
 20
127.741
 11
307.871
 21
127.455
  0
LINE
  8
0
 10
307.871
 20
127.455
 11
307.771
 21
127.178
  0
LINE
  8
0
 10
307.771
 20
127.178
 11
307.646
 21
126.912
  0
LINE
  8
0
 10
307.646
 20
126.912
 11
307.494
 21
126.659
  0
LINE
  8
0
 10
307.494
 20
126.659
 11
307.319
 21
126.423
  0
LINE
  8
0
 10
307.319
 20
126.423
 11
307.121
 21
126.205
  0
LINE
  8
0
 10
307.121
 20
126.205
 11
306.903
 21
126.007
  0
LINE
  8
0
 10
306.903
 20
126.007
 11
306.667
 21
125.832
  0
LINE
  8
0
 10
306.667
 20
125.832
 11
306.414
 21
125.68
  0
LINE
  8
0
 10
306.414
 20
125.68
 11
306.148
 21
125.555
  0
LINE
  8
0
 10
306.148
 20
125.555
 11
305.871
 21
125.455
  0
LINE
  8
0
 10
305.871
 20
125.455
 11
305.585
 21
125.384
  0
LINE
  8
0
 10
305.585
 20
125.384
 11
305.294
 21
125.341
  0
LINE
  8
0
 10
305.294
 20
125.341
 11
305
 21
125.326
  0
LINE
  8
0
 10
305
 20
125.326
 11
304.706
 21
125.341
  0
LINE
  8
0
 10
319.706
 20
125.341
 11
319.415
 21
125.384
  0
LINE
  8
0
 10
319.415
 20
125.384
 11
319.129
 21
125.455
  0
LINE
  8
0
 10
319.129
 20
125.455
 11
318.852
 21
125.555
  0
LINE
  8
0
 10
318.852
 20
125.555
 11
318.586
 21
125.68
  0
LINE
  8
0
 10
318.586
 20
125.68
 11
318.333
 21
125.832
  0
LINE
  8
0
 10
318.333
 20
125.832
 11
318.097
 21
126.007
  0
LINE
  8
0
 10
318.097
 20
126.007
 11
317.879
 21
126.205
  0
LINE
  8
0
 10
317.879
 20
126.205
 11
317.681
 21
126.423
  0
LINE
  8
0
 10
317.681
 20
126.423
 11
317.506
 21
126.659
  0
LINE
  8
0
 10
317.506
 20
126.659
 11
317.354
 21
126.912
  0
LINE
  8
0
 10
317.354
 20
126.912
 11
317.229
 21
127.178
  0
LINE
  8
0
 10
317.229
 20
127.178
 11
317.129
 21
127.455
  0
LINE
  8
0
 10
317.129
 20
127.455
 11
317.058
 21
127.741
  0
LINE
  8
0
 10
317.058
 20
127.741
 11
317.015
 21
128.032
  0
LINE
  8
0
 10
317.015
 20
128.032
 11
317
 21
128.326
  0
LINE
  8
0
 10
317
 20
128.326
 11
317.015
 21
128.62
  0
LINE
  8
0
 10
317.015
 20
128.62
 11
317.058
 21
128.911
  0
LINE
  8
0
 10
317.058
 20
128.911
 11
317.129
 21
129.197
  0
LINE
  8
0
 10
317.129
 20
129.197
 11
317.229
 21
129.475
  0
LINE
  8
0
 10
317.229
 20
129.475
 11
317.354
 21
129.74
  0
LINE
  8
0
 10
317.354
 20
129.74
 11
317.506
 21
129.993
  0
LINE
  8
0
 10
317.506
 20
129.993
 11
317.681
 21
130.23
  0
LINE
  8
0
 10
317.681
 20
130.23
 11
317.879
 21
130.447
  0
LINE
  8
0
 10
317.879
 20
130.447
 11
318.097
 21
130.646
  0
LINE
  8
0
 10
318.097
 20
130.646
 11
318.333
 21
130.82
  0
LINE
  8
0
 10
318.333
 20
130.82
 11
318.586
 21
130.973
  0
LINE
  8
0
 10
318.586
 20
130.973
 11
318.852
 21
131.099
  0
LINE
  8
0
 10
318.852
 20
131.099
 11
319.129
 21
131.197
  0
LINE
  8
0
 10
319.129
 20
131.197
 11
319.415
 21
131.269
  0
LINE
  8
0
 10
319.415
 20
131.269
 11
319.706
 21
131.312
  0
LINE
  8
0
 10
319.706
 20
131.312
 11
320
 21
131.326
  0
LINE
  8
0
 10
320
 20
131.326
 11
320.294
 21
131.312
  0
LINE
  8
0
 10
320.294
 20
131.312
 11
320.585
 21
131.269
  0
LINE
  8
0
 10
320.585
 20
131.269
 11
320.871
 21
131.197
  0
LINE
  8
0
 10
320.871
 20
131.197
 11
321.148
 21
131.099
  0
LINE
  8
0
 10
321.148
 20
131.099
 11
321.414
 21
130.973
  0
LINE
  8
0
 10
321.414
 20
130.973
 11
321.667
 21
130.82
  0
LINE
  8
0
 10
321.667
 20
130.82
 11
321.903
 21
130.646
  0
LINE
  8
0
 10
321.903
 20
130.646
 11
322.121
 21
130.447
  0
LINE
  8
0
 10
322.121
 20
130.447
 11
322.319
 21
130.23
  0
LINE
  8
0
 10
322.319
 20
130.23
 11
322.494
 21
129.993
  0
LINE
  8
0
 10
322.494
 20
129.993
 11
322.646
 21
129.74
  0
LINE
  8
0
 10
322.646
 20
129.74
 11
322.771
 21
129.475
  0
LINE
  8
0
 10
322.771
 20
129.475
 11
322.871
 21
129.197
  0
LINE
  8
0
 10
322.871
 20
129.197
 11
322.942
 21
128.911
  0
LINE
  8
0
 10
322.942
 20
128.911
 11
322.985
 21
128.62
  0
LINE
  8
0
 10
322.985
 20
128.62
 11
323
 21
128.326
  0
LINE
  8
0
 10
323
 20
128.326
 11
322.985
 21
128.032
  0
LINE
  8
0
 10
322.985
 20
128.032
 11
322.942
 21
127.741
  0
LINE
  8
0
 10
322.942
 20
127.741
 11
322.871
 21
127.455
  0
LINE
  8
0
 10
322.871
 20
127.455
 11
322.771
 21
127.178
  0
LINE
  8
0
 10
322.771
 20
127.178
 11
322.646
 21
126.912
  0
LINE
  8
0
 10
322.646
 20
126.912
 11
322.494
 21
126.659
  0
LINE
  8
0
 10
322.494
 20
126.659
 11
322.319
 21
126.423
  0
LINE
  8
0
 10
322.319
 20
126.423
 11
322.121
 21
126.205
  0
LINE
  8
0
 10
322.121
 20
126.205
 11
321.903
 21
126.007
  0
LINE
  8
0
 10
321.903
 20
126.007
 11
321.667
 21
125.832
  0
LINE
  8
0
 10
321.667
 20
125.832
 11
321.414
 21
125.68
  0
LINE
  8
0
 10
321.414
 20
125.68
 11
321.148
 21
125.555
  0
LINE
  8
0
 10
321.148
 20
125.555
 11
320.871
 21
125.455
  0
LINE
  8
0
 10
320.871
 20
125.455
 11
320.585
 21
125.384
  0
LINE
  8
0
 10
320.585
 20
125.384
 11
320.294
 21
125.341
  0
LINE
  8
0
 10
320.294
 20
125.341
 11
320
 21
125.326
  0
LINE
  8
0
 10
320
 20
125.326
 11
319.706
 21
125.341
  0
LINE
  8
0
 10
321.5
 20
123.826
 11
326
 21
126.826
  0
LINE
  8
0
 10
326
 20
126.826
 11
321.5
 21
111.827
  0
LINE
  8
0
 10
321.5
 20
111.827
 11
321.5
 21
123.826
  0
LINE
  8
0
 10
314
 20
126.826
 11
318.5
 21
123.826
  0
LINE
  8
0
 10
318.5
 20
123.826
 11
318.5
 21
111.827
  0
LINE
  8
0
 10
318.5
 20
111.827
 11
314
 21
126.826
  0
LINE
  8
0
 10
299
 20
126.826
 11
303.5
 21
123.826
  0
LINE
  8
0
 10
303.5
 20
123.826
 11
303.5
 21
111.827
  0
LINE
  8
0
 10
303.5
 20
111.827
 11
299
 21
126.826
  0
LINE
  8
0
 10
306.5
 20
123.826
 11
311
 21
126.826
  0
LINE
  8
0
 10
311
 20
126.826
 11
306.5
 21
111.827
  0
LINE
  8
0
 10
306.5
 20
111.827
 11
306.5
 21
123.826
  0
LINE
  8
0
 10
336.5
 20
123.826
 11
341
 21
126.826
  0
LINE
  8
0
 10
341
 20
126.826
 11
336.5
 21
111.827
  0
LINE
  8
0
 10
336.5
 20
111.827
 11
336.5
 21
123.826
  0
LINE
  8
0
 10
329
 20
126.826
 11
333.5
 21
123.826
  0
LINE
  8
0
 10
333.5
 20
123.826
 11
333.5
 21
111.827
  0
LINE
  8
0
 10
333.5
 20
111.827
 11
329
 21
126.826
  0
LINE
  8
0
 10
329
 20
105.826
 11
331.25
 21
112.071
  0
LINE
  8
0
 10
331.25
 20
112.071
 11
331.875
 21
110.428
  0
LINE
  8
0
 10
331.875
 20
110.428
 11
332.5
 21
109.08
  0
LINE
  8
0
 10
332.5
 20
109.08
 11
333.125
 21
108.027
  0
LINE
  8
0
 10
333.125
 20
108.027
 11
333.75
 21
107.27
  0
LINE
  8
0
 10
333.75
 20
107.27
 11
334.375
 21
106.805
  0
LINE
  8
0
 10
334.375
 20
106.805
 11
335
 21
106.637
  0
LINE
  8
0
 10
335
 20
106.637
 11
335.57
 21
106.753
  0
LINE
  8
0
 10
335.57
 20
106.753
 11
335.005
 21
105.015
  0
LINE
  8
0
 10
335.005
 20
105.015
 11
335
 21
105.016
  0
LINE
  8
0
 10
335
 20
105.016
 11
334.375
 21
104.848
  0
LINE
  8
0
 10
334.375
 20
104.848
 11
333.75
 21
104.383
  0
LINE
  8
0
 10
333.75
 20
104.383
 11
333.125
 21
103.625
  0
LINE
  8
0
 10
333.125
 20
103.625
 11
332.5
 21
102.572
  0
LINE
  8
0
 10
332.5
 20
102.572
 11
331.875
 21
101.225
  0
LINE
  8
0
 10
331.875
 20
101.225
 11
331.25
 21
99.5812
  0
LINE
  8
0
 10
331.25
 20
99.5812
 11
329
 21
105.826
  0
LINE
  8
0
 10
323.125
 20
101.225
 11
322.5
 21
102.572
  0
LINE
  8
0
 10
322.5
 20
102.572
 11
321.875
 21
103.625
  0
LINE
  8
0
 10
321.875
 20
103.625
 11
321.25
 21
104.383
  0
LINE
  8
0
 10
321.25
 20
104.383
 11
320.625
 21
104.848
  0
LINE
  8
0
 10
320.625
 20
104.848
 11
320
 21
105.016
  0
LINE
  8
0
 10
320
 20
105.016
 11
319.375
 21
104.888
  0
LINE
  8
0
 10
319.375
 20
104.888
 11
318.75
 21
104.465
  0
LINE
  8
0
 10
318.75
 20
104.465
 11
318.125
 21
103.748
  0
LINE
  8
0
 10
318.125
 20
103.748
 11
317.5
 21
102.736
  0
LINE
  8
0
 10
317.5
 20
102.736
 11
316.875
 21
101.429
  0
LINE
  8
0
 10
316.875
 20
101.429
 11
316.25
 21
99.8263
  0
LINE
  8
0
 10
316.25
 20
99.8263
 11
314
 21
105.826
  0
LINE
  8
0
 10
314
 20
105.826
 11
316.25
 21
111.826
  0
LINE
  8
0
 10
316.25
 20
111.826
 11
316.875
 21
110.224
  0
LINE
  8
0
 10
316.875
 20
110.224
 11
317.5
 21
108.916
  0
LINE
  8
0
 10
317.5
 20
108.916
 11
318.125
 21
107.904
  0
LINE
  8
0
 10
318.125
 20
107.904
 11
318.75
 21
107.188
  0
LINE
  8
0
 10
318.75
 20
107.188
 11
319.375
 21
106.765
  0
LINE
  8
0
 10
319.375
 20
106.765
 11
320
 21
106.637
  0
LINE
  8
0
 10
320
 20
106.637
 11
320.625
 21
106.805
  0
LINE
  8
0
 10
320.625
 20
106.805
 11
321.25
 21
107.27
  0
LINE
  8
0
 10
321.25
 20
107.27
 11
321.875
 21
108.027
  0
LINE
  8
0
 10
321.875
 20
108.027
 11
322.5
 21
109.08
  0
LINE
  8
0
 10
322.5
 20
109.08
 11
323.125
 21
110.428
  0
LINE
  8
0
 10
323.125
 20
110.428
 11
323.75
 21
112.071
  0
LINE
  8
0
 10
323.75
 20
112.071
 11
326
 21
105.826
  0
LINE
  8
0
 10
326
 20
105.826
 11
323.75
 21
99.5812
  0
LINE
  8
0
 10
323.75
 20
99.5812
 11
323.125
 21
101.225
  0
LINE
  8
0
 10
308.125
 20
101.429
 11
307.5
 21
102.736
  0
LINE
  8
0
 10
307.5
 20
102.736
 11
306.875
 21
103.748
  0
LINE
  8
0
 10
306.875
 20
103.748
 11
306.25
 21
104.465
  0
LINE
  8
0
 10
306.25
 20
104.465
 11
305.625
 21
104.888
  0
LINE
  8
0
 10
305.625
 20
104.888
 11
305
 21
105.016
  0
LINE
  8
0
 10
305
 20
105.016
 11
304.995
 21
105.013
  0
LINE
  8
0
 10
304.995
 20
105.013
 11
304.416
 21
106.794
  0
LINE
  8
0
 10
304.416
 20
106.794
 11
305
 21
106.637
  0
LINE
  8
0
 10
305
 20
106.637
 11
305.625
 21
106.765
  0
LINE
  8
0
 10
305.625
 20
106.765
 11
306.25
 21
107.188
  0
LINE
  8
0
 10
306.25
 20
107.188
 11
306.875
 21
107.904
  0
LINE
  8
0
 10
306.875
 20
107.904
 11
307.5
 21
108.916
  0
LINE
  8
0
 10
307.5
 20
108.916
 11
308.125
 21
110.224
  0
LINE
  8
0
 10
308.125
 20
110.224
 11
308.75
 21
111.826
  0
LINE
  8
0
 10
308.75
 20
111.826
 11
311
 21
105.826
  0
LINE
  8
0
 10
311
 20
105.826
 11
308.75
 21
99.8263
  0
LINE
  8
0
 10
308.75
 20
99.8263
 11
308.125
 21
101.429
  0
LINE
  8
0
 10
321.5
 20
87.8263
 11
321.5
 21
99.8253
  0
LINE
  8
0
 10
321.5
 20
99.8253
 11
326
 21
84.8263
  0
LINE
  8
0
 10
326
 20
84.8263
 11
321.5
 21
87.8263
  0
LINE
  8
0
 10
318.5
 20
99.8253
 11
318.5
 21
87.8263
  0
LINE
  8
0
 10
318.5
 20
87.8263
 11
314
 21
84.8263
  0
LINE
  8
0
 10
314
 20
84.8263
 11
318.5
 21
99.8253
  0
LINE
  8
0
 10
319.706
 20
80.3409
 11
319.415
 21
80.3839
  0
LINE
  8
0
 10
319.415
 20
80.3839
 11
319.129
 21
80.4552
  0
LINE
  8
0
 10
319.129
 20
80.4552
 11
318.852
 21
80.5548
  0
LINE
  8
0
 10
318.852
 20
80.5548
 11
318.586
 21
80.6798
  0
LINE
  8
0
 10
318.586
 20
80.6798
 11
318.333
 21
80.8322
  0
LINE
  8
0
 10
318.333
 20
80.8322
 11
318.097
 21
81.007
  0
LINE
  8
0
 10
318.097
 20
81.007
 11
317.879
 21
81.2052
  0
LINE
  8
0
 10
317.879
 20
81.2052
 11
317.681
 21
81.423
  0
LINE
  8
0
 10
317.681
 20
81.423
 11
317.506
 21
81.6593
  0
LINE
  8
0
 10
317.506
 20
81.6593
 11
317.354
 21
81.9122
  0
LINE
  8
0
 10
317.354
 20
81.9122
 11
317.229
 21
82.1779
  0
LINE
  8
0
 10
317.229
 20
82.1779
 11
317.129
 21
82.4552
  0
LINE
  8
0
 10
317.129
 20
82.4552
 11
317.058
 21
82.7413
  0
LINE
  8
0
 10
317.058
 20
82.7413
 11
317.015
 21
83.0323
  0
LINE
  8
0
 10
317.015
 20
83.0323
 11
317
 21
83.3263
  0
LINE
  8
0
 10
317
 20
83.3263
 11
317.015
 21
83.6202
  0
LINE
  8
0
 10
317.015
 20
83.6202
 11
317.058
 21
83.9113
  0
LINE
  8
0
 10
317.058
 20
83.9113
 11
317.129
 21
84.1974
  0
LINE
  8
0
 10
317.129
 20
84.1974
 11
317.229
 21
84.4747
  0
LINE
  8
0
 10
317.229
 20
84.4747
 11
317.354
 21
84.7404
  0
LINE
  8
0
 10
317.354
 20
84.7404
 11
317.506
 21
84.9933
  0
LINE
  8
0
 10
317.506
 20
84.9933
 11
317.681
 21
85.2296
  0
LINE
  8
0
 10
317.681
 20
85.2296
 11
317.879
 21
85.4474
  0
LINE
  8
0
 10
317.879
 20
85.4474
 11
318.097
 21
85.6456
  0
LINE
  8
0
 10
318.097
 20
85.6456
 11
318.333
 21
85.8204
  0
LINE
  8
0
 10
318.333
 20
85.8204
 11
318.586
 21
85.9728
  0
LINE
  8
0
 10
318.586
 20
85.9728
 11
318.852
 21
86.0988
  0
LINE
  8
0
 10
318.852
 20
86.0988
 11
319.129
 21
86.1974
  0
LINE
  8
0
 10
319.129
 20
86.1974
 11
319.415
 21
86.2687
  0
LINE
  8
0
 10
319.415
 20
86.2687
 11
319.706
 21
86.3116
  0
LINE
  8
0
 10
319.706
 20
86.3116
 11
320
 21
86.3263
  0
LINE
  8
0
 10
320
 20
86.3263
 11
320.294
 21
86.3116
  0
LINE
  8
0
 10
320.294
 20
86.3116
 11
320.585
 21
86.2687
  0
LINE
  8
0
 10
320.585
 20
86.2687
 11
320.871
 21
86.1974
  0
LINE
  8
0
 10
320.871
 20
86.1974
 11
321.148
 21
86.0988
  0
LINE
  8
0
 10
321.148
 20
86.0988
 11
321.414
 21
85.9728
  0
LINE
  8
0
 10
321.414
 20
85.9728
 11
321.667
 21
85.8204
  0
LINE
  8
0
 10
321.667
 20
85.8204
 11
321.903
 21
85.6456
  0
LINE
  8
0
 10
321.903
 20
85.6456
 11
322.121
 21
85.4474
  0
LINE
  8
0
 10
322.121
 20
85.4474
 11
322.319
 21
85.2296
  0
LINE
  8
0
 10
322.319
 20
85.2296
 11
322.494
 21
84.9933
  0
LINE
  8
0
 10
322.494
 20
84.9933
 11
322.646
 21
84.7404
  0
LINE
  8
0
 10
322.646
 20
84.7404
 11
322.771
 21
84.4747
  0
LINE
  8
0
 10
322.771
 20
84.4747
 11
322.871
 21
84.1974
  0
LINE
  8
0
 10
322.871
 20
84.1974
 11
322.942
 21
83.9113
  0
LINE
  8
0
 10
322.942
 20
83.9113
 11
322.985
 21
83.6202
  0
LINE
  8
0
 10
322.985
 20
83.6202
 11
323
 21
83.3263
  0
LINE
  8
0
 10
323
 20
83.3263
 11
322.985
 21
83.0323
  0
LINE
  8
0
 10
322.985
 20
83.0323
 11
322.942
 21
82.7413
  0
LINE
  8
0
 10
322.942
 20
82.7413
 11
322.871
 21
82.4552
  0
LINE
  8
0
 10
322.871
 20
82.4552
 11
322.771
 21
82.1779
  0
LINE
  8
0
 10
322.771
 20
82.1779
 11
322.646
 21
81.9122
  0
LINE
  8
0
 10
322.646
 20
81.9122
 11
322.494
 21
81.6593
  0
LINE
  8
0
 10
322.494
 20
81.6593
 11
322.319
 21
81.423
  0
LINE
  8
0
 10
322.319
 20
81.423
 11
322.121
 21
81.2052
  0
LINE
  8
0
 10
322.121
 20
81.2052
 11
321.903
 21
81.007
  0
LINE
  8
0
 10
321.903
 20
81.007
 11
321.667
 21
80.8322
  0
LINE
  8
0
 10
321.667
 20
80.8322
 11
321.414
 21
80.6798
  0
LINE
  8
0
 10
321.414
 20
80.6798
 11
321.148
 21
80.5548
  0
LINE
  8
0
 10
321.148
 20
80.5548
 11
320.871
 21
80.4552
  0
LINE
  8
0
 10
320.871
 20
80.4552
 11
320.585
 21
80.3839
  0
LINE
  8
0
 10
320.585
 20
80.3839
 11
320.294
 21
80.3409
  0
LINE
  8
0
 10
320.294
 20
80.3409
 11
320
 21
80.3263
  0
LINE
  8
0
 10
320
 20
80.3263
 11
319.706
 21
80.3409
  0
LINE
  8
0
 10
321.5
 20
78.8263
 11
326
 21
81.8263
  0
LINE
  8
0
 10
326
 20
81.8263
 11
321.5
 21
66.8273
  0
LINE
  8
0
 10
321.5
 20
66.8273
 11
321.5
 21
78.8263
  0
LINE
  8
0
 10
314
 20
81.8263
 11
318.5
 21
78.8263
  0
LINE
  8
0
 10
318.5
 20
78.8263
 11
318.5
 21
66.8273
  0
LINE
  8
0
 10
318.5
 20
66.8273
 11
314
 21
81.8263
  0
LINE
  8
0
 10
320
 20
60.0157
 11
319.64
 21
59.9415
  0
LINE
  8
0
 10
319.64
 20
59.9415
 11
318.955
 21
62.048
  0
LINE
  8
0
 10
318.955
 20
62.048
 11
319.375
 21
61.7648
  0
LINE
  8
0
 10
319.375
 20
61.7648
 11
320
 21
61.6368
  0
LINE
  8
0
 10
320
 20
61.6368
 11
320.625
 21
61.8048
  0
LINE
  8
0
 10
320.625
 20
61.8048
 11
321.074
 21
62.1378
  0
LINE
  8
0
 10
321.074
 20
62.1378
 11
320.354
 21
59.92
  0
LINE
  8
0
 10
320.354
 20
59.92
 11
320
 21
60.0157
  0
LINE
  8
0
 10
319.874
 20
34.004
 11
319.749
 21
34.0167
  0
LINE
  8
0
 10
319.749
 20
34.0167
 11
319.625
 21
34.0353
  0
LINE
  8
0
 10
319.625
 20
34.0353
 11
319.503
 21
34.0636
  0
LINE
  8
0
 10
319.503
 20
34.0636
 11
319.382
 21
34.0988
  0
LINE
  8
0
 10
319.382
 20
34.0988
 11
319.264
 21
34.1407
  0
LINE
  8
0
 10
319.264
 20
34.1407
 11
319.148
 21
34.1906
  0
LINE
  8
0
 10
319.148
 20
34.1906
 11
319.036
 21
34.2472
  0
LINE
  8
0
 10
319.036
 20
34.2472
 11
318.929
 21
34.3116
  0
LINE
  8
0
 10
318.929
 20
34.3116
 11
318.824
 21
34.382
  0
LINE
  8
0
 10
318.824
 20
34.382
 11
318.726
 21
34.4591
  0
LINE
  8
0
 10
318.726
 20
34.4591
 11
318.631
 21
34.5421
  0
LINE
  8
0
 10
318.631
 20
34.5421
 11
318.542
 21
34.631
  0
LINE
  8
0
 10
318.542
 20
34.631
 11
318.459
 21
34.7257
  0
LINE
  8
0
 10
318.459
 20
34.7257
 11
318.382
 21
34.8243
  0
LINE
  8
0
 10
318.382
 20
34.8243
 11
318.312
 21
34.9279
  0
LINE
  8
0
 10
318.312
 20
34.9279
 11
318.247
 21
35.0363
  0
LINE
  8
0
 10
318.247
 20
35.0363
 11
318.19
 21
35.1486
  0
LINE
  8
0
 10
318.19
 20
35.1486
 11
318.141
 21
35.2648
  0
LINE
  8
0
 10
318.141
 20
35.2648
 11
318.098
 21
35.382
  0
LINE
  8
0
 10
318.098
 20
35.382
 11
318.062
 21
35.5021
  0
LINE
  8
0
 10
318.062
 20
35.5021
 11
318.035
 21
35.6251
  0
LINE
  8
0
 10
318.035
 20
35.6251
 11
318.016
 21
35.7491
  0
LINE
  8
0
 10
318.016
 20
35.7491
 11
318.004
 21
35.8741
  0
LINE
  8
0
 10
318.004
 20
35.8741
 11
318
 21
36.0001
  0
LINE
  8
0
 10
318
 20
36.0001
 11
318.004
 21
36.1251
  0
LINE
  8
0
 10
318.004
 20
36.1251
 11
318.016
 21
36.2501
  0
LINE
  8
0
 10
318.016
 20
36.2501
 11
318.035
 21
36.3751
  0
LINE
  8
0
 10
318.035
 20
36.3751
 11
318.062
 21
36.4972
  0
LINE
  8
0
 10
318.062
 20
36.4972
 11
318.098
 21
36.6183
  0
LINE
  8
0
 10
318.098
 20
36.6183
 11
318.141
 21
36.7365
  0
LINE
  8
0
 10
318.141
 20
36.7365
 11
318.19
 21
36.8517
  0
LINE
  8
0
 10
318.19
 20
36.8517
 11
318.247
 21
36.963
  0
LINE
  8
0
 10
318.247
 20
36.963
 11
318.312
 21
37.0714
  0
LINE
  8
0
 10
318.312
 20
37.0714
 11
318.382
 21
37.1749
  0
LINE
  8
0
 10
318.382
 20
37.1749
 11
318.459
 21
37.2755
  0
LINE
  8
0
 10
318.459
 20
37.2755
 11
318.542
 21
37.3693
  0
LINE
  8
0
 10
318.542
 20
37.3693
 11
318.631
 21
37.4581
  0
LINE
  8
0
 10
318.631
 20
37.4581
 11
318.726
 21
37.5411
  0
LINE
  8
0
 10
318.726
 20
37.5411
 11
318.824
 21
37.6183
  0
LINE
  8
0
 10
318.824
 20
37.6183
 11
318.929
 21
37.6886
  0
LINE
  8
0
 10
318.929
 20
37.6886
 11
319.036
 21
37.7521
  0
LINE
  8
0
 10
319.036
 20
37.7521
 11
319.148
 21
37.8097
  0
LINE
  8
0
 10
319.148
 20
37.8097
 11
319.264
 21
37.8595
  0
LINE
  8
0
 10
319.264
 20
37.8595
 11
319.382
 21
37.9025
  0
LINE
  8
0
 10
319.382
 20
37.9025
 11
319.503
 21
37.9376
  0
LINE
  8
0
 10
319.503
 20
37.9376
 11
319.625
 21
37.964
  0
LINE
  8
0
 10
319.625
 20
37.964
 11
319.749
 21
37.9845
  0
LINE
  8
0
 10
319.749
 20
37.9845
 11
319.874
 21
37.9962
  0
LINE
  8
0
 10
319.874
 20
37.9962
 11
320
 21
38.0001
  0
LINE
  8
0
 10
320
 20
38.0001
 11
320.126
 21
37.9962
  0
LINE
  8
0
 10
320.126
 20
37.9962
 11
320.251
 21
37.9845
  0
LINE
  8
0
 10
320.251
 20
37.9845
 11
320.375
 21
37.964
  0
LINE
  8
0
 10
320.375
 20
37.964
 11
320.497
 21
37.9376
  0
LINE
  8
0
 10
320.497
 20
37.9376
 11
320.618
 21
37.9025
  0
LINE
  8
0
 10
320.618
 20
37.9025
 11
320.736
 21
37.8595
  0
LINE
  8
0
 10
320.736
 20
37.8595
 11
320.852
 21
37.8097
  0
LINE
  8
0
 10
320.852
 20
37.8097
 11
320.964
 21
37.7521
  0
LINE
  8
0
 10
320.964
 20
37.7521
 11
321.071
 21
37.6886
  0
LINE
  8
0
 10
321.071
 20
37.6886
 11
321.176
 21
37.6183
  0
LINE
  8
0
 10
321.176
 20
37.6183
 11
321.274
 21
37.5411
  0
LINE
  8
0
 10
321.274
 20
37.5411
 11
321.369
 21
37.4581
  0
LINE
  8
0
 10
321.369
 20
37.4581
 11
321.458
 21
37.3693
  0
LINE
  8
0
 10
321.458
 20
37.3693
 11
321.541
 21
37.2755
  0
LINE
  8
0
 10
321.541
 20
37.2755
 11
321.618
 21
37.1749
  0
LINE
  8
0
 10
321.618
 20
37.1749
 11
321.688
 21
37.0714
  0
LINE
  8
0
 10
321.688
 20
37.0714
 11
321.753
 21
36.963
  0
LINE
  8
0
 10
321.753
 20
36.963
 11
321.81
 21
36.8517
  0
LINE
  8
0
 10
321.81
 20
36.8517
 11
321.859
 21
36.7365
  0
LINE
  8
0
 10
321.859
 20
36.7365
 11
321.902
 21
36.6183
  0
LINE
  8
0
 10
321.902
 20
36.6183
 11
321.938
 21
36.4972
  0
LINE
  8
0
 10
321.938
 20
36.4972
 11
321.965
 21
36.3751
  0
LINE
  8
0
 10
321.965
 20
36.3751
 11
321.984
 21
36.2501
  0
LINE
  8
0
 10
321.984
 20
36.2501
 11
321.996
 21
36.1251
  0
LINE
  8
0
 10
321.996
 20
36.1251
 11
322
 21
36.0001
  0
LINE
  8
0
 10
322
 20
36.0001
 11
321.996
 21
35.8741
  0
LINE
  8
0
 10
321.996
 20
35.8741
 11
321.984
 21
35.7491
  0
LINE
  8
0
 10
321.984
 20
35.7491
 11
321.965
 21
35.6251
  0
LINE
  8
0
 10
321.965
 20
35.6251
 11
321.938
 21
35.5021
  0
LINE
  8
0
 10
321.938
 20
35.5021
 11
321.902
 21
35.382
  0
LINE
  8
0
 10
321.902
 20
35.382
 11
321.859
 21
35.2648
  0
LINE
  8
0
 10
321.859
 20
35.2648
 11
321.81
 21
35.1486
  0
LINE
  8
0
 10
321.81
 20
35.1486
 11
321.753
 21
35.0363
  0
LINE
  8
0
 10
321.753
 20
35.0363
 11
321.688
 21
34.9279
  0
LINE
  8
0
 10
321.688
 20
34.9279
 11
321.618
 21
34.8243
  0
LINE
  8
0
 10
321.618
 20
34.8243
 11
321.541
 21
34.7257
  0
LINE
  8
0
 10
321.541
 20
34.7257
 11
321.458
 21
34.631
  0
LINE
  8
0
 10
321.458
 20
34.631
 11
321.369
 21
34.5421
  0
LINE
  8
0
 10
321.369
 20
34.5421
 11
321.274
 21
34.4591
  0
LINE
  8
0
 10
321.274
 20
34.4591
 11
321.176
 21
34.382
  0
LINE
  8
0
 10
321.176
 20
34.382
 11
321.071
 21
34.3116
  0
LINE
  8
0
 10
321.071
 20
34.3116
 11
320.964
 21
34.2472
  0
LINE
  8
0
 10
320.964
 20
34.2472
 11
320.852
 21
34.1906
  0
LINE
  8
0
 10
320.852
 20
34.1906
 11
320.736
 21
34.1407
  0
LINE
  8
0
 10
320.736
 20
34.1407
 11
320.618
 21
34.0988
  0
LINE
  8
0
 10
320.618
 20
34.0988
 11
320.497
 21
34.0636
  0
LINE
  8
0
 10
320.497
 20
34.0636
 11
320.375
 21
34.0353
  0
LINE
  8
0
 10
320.375
 20
34.0353
 11
320.251
 21
34.0167
  0
LINE
  8
0
 10
320.251
 20
34.0167
 11
320.126
 21
34.004
  0
LINE
  8
0
 10
320.126
 20
34.004
 11
320
 21
34.0001
  0
LINE
  8
0
 10
320
 20
34.0001
 11
319.874
 21
34.004
  0
LINE
  8
0
 10
95
 20
250.826
 11
20
 21
20
  0
LINE
  8
0
 10
20
 20
20
 11
170
 21
20
  0
LINE
  8
0
 10
170
 20
20
 11
95
 21
250.826
  0
LINE
  8
0
 10
94.874
 20
232.83
 11
94.749
 21
232.842
  0
LINE
  8
0
 10
94.749
 20
232.842
 11
94.625
 21
232.862
  0
LINE
  8
0
 10
94.625
 20
232.862
 11
94.5029
 21
232.889
  0
LINE
  8
0
 10
94.5029
 20
232.889
 11
94.3818
 21
232.924
  0
LINE
  8
0
 10
94.3818
 20
232.924
 11
94.2637
 21
232.967
  0
LINE
  8
0
 10
94.2637
 20
232.967
 11
94.1484
 21
233.017
  0
LINE
  8
0
 10
94.1484
 20
233.017
 11
94.0361
 21
233.074
  0
LINE
  8
0
 10
94.0361
 20
233.074
 11
93.9287
 21
233.138
  0
LINE
  8
0
 10
93.9287
 20
233.138
 11
93.8242
 21
233.208
  0
LINE
  8
0
 10
93.8242
 20
233.208
 11
93.7256
 21
233.285
  0
LINE
  8
0
 10
93.7256
 20
233.285
 11
93.6309
 21
233.368
  0
LINE
  8
0
 10
93.6309
 20
233.368
 11
93.542
 21
233.457
  0
LINE
  8
0
 10
93.542
 20
233.457
 11
93.459
 21
233.551
  0
LINE
  8
0
 10
93.459
 20
233.551
 11
93.3818
 21
233.651
  0
LINE
  8
0
 10
93.3818
 20
233.651
 11
93.3115
 21
233.755
  0
LINE
  8
0
 10
93.3115
 20
233.755
 11
93.2471
 21
233.863
  0
LINE
  8
0
 10
93.2471
 20
233.863
 11
93.1904
 21
233.975
  0
LINE
  8
0
 10
93.1904
 20
233.975
 11
93.1406
 21
234.09
  0
LINE
  8
0
 10
93.1406
 20
234.09
 11
93.0977
 21
234.208
  0
LINE
  8
0
 10
93.0977
 20
234.208
 11
93.0625
 21
234.329
  0
LINE
  8
0
 10
93.0625
 20
234.329
 11
93.0352
 21
234.451
  0
LINE
  8
0
 10
93.0352
 20
234.451
 11
93.0156
 21
234.576
  0
LINE
  8
0
 10
93.0156
 20
234.576
 11
93.0039
 21
234.701
  0
LINE
  8
0
 10
93.0039
 20
234.701
 11
93
 21
234.826
  0
LINE
  8
0
 10
93
 20
234.826
 11
93.0039
 21
234.952
  0
LINE
  8
0
 10
93.0039
 20
234.952
 11
93.0156
 21
235.077
  0
LINE
  8
0
 10
93.0156
 20
235.077
 11
93.0352
 21
235.201
  0
LINE
  8
0
 10
93.0352
 20
235.201
 11
93.0625
 21
235.324
  0
LINE
  8
0
 10
93.0625
 20
235.324
 11
93.0977
 21
235.444
  0
LINE
  8
0
 10
93.0977
 20
235.444
 11
93.1406
 21
235.562
  0
LINE
  8
0
 10
93.1406
 20
235.562
 11
93.1904
 21
235.678
  0
LINE
  8
0
 10
93.1904
 20
235.678
 11
93.2471
 21
235.79
  0
LINE
  8
0
 10
93.2471
 20
235.79
 11
93.3115
 21
235.898
  0
LINE
  8
0
 10
93.3115
 20
235.898
 11
93.3818
 21
236.002
  0
LINE
  8
0
 10
93.3818
 20
236.002
 11
93.459
 21
236.101
  0
LINE
  8
0
 10
93.459
 20
236.101
 11
93.542
 21
236.195
  0
LINE
  8
0
 10
93.542
 20
236.195
 11
93.6309
 21
236.284
  0
LINE
  8
0
 10
93.6309
 20
236.284
 11
93.7256
 21
236.367
  0
LINE
  8
0
 10
93.7256
 20
236.367
 11
93.8242
 21
236.444
  0
LINE
  8
0
 10
93.8242
 20
236.444
 11
93.9287
 21
236.515
  0
LINE
  8
0
 10
93.9287
 20
236.515
 11
94.0361
 21
236.579
  0
LINE
  8
0
 10
94.0361
 20
236.579
 11
94.1484
 21
236.636
  0
LINE
  8
0
 10
94.1484
 20
236.636
 11
94.2637
 21
236.686
  0
LINE
  8
0
 10
94.2637
 20
236.686
 11
94.3818
 21
236.728
  0
LINE
  8
0
 10
94.3818
 20
236.728
 11
94.5029
 21
236.763
  0
LINE
  8
0
 10
94.5029
 20
236.763
 11
94.625
 21
236.791
  0
LINE
  8
0
 10
94.625
 20
236.791
 11
94.749
 21
236.81
  0
LINE
  8
0
 10
94.749
 20
236.81
 11
94.874
 21
236.822
  0
LINE
  8
0
 10
94.874
 20
236.822
 11
95
 21
236.826
  0
LINE
  8
0
 10
95
 20
236.826
 11
95.126
 21
236.822
  0
LINE
  8
0
 10
95.126
 20
236.822
 11
95.251
 21
236.81
  0
LINE
  8
0
 10
95.251
 20
236.81
 11
95.375
 21
236.791
  0
LINE
  8
0
 10
95.375
 20
236.791
 11
95.4971
 21
236.763
  0
LINE
  8
0
 10
95.4971
 20
236.763
 11
95.6182
 21
236.728
  0
LINE
  8
0
 10
95.6182
 20
236.728
 11
95.7363
 21
236.686
  0
LINE
  8
0
 10
95.7363
 20
236.686
 11
95.8516
 21
236.636
  0
LINE
  8
0
 10
95.8516
 20
236.636
 11
95.9639
 21
236.579
  0
LINE
  8
0
 10
95.9639
 20
236.579
 11
96.0713
 21
236.515
  0
LINE
  8
0
 10
96.0713
 20
236.515
 11
96.1758
 21
236.444
  0
LINE
  8
0
 10
96.1758
 20
236.444
 11
96.2744
 21
236.367
  0
LINE
  8
0
 10
96.2744
 20
236.367
 11
96.3691
 21
236.284
  0
LINE
  8
0
 10
96.3691
 20
236.284
 11
96.458
 21
236.195
  0
LINE
  8
0
 10
96.458
 20
236.195
 11
96.541
 21
236.101
  0
LINE
  8
0
 10
96.541
 20
236.101
 11
96.6182
 21
236.002
  0
LINE
  8
0
 10
96.6182
 20
236.002
 11
96.6885
 21
235.898
  0
LINE
  8
0
 10
96.6885
 20
235.898
 11
96.7529
 21
235.79
  0
LINE
  8
0
 10
96.7529
 20
235.79
 11
96.8096
 21
235.678
  0
LINE
  8
0
 10
96.8096
 20
235.678
 11
96.8594
 21
235.562
  0
LINE
  8
0
 10
96.8594
 20
235.562
 11
96.9023
 21
235.444
  0
LINE
  8
0
 10
96.9023
 20
235.444
 11
96.9375
 21
235.324
  0
LINE
  8
0
 10
96.9375
 20
235.324
 11
96.9648
 21
235.201
  0
LINE
  8
0
 10
96.9648
 20
235.201
 11
96.9844
 21
235.077
  0
LINE
  8
0
 10
96.9844
 20
235.077
 11
96.9961
 21
234.952
  0
LINE
  8
0
 10
96.9961
 20
234.952
 11
97
 21
234.826
  0
LINE
  8
0
 10
97
 20
234.826
 11
96.9961
 21
234.701
  0
LINE
  8
0
 10
96.9961
 20
234.701
 11
96.9844
 21
234.576
  0
LINE
  8
0
 10
96.9844
 20
234.576
 11
96.9648
 21
234.451
  0
LINE
  8
0
 10
96.9648
 20
234.451
 11
96.9375
 21
234.329
  0
LINE
  8
0
 10
96.9375
 20
234.329
 11
96.9023
 21
234.208
  0
LINE
  8
0
 10
96.9023
 20
234.208
 11
96.8594
 21
234.09
  0
LINE
  8
0
 10
96.8594
 20
234.09
 11
96.8096
 21
233.975
  0
LINE
  8
0
 10
96.8096
 20
233.975
 11
96.7529
 21
233.863
  0
LINE
  8
0
 10
96.7529
 20
233.863
 11
96.6885
 21
233.755
  0
LINE
  8
0
 10
96.6885
 20
233.755
 11
96.6182
 21
233.651
  0
LINE
  8
0
 10
96.6182
 20
233.651
 11
96.541
 21
233.551
  0
LINE
  8
0
 10
96.541
 20
233.551
 11
96.458
 21
233.457
  0
LINE
  8
0
 10
96.458
 20
233.457
 11
96.3691
 21
233.368
  0
LINE
  8
0
 10
96.3691
 20
233.368
 11
96.2744
 21
233.285
  0
LINE
  8
0
 10
96.2744
 20
233.285
 11
96.1758
 21
233.208
  0
LINE
  8
0
 10
96.1758
 20
233.208
 11
96.0713
 21
233.138
  0
LINE
  8
0
 10
96.0713
 20
233.138
 11
95.9639
 21
233.074
  0
LINE
  8
0
 10
95.9639
 20
233.074
 11
95.8516
 21
233.017
  0
LINE
  8
0
 10
95.8516
 20
233.017
 11
95.7363
 21
232.967
  0
LINE
  8
0
 10
95.7363
 20
232.967
 11
95.6182
 21
232.924
  0
LINE
  8
0
 10
95.6182
 20
232.924
 11
95.4971
 21
232.889
  0
LINE
  8
0
 10
95.4971
 20
232.889
 11
95.375
 21
232.862
  0
LINE
  8
0
 10
95.375
 20
232.862
 11
95.251
 21
232.842
  0
LINE
  8
0
 10
95.251
 20
232.842
 11
95.126
 21
232.83
  0
LINE
  8
0
 10
95.126
 20
232.83
 11
95
 21
232.826
  0
LINE
  8
0
 10
95
 20
232.826
 11
94.874
 21
232.83
  0
LINE
  8
0
 10
91.8896
 20
202.421
 11
92.8916
 21
205.504
  0
LINE
  8
0
 10
92.8916
 20
205.504
 11
92.8916
 21
201.156
  0
LINE
  8
0
 10
92.8916
 20
201.156
 11
91.8896
 21
202.421
  0
LINE
  8
0
 10
97.1084
 20
205.504
 11
98.1104
 21
202.421
  0
LINE
  8
0
 10
98.1104
 20
202.421
 11
97.1084
 21
201.156
  0
LINE
  8
0
 10
97.1084
 20
201.156
 11
97.1084
 21
205.504
  0
LINE
  8
0
 10
90.2568
 20
197.397
 11
92.1123
 21
195
  0
LINE
  8
0
 10
92.1123
 20
195
 11
87.6465
 21
189.36
  0
LINE
  8
0
 10
87.6465
 20
189.36
 11
90.2568
 21
197.397
  0
LINE
  8
0
 10
97.8877
 20
195
 11
99.7432
 21
197.397
  0
LINE
  8
0
 10
99.7432
 20
197.397
 11
102.354
 21
189.36
  0
LINE
  8
0
 10
102.354
 20
189.36
 11
97.8877
 21
195
  0
LINE
  8
0
 10
85.8887
 20
180
 11
92.8916
 21
189.051
  0
LINE
  8
0
 10
92.8916
 20
189.051
 11
92.8916
 21
171.156
  0
LINE
  8
0
 10
92.8916
 20
171.156
 11
85.8887
 21
180
  0
LINE
  8
0
 10
97.1084
 20
189.051
 11
104.111
 21
180
  0
LINE
  8
0
 10
104.111
 20
180
 11
97.1084
 21
171.156
  0
LINE
  8
0
 10
97.1084
 20
171.156
 11
97.1084
 21
189.051
  0
LINE
  8
0
 10
85.1084
 20
174.051
 11
92.1123
 21
165
  0
LINE
  8
0
 10
92.1123
 20
165
 11
85.1084
 21
156.156
  0
LINE
  8
0
 10
85.1084
 20
156.156
 11
85.1084
 21
174.051
  0
LINE
  8
0
 10
97.8877
 20
165
 11
104.892
 21
174.051
  0
LINE
  8
0
 10
104.892
 20
174.051
 11
104.892
 21
156.156
  0
LINE
  8
0
 10
104.892
 20
156.156
 11
97.8877
 21
165
  0
LINE
  8
0
 10
109.108
 20
168.573
 11
111.969
 21
159.768
  0
LINE
  8
0
 10
111.969
 20
159.768
 11
109.108
 21
156.156
  0
LINE
  8
0
 10
109.108
 20
156.156
 11
109.108
 21
168.573
  0
LINE
  8
0
 10
78.0312
 20
159.768
 11
80.8916
 21
168.573
  0
LINE
  8
0
 10
80.8916
 20
168.573
 11
80.8916
 21
156.156
  0
LINE
  8
0
 10
80.8916
 20
156.156
 11
78.0312
 21
159.768
  0
LINE
  8
0
 10
85.8887
 20
150
 11
92.8916
 21
159.051
  0
LINE
  8
0
 10
92.8916
 20
159.051
 11
92.8916
 21
141.156
  0
LINE
  8
0
 10
92.8916
 20
141.156
 11
85.8887
 21
150
  0
LINE
  8
0
 10
97.1084
 20
159.051
 11
104.111
 21
150
  0
LINE
  8
0
 10
104.111
 20
150
 11
97.1084
 21
141.156
  0
LINE
  8
0
 10
97.1084
 20
141.156
 11
97.1084
 21
159.051
  0
LINE
  8
0
 10
73.1084
 20
144.619
 11
76.4111
 21
154.783
  0
LINE
  8
0
 10
76.4111
 20
154.783
 11
80.1123
 21
150
  0
LINE
  8
0
 10
80.1123
 20
150
 11
73.1084
 21
141.156
  0
LINE
  8
0
 10
73.1084
 20
141.156
 11
73.1084
 21
144.619
  0
LINE
  8
0
 10
109.888
 20
150
 11
113.589
 21
154.783
  0
LINE
  8
0
 10
113.589
 20
154.783
 11
116.892
 21
144.619
  0
LINE
  8
0
 10
116.892
 20
144.619
 11
116.892
 21
141.156
  0
LINE
  8
0
 10
116.892
 20
141.156
 11
109.888
 21
150
  0
LINE
  8
0
 10
97.8877
 20
135
 11
104.892
 21
144.051
  0
LINE
  8
0
 10
104.892
 20
144.051
 11
104.892
 21
126.156
  0
LINE
  8
0
 10
104.892
 20
126.156
 11
97.8877
 21
135
  0
LINE
  8
0
 10
109.108
 20
144.051
 11
116.111
 21
135
  0
LINE
  8
0
 10
116.111
 20
135
 11
109.108
 21
126.156
  0
LINE
  8
0
 10
109.108
 20
126.156
 11
109.108
 21
144.051
  0
LINE
  8
0
 10
85.1084
 20
144.051
 11
92.1123
 21
135
  0
LINE
  8
0
 10
92.1123
 20
135
 11
85.1084
 21
126.156
  0
LINE
  8
0
 10
85.1084
 20
126.156
 11
85.1084
 21
144.051
  0
LINE
  8
0
 10
73.8887
 20
135
 11
80.8916
 21
144.051
  0
LINE
  8
0
 10
80.8916
 20
144.051
 11
80.8916
 21
126.156
  0
LINE
  8
0
 10
80.8916
 20
126.156
 11
73.8887
 21
135
  0
LINE
  8
0
 10
73.1084
 20
129.051
 11
80.1123
 21
120
  0
LINE
  8
0
 10
80.1123
 20
120
 11
73.1084
 21
111.156
  0
LINE
  8
0
 10
73.1084
 20
111.156
 11
73.1084
 21
129.051
  0
LINE
  8
0
 10
109.888
 20
120
 11
116.892
 21
129.051
  0
LINE
  8
0
 10
116.892
 20
129.051
 11
116.892
 21
111.156
  0
LINE
  8
0
 10
116.892
 20
111.156
 11
109.888
 21
120
  0
LINE
  8
0
 10
64.1729
 20
117.116
 11
67.4414
 21
127.177
  0
LINE
  8
0
 10
67.4414
 20
127.177
 11
68.8916
 21
129.051
  0
LINE
  8
0
 10
68.8916
 20
129.051
 11
68.8916
 21
111.156
  0
LINE
  8
0
 10
68.8916
 20
111.156
 11
64.1729
 21
117.116
  0
LINE
  8
0
 10
85.8887
 20
120
 11
92.8916
 21
129.051
  0
LINE
  8
0
 10
92.8916
 20
129.051
 11
92.8916
 21
111.156
  0
LINE
  8
0
 10
92.8916
 20
111.156
 11
85.8887
 21
120
  0
LINE
  8
0
 10
97.1084
 20
129.051
 11
104.111
 21
120
  0
LINE
  8
0
 10
104.111
 20
120
 11
97.1084
 21
111.156
  0
LINE
  8
0
 10
97.1084
 20
111.156
 11
97.1084
 21
129.051
  0
LINE
  8
0
 10
121.108
 20
129.051
 11
122.559
 21
127.177
  0
LINE
  8
0
 10
122.559
 20
127.177
 11
125.827
 21
117.116
  0
LINE
  8
0
 10
125.827
 20
117.116
 11
121.108
 21
111.156
  0
LINE
  8
0
 10
121.108
 20
111.156
 11
121.108
 21
129.051
  0
LINE
  8
0
 10
109.108
 20
114.052
 11
116.111
 21
105
  0
LINE
  8
0
 10
116.111
 20
105
 11
109.108
 21
96.1562
  0
LINE
  8
0
 10
109.108
 20
96.1562
 11
109.108
 21
114.052
  0
LINE
  8
0
 10
85.1084
 20
114.052
 11
92.1123
 21
105
  0
LINE
  8
0
 10
92.1123
 20
105
 11
85.1084
 21
96.1562
  0
LINE
  8
0
 10
85.1084
 20
96.1562
 11
85.1084
 21
114.052
  0
LINE
  8
0
 10
97.8877
 20
105
 11
104.892
 21
114.052
  0
LINE
  8
0
 10
104.892
 20
114.052
 11
104.892
 21
96.1562
  0
LINE
  8
0
 10
104.892
 20
96.1562
 11
97.8877
 21
105
  0
LINE
  8
0
 10
73.8887
 20
105
 11
80.8916
 21
114.052
  0
LINE
  8
0
 10
80.8916
 20
114.052
 11
80.8916
 21
96.1562
  0
LINE
  8
0
 10
80.8916
 20
96.1562
 11
73.8887
 21
105
  0
LINE
  8
0
 10
61.1084
 20
107.687
 11
62.5654
 21
112.169
  0
LINE
  8
0
 10
62.5654
 20
112.169
 11
68.1123
 21
105
  0
LINE
  8
0
 10
68.1123
 20
105
 11
61.1084
 21
96.1562
  0
LINE
  8
0
 10
61.1084
 20
96.1562
 11
61.1084
 21
107.687
  0
LINE
  8
0
 10
121.888
 20
105
 11
127.435
 21
112.169
  0
LINE
  8
0
 10
127.435
 20
112.169
 11
128.892
 21
107.687
  0
LINE
  8
0
 10
128.892
 20
107.687
 11
128.892
 21
96.1562
  0
LINE
  8
0
 10
128.892
 20
96.1562
 11
121.888
 21
105
  0
LINE
  8
0
 10
73.1084
 20
99.0518
 11
80.1123
 21
90
  0
LINE
  8
0
 10
80.1123
 20
90
 11
73.1084
 21
81.1562
  0
LINE
  8
0
 10
73.1084
 20
81.1562
 11
73.1084
 21
99.0518
  0
LINE
  8
0
 10
97.1084
 20
99.0518
 11
104.111
 21
90
  0
LINE
  8
0
 10
104.111
 20
90
 11
97.1084
 21
81.1562
  0
LINE
  8
0
 10
97.1084
 20
81.1562
 11
97.1084
 21
99.0518
  0
LINE
  8
0
 10
85.8887
 20
90
 11
92.8916
 21
99.0518
  0
LINE
  8
0
 10
92.8916
 20
99.0518
 11
92.8916
 21
81.1562
  0
LINE
  8
0
 10
92.8916
 20
81.1562
 11
85.8887
 21
90
  0
LINE
  8
0
 10
61.8887
 20
90
 11
68.8916
 21
99.0518
  0
LINE
  8
0
 10
68.8916
 20
99.0518
 11
68.8916
 21
81.1562
  0
LINE
  8
0
 10
68.8916
 20
81.1562
 11
61.8887
 21
90
  0
LINE
  8
0
 10
121.108
 20
99.0518
 11
128.111
 21
90
  0
LINE
  8
0
 10
128.111
 20
90
 11
121.108
 21
81.1562
  0
LINE
  8
0
 10
121.108
 20
81.1562
 11
121.108
 21
99.0518
  0
LINE
  8
0
 10
109.888
 20
90
 11
116.892
 21
99.0518
  0
LINE
  8
0
 10
116.892
 20
99.0518
 11
116.892
 21
81.1562
  0
LINE
  8
0
 10
116.892
 20
81.1562
 11
109.888
 21
90
  0
LINE
  8
0
 10
55.584
 20
90.6826
 11
56.1123
 21
90
  0
LINE
  8
0
 10
56.1123
 20
90
 11
54.8398
 21
88.3936
  0
LINE
  8
0
 10
54.8398
 20
88.3936
 11
55.584
 21
90.6826
  0
LINE
  8
0
 10
133.888
 20
90
 11
134.416
 21
90.6826
  0
LINE
  8
0
 10
134.416
 20
90.6826
 11
135.16
 21
88.3936
  0
LINE
  8
0
 10
135.16
 20
88.3936
 11
133.888
 21
90
  0
LINE
  8
0
 10
61.1084
 20
84.0518
 11
68.1123
 21
75
  0
LINE
  8
0
 10
68.1123
 20
75
 11
61.1084
 21
66.1562
  0
LINE
  8
0
 10
61.1084
 20
66.1562
 11
61.1084
 21
84.0518
  0
LINE
  8
0
 10
73.8887
 20
75
 11
80.8916
 21
84.0518
  0
LINE
  8
0
 10
80.8916
 20
84.0518
 11
80.8916
 21
66.1562
  0
LINE
  8
0
 10
80.8916
 20
66.1562
 11
73.8887
 21
75
  0
LINE
  8
0
 10
133.108
 20
84.0518
 11
139.077
 21
76.3369
  0
LINE
  8
0
 10
139.077
 20
76.3369
 11
139.687
 21
74.4629
  0
LINE
  8
0
 10
139.687
 20
74.4629
 11
133.108
 21
66.1562
  0
LINE
  8
0
 10
133.108
 20
66.1562
 11
133.108
 21
84.0518
  0
LINE
  8
0
 10
85.1084
 20
84.0518
 11
92.1123
 21
75
  0
LINE
  8
0
 10
92.1123
 20
75
 11
85.1084
 21
66.1562
  0
LINE
  8
0
 10
85.1084
 20
66.1562
 11
85.1084
 21
84.0518
  0
LINE
  8
0
 10
97.8877
 20
75
 11
104.892
 21
84.0518
  0
LINE
  8
0
 10
104.892
 20
84.0518
 11
104.892
 21
66.1562
  0
LINE
  8
0
 10
104.892
 20
66.1562
 11
97.8877
 21
75
  0
LINE
  8
0
 10
121.888
 20
75
 11
128.892
 21
84.0518
  0
LINE
  8
0
 10
128.892
 20
84.0518
 11
128.892
 21
66.1562
  0
LINE
  8
0
 10
128.892
 20
66.1562
 11
121.888
 21
75
  0
LINE
  8
0
 10
50.3135
 20
74.4629
 11
50.9229
 21
76.3369
  0
LINE
  8
0
 10
50.9229
 20
76.3369
 11
56.8916
 21
84.0518
  0
LINE
  8
0
 10
56.8916
 20
84.0518
 11
56.8916
 21
66.1562
  0
LINE
  8
0
 10
56.8916
 20
66.1562
 11
50.3135
 21
74.4629
  0
LINE
  8
0
 10
109.108
 20
84.0518
 11
116.111
 21
75
  0
LINE
  8
0
 10
116.111
 20
75
 11
109.108
 21
66.1562
  0
LINE
  8
0
 10
109.108
 20
66.1562
 11
109.108
 21
84.0518
  0
LINE
  8
0
 10
97.1084
 20
69.0518
 11
104.111
 21
60
  0
LINE
  8
0
 10
104.111
 20
60
 11
97.1084
 21
51.1562
  0
LINE
  8
0
 10
97.1084
 20
51.1562
 11
97.1084
 21
69.0518
  0
LINE
  8
0
 10
133.888
 20
60
 11
140.892
 21
69.0518
  0
LINE
  8
0
 10
140.892
 20
69.0518
 11
140.892
 21
51.1562
  0
LINE
  8
0
 10
140.892
 20
51.1562
 11
133.888
 21
60
  0
LINE
  8
0
 10
61.8887
 20
60
 11
68.8916
 21
69.0518
  0
LINE
  8
0
 10
68.8916
 20
69.0518
 11
68.8916
 21
51.1562
  0
LINE
  8
0
 10
68.8916
 20
51.1562
 11
61.8887
 21
60
  0
LINE
  8
0
 10
73.1084
 20
69.0518
 11
80.1123
 21
60
  0
LINE
  8
0
 10
80.1123
 20
60
 11
73.1084
 21
51.1562
  0
LINE
  8
0
 10
73.1084
 20
51.1562
 11
73.1084
 21
69.0518
  0
LINE
  8
0
 10
121.108
 20
69.0518
 11
128.111
 21
60
  0
LINE
  8
0
 10
128.111
 20
60
 11
121.108
 21
51.1562
  0
LINE
  8
0
 10
121.108
 20
51.1562
 11
121.108
 21
69.0518
  0
LINE
  8
0
 10
109.888
 20
60
 11
116.892
 21
69.0518
  0
LINE
  8
0
 10
116.892
 20
69.0518
 11
116.892
 21
51.1562
  0
LINE
  8
0
 10
116.892
 20
51.1562
 11
109.888
 21
60
  0
LINE
  8
0
 10
49.1084
 20
69.0518
 11
56.1123
 21
60
  0
LINE
  8
0
 10
56.1123
 20
60
 11
49.1084
 21
51.1562
  0
LINE
  8
0
 10
49.1084
 20
51.1562
 11
49.1084
 21
69.0518
  0
LINE
  8
0
 10
85.8887
 20
60
 11
92.8916
 21
69.0518
  0
LINE
  8
0
 10
92.8916
 20
69.0518
 11
92.8916
 21
51.1562
  0
LINE
  8
0
 10
92.8916
 20
51.1562
 11
85.8887
 21
60
  0
LINE
  8
0
 10
145.108
 20
57.7764
 11
146.634
 21
53.082
  0
LINE
  8
0
 10
146.634
 20
53.082
 11
145.108
 21
51.1562
  0
LINE
  8
0
 10
145.108
 20
51.1562
 11
145.108
 21
57.7764
  0
LINE
  8
0
 10
43.3662
 20
53.082
 11
44.8916
 21
57.7764
  0
LINE
  8
0
 10
44.8916
 20
57.7764
 11
44.8916
 21
51.1562
  0
LINE
  8
0
 10
44.8916
 20
51.1562
 11
43.3662
 21
53.082
  0
LINE
  8
0
 10
133.108
 20
54.0518
 11
140.111
 21
45
  0
LINE
  8
0
 10
140.111
 20
45
 11
133.108
 21
36.1562
  0
LINE
  8
0
 10
133.108
 20
36.1562
 11
133.108
 21
54.0518
  0
LINE
  8
0
 10
85.1084
 20
54.0518
 11
92.1123
 21
45
  0
LINE
  8
0
 10
92.1123
 20
45
 11
85.1084
 21
36.1562
  0
LINE
  8
0
 10
85.1084
 20
36.1562
 11
85.1084
 21
54.0518
  0
LINE
  8
0
 10
121.888
 20
45
 11
128.892
 21
54.0518
  0
LINE
  8
0
 10
128.892
 20
54.0518
 11
128.892
 21
36.1562
  0
LINE
  8
0
 10
128.892
 20
36.1562
 11
121.888
 21
45
  0
LINE
  8
0
 10
49.8887
 20
45
 11
56.8916
 21
54.0518
  0
LINE
  8
0
 10
56.8916
 20
54.0518
 11
56.8916
 21
36.1562
  0
LINE
  8
0
 10
56.8916
 20
36.1562
 11
49.8887
 21
45
  0
LINE
  8
0
 10
61.1084
 20
54.0518
 11
68.1123
 21
45
  0
LINE
  8
0
 10
68.1123
 20
45
 11
61.1084
 21
36.1562
  0
LINE
  8
0
 10
61.1084
 20
36.1562
 11
61.1084
 21
54.0518
  0
LINE
  8
0
 10
109.108
 20
54.0518
 11
116.111
 21
45
  0
LINE
  8
0
 10
116.111
 20
45
 11
109.108
 21
36.1562
  0
LINE
  8
0
 10
109.108
 20
36.1562
 11
109.108
 21
54.0518
  0
LINE
  8
0
 10
97.8877
 20
45
 11
104.892
 21
54.0518
  0
LINE
  8
0
 10
104.892
 20
54.0518
 11
104.892
 21
36.1562
  0
LINE
  8
0
 10
104.892
 20
36.1562
 11
97.8877
 21
45
  0
LINE
  8
0
 10
73.8887
 20
45
 11
80.8916
 21
54.0518
  0
LINE
  8
0
 10
80.8916
 20
54.0518
 11
80.8916
 21
36.1562
  0
LINE
  8
0
 10
80.8916
 20
36.1562
 11
73.8887
 21
45
  0
LINE
  8
0
 10
145.889
 20
45
 11
148.263
 21
48.0684
  0
LINE
  8
0
 10
148.263
 20
48.0684
 11
151.605
 21
37.7803
  0
LINE
  8
0
 10
151.605
 20
37.7803
 11
145.889
 21
45
  0
LINE
  8
0
 10
41.7373
 20
48.0684
 11
44.1113
 21
45
  0
LINE
  8
0
 10
44.1113
 20
45
 11
38.3945
 21
37.7803
  0
LINE
  8
0
 10
38.3945
 20
37.7803
 11
41.7373
 21
48.0684
  0
LINE
  8
0
 10
87.4355
 20
32
 11
92.8916
 21
39.0518
  0
LINE
  8
0
 10
92.8916
 20
39.0518
 11
92.8916
 21
32
  0
LINE
  8
0
 10
92.8916
 20
32
 11
87.4355
 21
32
  0
LINE
  8
0
 10
121.108
 20
32
 11
121.108
 21
39.0518
  0
LINE
  8
0
 10
121.108
 20
39.0518
 11
126.563
 21
32
  0
LINE
  8
0
 10
126.563
 20
32
 11
121.108
 21
32
  0
LINE
  8
0
 10
63.4365
 20
32
 11
68.8916
 21
39.0518
  0
LINE
  8
0
 10
68.8916
 20
39.0518
 11
68.8916
 21
32
  0
LINE
  8
0
 10
68.8916
 20
32
 11
63.4365
 21
32
  0
LINE
  8
0
 10
111.436
 20
32
 11
116.892
 21
39.0518
  0
LINE
  8
0
 10
116.892
 20
39.0518
 11
116.892
 21
32
  0
LINE
  8
0
 10
116.892
 20
32
 11
111.436
 21
32
  0
LINE
  8
0
 10
97.1084
 20
32
 11
97.1084
 21
39.0518
  0
LINE
  8
0
 10
97.1084
 20
39.0518
 11
102.564
 21
32
  0
LINE
  8
0
 10
102.564
 20
32
 11
97.1084
 21
32
  0
LINE
  8
0
 10
39.4355
 20
32
 11
44.8916
 21
39.0518
  0
LINE
  8
0
 10
44.8916
 20
39.0518
 11
44.8916
 21
32
  0
LINE
  8
0
 10
44.8916
 20
32
 11
39.4355
 21
32
  0
LINE
  8
0
 10
49.1084
 20
32
 11
49.1084
 21
39.0518
  0
LINE
  8
0
 10
49.1084
 20
39.0518
 11
54.5645
 21
32
  0
LINE
  8
0
 10
54.5645
 20
32
 11
49.1084
 21
32
  0
LINE
  8
0
 10
145.108
 20
32
 11
145.108
 21
39.0518
  0
LINE
  8
0
 10
145.108
 20
39.0518
 11
150.564
 21
32
  0
LINE
  8
0
 10
150.564
 20
32
 11
145.108
 21
32
  0
LINE
  8
0
 10
135.436
 20
32
 11
140.892
 21
39.0518
  0
LINE
  8
0
 10
140.892
 20
39.0518
 11
140.892
 21
32
  0
LINE
  8
0
 10
140.892
 20
32
 11
135.436
 21
32
  0
LINE
  8
0
 10
73.1084
 20
32
 11
73.1084
 21
39.0518
  0
LINE
  8
0
 10
73.1084
 20
39.0518
 11
78.5645
 21
32
  0
LINE
  8
0
 10
78.5645
 20
32
 11
73.1084
 21
32
  0
LINE
  8
0
 10
85
 20
27
 11
85
 21
31
  0
LINE
  8
0
 10
85
 20
31
 11
105
 21
31
  0
LINE
  8
0
 10
105
 20
31
 11
105
 21
27
  0
LINE
  8
0
 10
105
 20
27
 11
85
 21
27
  0
LINE
  8
0
 10
26.3467
 20
22.7061
 11
26.2217
 21
22.7178
  0
LINE
  8
0
 10
26.2217
 20
22.7178
 11
26.0977
 21
22.7373
  0
LINE
  8
0
 10
26.0977
 20
22.7373
 11
25.9746
 21
22.7646
  0
LINE
  8
0
 10
25.9746
 20
22.7646
 11
25.8545
 21
22.7998
  0
LINE
  8
0
 10
25.8545
 20
22.7998
 11
25.7363
 21
22.8428
  0
LINE
  8
0
 10
25.7363
 20
22.8428
 11
25.6201
 21
22.8926
  0
LINE
  8
0
 10
25.6201
 20
22.8926
 11
25.5088
 21
22.9492
  0
LINE
  8
0
 10
25.5088
 20
22.9492
 11
25.4004
 21
23.0137
  0
LINE
  8
0
 10
25.4004
 20
23.0137
 11
25.2969
 21
23.084
  0
LINE
  8
0
 10
25.2969
 20
23.084
 11
25.1973
 21
23.1611
  0
LINE
  8
0
 10
25.1973
 20
23.1611
 11
25.1025
 21
23.2441
  0
LINE
  8
0
 10
25.1025
 20
23.2441
 11
25.0146
 21
23.333
  0
LINE
  8
0
 10
25.0146
 20
23.333
 11
24.9307
 21
23.4277
  0
LINE
  8
0
 10
24.9307
 20
23.4277
 11
24.8545
 21
23.5264
  0
LINE
  8
0
 10
24.8545
 20
23.5264
 11
24.7832
 21
23.6309
  0
LINE
  8
0
 10
24.7832
 20
23.6309
 11
24.7197
 21
23.7393
  0
LINE
  8
0
 10
24.7197
 20
23.7393
 11
24.6621
 21
23.8506
  0
LINE
  8
0
 10
24.6621
 20
23.8506
 11
24.6123
 21
23.9658
  0
LINE
  8
0
 10
24.6123
 20
23.9658
 11
24.5703
 21
24.084
  0
LINE
  8
0
 10
24.5703
 20
24.084
 11
24.5352
 21
24.2051
  0
LINE
  8
0
 10
24.5352
 20
24.2051
 11
24.5078
 21
24.3271
  0
LINE
  8
0
 10
24.5078
 20
24.3271
 11
24.4883
 21
24.4512
  0
LINE
  8
0
 10
24.4883
 20
24.4512
 11
24.4766
 21
24.5771
  0
LINE
  8
0
 10
24.4766
 20
24.5771
 11
24.4717
 21
24.7021
  0
LINE
  8
0
 10
24.4717
 20
24.7021
 11
24.4766
 21
24.8281
  0
LINE
  8
0
 10
24.4766
 20
24.8281
 11
24.4883
 21
24.9531
  0
LINE
  8
0
 10
24.4883
 20
24.9531
 11
24.5078
 21
25.0771
  0
LINE
  8
0
 10
24.5078
 20
25.0771
 11
24.5352
 21
25.1992
  0
LINE
  8
0
 10
24.5352
 20
25.1992
 11
24.5703
 21
25.3203
  0
LINE
  8
0
 10
24.5703
 20
25.3203
 11
24.6123
 21
25.4385
  0
LINE
  8
0
 10
24.6123
 20
25.4385
 11
24.6621
 21
25.5537
  0
LINE
  8
0
 10
24.6621
 20
25.5537
 11
24.7197
 21
25.666
  0
LINE
  8
0
 10
24.7197
 20
25.666
 11
24.7832
 21
25.7744
  0
LINE
  8
0
 10
24.7832
 20
25.7744
 11
24.8545
 21
25.8779
  0
LINE
  8
0
 10
24.8545
 20
25.8779
 11
24.9307
 21
25.9775
  0
LINE
  8
0
 10
24.9307
 20
25.9775
 11
25.0146
 21
26.0713
  0
LINE
  8
0
 10
25.0146
 20
26.0713
 11
25.1025
 21
26.1602
  0
LINE
  8
0
 10
25.1025
 20
26.1602
 11
25.1973
 21
26.2432
  0
LINE
  8
0
 10
25.1973
 20
26.2432
 11
25.2969
 21
26.3203
  0
LINE
  8
0
 10
25.2969
 20
26.3203
 11
25.4004
 21
26.3906
  0
LINE
  8
0
 10
25.4004
 20
26.3906
 11
25.5088
 21
26.4551
  0
LINE
  8
0
 10
25.5088
 20
26.4551
 11
25.6201
 21
26.5117
  0
LINE
  8
0
 10
25.6201
 20
26.5117
 11
25.7363
 21
26.5615
  0
LINE
  8
0
 10
25.7363
 20
26.5615
 11
25.8545
 21
26.6045
  0
LINE
  8
0
 10
25.8545
 20
26.6045
 11
25.9746
 21
26.6396
  0
LINE
  8
0
 10
25.9746
 20
26.6396
 11
26.0977
 21
26.667
  0
LINE
  8
0
 10
26.0977
 20
26.667
 11
26.2217
 21
26.6865
  0
LINE
  8
0
 10
26.2217
 20
26.6865
 11
26.3467
 21
26.6982
  0
LINE
  8
0
 10
26.3467
 20
26.6982
 11
26.4717
 21
26.7021
  0
LINE
  8
0
 10
26.4717
 20
26.7021
 11
26.5977
 21
26.6982
  0
LINE
  8
0
 10
26.5977
 20
26.6982
 11
26.7227
 21
26.6865
  0
LINE
  8
0
 10
26.7227
 20
26.6865
 11
26.8467
 21
26.667
  0
LINE
  8
0
 10
26.8467
 20
26.667
 11
26.9697
 21
26.6396
  0
LINE
  8
0
 10
26.9697
 20
26.6396
 11
27.0898
 21
26.6045
  0
LINE
  8
0
 10
27.0898
 20
26.6045
 11
27.208
 21
26.5615
  0
LINE
  8
0
 10
27.208
 20
26.5615
 11
27.3232
 21
26.5117
  0
LINE
  8
0
 10
27.3232
 20
26.5117
 11
27.4355
 21
26.4551
  0
LINE
  8
0
 10
27.4355
 20
26.4551
 11
27.5439
 21
26.3906
  0
LINE
  8
0
 10
27.5439
 20
26.3906
 11
27.6475
 21
26.3203
  0
LINE
  8
0
 10
27.6475
 20
26.3203
 11
27.7471
 21
26.2432
  0
LINE
  8
0
 10
27.7471
 20
26.2432
 11
27.8408
 21
26.1602
  0
LINE
  8
0
 10
27.8408
 20
26.1602
 11
27.9297
 21
26.0713
  0
LINE
  8
0
 10
27.9297
 20
26.0713
 11
28.0137
 21
25.9775
  0
LINE
  8
0
 10
28.0137
 20
25.9775
 11
28.0898
 21
25.8779
  0
LINE
  8
0
 10
28.0898
 20
25.8779
 11
28.1611
 21
25.7744
  0
LINE
  8
0
 10
28.1611
 20
25.7744
 11
28.2246
 21
25.666
  0
LINE
  8
0
 10
28.2246
 20
25.666
 11
28.2822
 21
25.5537
  0
LINE
  8
0
 10
28.2822
 20
25.5537
 11
28.332
 21
25.4385
  0
LINE
  8
0
 10
28.332
 20
25.4385
 11
28.374
 21
25.3203
  0
LINE
  8
0
 10
28.374
 20
25.3203
 11
28.4092
 21
25.1992
  0
LINE
  8
0
 10
28.4092
 20
25.1992
 11
28.4365
 21
25.0771
  0
LINE
  8
0
 10
28.4365
 20
25.0771
 11
28.4561
 21
24.9531
  0
LINE
  8
0
 10
28.4561
 20
24.9531
 11
28.4678
 21
24.8281
  0
LINE
  8
0
 10
28.4678
 20
24.8281
 11
28.4717
 21
24.7021
  0
LINE
  8
0
 10
28.4717
 20
24.7021
 11
28.4678
 21
24.5771
  0
LINE
  8
0
 10
28.4678
 20
24.5771
 11
28.4561
 21
24.4512
  0
LINE
  8
0
 10
28.4561
 20
24.4512
 11
28.4365
 21
24.3271
  0
LINE
  8
0
 10
28.4365
 20
24.3271
 11
28.4092
 21
24.2051
  0
LINE
  8
0
 10
28.4092
 20
24.2051
 11
28.374
 21
24.084
  0
LINE
  8
0
 10
28.374
 20
24.084
 11
28.332
 21
23.9658
  0
LINE
  8
0
 10
28.332
 20
23.9658
 11
28.2822
 21
23.8506
  0
LINE
  8
0
 10
28.2822
 20
23.8506
 11
28.2246
 21
23.7393
  0
LINE
  8
0
 10
28.2246
 20
23.7393
 11
28.1611
 21
23.6309
  0
LINE
  8
0
 10
28.1611
 20
23.6309
 11
28.0898
 21
23.5264
  0
LINE
  8
0
 10
28.0898
 20
23.5264
 11
28.0137
 21
23.4277
  0
LINE
  8
0
 10
28.0137
 20
23.4277
 11
27.9297
 21
23.333
  0
LINE
  8
0
 10
27.9297
 20
23.333
 11
27.8408
 21
23.2441
  0
LINE
  8
0
 10
27.8408
 20
23.2441
 11
27.7471
 21
23.1611
  0
LINE
  8
0
 10
27.7471
 20
23.1611
 11
27.6475
 21
23.084
  0
LINE
  8
0
 10
27.6475
 20
23.084
 11
27.5439
 21
23.0137
  0
LINE
  8
0
 10
27.5439
 20
23.0137
 11
27.4355
 21
22.9492
  0
LINE
  8
0
 10
27.4355
 20
22.9492
 11
27.3232
 21
22.8926
  0
LINE
  8
0
 10
27.3232
 20
22.8926
 11
27.208
 21
22.8428
  0
LINE
  8
0
 10
27.208
 20
22.8428
 11
27.0898
 21
22.7998
  0
LINE
  8
0
 10
27.0898
 20
22.7998
 11
26.9697
 21
22.7646
  0
LINE
  8
0
 10
26.9697
 20
22.7646
 11
26.8467
 21
22.7373
  0
LINE
  8
0
 10
26.8467
 20
22.7373
 11
26.7227
 21
22.7178
  0
LINE
  8
0
 10
26.7227
 20
22.7178
 11
26.5977
 21
22.7061
  0
LINE
  8
0
 10
26.5977
 20
22.7061
 11
26.4717
 21
22.7021
  0
LINE
  8
0
 10
26.4717
 20
22.7021
 11
26.3467
 21
22.7061
  0
LINE
  8
0
 10
163.402
 20
22.7061
 11
163.277
 21
22.7178
  0
LINE
  8
0
 10
163.277
 20
22.7178
 11
163.153
 21
22.7373
  0
LINE
  8
0
 10
163.153
 20
22.7373
 11
163.03
 21
22.7646
  0
LINE
  8
0
 10
163.03
 20
22.7646
 11
162.91
 21
22.7998
  0
LINE
  8
0
 10
162.91
 20
22.7998
 11
162.792
 21
22.8428
  0
LINE
  8
0
 10
162.792
 20
22.8428
 11
162.677
 21
22.8926
  0
LINE
  8
0
 10
162.677
 20
22.8926
 11
162.564
 21
22.9492
  0
LINE
  8
0
 10
162.564
 20
22.9492
 11
162.456
 21
23.0137
  0
LINE
  8
0
 10
162.456
 20
23.0137
 11
162.353
 21
23.084
  0
LINE
  8
0
 10
162.353
 20
23.084
 11
162.253
 21
23.1611
  0
LINE
  8
0
 10
162.253
 20
23.1611
 11
162.159
 21
23.2441
  0
LINE
  8
0
 10
162.159
 20
23.2441
 11
162.07
 21
23.333
  0
LINE
  8
0
 10
162.07
 20
23.333
 11
161.986
 21
23.4277
  0
LINE
  8
0
 10
161.986
 20
23.4277
 11
161.91
 21
23.5264
  0
LINE
  8
0
 10
161.91
 20
23.5264
 11
161.839
 21
23.6309
  0
LINE
  8
0
 10
161.839
 20
23.6309
 11
161.775
 21
23.7393
  0
LINE
  8
0
 10
161.775
 20
23.7393
 11
161.718
 21
23.8506
  0
LINE
  8
0
 10
161.718
 20
23.8506
 11
161.668
 21
23.9658
  0
LINE
  8
0
 10
161.668
 20
23.9658
 11
161.626
 21
24.084
  0
LINE
  8
0
 10
161.626
 20
24.084
 11
161.591
 21
24.2051
  0
LINE
  8
0
 10
161.591
 20
24.2051
 11
161.563
 21
24.3271
  0
LINE
  8
0
 10
161.563
 20
24.3271
 11
161.544
 21
24.4512
  0
LINE
  8
0
 10
161.544
 20
24.4512
 11
161.532
 21
24.5771
  0
LINE
  8
0
 10
161.532
 20
24.5771
 11
161.528
 21
24.7021
  0
LINE
  8
0
 10
161.528
 20
24.7021
 11
161.532
 21
24.8281
  0
LINE
  8
0
 10
161.532
 20
24.8281
 11
161.544
 21
24.9531
  0
LINE
  8
0
 10
161.544
 20
24.9531
 11
161.563
 21
25.0771
  0
LINE
  8
0
 10
161.563
 20
25.0771
 11
161.591
 21
25.1992
  0
LINE
  8
0
 10
161.591
 20
25.1992
 11
161.626
 21
25.3203
  0
LINE
  8
0
 10
161.626
 20
25.3203
 11
161.668
 21
25.4385
  0
LINE
  8
0
 10
161.668
 20
25.4385
 11
161.718
 21
25.5537
  0
LINE
  8
0
 10
161.718
 20
25.5537
 11
161.775
 21
25.666
  0
LINE
  8
0
 10
161.775
 20
25.666
 11
161.839
 21
25.7744
  0
LINE
  8
0
 10
161.839
 20
25.7744
 11
161.91
 21
25.8779
  0
LINE
  8
0
 10
161.91
 20
25.8779
 11
161.986
 21
25.9775
  0
LINE
  8
0
 10
161.986
 20
25.9775
 11
162.07
 21
26.0713
  0
LINE
  8
0
 10
162.07
 20
26.0713
 11
162.159
 21
26.1602
  0
LINE
  8
0
 10
162.159
 20
26.1602
 11
162.253
 21
26.2432
  0
LINE
  8
0
 10
162.253
 20
26.2432
 11
162.353
 21
26.3203
  0
LINE
  8
0
 10
162.353
 20
26.3203
 11
162.456
 21
26.3906
  0
LINE
  8
0
 10
162.456
 20
26.3906
 11
162.564
 21
26.4551
  0
LINE
  8
0
 10
162.564
 20
26.4551
 11
162.677
 21
26.5117
  0
LINE
  8
0
 10
162.677
 20
26.5117
 11
162.792
 21
26.5615
  0
LINE
  8
0
 10
162.792
 20
26.5615
 11
162.91
 21
26.6045
  0
LINE
  8
0
 10
162.91
 20
26.6045
 11
163.03
 21
26.6396
  0
LINE
  8
0
 10
163.03
 20
26.6396
 11
163.153
 21
26.667
  0
LINE
  8
0
 10
163.153
 20
26.667
 11
163.277
 21
26.6865
  0
LINE
  8
0
 10
163.277
 20
26.6865
 11
163.402
 21
26.6982
  0
LINE
  8
0
 10
163.402
 20
26.6982
 11
163.528
 21
26.7021
  0
LINE
  8
0
 10
163.528
 20
26.7021
 11
163.653
 21
26.6982
  0
LINE
  8
0
 10
163.653
 20
26.6982
 11
163.778
 21
26.6865
  0
LINE
  8
0
 10
163.778
 20
26.6865
 11
163.902
 21
26.667
  0
LINE
  8
0
 10
163.902
 20
26.667
 11
164.025
 21
26.6396
  0
LINE
  8
0
 10
164.025
 20
26.6396
 11
164.146
 21
26.6045
  0
LINE
  8
0
 10
164.146
 20
26.6045
 11
164.264
 21
26.5615
  0
LINE
  8
0
 10
164.264
 20
26.5615
 11
164.38
 21
26.5117
  0
LINE
  8
0
 10
164.38
 20
26.5117
 11
164.491
 21
26.4551
  0
LINE
  8
0
 10
164.491
 20
26.4551
 11
164.6
 21
26.3906
  0
LINE
  8
0
 10
164.6
 20
26.3906
 11
164.703
 21
26.3203
  0
LINE
  8
0
 10
164.703
 20
26.3203
 11
164.803
 21
26.2432
  0
LINE
  8
0
 10
164.803
 20
26.2432
 11
164.897
 21
26.1602
  0
LINE
  8
0
 10
164.897
 20
26.1602
 11
164.985
 21
26.0713
  0
LINE
  8
0
 10
164.985
 20
26.0713
 11
165.069
 21
25.9775
  0
LINE
  8
0
 10
165.069
 20
25.9775
 11
165.146
 21
25.8779
  0
LINE
  8
0
 10
165.146
 20
25.8779
 11
165.217
 21
25.7744
  0
LINE
  8
0
 10
165.217
 20
25.7744
 11
165.28
 21
25.666
  0
LINE
  8
0
 10
165.28
 20
25.666
 11
165.338
 21
25.5537
  0
LINE
  8
0
 10
165.338
 20
25.5537
 11
165.388
 21
25.4385
  0
LINE
  8
0
 10
165.388
 20
25.4385
 11
165.43
 21
25.3203
  0
LINE
  8
0
 10
165.43
 20
25.3203
 11
165.465
 21
25.1992
  0
LINE
  8
0
 10
165.465
 20
25.1992
 11
165.492
 21
25.0771
  0
LINE
  8
0
 10
165.492
 20
25.0771
 11
165.512
 21
24.9531
  0
LINE
  8
0
 10
165.512
 20
24.9531
 11
165.523
 21
24.8281
  0
LINE
  8
0
 10
165.523
 20
24.8281
 11
165.528
 21
24.7021
  0
LINE
  8
0
 10
165.528
 20
24.7021
 11
165.523
 21
24.5771
  0
LINE
  8
0
 10
165.523
 20
24.5771
 11
165.512
 21
24.4512
  0
LINE
  8
0
 10
165.512
 20
24.4512
 11
165.492
 21
24.3271
  0
LINE
  8
0
 10
165.492
 20
24.3271
 11
165.465
 21
24.2051
  0
LINE
  8
0
 10
165.465
 20
24.2051
 11
165.43
 21
24.084
  0
LINE
  8
0
 10
165.43
 20
24.084
 11
165.388
 21
23.9658
  0
LINE
  8
0
 10
165.388
 20
23.9658
 11
165.338
 21
23.8506
  0
LINE
  8
0
 10
165.338
 20
23.8506
 11
165.28
 21
23.7393
  0
LINE
  8
0
 10
165.28
 20
23.7393
 11
165.217
 21
23.6309
  0
LINE
  8
0
 10
165.217
 20
23.6309
 11
165.146
 21
23.5264
  0
LINE
  8
0
 10
165.146
 20
23.5264
 11
165.069
 21
23.4277
  0
LINE
  8
0
 10
165.069
 20
23.4277
 11
164.985
 21
23.333
  0
LINE
  8
0
 10
164.985
 20
23.333
 11
164.897
 21
23.2441
  0
LINE
  8
0
 10
164.897
 20
23.2441
 11
164.803
 21
23.1611
  0
LINE
  8
0
 10
164.803
 20
23.1611
 11
164.703
 21
23.084
  0
LINE
  8
0
 10
164.703
 20
23.084
 11
164.6
 21
23.0137
  0
LINE
  8
0
 10
164.6
 20
23.0137
 11
164.491
 21
22.9492
  0
LINE
  8
0
 10
164.491
 20
22.9492
 11
164.38
 21
22.8926
  0
LINE
  8
0
 10
164.38
 20
22.8926
 11
164.264
 21
22.8428
  0
LINE
  8
0
 10
164.264
 20
22.8428
 11
164.146
 21
22.7998
  0
LINE
  8
0
 10
164.146
 20
22.7998
 11
164.025
 21
22.7646
  0
LINE
  8
0
 10
164.025
 20
22.7646
 11
163.902
 21
22.7373
  0
LINE
  8
0
 10
163.902
 20
22.7373
 11
163.778
 21
22.7178
  0
LINE
  8
0
 10
163.778
 20
22.7178
 11
163.653
 21
22.7061
  0
LINE
  8
0
 10
163.653
 20
22.7061
 11
163.528
 21
22.7021
  0
LINE
  8
0
 10
163.528
 20
22.7021
 11
163.402
 21
22.7061
  0
LINE
  8
0
 10
245
 20
250.826
 11
170
 21
20
  0
LINE
  8
0
 10
170
 20
20
 11
320
 21
20
  0
LINE
  8
0
 10
320
 20
20
 11
245
 21
250.826
  0
LINE
  8
0
 10
244.874
 20
232.83
 11
244.749
 21
232.842
  0
LINE
  8
0
 10
244.749
 20
232.842
 11
244.625
 21
232.862
  0
LINE
  8
0
 10
244.625
 20
232.862
 11
244.503
 21
232.889
  0
LINE
  8
0
 10
244.503
 20
232.889
 11
244.382
 21
232.924
  0
LINE
  8
0
 10
244.382
 20
232.924
 11
244.264
 21
232.967
  0
LINE
  8
0
 10
244.264
 20
232.967
 11
244.148
 21
233.017
  0
LINE
  8
0
 10
244.148
 20
233.017
 11
244.036
 21
233.074
  0
LINE
  8
0
 10
244.036
 20
233.074
 11
243.929
 21
233.138
  0
LINE
  8
0
 10
243.929
 20
233.138
 11
243.824
 21
233.208
  0
LINE
  8
0
 10
243.824
 20
233.208
 11
243.726
 21
233.285
  0
LINE
  8
0
 10
243.726
 20
233.285
 11
243.631
 21
233.368
  0
LINE
  8
0
 10
243.631
 20
233.368
 11
243.542
 21
233.457
  0
LINE
  8
0
 10
243.542
 20
233.457
 11
243.459
 21
233.551
  0
LINE
  8
0
 10
243.459
 20
233.551
 11
243.382
 21
233.651
  0
LINE
  8
0
 10
243.382
 20
233.651
 11
243.312
 21
233.755
  0
LINE
  8
0
 10
243.312
 20
233.755
 11
243.247
 21
233.863
  0
LINE
  8
0
 10
243.247
 20
233.863
 11
243.19
 21
233.975
  0
LINE
  8
0
 10
243.19
 20
233.975
 11
243.141
 21
234.09
  0
LINE
  8
0
 10
243.141
 20
234.09
 11
243.098
 21
234.208
  0
LINE
  8
0
 10
243.098
 20
234.208
 11
243.062
 21
234.329
  0
LINE
  8
0
 10
243.062
 20
234.329
 11
243.035
 21
234.451
  0
LINE
  8
0
 10
243.035
 20
234.451
 11
243.016
 21
234.576
  0
LINE
  8
0
 10
243.016
 20
234.576
 11
243.004
 21
234.701
  0
LINE
  8
0
 10
243.004
 20
234.701
 11
243
 21
234.826
  0
LINE
  8
0
 10
243
 20
234.826
 11
243.004
 21
234.952
  0
LINE
  8
0
 10
243.004
 20
234.952
 11
243.016
 21
235.077
  0
LINE
  8
0
 10
243.016
 20
235.077
 11
243.035
 21
235.201
  0
LINE
  8
0
 10
243.035
 20
235.201
 11
243.062
 21
235.324
  0
LINE
  8
0
 10
243.062
 20
235.324
 11
243.098
 21
235.444
  0
LINE
  8
0
 10
243.098
 20
235.444
 11
243.141
 21
235.562
  0
LINE
  8
0
 10
243.141
 20
235.562
 11
243.19
 21
235.678
  0
LINE
  8
0
 10
243.19
 20
235.678
 11
243.247
 21
235.79
  0
LINE
  8
0
 10
243.247
 20
235.79
 11
243.312
 21
235.898
  0
LINE
  8
0
 10
243.312
 20
235.898
 11
243.382
 21
236.002
  0
LINE
  8
0
 10
243.382
 20
236.002
 11
243.459
 21
236.101
  0
LINE
  8
0
 10
243.459
 20
236.101
 11
243.542
 21
236.195
  0
LINE
  8
0
 10
243.542
 20
236.195
 11
243.631
 21
236.284
  0
LINE
  8
0
 10
243.631
 20
236.284
 11
243.726
 21
236.367
  0
LINE
  8
0
 10
243.726
 20
236.367
 11
243.824
 21
236.444
  0
LINE
  8
0
 10
243.824
 20
236.444
 11
243.929
 21
236.515
  0
LINE
  8
0
 10
243.929
 20
236.515
 11
244.036
 21
236.579
  0
LINE
  8
0
 10
244.036
 20
236.579
 11
244.148
 21
236.636
  0
LINE
  8
0
 10
244.148
 20
236.636
 11
244.264
 21
236.686
  0
LINE
  8
0
 10
244.264
 20
236.686
 11
244.382
 21
236.728
  0
LINE
  8
0
 10
244.382
 20
236.728
 11
244.503
 21
236.763
  0
LINE
  8
0
 10
244.503
 20
236.763
 11
244.625
 21
236.791
  0
LINE
  8
0
 10
244.625
 20
236.791
 11
244.749
 21
236.81
  0
LINE
  8
0
 10
244.749
 20
236.81
 11
244.874
 21
236.822
  0
LINE
  8
0
 10
244.874
 20
236.822
 11
245
 21
236.826
  0
LINE
  8
0
 10
245
 20
236.826
 11
245.126
 21
236.822
  0
LINE
  8
0
 10
245.126
 20
236.822
 11
245.251
 21
236.81
  0
LINE
  8
0
 10
245.251
 20
236.81
 11
245.375
 21
236.791
  0
LINE
  8
0
 10
245.375
 20
236.791
 11
245.497
 21
236.763
  0
LINE
  8
0
 10
245.497
 20
236.763
 11
245.618
 21
236.728
  0
LINE
  8
0
 10
245.618
 20
236.728
 11
245.736
 21
236.686
  0
LINE
  8
0
 10
245.736
 20
236.686
 11
245.852
 21
236.636
  0
LINE
  8
0
 10
245.852
 20
236.636
 11
245.964
 21
236.579
  0
LINE
  8
0
 10
245.964
 20
236.579
 11
246.071
 21
236.515
  0
LINE
  8
0
 10
246.071
 20
236.515
 11
246.176
 21
236.444
  0
LINE
  8
0
 10
246.176
 20
236.444
 11
246.274
 21
236.367
  0
LINE
  8
0
 10
246.274
 20
236.367
 11
246.369
 21
236.284
  0
LINE
  8
0
 10
246.369
 20
236.284
 11
246.458
 21
236.195
  0
LINE
  8
0
 10
246.458
 20
236.195
 11
246.541
 21
236.101
  0
LINE
  8
0
 10
246.541
 20
236.101
 11
246.618
 21
236.002
  0
LINE
  8
0
 10
246.618
 20
236.002
 11
246.688
 21
235.898
  0
LINE
  8
0
 10
246.688
 20
235.898
 11
246.753
 21
235.79
  0
LINE
  8
0
 10
246.753
 20
235.79
 11
246.81
 21
235.678
  0
LINE
  8
0
 10
246.81
 20
235.678
 11
246.859
 21
235.562
  0
LINE
  8
0
 10
246.859
 20
235.562
 11
246.902
 21
235.444
  0
LINE
  8
0
 10
246.902
 20
235.444
 11
246.938
 21
235.324
  0
LINE
  8
0
 10
246.938
 20
235.324
 11
246.965
 21
235.201
  0
LINE
  8
0
 10
246.965
 20
235.201
 11
246.984
 21
235.077
  0
LINE
  8
0
 10
246.984
 20
235.077
 11
246.996
 21
234.952
  0
LINE
  8
0
 10
246.996
 20
234.952
 11
247
 21
234.826
  0
LINE
  8
0
 10
247
 20
234.826
 11
246.996
 21
234.701
  0
LINE
  8
0
 10
246.996
 20
234.701
 11
246.984
 21
234.576
  0
LINE
  8
0
 10
246.984
 20
234.576
 11
246.965
 21
234.451
  0
LINE
  8
0
 10
246.965
 20
234.451
 11
246.938
 21
234.329
  0
LINE
  8
0
 10
246.938
 20
234.329
 11
246.902
 21
234.208
  0
LINE
  8
0
 10
246.902
 20
234.208
 11
246.859
 21
234.09
  0
LINE
  8
0
 10
246.859
 20
234.09
 11
246.81
 21
233.975
  0
LINE
  8
0
 10
246.81
 20
233.975
 11
246.753
 21
233.863
  0
LINE
  8
0
 10
246.753
 20
233.863
 11
246.688
 21
233.755
  0
LINE
  8
0
 10
246.688
 20
233.755
 11
246.618
 21
233.651
  0
LINE
  8
0
 10
246.618
 20
233.651
 11
246.541
 21
233.551
  0
LINE
  8
0
 10
246.541
 20
233.551
 11
246.458
 21
233.457
  0
LINE
  8
0
 10
246.458
 20
233.457
 11
246.369
 21
233.368
  0
LINE
  8
0
 10
246.369
 20
233.368
 11
246.274
 21
233.285
  0
LINE
  8
0
 10
246.274
 20
233.285
 11
246.176
 21
233.208
  0
LINE
  8
0
 10
246.176
 20
233.208
 11
246.071
 21
233.138
  0
LINE
  8
0
 10
246.071
 20
233.138
 11
245.964
 21
233.074
  0
LINE
  8
0
 10
245.964
 20
233.074
 11
245.852
 21
233.017
  0
LINE
  8
0
 10
245.852
 20
233.017
 11
245.736
 21
232.967
  0
LINE
  8
0
 10
245.736
 20
232.967
 11
245.618
 21
232.924
  0
LINE
  8
0
 10
245.618
 20
232.924
 11
245.497
 21
232.889
  0
LINE
  8
0
 10
245.497
 20
232.889
 11
245.375
 21
232.862
  0
LINE
  8
0
 10
245.375
 20
232.862
 11
245.251
 21
232.842
  0
LINE
  8
0
 10
245.251
 20
232.842
 11
245.126
 21
232.83
  0
LINE
  8
0
 10
245.126
 20
232.83
 11
245
 21
232.826
  0
LINE
  8
0
 10
245
 20
232.826
 11
244.874
 21
232.83
  0
LINE
  8
0
 10
244.853
 20
211.539
 11
245.158
 21
211.505
  0
LINE
  8
0
 10
245.158
 20
211.505
 11
245.518
 21
210.401
  0
LINE
  8
0
 10
245.518
 20
210.401
 11
244.444
 21
210.282
  0
LINE
  8
0
 10
244.444
 20
210.282
 11
244.853
 21
211.539
  0
LINE
  8
0
 10
243.771
 20
198.653
 11
243.098
 21
205.501
  0
LINE
  8
0
 10
243.098
 20
205.501
 11
243.661
 21
205.826
  0
LINE
  8
0
 10
243.661
 20
205.826
 11
246.797
 21
206.462
  0
LINE
  8
0
 10
246.797
 20
206.462
 11
249.338
 21
198.642
  0
LINE
  8
0
 10
249.338
 20
198.642
 11
246.23
 21
197.234
  0
LINE
  8
0
 10
246.23
 20
197.234
 11
238.585
 21
186.832
  0
LINE
  8
0
 10
238.585
 20
186.832
 11
243.771
 21
198.653
  0
LINE
  8
0
 10
241.032
 20
199.783
 11
241.298
 21
200.6
  0
LINE
  8
0
 10
241.298
 20
200.6
 11
242.209
 21
199.553
  0
LINE
  8
0
 10
242.209
 20
199.553
 11
241.032
 21
199.783
  0
LINE
  8
0
 10
251.003
 20
192.528
 11
251.159
 21
192.834
  0
LINE
  8
0
 10
251.159
 20
192.834
 11
251.168
 21
192.84
  0
LINE
  8
0
 10
251.168
 20
192.84
 11
251.161
 21
192.84
  0
LINE
  8
0
 10
251.161
 20
192.84
 11
251.164
 21
192.845
  0
LINE
  8
0
 10
251.164
 20
192.845
 11
251.156
 21
192.84
  0
LINE
  8
0
 10
251.156
 20
192.84
 11
250.812
 21
192.859
  0
LINE
  8
0
 10
250.812
 20
192.859
 11
247.791
 21
196.332
  0
LINE
  8
0
 10
247.791
 20
196.332
 11
250.244
 21
195.854
  0
LINE
  8
0
 10
250.244
 20
195.854
 11
252.623
 21
188.533
  0
LINE
  8
0
 10
252.623
 20
188.533
 11
252.5
 21
188.175
  0
LINE
  8
0
 10
252.5
 20
188.175
 11
251.003
 21
192.528
  0
LINE
  8
0
 10
246.344
 20
179.85
 11
241.834
 21
184.952
  0
LINE
  8
0
 10
241.834
 20
184.952
 11
246.343
 21
190.054
  0
LINE
  8
0
 10
246.343
 20
190.054
 11
246.905
 21
190.379
  0
LINE
  8
0
 10
246.905
 20
190.379
 11
252.499
 21
186.373
  0
LINE
  8
0
 10
252.499
 20
186.373
 11
253.355
 21
186.278
  0
LINE
  8
0
 10
253.355
 20
186.278
 11
254.187
 21
183.719
  0
LINE
  8
0
 10
254.187
 20
183.719
 11
252.499
 21
183.533
  0
LINE
  8
0
 10
252.499
 20
183.533
 11
246.905
 21
179.526
  0
LINE
  8
0
 10
246.905
 20
179.526
 11
246.344
 21
179.85
  0
LINE
  8
0
 10
243.661
 20
164.079
 11
243.099
 21
164.404
  0
LINE
  8
0
 10
243.099
 20
164.404
 11
243.771
 21
171.251
  0
LINE
  8
0
 10
243.771
 20
171.251
 11
238.586
 21
183.071
  0
LINE
  8
0
 10
238.586
 20
183.071
 11
246.229
 21
172.671
  0
LINE
  8
0
 10
246.229
 20
172.671
 11
252.496
 21
169.83
  0
LINE
  8
0
 10
252.496
 20
169.83
 11
252.496
 21
169.179
  0
LINE
  8
0
 10
252.496
 20
169.179
 11
250.333
 21
162.724
  0
LINE
  8
0
 10
250.333
 20
162.724
 11
243.661
 21
164.079
  0
LINE
  8
0
 10
252.691
 20
174.453
 11
252.503
 21
174.741
  0
LINE
  8
0
 10
252.503
 20
174.741
 11
252.503
 21
174.751
  0
LINE
  8
0
 10
252.503
 20
174.751
 11
252.5
 21
174.746
  0
LINE
  8
0
 10
252.5
 20
174.746
 11
252.496
 21
174.752
  0
LINE
  8
0
 10
252.496
 20
174.752
 11
252.496
 21
174.74
  0
LINE
  8
0
 10
252.496
 20
174.74
 11
252.309
 21
174.452
  0
LINE
  8
0
 10
252.309
 20
174.452
 11
247.791
 21
173.573
  0
LINE
  8
0
 10
247.791
 20
173.573
 11
250.812
 21
177.045
  0
LINE
  8
0
 10
250.812
 20
177.045
 11
251.156
 21
177.064
  0
LINE
  8
0
 10
251.156
 20
177.064
 11
251.164
 21
177.059
  0
LINE
  8
0
 10
251.164
 20
177.059
 11
251.161
 21
177.064
  0
LINE
  8
0
 10
251.161
 20
177.064
 11
251.167
 21
177.065
  0
LINE
  8
0
 10
251.167
 20
177.065
 11
251.159
 21
177.07
  0
LINE
  8
0
 10
251.159
 20
177.07
 11
251.003
 21
177.377
  0
LINE
  8
0
 10
251.003
 20
177.377
 11
252.5
 21
181.729
  0
LINE
  8
0
 10
252.5
 20
181.729
 11
253.996
 21
177.377
  0
LINE
  8
0
 10
253.996
 20
177.377
 11
253.841
 21
177.069
  0
LINE
  8
0
 10
253.841
 20
177.069
 11
253.833
 21
177.065
  0
LINE
  8
0
 10
253.833
 20
177.065
 11
253.838
 21
177.064
  0
LINE
  8
0
 10
253.838
 20
177.064
 11
253.835
 21
177.059
  0
LINE
  8
0
 10
253.835
 20
177.059
 11
253.845
 21
177.064
  0
LINE
  8
0
 10
253.845
 20
177.064
 11
254.188
 21
177.045
  0
LINE
  8
0
 10
254.188
 20
177.045
 11
257.209
 21
173.573
  0
LINE
  8
0
 10
257.209
 20
173.573
 11
252.691
 21
174.453
  0
LINE
  8
0
 10
234.971
 20
181.125
 11
235.333
 21
181.199
  0
LINE
  8
0
 10
235.333
 20
181.199
 11
237.497
 21
174.745
  0
LINE
  8
0
 10
237.497
 20
174.745
 11
237.497
 21
174.093
  0
LINE
  8
0
 10
237.497
 20
174.093
 11
231.854
 21
171.536
  0
LINE
  8
0
 10
231.854
 20
171.536
 11
234.971
 21
181.125
  0
LINE
  8
0
 10
258.199
 20
171.37
 11
259.155
 21
168.429
  0
LINE
  8
0
 10
259.155
 20
168.429
 11
253.585
 21
160.851
  0
LINE
  8
0
 10
253.585
 20
160.851
 11
258.199
 21
171.37
  0
LINE
  8
0
 10
236.003
 20
166.547
 11
236.159
 21
166.853
  0
LINE
  8
0
 10
236.159
 20
166.853
 11
236.168
 21
166.859
  0
LINE
  8
0
 10
236.168
 20
166.859
 11
236.161
 21
166.859
  0
LINE
  8
0
 10
236.161
 20
166.859
 11
236.164
 21
166.864
  0
LINE
  8
0
 10
236.164
 20
166.864
 11
236.156
 21
166.859
  0
LINE
  8
0
 10
236.156
 20
166.859
 11
235.812
 21
166.879
  0
LINE
  8
0
 10
235.812
 20
166.879
 11
232.791
 21
170.351
  0
LINE
  8
0
 10
232.791
 20
170.351
 11
237.31
 21
169.471
  0
LINE
  8
0
 10
237.31
 20
169.471
 11
237.497
 21
169.183
  0
LINE
  8
0
 10
237.497
 20
169.183
 11
237.497
 21
169.172
  0
LINE
  8
0
 10
237.497
 20
169.172
 11
237.5
 21
169.178
  0
LINE
  8
0
 10
237.5
 20
169.178
 11
237.504
 21
169.173
  0
LINE
  8
0
 10
237.504
 20
169.173
 11
237.504
 21
169.183
  0
LINE
  8
0
 10
237.504
 20
169.183
 11
237.691
 21
169.471
  0
LINE
  8
0
 10
237.691
 20
169.471
 11
242.209
 21
170.351
  0
LINE
  8
0
 10
242.209
 20
170.351
 11
239.188
 21
166.878
  0
LINE
  8
0
 10
239.188
 20
166.878
 11
238.846
 21
166.859
  0
LINE
  8
0
 10
238.846
 20
166.859
 11
238.835
 21
166.865
  0
LINE
  8
0
 10
238.835
 20
166.865
 11
238.839
 21
166.859
  0
LINE
  8
0
 10
238.839
 20
166.859
 11
238.833
 21
166.859
  0
LINE
  8
0
 10
238.833
 20
166.859
 11
238.841
 21
166.854
  0
LINE
  8
0
 10
238.841
 20
166.854
 11
238.996
 21
166.547
  0
LINE
  8
0
 10
238.996
 20
166.547
 11
237.5
 21
162.194
  0
LINE
  8
0
 10
237.5
 20
162.194
 11
236.003
 21
166.547
  0
LINE
  8
0
 10
231.344
 20
153.869
 11
227.52
 21
158.195
  0
LINE
  8
0
 10
227.52
 20
158.195
 11
228.317
 21
160.65
  0
LINE
  8
0
 10
228.317
 20
160.65
 11
231.343
 21
164.073
  0
LINE
  8
0
 10
231.343
 20
164.073
 11
231.905
 21
164.398
  0
LINE
  8
0
 10
231.905
 20
164.398
 11
237.499
 21
160.392
  0
LINE
  8
0
 10
237.499
 20
160.392
 11
250.327
 21
158.971
  0
LINE
  8
0
 10
250.327
 20
158.971
 11
237.499
 21
157.552
  0
LINE
  8
0
 10
237.499
 20
157.552
 11
231.905
 21
153.545
  0
LINE
  8
0
 10
231.905
 20
153.545
 11
231.344
 21
153.869
  0
LINE
  8
0
 10
261.344
 20
153.869
 11
256.834
 21
158.971
  0
LINE
  8
0
 10
256.834
 20
158.971
 11
260.778
 21
163.434
  0
LINE
  8
0
 10
260.778
 20
163.434
 11
263.598
 21
154.757
  0
LINE
  8
0
 10
263.598
 20
154.757
 11
261.905
 21
153.545
  0
LINE
  8
0
 10
261.905
 20
153.545
 11
261.344
 21
153.869
  0
LINE
  8
0
 10
258.661
 20
138.098
 11
258.099
 21
138.423
  0
LINE
  8
0
 10
258.099
 20
138.423
 11
258.771
 21
145.27
  0
LINE
  8
0
 10
258.771
 20
145.27
 11
253.586
 21
157.09
  0
LINE
  8
0
 10
253.586
 20
157.09
 11
261.229
 21
146.69
  0
LINE
  8
0
 10
261.229
 20
146.69
 11
267.08
 21
144.038
  0
LINE
  8
0
 10
267.08
 20
144.038
 11
267.424
 21
142.981
  0
LINE
  8
0
 10
267.424
 20
142.981
 11
265.333
 21
136.744
  0
LINE
  8
0
 10
265.333
 20
136.744
 11
258.661
 21
138.098
  0
LINE
  8
0
 10
237.691
 20
148.472
 11
237.503
 21
148.76
  0
LINE
  8
0
 10
237.503
 20
148.76
 11
237.503
 21
148.77
  0
LINE
  8
0
 10
237.503
 20
148.77
 11
237.5
 21
148.765
  0
LINE
  8
0
 10
237.5
 20
148.765
 11
237.496
 21
148.771
  0
LINE
  8
0
 10
237.496
 20
148.771
 11
237.496
 21
148.759
  0
LINE
  8
0
 10
237.496
 20
148.759
 11
237.309
 21
148.472
  0
LINE
  8
0
 10
237.309
 20
148.472
 11
232.791
 21
147.592
  0
LINE
  8
0
 10
232.791
 20
147.592
 11
235.812
 21
151.064
  0
LINE
  8
0
 10
235.812
 20
151.064
 11
236.156
 21
151.084
  0
LINE
  8
0
 10
236.156
 20
151.084
 11
236.164
 21
151.078
  0
LINE
  8
0
 10
236.164
 20
151.078
 11
236.161
 21
151.084
  0
LINE
  8
0
 10
236.161
 20
151.084
 11
236.167
 21
151.084
  0
LINE
  8
0
 10
236.167
 20
151.084
 11
236.159
 21
151.089
  0
LINE
  8
0
 10
236.159
 20
151.089
 11
236.003
 21
151.396
  0
LINE
  8
0
 10
236.003
 20
151.396
 11
237.5
 21
155.749
  0
LINE
  8
0
 10
237.5
 20
155.749
 11
238.996
 21
151.396
  0
LINE
  8
0
 10
238.996
 20
151.396
 11
238.841
 21
151.089
  0
LINE
  8
0
 10
238.841
 20
151.089
 11
238.833
 21
151.084
  0
LINE
  8
0
 10
238.833
 20
151.084
 11
238.838
 21
151.084
  0
LINE
  8
0
 10
238.838
 20
151.084
 11
238.835
 21
151.078
  0
LINE
  8
0
 10
238.835
 20
151.078
 11
238.845
 21
151.084
  0
LINE
  8
0
 10
238.845
 20
151.084
 11
239.188
 21
151.064
  0
LINE
  8
0
 10
239.188
 20
151.064
 11
242.209
 21
147.592
  0
LINE
  8
0
 10
242.209
 20
147.592
 11
237.691
 21
148.472
  0
LINE
  8
0
 10
243.771
 20
146.692
 11
243.098
 21
153.539
  0
LINE
  8
0
 10
243.098
 20
153.539
 11
243.661
 21
153.864
  0
LINE
  8
0
 10
243.661
 20
153.864
 11
250.333
 21
155.218
  0
LINE
  8
0
 10
250.333
 20
155.218
 11
252.497
 21
148.764
  0
LINE
  8
0
 10
252.497
 20
148.764
 11
252.497
 21
148.113
  0
LINE
  8
0
 10
252.497
 20
148.113
 11
246.23
 21
145.272
  0
LINE
  8
0
 10
246.23
 20
145.272
 11
238.585
 21
134.87
  0
LINE
  8
0
 10
238.585
 20
134.87
 11
243.771
 21
146.692
  0
LINE
  8
0
 10
228.661
 20
138.098
 11
228.099
 21
138.423
  0
LINE
  8
0
 10
228.099
 20
138.423
 11
228.771
 21
145.27
  0
LINE
  8
0
 10
228.771
 20
145.27
 11
225.64
 21
152.409
  0
LINE
  8
0
 10
225.64
 20
152.409
 11
226.064
 21
153.717
  0
LINE
  8
0
 10
226.064
 20
153.717
 11
231.229
 21
146.69
  0
LINE
  8
0
 10
231.229
 20
146.69
 11
237.496
 21
143.849
  0
LINE
  8
0
 10
237.496
 20
143.849
 11
237.496
 21
143.198
  0
LINE
  8
0
 10
237.496
 20
143.198
 11
235.333
 21
136.744
  0
LINE
  8
0
 10
235.333
 20
136.744
 11
228.661
 21
138.098
  0
LINE
  8
0
 10
265.073
 20
150.215
 11
265.739
 21
148.166
  0
LINE
  8
0
 10
265.739
 20
148.166
 11
262.791
 21
147.592
  0
LINE
  8
0
 10
262.791
 20
147.592
 11
265.073
 21
150.215
  0
LINE
  8
0
 10
251.003
 20
140.566
 11
251.159
 21
140.873
  0
LINE
  8
0
 10
251.159
 20
140.873
 11
251.168
 21
140.878
  0
LINE
  8
0
 10
251.168
 20
140.878
 11
251.161
 21
140.879
  0
LINE
  8
0
 10
251.161
 20
140.879
 11
251.164
 21
140.884
  0
LINE
  8
0
 10
251.164
 20
140.884
 11
251.156
 21
140.879
  0
LINE
  8
0
 10
251.156
 20
140.879
 11
250.812
 21
140.898
  0
LINE
  8
0
 10
250.812
 20
140.898
 11
247.791
 21
144.37
  0
LINE
  8
0
 10
247.791
 20
144.37
 11
252.31
 21
143.49
  0
LINE
  8
0
 10
252.31
 20
143.49
 11
252.497
 21
143.202
  0
LINE
  8
0
 10
252.497
 20
143.202
 11
252.497
 21
143.191
  0
LINE
  8
0
 10
252.497
 20
143.191
 11
252.5
 21
143.197
  0
LINE
  8
0
 10
252.5
 20
143.197
 11
252.504
 21
143.192
  0
LINE
  8
0
 10
252.504
 20
143.192
 11
252.504
 21
143.202
  0
LINE
  8
0
 10
252.504
 20
143.202
 11
252.691
 21
143.49
  0
LINE
  8
0
 10
252.691
 20
143.49
 11
257.209
 21
144.37
  0
LINE
  8
0
 10
257.209
 20
144.37
 11
254.188
 21
140.897
  0
LINE
  8
0
 10
254.188
 20
140.897
 11
253.846
 21
140.878
  0
LINE
  8
0
 10
253.846
 20
140.878
 11
253.835
 21
140.884
  0
LINE
  8
0
 10
253.835
 20
140.884
 11
253.839
 21
140.878
  0
LINE
  8
0
 10
253.839
 20
140.878
 11
253.833
 21
140.878
  0
LINE
  8
0
 10
253.833
 20
140.878
 11
253.841
 21
140.873
  0
LINE
  8
0
 10
253.841
 20
140.873
 11
253.996
 21
140.566
  0
LINE
  8
0
 10
253.996
 20
140.566
 11
252.5
 21
136.214
  0
LINE
  8
0
 10
252.5
 20
136.214
 11
251.003
 21
140.566
  0
LINE
  8
0
 10
221.409
 20
139.387
 11
222.745
 21
143.5
  0
LINE
  8
0
 10
222.745
 20
143.5
 11
227.209
 21
144.37
  0
LINE
  8
0
 10
227.209
 20
144.37
 11
224.188
 21
140.897
  0
LINE
  8
0
 10
224.188
 20
140.897
 11
223.846
 21
140.878
  0
LINE
  8
0
 10
223.846
 20
140.878
 11
223.835
 21
140.884
  0
LINE
  8
0
 10
223.835
 20
140.884
 11
223.839
 21
140.878
  0
LINE
  8
0
 10
223.839
 20
140.878
 11
223.833
 21
140.878
  0
LINE
  8
0
 10
223.833
 20
140.878
 11
223.841
 21
140.873
  0
LINE
  8
0
 10
223.841
 20
140.873
 11
223.996
 21
140.566
  0
LINE
  8
0
 10
223.996
 20
140.566
 11
222.5
 21
136.214
  0
LINE
  8
0
 10
222.5
 20
136.214
 11
221.409
 21
139.387
  0
LINE
  8
0
 10
246.344
 20
127.888
 11
241.834
 21
132.99
  0
LINE
  8
0
 10
241.834
 20
132.99
 11
246.343
 21
138.092
  0
LINE
  8
0
 10
246.343
 20
138.092
 11
246.905
 21
138.417
  0
LINE
  8
0
 10
246.905
 20
138.417
 11
252.499
 21
134.411
  0
LINE
  8
0
 10
252.499
 20
134.411
 11
265.327
 21
132.99
  0
LINE
  8
0
 10
265.327
 20
132.99
 11
252.499
 21
131.571
  0
LINE
  8
0
 10
252.499
 20
131.571
 11
246.905
 21
127.564
  0
LINE
  8
0
 10
246.905
 20
127.564
 11
246.344
 21
127.888
  0
LINE
  8
0
 10
269.432
 20
136.8
 11
269.607
 21
136.261
  0
LINE
  8
0
 10
269.607
 20
136.261
 11
268.585
 21
134.87
  0
LINE
  8
0
 10
268.585
 20
134.87
 11
269.432
 21
136.8
  0
LINE
  8
0
 10
220.303
 20
135.984
 11
222.499
 21
134.411
  0
LINE
  8
0
 10
222.499
 20
134.411
 11
235.327
 21
132.99
  0
LINE
  8
0
 10
235.327
 20
132.99
 11
222.499
 21
131.571
  0
LINE
  8
0
 10
222.499
 20
131.571
 11
217.769
 21
128.182
  0
LINE
  8
0
 10
217.769
 20
128.182
 11
220.303
 21
135.984
  0
LINE
  8
0
 10
243.661
 20
112.117
 11
243.099
 21
112.442
  0
LINE
  8
0
 10
243.099
 20
112.442
 11
243.771
 21
119.29
  0
LINE
  8
0
 10
243.771
 20
119.29
 11
238.586
 21
131.109
  0
LINE
  8
0
 10
238.586
 20
131.109
 11
246.229
 21
120.709
  0
LINE
  8
0
 10
246.229
 20
120.709
 11
252.496
 21
117.868
  0
LINE
  8
0
 10
252.496
 20
117.868
 11
252.496
 21
117.218
  0
LINE
  8
0
 10
252.496
 20
117.218
 11
250.333
 21
110.763
  0
LINE
  8
0
 10
250.333
 20
110.763
 11
243.661
 21
112.117
  0
LINE
  8
0
 10
273.661
 20
112.117
 11
273.099
 21
112.442
  0
LINE
  8
0
 10
273.099
 20
112.442
 11
273.771
 21
119.29
  0
LINE
  8
0
 10
273.771
 20
119.29
 11
268.586
 21
131.109
  0
LINE
  8
0
 10
268.586
 20
131.109
 11
273.416
 21
124.537
  0
LINE
  8
0
 10
273.416
 20
124.537
 11
277.72
 21
111.293
  0
LINE
  8
0
 10
277.72
 20
111.293
 11
273.661
 21
112.117
  0
LINE
  8
0
 10
222.691
 20
122.491
 11
222.503
 21
122.78
  0
LINE
  8
0
 10
222.503
 20
122.78
 11
222.503
 21
122.789
  0
LINE
  8
0
 10
222.503
 20
122.789
 11
222.5
 21
122.784
  0
LINE
  8
0
 10
222.5
 20
122.784
 11
222.496
 21
122.79
  0
LINE
  8
0
 10
222.496
 20
122.79
 11
222.496
 21
122.779
  0
LINE
  8
0
 10
222.496
 20
122.779
 11
222.309
 21
122.491
  0
LINE
  8
0
 10
222.309
 20
122.491
 11
217.791
 21
121.611
  0
LINE
  8
0
 10
217.791
 20
121.611
 11
220.812
 21
125.083
  0
LINE
  8
0
 10
220.812
 20
125.083
 11
221.156
 21
125.103
  0
LINE
  8
0
 10
221.156
 20
125.103
 11
221.164
 21
125.098
  0
LINE
  8
0
 10
221.164
 20
125.098
 11
221.161
 21
125.103
  0
LINE
  8
0
 10
221.161
 20
125.103
 11
221.167
 21
125.103
  0
LINE
  8
0
 10
221.167
 20
125.103
 11
221.159
 21
125.108
  0
LINE
  8
0
 10
221.159
 20
125.108
 11
221.003
 21
125.415
  0
LINE
  8
0
 10
221.003
 20
125.415
 11
222.5
 21
129.768
  0
LINE
  8
0
 10
222.5
 20
129.768
 11
223.996
 21
125.415
  0
LINE
  8
0
 10
223.996
 20
125.415
 11
223.841
 21
125.108
  0
LINE
  8
0
 10
223.841
 20
125.108
 11
223.833
 21
125.103
  0
LINE
  8
0
 10
223.833
 20
125.103
 11
223.838
 21
125.103
  0
LINE
  8
0
 10
223.838
 20
125.103
 11
223.835
 21
125.097
  0
LINE
  8
0
 10
223.835
 20
125.097
 11
223.845
 21
125.103
  0
LINE
  8
0
 10
223.845
 20
125.103
 11
224.188
 21
125.083
  0
LINE
  8
0
 10
224.188
 20
125.083
 11
227.209
 21
121.611
  0
LINE
  8
0
 10
227.209
 20
121.611
 11
222.691
 21
122.491
  0
LINE
  8
0
 10
252.691
 20
122.491
 11
252.503
 21
122.78
  0
LINE
  8
0
 10
252.503
 20
122.78
 11
252.503
 21
122.789
  0
LINE
  8
0
 10
252.503
 20
122.789
 11
252.5
 21
122.784
  0
LINE
  8
0
 10
252.5
 20
122.784
 11
252.496
 21
122.79
  0
LINE
  8
0
 10
252.496
 20
122.79
 11
252.496
 21
122.779
  0
LINE
  8
0
 10
252.496
 20
122.779
 11
252.309
 21
122.491
  0
LINE
  8
0
 10
252.309
 20
122.491
 11
247.791
 21
121.611
  0
LINE
  8
0
 10
247.791
 20
121.611
 11
250.812
 21
125.083
  0
LINE
  8
0
 10
250.812
 20
125.083
 11
251.156
 21
125.103
  0
LINE
  8
0
 10
251.156
 20
125.103
 11
251.164
 21
125.098
  0
LINE
  8
0
 10
251.164
 20
125.098
 11
251.161
 21
125.103
  0
LINE
  8
0
 10
251.161
 20
125.103
 11
251.167
 21
125.103
  0
LINE
  8
0
 10
251.167
 20
125.103
 11
251.159
 21
125.108
  0
LINE
  8
0
 10
251.159
 20
125.108
 11
251.003
 21
125.415
  0
LINE
  8
0
 10
251.003
 20
125.415
 11
252.5
 21
129.768
  0
LINE
  8
0
 10
252.5
 20
129.768
 11
253.996
 21
125.415
  0
LINE
  8
0
 10
253.996
 20
125.415
 11
253.841
 21
125.108
  0
LINE
  8
0
 10
253.841
 20
125.108
 11
253.833
 21
125.103
  0
LINE
  8
0
 10
253.833
 20
125.103
 11
253.838
 21
125.103
  0
LINE
  8
0
 10
253.838
 20
125.103
 11
253.835
 21
125.097
  0
LINE
  8
0
 10
253.835
 20
125.097
 11
253.845
 21
125.103
  0
LINE
  8
0
 10
253.845
 20
125.103
 11
254.188
 21
125.083
  0
LINE
  8
0
 10
254.188
 20
125.083
 11
257.209
 21
121.611
  0
LINE
  8
0
 10
257.209
 20
121.611
 11
252.691
 21
122.491
  0
LINE
  8
0
 10
258.771
 20
120.711
 11
258.098
 21
127.559
  0
LINE
  8
0
 10
258.098
 20
127.559
 11
258.661
 21
127.884
  0
LINE
  8
0
 10
258.661
 20
127.884
 11
265.333
 21
129.237
  0
LINE
  8
0
 10
265.333
 20
129.237
 11
267.497
 21
122.783
  0
LINE
  8
0
 10
267.497
 20
122.783
 11
267.497
 21
122.132
  0
LINE
  8
0
 10
267.497
 20
122.132
 11
261.23
 21
119.291
  0
LINE
  8
0
 10
261.23
 20
119.291
 11
253.585
 21
108.89
  0
LINE
  8
0
 10
253.585
 20
108.89
 11
258.771
 21
120.711
  0
LINE
  8
0
 10
228.771
 20
120.711
 11
228.098
 21
127.559
  0
LINE
  8
0
 10
228.098
 20
127.559
 11
228.661
 21
127.884
  0
LINE
  8
0
 10
228.661
 20
127.884
 11
235.333
 21
129.237
  0
LINE
  8
0
 10
235.333
 20
129.237
 11
237.497
 21
122.783
  0
LINE
  8
0
 10
237.497
 20
122.783
 11
237.497
 21
122.132
  0
LINE
  8
0
 10
237.497
 20
122.132
 11
231.23
 21
119.291
  0
LINE
  8
0
 10
231.23
 20
119.291
 11
223.585
 21
108.89
  0
LINE
  8
0
 10
223.585
 20
108.89
 11
228.771
 21
120.711
  0
LINE
  8
0
 10
213.661
 20
112.117
 11
213.099
 21
112.442
  0
LINE
  8
0
 10
213.099
 20
112.442
 11
213.292
 21
114.405
  0
LINE
  8
0
 10
213.292
 20
114.405
 11
215.612
 21
121.548
  0
LINE
  8
0
 10
215.612
 20
121.548
 11
216.229
 21
120.709
  0
LINE
  8
0
 10
216.229
 20
120.709
 11
222.496
 21
117.868
  0
LINE
  8
0
 10
222.496
 20
117.868
 11
222.496
 21
117.218
  0
LINE
  8
0
 10
222.496
 20
117.218
 11
220.333
 21
110.763
  0
LINE
  8
0
 10
220.333
 20
110.763
 11
213.661
 21
112.117
  0
LINE
  8
0
 10
266.003
 20
114.585
 11
266.159
 21
114.892
  0
LINE
  8
0
 10
266.159
 20
114.892
 11
266.168
 21
114.897
  0
LINE
  8
0
 10
266.168
 20
114.897
 11
266.161
 21
114.897
  0
LINE
  8
0
 10
266.161
 20
114.897
 11
266.164
 21
114.902
  0
LINE
  8
0
 10
266.164
 20
114.902
 11
266.156
 21
114.897
  0
LINE
  8
0
 10
266.156
 20
114.897
 11
265.812
 21
114.917
  0
LINE
  8
0
 10
265.812
 20
114.917
 11
262.791
 21
118.389
  0
LINE
  8
0
 10
262.791
 20
118.389
 11
267.31
 21
117.51
  0
LINE
  8
0
 10
267.31
 20
117.51
 11
267.497
 21
117.222
  0
LINE
  8
0
 10
267.497
 20
117.222
 11
267.497
 21
117.21
  0
LINE
  8
0
 10
267.497
 20
117.21
 11
267.501
 21
117.216
  0
LINE
  8
0
 10
267.501
 20
117.216
 11
267.504
 21
117.211
  0
LINE
  8
0
 10
267.504
 20
117.211
 11
267.504
 21
117.221
  0
LINE
  8
0
 10
267.504
 20
117.221
 11
267.691
 21
117.509
  0
LINE
  8
0
 10
267.691
 20
117.509
 11
272.209
 21
118.389
  0
LINE
  8
0
 10
272.209
 20
118.389
 11
269.188
 21
114.916
  0
LINE
  8
0
 10
269.188
 20
114.916
 11
268.846
 21
114.897
  0
LINE
  8
0
 10
268.846
 20
114.897
 11
268.835
 21
114.903
  0
LINE
  8
0
 10
268.835
 20
114.903
 11
268.839
 21
114.897
  0
LINE
  8
0
 10
268.839
 20
114.897
 11
268.833
 21
114.896
  0
LINE
  8
0
 10
268.833
 20
114.896
 11
268.841
 21
114.893
  0
LINE
  8
0
 10
268.841
 20
114.893
 11
268.996
 21
114.585
  0
LINE
  8
0
 10
268.996
 20
114.585
 11
267.5
 21
110.232
  0
LINE
  8
0
 10
267.5
 20
110.232
 11
266.003
 21
114.585
  0
LINE
  8
0
 10
236.003
 20
114.585
 11
236.159
 21
114.892
  0
LINE
  8
0
 10
236.159
 20
114.892
 11
236.168
 21
114.897
  0
LINE
  8
0
 10
236.168
 20
114.897
 11
236.161
 21
114.897
  0
LINE
  8
0
 10
236.161
 20
114.897
 11
236.164
 21
114.902
  0
LINE
  8
0
 10
236.164
 20
114.902
 11
236.156
 21
114.897
  0
LINE
  8
0
 10
236.156
 20
114.897
 11
235.812
 21
114.917
  0
LINE
  8
0
 10
235.812
 20
114.917
 11
232.791
 21
118.389
  0
LINE
  8
0
 10
232.791
 20
118.389
 11
237.31
 21
117.51
  0
LINE
  8
0
 10
237.31
 20
117.51
 11
237.497
 21
117.222
  0
LINE
  8
0
 10
237.497
 20
117.222
 11
237.497
 21
117.21
  0
LINE
  8
0
 10
237.497
 20
117.21
 11
237.5
 21
117.216
  0
LINE
  8
0
 10
237.5
 20
117.216
 11
237.504
 21
117.211
  0
LINE
  8
0
 10
237.504
 20
117.211
 11
237.504
 21
117.221
  0
LINE
  8
0
 10
237.504
 20
117.221
 11
237.691
 21
117.509
  0
LINE
  8
0
 10
237.691
 20
117.509
 11
242.209
 21
118.389
  0
LINE
  8
0
 10
242.209
 20
118.389
 11
239.188
 21
114.916
  0
LINE
  8
0
 10
239.188
 20
114.916
 11
238.846
 21
114.897
  0
LINE
  8
0
 10
238.846
 20
114.897
 11
238.835
 21
114.903
  0
LINE
  8
0
 10
238.835
 20
114.903
 11
238.839
 21
114.897
  0
LINE
  8
0
 10
238.839
 20
114.897
 11
238.833
 21
114.896
  0
LINE
  8
0
 10
238.833
 20
114.896
 11
238.841
 21
114.893
  0
LINE
  8
0
 10
238.841
 20
114.893
 11
238.996
 21
114.585
  0
LINE
  8
0
 10
238.996
 20
114.585
 11
237.5
 21
110.232
  0
LINE
  8
0
 10
237.5
 20
110.232
 11
236.003
 21
114.585
  0
LINE
  8
0
 10
231.344
 20
101.907
 11
226.834
 21
107.01
  0
LINE
  8
0
 10
226.834
 20
107.01
 11
231.343
 21
112.111
  0
LINE
  8
0
 10
231.343
 20
112.111
 11
231.905
 21
112.437
  0
LINE
  8
0
 10
231.905
 20
112.437
 11
237.499
 21
108.43
  0
LINE
  8
0
 10
237.499
 20
108.43
 11
250.327
 21
107.01
  0
LINE
  8
0
 10
250.327
 20
107.01
 11
237.499
 21
105.59
  0
LINE
  8
0
 10
237.499
 20
105.59
 11
231.905
 21
101.583
  0
LINE
  8
0
 10
231.905
 20
101.583
 11
231.344
 21
101.907
  0
LINE
  8
0
 10
261.344
 20
101.907
 11
256.834
 21
107.01
  0
LINE
  8
0
 10
256.834
 20
107.01
 11
261.343
 21
112.111
  0
LINE
  8
0
 10
261.343
 20
112.111
 11
261.905
 21
112.437
  0
LINE
  8
0
 10
261.905
 20
112.437
 11
267.499
 21
108.43
  0
LINE
  8
0
 10
267.499
 20
108.43
 11
279.065
 21
107.149
  0
LINE
  8
0
 10
279.065
 20
107.149
 11
279.153
 21
106.88
  0
LINE
  8
0
 10
279.153
 20
106.88
 11
267.499
 21
105.59
  0
LINE
  8
0
 10
267.499
 20
105.59
 11
261.905
 21
101.583
  0
LINE
  8
0
 10
261.905
 20
101.583
 11
261.344
 21
101.907
  0
LINE
  8
0
 10
211.217
 20
108.019
 11
220.327
 21
107.01
  0
LINE
  8
0
 10
220.327
 20
107.01
 11
210.537
 21
105.926
  0
LINE
  8
0
 10
210.537
 20
105.926
 11
211.217
 21
108.019
  0
LINE
  8
0
 10
228.661
 20
86.1367
 11
228.099
 21
86.4609
  0
LINE
  8
0
 10
228.099
 20
86.4609
 11
228.771
 21
93.3086
  0
LINE
  8
0
 10
228.771
 20
93.3086
 11
223.586
 21
105.128
  0
LINE
  8
0
 10
223.586
 20
105.128
 11
231.229
 21
94.7285
  0
LINE
  8
0
 10
231.229
 20
94.7285
 11
237.496
 21
91.8877
  0
LINE
  8
0
 10
237.496
 20
91.8877
 11
237.496
 21
91.2363
  0
LINE
  8
0
 10
237.496
 20
91.2363
 11
235.333
 21
84.7822
  0
LINE
  8
0
 10
235.333
 20
84.7822
 11
228.661
 21
86.1367
  0
LINE
  8
0
 10
258.661
 20
86.1367
 11
258.099
 21
86.4609
  0
LINE
  8
0
 10
258.099
 20
86.4609
 11
258.771
 21
93.3086
  0
LINE
  8
0
 10
258.771
 20
93.3086
 11
253.586
 21
105.128
  0
LINE
  8
0
 10
253.586
 20
105.128
 11
261.229
 21
94.7285
  0
LINE
  8
0
 10
261.229
 20
94.7285
 11
267.496
 21
91.8877
  0
LINE
  8
0
 10
267.496
 20
91.8877
 11
267.496
 21
91.2363
  0
LINE
  8
0
 10
267.496
 20
91.2363
 11
265.333
 21
84.7822
  0
LINE
  8
0
 10
265.333
 20
84.7822
 11
258.661
 21
86.1367
  0
LINE
  8
0
 10
237.691
 20
96.5107
 11
237.503
 21
96.7988
  0
LINE
  8
0
 10
237.503
 20
96.7988
 11
237.503
 21
96.8086
  0
LINE
  8
0
 10
237.503
 20
96.8086
 11
237.5
 21
96.8037
  0
LINE
  8
0
 10
237.5
 20
96.8037
 11
237.496
 21
96.8096
  0
LINE
  8
0
 10
237.496
 20
96.8096
 11
237.496
 21
96.7979
  0
LINE
  8
0
 10
237.496
 20
96.7979
 11
237.309
 21
96.5098
  0
LINE
  8
0
 10
237.309
 20
96.5098
 11
232.791
 21
95.6299
  0
LINE
  8
0
 10
232.791
 20
95.6299
 11
235.812
 21
99.1025
  0
LINE
  8
0
 10
235.812
 20
99.1025
 11
236.156
 21
99.1221
  0
LINE
  8
0
 10
236.156
 20
99.1221
 11
236.164
 21
99.1172
  0
LINE
  8
0
 10
236.164
 20
99.1172
 11
236.161
 21
99.1221
  0
LINE
  8
0
 10
236.161
 20
99.1221
 11
236.167
 21
99.1221
  0
LINE
  8
0
 10
236.167
 20
99.1221
 11
236.159
 21
99.127
  0
LINE
  8
0
 10
236.159
 20
99.127
 11
236.003
 21
99.4346
  0
LINE
  8
0
 10
236.003
 20
99.4346
 11
237.5
 21
103.787
  0
LINE
  8
0
 10
237.5
 20
103.787
 11
238.996
 21
99.4346
  0
LINE
  8
0
 10
238.996
 20
99.4346
 11
238.841
 21
99.127
  0
LINE
  8
0
 10
238.841
 20
99.127
 11
238.833
 21
99.1221
  0
LINE
  8
0
 10
238.833
 20
99.1221
 11
238.838
 21
99.1221
  0
LINE
  8
0
 10
238.838
 20
99.1221
 11
238.835
 21
99.1162
  0
LINE
  8
0
 10
238.835
 20
99.1162
 11
238.845
 21
99.1221
  0
LINE
  8
0
 10
238.845
 20
99.1221
 11
239.188
 21
99.1025
  0
LINE
  8
0
 10
239.188
 20
99.1025
 11
242.209
 21
95.6299
  0
LINE
  8
0
 10
242.209
 20
95.6299
 11
237.691
 21
96.5107
  0
LINE
  8
0
 10
267.691
 20
96.5107
 11
267.503
 21
96.7988
  0
LINE
  8
0
 10
267.503
 20
96.7988
 11
267.503
 21
96.8086
  0
LINE
  8
0
 10
267.503
 20
96.8086
 11
267.5
 21
96.8037
  0
LINE
  8
0
 10
267.5
 20
96.8037
 11
267.496
 21
96.8096
  0
LINE
  8
0
 10
267.496
 20
96.8096
 11
267.496
 21
96.7979
  0
LINE
  8
0
 10
267.496
 20
96.7979
 11
267.309
 21
96.5098
  0
LINE
  8
0
 10
267.309
 20
96.5098
 11
262.791
 21
95.6299
  0
LINE
  8
0
 10
262.791
 20
95.6299
 11
265.812
 21
99.1025
  0
LINE
  8
0
 10
265.812
 20
99.1025
 11
266.156
 21
99.1221
  0
LINE
  8
0
 10
266.156
 20
99.1221
 11
266.164
 21
99.1172
  0
LINE
  8
0
 10
266.164
 20
99.1172
 11
266.161
 21
99.1221
  0
LINE
  8
0
 10
266.161
 20
99.1221
 11
266.167
 21
99.1221
  0
LINE
  8
0
 10
266.167
 20
99.1221
 11
266.159
 21
99.127
  0
LINE
  8
0
 10
266.159
 20
99.127
 11
266.003
 21
99.4346
  0
LINE
  8
0
 10
266.003
 20
99.4346
 11
267.5
 21
103.787
  0
LINE
  8
0
 10
267.5
 20
103.787
 11
268.996
 21
99.4346
  0
LINE
  8
0
 10
268.996
 20
99.4346
 11
268.841
 21
99.127
  0
LINE
  8
0
 10
268.841
 20
99.127
 11
268.833
 21
99.1221
  0
LINE
  8
0
 10
268.833
 20
99.1221
 11
268.838
 21
99.1221
  0
LINE
  8
0
 10
268.838
 20
99.1221
 11
268.835
 21
99.1162
  0
LINE
  8
0
 10
268.835
 20
99.1162
 11
268.845
 21
99.1221
  0
LINE
  8
0
 10
268.845
 20
99.1221
 11
269.188
 21
99.1025
  0
LINE
  8
0
 10
269.188
 20
99.1025
 11
272.209
 21
95.6299
  0
LINE
  8
0
 10
272.209
 20
95.6299
 11
267.691
 21
96.5107
  0
LINE
  8
0
 10
213.771
 20
94.7305
 11
213.098
 21
101.578
  0
LINE
  8
0
 10
213.098
 20
101.578
 11
213.661
 21
101.902
  0
LINE
  8
0
 10
213.661
 20
101.902
 11
220.333
 21
103.257
  0
LINE
  8
0
 10
220.333
 20
103.257
 11
222.497
 21
96.8027
  0
LINE
  8
0
 10
222.497
 20
96.8027
 11
222.497
 21
96.1514
  0
LINE
  8
0
 10
222.497
 20
96.1514
 11
216.23
 21
93.3105
  0
LINE
  8
0
 10
216.23
 20
93.3105
 11
208.585
 21
82.9082
  0
LINE
  8
0
 10
208.585
 20
82.9082
 11
213.771
 21
94.7305
  0
LINE
  8
0
 10
243.771
 20
94.7305
 11
243.098
 21
101.578
  0
LINE
  8
0
 10
243.098
 20
101.578
 11
243.661
 21
101.902
  0
LINE
  8
0
 10
243.661
 20
101.902
 11
250.333
 21
103.257
  0
LINE
  8
0
 10
250.333
 20
103.257
 11
252.497
 21
96.8027
  0
LINE
  8
0
 10
252.497
 20
96.8027
 11
252.497
 21
96.1514
  0
LINE
  8
0
 10
252.497
 20
96.1514
 11
246.23
 21
93.3105
  0
LINE
  8
0
 10
246.23
 20
93.3105
 11
238.585
 21
82.9082
  0
LINE
  8
0
 10
238.585
 20
82.9082
 11
243.771
 21
94.7305
  0
LINE
  8
0
 10
273.771
 20
94.7305
 11
273.098
 21
101.578
  0
LINE
  8
0
 10
273.098
 20
101.578
 11
273.661
 21
101.902
  0
LINE
  8
0
 10
273.661
 20
101.902
 11
280.331
 21
103.256
  0
LINE
  8
0
 10
280.331
 20
103.256
 11
282.497
 21
96.5898
  0
LINE
  8
0
 10
282.497
 20
96.5898
 11
282.497
 21
96.1514
  0
LINE
  8
0
 10
282.497
 20
96.1514
 11
276.23
 21
93.3105
  0
LINE
  8
0
 10
276.23
 20
93.3105
 11
268.585
 21
82.9082
  0
LINE
  8
0
 10
268.585
 20
82.9082
 11
273.771
 21
94.7305
  0
LINE
  8
0
 10
207.691
 20
96.5107
 11
207.549
 21
96.7295
  0
LINE
  8
0
 10
207.549
 20
96.7295
 11
208.704
 21
100.285
  0
LINE
  8
0
 10
208.704
 20
100.285
 11
208.996
 21
99.4346
  0
LINE
  8
0
 10
208.996
 20
99.4346
 11
208.841
 21
99.127
  0
LINE
  8
0
 10
208.841
 20
99.127
 11
208.833
 21
99.1221
  0
LINE
  8
0
 10
208.833
 20
99.1221
 11
208.838
 21
99.1221
  0
LINE
  8
0
 10
208.838
 20
99.1221
 11
208.835
 21
99.1162
  0
LINE
  8
0
 10
208.835
 20
99.1162
 11
208.845
 21
99.1221
  0
LINE
  8
0
 10
208.845
 20
99.1221
 11
209.188
 21
99.1025
  0
LINE
  8
0
 10
209.188
 20
99.1025
 11
212.209
 21
95.6299
  0
LINE
  8
0
 10
212.209
 20
95.6299
 11
207.691
 21
96.5107
  0
LINE
  8
0
 10
203.77
 20
85.0996
 11
206.171
 21
92.4883
  0
LINE
  8
0
 10
206.171
 20
92.4883
 11
207.496
 21
91.8877
  0
LINE
  8
0
 10
207.496
 20
91.8877
 11
207.496
 21
91.2363
  0
LINE
  8
0
 10
207.496
 20
91.2363
 11
205.333
 21
84.7822
  0
LINE
  8
0
 10
205.333
 20
84.7822
 11
203.77
 21
85.0996
  0
LINE
  8
0
 10
221.003
 20
88.6045
 11
221.159
 21
88.9111
  0
LINE
  8
0
 10
221.159
 20
88.9111
 11
221.168
 21
88.916
  0
LINE
  8
0
 10
221.168
 20
88.916
 11
221.161
 21
88.917
  0
LINE
  8
0
 10
221.161
 20
88.917
 11
221.164
 21
88.9219
  0
LINE
  8
0
 10
221.164
 20
88.9219
 11
221.156
 21
88.917
  0
LINE
  8
0
 10
221.156
 20
88.917
 11
220.812
 21
88.9365
  0
LINE
  8
0
 10
220.812
 20
88.9365
 11
217.791
 21
92.4082
  0
LINE
  8
0
 10
217.791
 20
92.4082
 11
222.31
 21
91.5283
  0
LINE
  8
0
 10
222.31
 20
91.5283
 11
222.497
 21
91.2402
  0
LINE
  8
0
 10
222.497
 20
91.2402
 11
222.497
 21
91.2295
  0
LINE
  8
0
 10
222.497
 20
91.2295
 11
222.501
 21
91.2354
  0
LINE
  8
0
 10
222.501
 20
91.2354
 11
222.504
 21
91.2305
  0
LINE
  8
0
 10
222.504
 20
91.2305
 11
222.504
 21
91.2402
  0
LINE
  8
0
 10
222.504
 20
91.2402
 11
222.691
 21
91.5283
  0
LINE
  8
0
 10
222.691
 20
91.5283
 11
227.209
 21
92.4082
  0
LINE
  8
0
 10
227.209
 20
92.4082
 11
224.188
 21
88.9355
  0
LINE
  8
0
 10
224.188
 20
88.9355
 11
223.846
 21
88.916
  0
LINE
  8
0
 10
223.846
 20
88.916
 11
223.835
 21
88.9229
  0
LINE
  8
0
 10
223.835
 20
88.9229
 11
223.839
 21
88.916
  0
LINE
  8
0
 10
223.839
 20
88.916
 11
223.833
 21
88.916
  0
LINE
  8
0
 10
223.833
 20
88.916
 11
223.841
 21
88.9111
  0
LINE
  8
0
 10
223.841
 20
88.9111
 11
223.996
 21
88.6045
  0
LINE
  8
0
 10
223.996
 20
88.6045
 11
222.5
 21
84.252
  0
LINE
  8
0
 10
222.5
 20
84.252
 11
221.003
 21
88.6045
  0
LINE
  8
0
 10
281.003
 20
88.6045
 11
281.159
 21
88.9111
  0
LINE
  8
0
 10
281.159
 20
88.9111
 11
281.168
 21
88.916
  0
LINE
  8
0
 10
281.168
 20
88.916
 11
281.161
 21
88.917
  0
LINE
  8
0
 10
281.161
 20
88.917
 11
281.164
 21
88.9219
  0
LINE
  8
0
 10
281.164
 20
88.9219
 11
281.156
 21
88.917
  0
LINE
  8
0
 10
281.156
 20
88.917
 11
280.812
 21
88.9365
  0
LINE
  8
0
 10
280.812
 20
88.9365
 11
277.791
 21
92.4082
  0
LINE
  8
0
 10
277.791
 20
92.4082
 11
282.31
 21
91.5283
  0
LINE
  8
0
 10
282.31
 20
91.5283
 11
282.497
 21
91.2402
  0
LINE
  8
0
 10
282.497
 20
91.2402
 11
282.497
 21
91.2295
  0
LINE
  8
0
 10
282.497
 20
91.2295
 11
282.501
 21
91.2354
  0
LINE
  8
0
 10
282.501
 20
91.2354
 11
282.504
 21
91.2305
  0
LINE
  8
0
 10
282.504
 20
91.2305
 11
282.504
 21
91.2402
  0
LINE
  8
0
 10
282.504
 20
91.2402
 11
282.691
 21
91.5283
  0
LINE
  8
0
 10
282.691
 20
91.5283
 11
284.056
 21
91.7939
  0
LINE
  8
0
 10
284.056
 20
91.7939
 11
284.768
 21
89.6016
  0
LINE
  8
0
 10
284.768
 20
89.6016
 11
284.188
 21
88.9355
  0
LINE
  8
0
 10
284.188
 20
88.9355
 11
283.846
 21
88.916
  0
LINE
  8
0
 10
283.846
 20
88.916
 11
283.835
 21
88.9229
  0
LINE
  8
0
 10
283.835
 20
88.9229
 11
283.839
 21
88.916
  0
LINE
  8
0
 10
283.839
 20
88.916
 11
283.833
 21
88.916
  0
LINE
  8
0
 10
283.833
 20
88.916
 11
283.841
 21
88.9111
  0
LINE
  8
0
 10
283.841
 20
88.9111
 11
283.996
 21
88.6045
  0
LINE
  8
0
 10
283.996
 20
88.6045
 11
282.5
 21
84.252
  0
LINE
  8
0
 10
282.5
 20
84.252
 11
281.003
 21
88.6045
  0
LINE
  8
0
 10
251.003
 20
88.6045
 11
251.159
 21
88.9111
  0
LINE
  8
0
 10
251.159
 20
88.9111
 11
251.168
 21
88.916
  0
LINE
  8
0
 10
251.168
 20
88.916
 11
251.161
 21
88.917
  0
LINE
  8
0
 10
251.161
 20
88.917
 11
251.164
 21
88.9219
  0
LINE
  8
0
 10
251.164
 20
88.9219
 11
251.156
 21
88.917
  0
LINE
  8
0
 10
251.156
 20
88.917
 11
250.812
 21
88.9365
  0
LINE
  8
0
 10
250.812
 20
88.9365
 11
247.791
 21
92.4082
  0
LINE
  8
0
 10
247.791
 20
92.4082
 11
252.31
 21
91.5283
  0
LINE
  8
0
 10
252.31
 20
91.5283
 11
252.497
 21
91.2402
  0
LINE
  8
0
 10
252.497
 20
91.2402
 11
252.497
 21
91.2295
  0
LINE
  8
0
 10
252.497
 20
91.2295
 11
252.5
 21
91.2354
  0
LINE
  8
0
 10
252.5
 20
91.2354
 11
252.504
 21
91.2305
  0
LINE
  8
0
 10
252.504
 20
91.2305
 11
252.504
 21
91.2402
  0
LINE
  8
0
 10
252.504
 20
91.2402
 11
252.691
 21
91.5283
  0
LINE
  8
0
 10
252.691
 20
91.5283
 11
257.209
 21
92.4082
  0
LINE
  8
0
 10
257.209
 20
92.4082
 11
254.188
 21
88.9355
  0
LINE
  8
0
 10
254.188
 20
88.9355
 11
253.846
 21
88.916
  0
LINE
  8
0
 10
253.846
 20
88.916
 11
253.835
 21
88.9229
  0
LINE
  8
0
 10
253.835
 20
88.9229
 11
253.839
 21
88.916
  0
LINE
  8
0
 10
253.839
 20
88.916
 11
253.833
 21
88.916
  0
LINE
  8
0
 10
253.833
 20
88.916
 11
253.841
 21
88.9111
  0
LINE
  8
0
 10
253.841
 20
88.9111
 11
253.996
 21
88.6045
  0
LINE
  8
0
 10
253.996
 20
88.6045
 11
252.5
 21
84.252
  0
LINE
  8
0
 10
252.5
 20
84.252
 11
251.003
 21
88.6045
  0
LINE
  8
0
 10
246.344
 20
75.9268
 11
241.834
 21
81.0283
  0
LINE
  8
0
 10
241.834
 20
81.0283
 11
246.343
 21
86.1309
  0
LINE
  8
0
 10
246.343
 20
86.1309
 11
246.905
 21
86.4551
  0
LINE
  8
0
 10
246.905
 20
86.4551
 11
252.499
 21
82.4492
  0
LINE
  8
0
 10
252.499
 20
82.4492
 11
265.327
 21
81.0283
  0
LINE
  8
0
 10
265.327
 20
81.0283
 11
252.499
 21
79.6094
  0
LINE
  8
0
 10
252.499
 20
79.6094
 11
246.905
 21
75.6025
  0
LINE
  8
0
 10
246.905
 20
75.6025
 11
246.344
 21
75.9268
  0
LINE
  8
0
 10
216.344
 20
75.9268
 11
211.834
 21
81.0283
  0
LINE
  8
0
 10
211.834
 20
81.0283
 11
216.343
 21
86.1309
  0
LINE
  8
0
 10
216.343
 20
86.1309
 11
216.905
 21
86.4551
  0
LINE
  8
0
 10
216.905
 20
86.4551
 11
222.499
 21
82.4492
  0
LINE
  8
0
 10
222.499
 20
82.4492
 11
235.327
 21
81.0283
  0
LINE
  8
0
 10
235.327
 20
81.0283
 11
222.499
 21
79.6094
  0
LINE
  8
0
 10
222.499
 20
79.6094
 11
216.905
 21
75.6025
  0
LINE
  8
0
 10
216.905
 20
75.6025
 11
216.344
 21
75.9268
  0
LINE
  8
0
 10
276.344
 20
75.9268
 11
271.834
 21
81.0283
  0
LINE
  8
0
 10
271.834
 20
81.0283
 11
276.343
 21
86.1309
  0
LINE
  8
0
 10
276.343
 20
86.1309
 11
276.905
 21
86.4551
  0
LINE
  8
0
 10
276.905
 20
86.4551
 11
282.499
 21
82.4492
  0
LINE
  8
0
 10
282.499
 20
82.4492
 11
287.263
 21
81.9219
  0
LINE
  8
0
 10
287.263
 20
81.9219
 11
287.823
 21
80.1982
  0
LINE
  8
0
 10
287.823
 20
80.1982
 11
282.499
 21
79.6094
  0
LINE
  8
0
 10
282.499
 20
79.6094
 11
276.905
 21
75.6025
  0
LINE
  8
0
 10
276.905
 20
75.6025
 11
276.344
 21
75.9268
  0
LINE
  8
0
 10
202.547
 20
81.3369
 11
205.327
 21
81.0283
  0
LINE
  8
0
 10
205.327
 20
81.0283
 11
202.34
 21
80.6982
  0
LINE
  8
0
 10
202.34
 20
80.6982
 11
202.547
 21
81.3369
  0
LINE
  8
0
 10
213.661
 20
60.1553
 11
213.099
 21
60.4805
  0
LINE
  8
0
 10
213.099
 20
60.4805
 11
213.771
 21
67.3281
  0
LINE
  8
0
 10
213.771
 20
67.3281
 11
208.586
 21
79.1475
  0
LINE
  8
0
 10
208.586
 20
79.1475
 11
216.229
 21
68.7471
  0
LINE
  8
0
 10
216.229
 20
68.7471
 11
222.496
 21
65.9062
  0
LINE
  8
0
 10
222.496
 20
65.9062
 11
222.496
 21
65.2559
  0
LINE
  8
0
 10
222.496
 20
65.2559
 11
220.333
 21
58.8008
  0
LINE
  8
0
 10
220.333
 20
58.8008
 11
213.661
 21
60.1553
  0
LINE
  8
0
 10
273.661
 20
60.1553
 11
273.099
 21
60.4805
  0
LINE
  8
0
 10
273.099
 20
60.4805
 11
273.771
 21
67.3281
  0
LINE
  8
0
 10
273.771
 20
67.3281
 11
268.586
 21
79.1475
  0
LINE
  8
0
 10
268.586
 20
79.1475
 11
276.229
 21
68.7471
  0
LINE
  8
0
 10
276.229
 20
68.7471
 11
282.496
 21
65.9062
  0
LINE
  8
0
 10
282.496
 20
65.9062
 11
282.496
 21
65.2559
  0
LINE
  8
0
 10
282.496
 20
65.2559
 11
280.333
 21
58.8008
  0
LINE
  8
0
 10
280.333
 20
58.8008
 11
273.661
 21
60.1553
  0
LINE
  8
0
 10
243.661
 20
60.1553
 11
243.099
 21
60.4805
  0
LINE
  8
0
 10
243.099
 20
60.4805
 11
243.771
 21
67.3281
  0
LINE
  8
0
 10
243.771
 20
67.3281
 11
238.586
 21
79.1475
  0
LINE
  8
0
 10
238.586
 20
79.1475
 11
246.229
 21
68.7471
  0
LINE
  8
0
 10
246.229
 20
68.7471
 11
252.496
 21
65.9062
  0
LINE
  8
0
 10
252.496
 20
65.9062
 11
252.496
 21
65.2559
  0
LINE
  8
0
 10
252.496
 20
65.2559
 11
250.333
 21
58.8008
  0
LINE
  8
0
 10
250.333
 20
58.8008
 11
243.661
 21
60.1553
  0
LINE
  8
0
 10
222.691
 20
70.5293
 11
222.503
 21
70.8184
  0
LINE
  8
0
 10
222.503
 20
70.8184
 11
222.503
 21
70.8271
  0
LINE
  8
0
 10
222.503
 20
70.8271
 11
222.5
 21
70.8223
  0
LINE
  8
0
 10
222.5
 20
70.8223
 11
222.496
 21
70.8281
  0
LINE
  8
0
 10
222.496
 20
70.8281
 11
222.496
 21
70.8174
  0
LINE
  8
0
 10
222.496
 20
70.8174
 11
222.309
 21
70.5293
  0
LINE
  8
0
 10
222.309
 20
70.5293
 11
217.791
 21
69.6494
  0
LINE
  8
0
 10
217.791
 20
69.6494
 11
220.812
 21
73.1211
  0
LINE
  8
0
 10
220.812
 20
73.1211
 11
221.156
 21
73.1406
  0
LINE
  8
0
 10
221.156
 20
73.1406
 11
221.164
 21
73.1357
  0
LINE
  8
0
 10
221.164
 20
73.1357
 11
221.161
 21
73.1406
  0
LINE
  8
0
 10
221.161
 20
73.1406
 11
221.167
 21
73.1416
  0
LINE
  8
0
 10
221.167
 20
73.1416
 11
221.159
 21
73.1465
  0
LINE
  8
0
 10
221.159
 20
73.1465
 11
221.003
 21
73.4541
  0
LINE
  8
0
 10
221.003
 20
73.4541
 11
222.5
 21
77.8057
  0
LINE
  8
0
 10
222.5
 20
77.8057
 11
223.996
 21
73.4541
  0
LINE
  8
0
 10
223.996
 20
73.4541
 11
223.841
 21
73.1465
  0
LINE
  8
0
 10
223.841
 20
73.1465
 11
223.833
 21
73.1416
  0
LINE
  8
0
 10
223.833
 20
73.1416
 11
223.838
 21
73.1406
  0
LINE
  8
0
 10
223.838
 20
73.1406
 11
223.835
 21
73.1357
  0
LINE
  8
0
 10
223.835
 20
73.1357
 11
223.845
 21
73.1406
  0
LINE
  8
0
 10
223.845
 20
73.1406
 11
224.188
 21
73.1221
  0
LINE
  8
0
 10
224.188
 20
73.1221
 11
227.209
 21
69.6494
  0
LINE
  8
0
 10
227.209
 20
69.6494
 11
222.691
 21
70.5293
  0
LINE
  8
0
 10
252.691
 20
70.5293
 11
252.503
 21
70.8184
  0
LINE
  8
0
 10
252.503
 20
70.8184
 11
252.503
 21
70.8271
  0
LINE
  8
0
 10
252.503
 20
70.8271
 11
252.5
 21
70.8223
  0
LINE
  8
0
 10
252.5
 20
70.8223
 11
252.496
 21
70.8281
  0
LINE
  8
0
 10
252.496
 20
70.8281
 11
252.496
 21
70.8174
  0
LINE
  8
0
 10
252.496
 20
70.8174
 11
252.309
 21
70.5293
  0
LINE
  8
0
 10
252.309
 20
70.5293
 11
247.791
 21
69.6494
  0
LINE
  8
0
 10
247.791
 20
69.6494
 11
250.812
 21
73.1211
  0
LINE
  8
0
 10
250.812
 20
73.1211
 11
251.156
 21
73.1406
  0
LINE
  8
0
 10
251.156
 20
73.1406
 11
251.164
 21
73.1357
  0
LINE
  8
0
 10
251.164
 20
73.1357
 11
251.161
 21
73.1406
  0
LINE
  8
0
 10
251.161
 20
73.1406
 11
251.167
 21
73.1416
  0
LINE
  8
0
 10
251.167
 20
73.1416
 11
251.159
 21
73.1465
  0
LINE
  8
0
 10
251.159
 20
73.1465
 11
251.003
 21
73.4541
  0
LINE
  8
0
 10
251.003
 20
73.4541
 11
252.5
 21
77.8057
  0
LINE
  8
0
 10
252.5
 20
77.8057
 11
253.996
 21
73.4541
  0
LINE
  8
0
 10
253.996
 20
73.4541
 11
253.841
 21
73.1465
  0
LINE
  8
0
 10
253.841
 20
73.1465
 11
253.833
 21
73.1416
  0
LINE
  8
0
 10
253.833
 20
73.1416
 11
253.838
 21
73.1406
  0
LINE
  8
0
 10
253.838
 20
73.1406
 11
253.835
 21
73.1357
  0
LINE
  8
0
 10
253.835
 20
73.1357
 11
253.845
 21
73.1406
  0
LINE
  8
0
 10
253.845
 20
73.1406
 11
254.188
 21
73.1221
  0
LINE
  8
0
 10
254.188
 20
73.1221
 11
257.209
 21
69.6494
  0
LINE
  8
0
 10
257.209
 20
69.6494
 11
252.691
 21
70.5293
  0
LINE
  8
0
 10
282.691
 20
70.5293
 11
282.503
 21
70.8184
  0
LINE
  8
0
 10
282.503
 20
70.8184
 11
282.503
 21
70.8271
  0
LINE
  8
0
 10
282.503
 20
70.8271
 11
282.5
 21
70.8223
  0
LINE
  8
0
 10
282.5
 20
70.8223
 11
282.496
 21
70.8281
  0
LINE
  8
0
 10
282.496
 20
70.8281
 11
282.496
 21
70.8174
  0
LINE
  8
0
 10
282.496
 20
70.8174
 11
282.309
 21
70.5293
  0
LINE
  8
0
 10
282.309
 20
70.5293
 11
277.791
 21
69.6494
  0
LINE
  8
0
 10
277.791
 20
69.6494
 11
280.812
 21
73.1211
  0
LINE
  8
0
 10
280.812
 20
73.1211
 11
281.156
 21
73.1406
  0
LINE
  8
0
 10
281.156
 20
73.1406
 11
281.164
 21
73.1357
  0
LINE
  8
0
 10
281.164
 20
73.1357
 11
281.161
 21
73.1406
  0
LINE
  8
0
 10
281.161
 20
73.1406
 11
281.167
 21
73.1416
  0
LINE
  8
0
 10
281.167
 20
73.1416
 11
281.159
 21
73.1465
  0
LINE
  8
0
 10
281.159
 20
73.1465
 11
281.003
 21
73.4541
  0
LINE
  8
0
 10
281.003
 20
73.4541
 11
282.5
 21
77.8057
  0
LINE
  8
0
 10
282.5
 20
77.8057
 11
283.996
 21
73.4541
  0
LINE
  8
0
 10
283.996
 20
73.4541
 11
283.841
 21
73.1465
  0
LINE
  8
0
 10
283.841
 20
73.1465
 11
283.833
 21
73.1416
  0
LINE
  8
0
 10
283.833
 20
73.1416
 11
283.838
 21
73.1406
  0
LINE
  8
0
 10
283.838
 20
73.1406
 11
283.835
 21
73.1357
  0
LINE
  8
0
 10
283.835
 20
73.1357
 11
283.845
 21
73.1406
  0
LINE
  8
0
 10
283.845
 20
73.1406
 11
284.188
 21
73.1221
  0
LINE
  8
0
 10
284.188
 20
73.1221
 11
287.209
 21
69.6494
  0
LINE
  8
0
 10
287.209
 20
69.6494
 11
282.691
 21
70.5293
  0
LINE
  8
0
 10
197.561
 20
65.9912
 11
198.771
 21
68.749
  0
LINE
  8
0
 10
198.771
 20
68.749
 11
198.698
 21
69.4902
  0
LINE
  8
0
 10
198.698
 20
69.4902
 11
200.938
 21
76.3838
  0
LINE
  8
0
 10
200.938
 20
76.3838
 11
205.333
 21
77.2754
  0
LINE
  8
0
 10
205.333
 20
77.2754
 11
207.497
 21
70.8213
  0
LINE
  8
0
 10
207.497
 20
70.8213
 11
207.497
 21
70.1699
  0
LINE
  8
0
 10
207.497
 20
70.1699
 11
201.23
 21
67.3301
  0
LINE
  8
0
 10
201.23
 20
67.3301
 11
195.433
 21
59.4424
  0
LINE
  8
0
 10
195.433
 20
59.4424
 11
197.561
 21
65.9912
  0
LINE
  8
0
 10
258.771
 20
68.749
 11
258.098
 21
75.5967
  0
LINE
  8
0
 10
258.098
 20
75.5967
 11
258.661
 21
75.9219
  0
LINE
  8
0
 10
258.661
 20
75.9219
 11
265.333
 21
77.2754
  0
LINE
  8
0
 10
265.333
 20
77.2754
 11
267.497
 21
70.8213
  0
LINE
  8
0
 10
267.497
 20
70.8213
 11
267.497
 21
70.1699
  0
LINE
  8
0
 10
267.497
 20
70.1699
 11
261.23
 21
67.3301
  0
LINE
  8
0
 10
261.23
 20
67.3301
 11
253.585
 21
56.9277
  0
LINE
  8
0
 10
253.585
 20
56.9277
 11
258.771
 21
68.749
  0
LINE
  8
0
 10
228.771
 20
68.749
 11
228.098
 21
75.5967
  0
LINE
  8
0
 10
228.098
 20
75.5967
 11
228.661
 21
75.9219
  0
LINE
  8
0
 10
228.661
 20
75.9219
 11
235.333
 21
77.2754
  0
LINE
  8
0
 10
235.333
 20
77.2754
 11
237.497
 21
70.8213
  0
LINE
  8
0
 10
237.497
 20
70.8213
 11
237.497
 21
70.1699
  0
LINE
  8
0
 10
237.497
 20
70.1699
 11
231.23
 21
67.3301
  0
LINE
  8
0
 10
231.23
 20
67.3301
 11
223.585
 21
56.9277
  0
LINE
  8
0
 10
223.585
 20
56.9277
 11
228.771
 21
68.749
  0
LINE
  8
0
 10
288.771
 20
68.749
 11
288.098
 21
75.5967
  0
LINE
  8
0
 10
288.098
 20
75.5967
 11
288.661
 21
75.9219
  0
LINE
  8
0
 10
288.661
 20
75.9219
 11
289.178
 21
76.0273
  0
LINE
  8
0
 10
289.178
 20
76.0273
 11
291.905
 21
67.6357
  0
LINE
  8
0
 10
291.905
 20
67.6357
 11
291.23
 21
67.3301
  0
LINE
  8
0
 10
291.23
 20
67.3301
 11
283.585
 21
56.9277
  0
LINE
  8
0
 10
283.585
 20
56.9277
 11
288.771
 21
68.749
  0
LINE
  8
0
 10
236.003
 20
62.623
 11
236.159
 21
62.9297
  0
LINE
  8
0
 10
236.159
 20
62.9297
 11
236.168
 21
62.9355
  0
LINE
  8
0
 10
236.168
 20
62.9355
 11
236.161
 21
62.9365
  0
LINE
  8
0
 10
236.161
 20
62.9365
 11
236.164
 21
62.9414
  0
LINE
  8
0
 10
236.164
 20
62.9414
 11
236.156
 21
62.9365
  0
LINE
  8
0
 10
236.156
 20
62.9365
 11
235.812
 21
62.9551
  0
LINE
  8
0
 10
235.812
 20
62.9551
 11
232.791
 21
66.4277
  0
LINE
  8
0
 10
232.791
 20
66.4277
 11
237.31
 21
65.5479
  0
LINE
  8
0
 10
237.31
 20
65.5479
 11
237.497
 21
65.2598
  0
LINE
  8
0
 10
237.497
 20
65.2598
 11
237.497
 21
65.249
  0
LINE
  8
0
 10
237.497
 20
65.249
 11
237.5
 21
65.2539
  0
LINE
  8
0
 10
237.5
 20
65.2539
 11
237.504
 21
65.249
  0
LINE
  8
0
 10
237.504
 20
65.249
 11
237.504
 21
65.2588
  0
LINE
  8
0
 10
237.504
 20
65.2588
 11
237.691
 21
65.5469
  0
LINE
  8
0
 10
237.691
 20
65.5469
 11
242.209
 21
66.4277
  0
LINE
  8
0
 10
242.209
 20
66.4277
 11
239.188
 21
62.9551
  0
LINE
  8
0
 10
239.188
 20
62.9551
 11
238.846
 21
62.9355
  0
LINE
  8
0
 10
238.846
 20
62.9355
 11
238.835
 21
62.9414
  0
LINE
  8
0
 10
238.835
 20
62.9414
 11
238.839
 21
62.9355
  0
LINE
  8
0
 10
238.839
 20
62.9355
 11
238.833
 21
62.9355
  0
LINE
  8
0
 10
238.833
 20
62.9355
 11
238.841
 21
62.9307
  0
LINE
  8
0
 10
238.841
 20
62.9307
 11
238.996
 21
62.623
  0
LINE
  8
0
 10
238.996
 20
62.623
 11
237.5
 21
58.2715
  0
LINE
  8
0
 10
237.5
 20
58.2715
 11
236.003
 21
62.623
  0
LINE
  8
0
 10
206.003
 20
62.623
 11
206.159
 21
62.9297
  0
LINE
  8
0
 10
206.159
 20
62.9297
 11
206.168
 21
62.9355
  0
LINE
  8
0
 10
206.168
 20
62.9355
 11
206.161
 21
62.9365
  0
LINE
  8
0
 10
206.161
 20
62.9365
 11
206.164
 21
62.9414
  0
LINE
  8
0
 10
206.164
 20
62.9414
 11
206.156
 21
62.9365
  0
LINE
  8
0
 10
206.156
 20
62.9365
 11
205.812
 21
62.9551
  0
LINE
  8
0
 10
205.812
 20
62.9551
 11
202.791
 21
66.4277
  0
LINE
  8
0
 10
202.791
 20
66.4277
 11
207.31
 21
65.5479
  0
LINE
  8
0
 10
207.31
 20
65.5479
 11
207.497
 21
65.2598
  0
LINE
  8
0
 10
207.497
 20
65.2598
 11
207.497
 21
65.249
  0
LINE
  8
0
 10
207.497
 20
65.249
 11
207.501
 21
65.2539
  0
LINE
  8
0
 10
207.501
 20
65.2539
 11
207.504
 21
65.249
  0
LINE
  8
0
 10
207.504
 20
65.249
 11
207.504
 21
65.2588
  0
LINE
  8
0
 10
207.504
 20
65.2588
 11
207.691
 21
65.5469
  0
LINE
  8
0
 10
207.691
 20
65.5469
 11
212.209
 21
66.4277
  0
LINE
  8
0
 10
212.209
 20
66.4277
 11
209.188
 21
62.9551
  0
LINE
  8
0
 10
209.188
 20
62.9551
 11
208.846
 21
62.9355
  0
LINE
  8
0
 10
208.846
 20
62.9355
 11
208.835
 21
62.9414
  0
LINE
  8
0
 10
208.835
 20
62.9414
 11
208.839
 21
62.9355
  0
LINE
  8
0
 10
208.839
 20
62.9355
 11
208.833
 21
62.9355
  0
LINE
  8
0
 10
208.833
 20
62.9355
 11
208.841
 21
62.9307
  0
LINE
  8
0
 10
208.841
 20
62.9307
 11
208.996
 21
62.623
  0
LINE
  8
0
 10
208.996
 20
62.623
 11
207.5
 21
58.2715
  0
LINE
  8
0
 10
207.5
 20
58.2715
 11
206.003
 21
62.623
  0
LINE
  8
0
 10
266.003
 20
62.623
 11
266.159
 21
62.9297
  0
LINE
  8
0
 10
266.159
 20
62.9297
 11
266.168
 21
62.9355
  0
LINE
  8
0
 10
266.168
 20
62.9355
 11
266.161
 21
62.9365
  0
LINE
  8
0
 10
266.161
 20
62.9365
 11
266.164
 21
62.9414
  0
LINE
  8
0
 10
266.164
 20
62.9414
 11
266.156
 21
62.9365
  0
LINE
  8
0
 10
266.156
 20
62.9365
 11
265.812
 21
62.9551
  0
LINE
  8
0
 10
265.812
 20
62.9551
 11
262.791
 21
66.4277
  0
LINE
  8
0
 10
262.791
 20
66.4277
 11
267.31
 21
65.5479
  0
LINE
  8
0
 10
267.31
 20
65.5479
 11
267.497
 21
65.2598
  0
LINE
  8
0
 10
267.497
 20
65.2598
 11
267.497
 21
65.249
  0
LINE
  8
0
 10
267.497
 20
65.249
 11
267.501
 21
65.2539
  0
LINE
  8
0
 10
267.501
 20
65.2539
 11
267.504
 21
65.249
  0
LINE
  8
0
 10
267.504
 20
65.249
 11
267.504
 21
65.2588
  0
LINE
  8
0
 10
267.504
 20
65.2588
 11
267.691
 21
65.5469
  0
LINE
  8
0
 10
267.691
 20
65.5469
 11
272.209
 21
66.4277
  0
LINE
  8
0
 10
272.209
 20
66.4277
 11
269.188
 21
62.9551
  0
LINE
  8
0
 10
269.188
 20
62.9551
 11
268.846
 21
62.9355
  0
LINE
  8
0
 10
268.846
 20
62.9355
 11
268.835
 21
62.9414
  0
LINE
  8
0
 10
268.835
 20
62.9414
 11
268.839
 21
62.9355
  0
LINE
  8
0
 10
268.839
 20
62.9355
 11
268.833
 21
62.9355
  0
LINE
  8
0
 10
268.833
 20
62.9355
 11
268.841
 21
62.9307
  0
LINE
  8
0
 10
268.841
 20
62.9307
 11
268.996
 21
62.623
  0
LINE
  8
0
 10
268.996
 20
62.623
 11
267.5
 21
58.2715
  0
LINE
  8
0
 10
267.5
 20
58.2715
 11
266.003
 21
62.623
  0
LINE
  8
0
 10
261.344
 20
49.9453
 11
256.834
 21
55.0479
  0
LINE
  8
0
 10
256.834
 20
55.0479
 11
261.343
 21
60.1494
  0
LINE
  8
0
 10
261.343
 20
60.1494
 11
261.905
 21
60.4746
  0
LINE
  8
0
 10
261.905
 20
60.4746
 11
267.499
 21
56.4688
  0
LINE
  8
0
 10
267.499
 20
56.4688
 11
280.327
 21
55.0479
  0
LINE
  8
0
 10
280.327
 20
55.0479
 11
267.499
 21
53.6279
  0
LINE
  8
0
 10
267.499
 20
53.6279
 11
261.905
 21
49.6221
  0
LINE
  8
0
 10
261.905
 20
49.6221
 11
261.344
 21
49.9453
  0
LINE
  8
0
 10
291.344
 20
49.9453
 11
286.834
 21
55.0479
  0
LINE
  8
0
 10
286.834
 20
55.0479
 11
291.343
 21
60.1494
  0
LINE
  8
0
 10
291.343
 20
60.1494
 11
291.905
 21
60.4746
  0
LINE
  8
0
 10
291.905
 20
60.4746
 11
294.937
 21
58.3037
  0
LINE
  8
0
 10
294.937
 20
58.3037
 11
296.653
 21
53.0225
  0
LINE
  8
0
 10
296.653
 20
53.0225
 11
291.905
 21
49.6221
  0
LINE
  8
0
 10
291.905
 20
49.6221
 11
291.344
 21
49.9453
  0
LINE
  8
0
 10
201.344
 20
49.9453
 11
196.834
 21
55.0479
  0
LINE
  8
0
 10
196.834
 20
55.0479
 11
201.343
 21
60.1494
  0
LINE
  8
0
 10
201.343
 20
60.1494
 11
201.905
 21
60.4746
  0
LINE
  8
0
 10
201.905
 20
60.4746
 11
207.499
 21
56.4688
  0
LINE
  8
0
 10
207.499
 20
56.4688
 11
220.327
 21
55.0479
  0
LINE
  8
0
 10
220.327
 20
55.0479
 11
207.499
 21
53.6279
  0
LINE
  8
0
 10
207.499
 20
53.6279
 11
201.905
 21
49.6221
  0
LINE
  8
0
 10
201.905
 20
49.6221
 11
201.344
 21
49.9453
  0
LINE
  8
0
 10
231.344
 20
49.9453
 11
226.834
 21
55.0479
  0
LINE
  8
0
 10
226.834
 20
55.0479
 11
231.343
 21
60.1494
  0
LINE
  8
0
 10
231.343
 20
60.1494
 11
231.905
 21
60.4746
  0
LINE
  8
0
 10
231.905
 20
60.4746
 11
237.499
 21
56.4688
  0
LINE
  8
0
 10
237.499
 20
56.4688
 11
250.327
 21
55.0479
  0
LINE
  8
0
 10
250.327
 20
55.0479
 11
237.499
 21
53.6279
  0
LINE
  8
0
 10
237.499
 20
53.6279
 11
231.905
 21
49.6221
  0
LINE
  8
0
 10
231.905
 20
49.6221
 11
231.344
 21
49.9453
  0
LINE
  8
0
 10
198.661
 20
34.1748
 11
198.099
 21
34.499
  0
LINE
  8
0
 10
198.099
 20
34.499
 11
198.771
 21
41.3467
  0
LINE
  8
0
 10
198.771
 20
41.3467
 11
193.586
 21
53.166
  0
LINE
  8
0
 10
193.586
 20
53.166
 11
201.229
 21
42.7666
  0
LINE
  8
0
 10
201.229
 20
42.7666
 11
207.496
 21
39.9258
  0
LINE
  8
0
 10
207.496
 20
39.9258
 11
207.496
 21
39.2744
  0
LINE
  8
0
 10
207.496
 20
39.2744
 11
205.333
 21
32.8203
  0
LINE
  8
0
 10
205.333
 20
32.8203
 11
198.661
 21
34.1748
  0
LINE
  8
0
 10
228.661
 20
34.1748
 11
228.099
 21
34.499
  0
LINE
  8
0
 10
228.099
 20
34.499
 11
228.771
 21
41.3467
  0
LINE
  8
0
 10
228.771
 20
41.3467
 11
223.586
 21
53.166
  0
LINE
  8
0
 10
223.586
 20
53.166
 11
231.229
 21
42.7666
  0
LINE
  8
0
 10
231.229
 20
42.7666
 11
237.496
 21
39.9258
  0
LINE
  8
0
 10
237.496
 20
39.9258
 11
237.496
 21
39.2744
  0
LINE
  8
0
 10
237.496
 20
39.2744
 11
235.333
 21
32.8203
  0
LINE
  8
0
 10
235.333
 20
32.8203
 11
228.661
 21
34.1748
  0
LINE
  8
0
 10
258.661
 20
34.1748
 11
258.099
 21
34.499
  0
LINE
  8
0
 10
258.099
 20
34.499
 11
258.771
 21
41.3467
  0
LINE
  8
0
 10
258.771
 20
41.3467
 11
253.586
 21
53.166
  0
LINE
  8
0
 10
253.586
 20
53.166
 11
261.229
 21
42.7666
  0
LINE
  8
0
 10
261.229
 20
42.7666
 11
267.496
 21
39.9258
  0
LINE
  8
0
 10
267.496
 20
39.9258
 11
267.496
 21
39.2744
  0
LINE
  8
0
 10
267.496
 20
39.2744
 11
265.333
 21
32.8203
  0
LINE
  8
0
 10
265.333
 20
32.8203
 11
258.661
 21
34.1748
  0
LINE
  8
0
 10
288.661
 20
34.1748
 11
288.099
 21
34.499
  0
LINE
  8
0
 10
288.099
 20
34.499
 11
288.771
 21
41.3467
  0
LINE
  8
0
 10
288.771
 20
41.3467
 11
283.586
 21
53.166
  0
LINE
  8
0
 10
283.586
 20
53.166
 11
291.229
 21
42.7666
  0
LINE
  8
0
 10
291.229
 20
42.7666
 11
297.496
 21
39.9258
  0
LINE
  8
0
 10
297.496
 20
39.9258
 11
297.496
 21
39.2744
  0
LINE
  8
0
 10
297.496
 20
39.2744
 11
295.333
 21
32.8203
  0
LINE
  8
0
 10
295.333
 20
32.8203
 11
288.661
 21
34.1748
  0
LINE
  8
0
 10
207.691
 20
44.5488
 11
207.503
 21
44.8369
  0
LINE
  8
0
 10
207.503
 20
44.8369
 11
207.503
 21
44.8467
  0
LINE
  8
0
 10
207.503
 20
44.8467
 11
207.5
 21
44.8418
  0
LINE
  8
0
 10
207.5
 20
44.8418
 11
207.496
 21
44.8477
  0
LINE
  8
0
 10
207.496
 20
44.8477
 11
207.496
 21
44.8359
  0
LINE
  8
0
 10
207.496
 20
44.8359
 11
207.309
 21
44.5479
  0
LINE
  8
0
 10
207.309
 20
44.5479
 11
202.791
 21
43.668
  0
LINE
  8
0
 10
202.791
 20
43.668
 11
205.812
 21
47.1406
  0
LINE
  8
0
 10
205.812
 20
47.1406
 11
206.156
 21
47.1602
  0
LINE
  8
0
 10
206.156
 20
47.1602
 11
206.164
 21
47.1553
  0
LINE
  8
0
 10
206.164
 20
47.1553
 11
206.161
 21
47.1602
  0
LINE
  8
0
 10
206.161
 20
47.1602
 11
206.167
 21
47.1602
  0
LINE
  8
0
 10
206.167
 20
47.1602
 11
206.159
 21
47.166
  0
LINE
  8
0
 10
206.159
 20
47.166
 11
206.003
 21
47.4727
  0
LINE
  8
0
 10
206.003
 20
47.4727
 11
207.5
 21
51.8252
  0
LINE
  8
0
 10
207.5
 20
51.8252
 11
208.996
 21
47.4727
  0
LINE
  8
0
 10
208.996
 20
47.4727
 11
208.841
 21
47.165
  0
LINE
  8
0
 10
208.841
 20
47.165
 11
208.833
 21
47.1602
  0
LINE
  8
0
 10
208.833
 20
47.1602
 11
208.838
 21
47.1602
  0
LINE
  8
0
 10
208.838
 20
47.1602
 11
208.835
 21
47.1543
  0
LINE
  8
0
 10
208.835
 20
47.1543
 11
208.845
 21
47.1602
  0
LINE
  8
0
 10
208.845
 20
47.1602
 11
209.188
 21
47.1406
  0
LINE
  8
0
 10
209.188
 20
47.1406
 11
212.209
 21
43.668
  0
LINE
  8
0
 10
212.209
 20
43.668
 11
207.691
 21
44.5488
  0
LINE
  8
0
 10
237.691
 20
44.5488
 11
237.503
 21
44.8369
  0
LINE
  8
0
 10
237.503
 20
44.8369
 11
237.503
 21
44.8467
  0
LINE
  8
0
 10
237.503
 20
44.8467
 11
237.5
 21
44.8418
  0
LINE
  8
0
 10
237.5
 20
44.8418
 11
237.496
 21
44.8477
  0
LINE
  8
0
 10
237.496
 20
44.8477
 11
237.496
 21
44.8359
  0
LINE
  8
0
 10
237.496
 20
44.8359
 11
237.309
 21
44.5479
  0
LINE
  8
0
 10
237.309
 20
44.5479
 11
232.791
 21
43.668
  0
LINE
  8
0
 10
232.791
 20
43.668
 11
235.812
 21
47.1406
  0
LINE
  8
0
 10
235.812
 20
47.1406
 11
236.156
 21
47.1602
  0
LINE
  8
0
 10
236.156
 20
47.1602
 11
236.164
 21
47.1553
  0
LINE
  8
0
 10
236.164
 20
47.1553
 11
236.161
 21
47.1602
  0
LINE
  8
0
 10
236.161
 20
47.1602
 11
236.167
 21
47.1602
  0
LINE
  8
0
 10
236.167
 20
47.1602
 11
236.159
 21
47.166
  0
LINE
  8
0
 10
236.159
 20
47.166
 11
236.003
 21
47.4727
  0
LINE
  8
0
 10
236.003
 20
47.4727
 11
237.5
 21
51.8252
  0
LINE
  8
0
 10
237.5
 20
51.8252
 11
238.996
 21
47.4727
  0
LINE
  8
0
 10
238.996
 20
47.4727
 11
238.841
 21
47.165
  0
LINE
  8
0
 10
238.841
 20
47.165
 11
238.833
 21
47.1602
  0
LINE
  8
0
 10
238.833
 20
47.1602
 11
238.838
 21
47.1602
  0
LINE
  8
0
 10
238.838
 20
47.1602
 11
238.835
 21
47.1543
  0
LINE
  8
0
 10
238.835
 20
47.1543
 11
238.845
 21
47.1602
  0
LINE
  8
0
 10
238.845
 20
47.1602
 11
239.188
 21
47.1406
  0
LINE
  8
0
 10
239.188
 20
47.1406
 11
242.209
 21
43.668
  0
LINE
  8
0
 10
242.209
 20
43.668
 11
237.691
 21
44.5488
  0
LINE
  8
0
 10
267.691
 20
44.5488
 11
267.503
 21
44.8369
  0
LINE
  8
0
 10
267.503
 20
44.8369
 11
267.503
 21
44.8467
  0
LINE
  8
0
 10
267.503
 20
44.8467
 11
267.5
 21
44.8418
  0
LINE
  8
0
 10
267.5
 20
44.8418
 11
267.496
 21
44.8477
  0
LINE
  8
0
 10
267.496
 20
44.8477
 11
267.496
 21
44.8359
  0
LINE
  8
0
 10
267.496
 20
44.8359
 11
267.309
 21
44.5479
  0
LINE
  8
0
 10
267.309
 20
44.5479
 11
262.791
 21
43.668
  0
LINE
  8
0
 10
262.791
 20
43.668
 11
265.812
 21
47.1406
  0
LINE
  8
0
 10
265.812
 20
47.1406
 11
266.156
 21
47.1602
  0
LINE
  8
0
 10
266.156
 20
47.1602
 11
266.164
 21
47.1553
  0
LINE
  8
0
 10
266.164
 20
47.1553
 11
266.161
 21
47.1602
  0
LINE
  8
0
 10
266.161
 20
47.1602
 11
266.167
 21
47.1602
  0
LINE
  8
0
 10
266.167
 20
47.1602
 11
266.159
 21
47.166
  0
LINE
  8
0
 10
266.159
 20
47.166
 11
266.003
 21
47.4727
  0
LINE
  8
0
 10
266.003
 20
47.4727
 11
267.5
 21
51.8252
  0
LINE
  8
0
 10
267.5
 20
51.8252
 11
268.996
 21
47.4727
  0
LINE
  8
0
 10
268.996
 20
47.4727
 11
268.841
 21
47.165
  0
LINE
  8
0
 10
268.841
 20
47.165
 11
268.833
 21
47.1602
  0
LINE
  8
0
 10
268.833
 20
47.1602
 11
268.838
 21
47.1602
  0
LINE
  8
0
 10
268.838
 20
47.1602
 11
268.835
 21
47.1543
  0
LINE
  8
0
 10
268.835
 20
47.1543
 11
268.845
 21
47.1602
  0
LINE
  8
0
 10
268.845
 20
47.1602
 11
269.188
 21
47.1406
  0
LINE
  8
0
 10
269.188
 20
47.1406
 11
272.209
 21
43.668
  0
LINE
  8
0
 10
272.209
 20
43.668
 11
267.691
 21
44.5488
  0
LINE
  8
0
 10
269.047
 20
32
 11
273.771
 21
42.7686
  0
LINE
  8
0
 10
273.771
 20
42.7686
 11
273.098
 21
49.6162
  0
LINE
  8
0
 10
273.098
 20
49.6162
 11
273.661
 21
49.9414
  0
LINE
  8
0
 10
273.661
 20
49.9414
 11
280.333
 21
51.2949
  0
LINE
  8
0
 10
280.333
 20
51.2949
 11
282.497
 21
44.8408
  0
LINE
  8
0
 10
282.497
 20
44.8408
 11
282.497
 21
44.1895
  0
LINE
  8
0
 10
282.497
 20
44.1895
 11
276.23
 21
41.3486
  0
LINE
  8
0
 10
276.23
 20
41.3486
 11
269.359
 21
32
  0
LINE
  8
0
 10
269.359
 20
32
 11
269.047
 21
32
  0
LINE
  8
0
 10
209.047
 20
32
 11
213.771
 21
42.7686
  0
LINE
  8
0
 10
213.771
 20
42.7686
 11
213.098
 21
49.6162
  0
LINE
  8
0
 10
213.098
 20
49.6162
 11
213.661
 21
49.9414
  0
LINE
  8
0
 10
213.661
 20
49.9414
 11
220.333
 21
51.2949
  0
LINE
  8
0
 10
220.333
 20
51.2949
 11
222.497
 21
44.8408
  0
LINE
  8
0
 10
222.497
 20
44.8408
 11
222.497
 21
44.1895
  0
LINE
  8
0
 10
222.497
 20
44.1895
 11
216.23
 21
41.3486
  0
LINE
  8
0
 10
216.23
 20
41.3486
 11
209.359
 21
32
  0
LINE
  8
0
 10
209.359
 20
32
 11
209.047
 21
32
  0
LINE
  8
0
 10
239.047
 20
32
 11
243.771
 21
42.7686
  0
LINE
  8
0
 10
243.771
 20
42.7686
 11
243.098
 21
49.6162
  0
LINE
  8
0
 10
243.098
 20
49.6162
 11
243.661
 21
49.9414
  0
LINE
  8
0
 10
243.661
 20
49.9414
 11
250.333
 21
51.2949
  0
LINE
  8
0
 10
250.333
 20
51.2949
 11
252.497
 21
44.8408
  0
LINE
  8
0
 10
252.497
 20
44.8408
 11
252.497
 21
44.1895
  0
LINE
  8
0
 10
252.497
 20
44.1895
 11
246.23
 21
41.3486
  0
LINE
  8
0
 10
246.23
 20
41.3486
 11
239.359
 21
32
  0
LINE
  8
0
 10
239.359
 20
32
 11
239.047
 21
32
  0
LINE
  8
0
 10
295.812
 20
47.1406
 11
296.156
 21
47.1602
  0
LINE
  8
0
 10
296.156
 20
47.1602
 11
296.164
 21
47.1553
  0
LINE
  8
0
 10
296.164
 20
47.1553
 11
296.161
 21
47.1602
  0
LINE
  8
0
 10
296.161
 20
47.1602
 11
296.167
 21
47.1602
  0
LINE
  8
0
 10
296.167
 20
47.1602
 11
296.159
 21
47.166
  0
LINE
  8
0
 10
296.159
 20
47.166
 11
296.003
 21
47.4727
  0
LINE
  8
0
 10
296.003
 20
47.4727
 11
297.265
 21
51.1406
  0
LINE
  8
0
 10
297.265
 20
51.1406
 11
299.522
 21
44.1924
  0
LINE
  8
0
 10
299.522
 20
44.1924
 11
297.691
 21
44.5488
  0
LINE
  8
0
 10
297.691
 20
44.5488
 11
297.503
 21
44.8369
  0
LINE
  8
0
 10
297.503
 20
44.8369
 11
297.503
 21
44.8467
  0
LINE
  8
0
 10
297.503
 20
44.8467
 11
297.5
 21
44.8418
  0
LINE
  8
0
 10
297.5
 20
44.8418
 11
297.496
 21
44.8477
  0
LINE
  8
0
 10
297.496
 20
44.8477
 11
297.496
 21
44.8359
  0
LINE
  8
0
 10
297.496
 20
44.8359
 11
297.309
 21
44.5479
  0
LINE
  8
0
 10
297.309
 20
44.5479
 11
292.791
 21
43.668
  0
LINE
  8
0
 10
292.791
 20
43.668
 11
295.812
 21
47.1406
  0
LINE
  8
0
 10
191.579
 20
47.5801
 11
192.497
 21
44.8408
  0
LINE
  8
0
 10
192.497
 20
44.8408
 11
192.497
 21
44.1895
  0
LINE
  8
0
 10
192.497
 20
44.1895
 11
190.128
 21
43.1152
  0
LINE
  8
0
 10
190.128
 20
43.1152
 11
191.579
 21
47.5801
  0
LINE
  8
0
 10
221.003
 20
36.6426
 11
221.159
 21
36.9492
  0
LINE
  8
0
 10
221.159
 20
36.9492
 11
221.168
 21
36.9551
  0
LINE
  8
0
 10
221.168
 20
36.9551
 11
221.161
 21
36.9551
  0
LINE
  8
0
 10
221.161
 20
36.9551
 11
221.164
 21
36.96
  0
LINE
  8
0
 10
221.164
 20
36.96
 11
221.156
 21
36.9551
  0
LINE
  8
0
 10
221.156
 20
36.9551
 11
220.812
 21
36.9746
  0
LINE
  8
0
 10
220.812
 20
36.9746
 11
217.791
 21
40.4463
  0
LINE
  8
0
 10
217.791
 20
40.4463
 11
222.31
 21
39.5664
  0
LINE
  8
0
 10
222.31
 20
39.5664
 11
222.497
 21
39.2793
  0
LINE
  8
0
 10
222.497
 20
39.2793
 11
222.497
 21
39.2676
  0
LINE
  8
0
 10
222.497
 20
39.2676
 11
222.501
 21
39.2734
  0
LINE
  8
0
 10
222.501
 20
39.2734
 11
222.504
 21
39.2686
  0
LINE
  8
0
 10
222.504
 20
39.2686
 11
222.504
 21
39.2783
  0
LINE
  8
0
 10
222.504
 20
39.2783
 11
222.691
 21
39.5664
  0
LINE
  8
0
 10
222.691
 20
39.5664
 11
227.209
 21
40.4463
  0
LINE
  8
0
 10
227.209
 20
40.4463
 11
224.188
 21
36.9736
  0
LINE
  8
0
 10
224.188
 20
36.9736
 11
223.846
 21
36.9551
  0
LINE
  8
0
 10
223.846
 20
36.9551
 11
223.835
 21
36.9609
  0
LINE
  8
0
 10
223.835
 20
36.9609
 11
223.839
 21
36.9551
  0
LINE
  8
0
 10
223.839
 20
36.9551
 11
223.833
 21
36.9541
  0
LINE
  8
0
 10
223.833
 20
36.9541
 11
223.841
 21
36.9502
  0
LINE
  8
0
 10
223.841
 20
36.9502
 11
223.996
 21
36.6426
  0
LINE
  8
0
 10
223.996
 20
36.6426
 11
222.5
 21
32.29
  0
LINE
  8
0
 10
222.5
 20
32.29
 11
221.003
 21
36.6426
  0
LINE
  8
0
 10
191.003
 20
36.6426
 11
191.159
 21
36.9492
  0
LINE
  8
0
 10
191.159
 20
36.9492
 11
191.168
 21
36.9551
  0
LINE
  8
0
 10
191.168
 20
36.9551
 11
191.161
 21
36.9551
  0
LINE
  8
0
 10
191.161
 20
36.9551
 11
191.164
 21
36.96
  0
LINE
  8
0
 10
191.164
 20
36.96
 11
191.156
 21
36.9551
  0
LINE
  8
0
 10
191.156
 20
36.9551
 11
190.812
 21
36.9746
  0
LINE
  8
0
 10
190.812
 20
36.9746
 11
188.861
 21
39.2168
  0
LINE
  8
0
 10
188.861
 20
39.2168
 11
189.174
 21
40.1777
  0
LINE
  8
0
 10
189.174
 20
40.1777
 11
192.31
 21
39.5664
  0
LINE
  8
0
 10
192.31
 20
39.5664
 11
192.497
 21
39.2793
  0
LINE
  8
0
 10
192.497
 20
39.2793
 11
192.497
 21
39.2676
  0
LINE
  8
0
 10
192.497
 20
39.2676
 11
192.501
 21
39.2734
  0
LINE
  8
0
 10
192.501
 20
39.2734
 11
192.504
 21
39.2686
  0
LINE
  8
0
 10
192.504
 20
39.2686
 11
192.504
 21
39.2783
  0
LINE
  8
0
 10
192.504
 20
39.2783
 11
192.691
 21
39.5664
  0
LINE
  8
0
 10
192.691
 20
39.5664
 11
197.209
 21
40.4463
  0
LINE
  8
0
 10
197.209
 20
40.4463
 11
194.188
 21
36.9736
  0
LINE
  8
0
 10
194.188
 20
36.9736
 11
193.846
 21
36.9551
  0
LINE
  8
0
 10
193.846
 20
36.9551
 11
193.835
 21
36.9609
  0
LINE
  8
0
 10
193.835
 20
36.9609
 11
193.839
 21
36.9551
  0
LINE
  8
0
 10
193.839
 20
36.9551
 11
193.833
 21
36.9541
  0
LINE
  8
0
 10
193.833
 20
36.9541
 11
193.841
 21
36.9502
  0
LINE
  8
0
 10
193.841
 20
36.9502
 11
193.996
 21
36.6426
  0
LINE
  8
0
 10
193.996
 20
36.6426
 11
192.5
 21
32.29
  0
LINE
  8
0
 10
192.5
 20
32.29
 11
191.003
 21
36.6426
  0
LINE
  8
0
 10
281.003
 20
36.6426
 11
281.159
 21
36.9492
  0
LINE
  8
0
 10
281.159
 20
36.9492
 11
281.168
 21
36.9551
  0
LINE
  8
0
 10
281.168
 20
36.9551
 11
281.161
 21
36.9551
  0
LINE
  8
0
 10
281.161
 20
36.9551
 11
281.164
 21
36.96
  0
LINE
  8
0
 10
281.164
 20
36.96
 11
281.156
 21
36.9551
  0
LINE
  8
0
 10
281.156
 20
36.9551
 11
280.812
 21
36.9746
  0
LINE
  8
0
 10
280.812
 20
36.9746
 11
277.791
 21
40.4463
  0
LINE
  8
0
 10
277.791
 20
40.4463
 11
282.31
 21
39.5664
  0
LINE
  8
0
 10
282.31
 20
39.5664
 11
282.497
 21
39.2793
  0
LINE
  8
0
 10
282.497
 20
39.2793
 11
282.497
 21
39.2676
  0
LINE
  8
0
 10
282.497
 20
39.2676
 11
282.501
 21
39.2734
  0
LINE
  8
0
 10
282.501
 20
39.2734
 11
282.504
 21
39.2686
  0
LINE
  8
0
 10
282.504
 20
39.2686
 11
282.504
 21
39.2783
  0
LINE
  8
0
 10
282.504
 20
39.2783
 11
282.691
 21
39.5664
  0
LINE
  8
0
 10
282.691
 20
39.5664
 11
287.209
 21
40.4463
  0
LINE
  8
0
 10
287.209
 20
40.4463
 11
284.188
 21
36.9736
  0
LINE
  8
0
 10
284.188
 20
36.9736
 11
283.846
 21
36.9551
  0
LINE
  8
0
 10
283.846
 20
36.9551
 11
283.835
 21
36.9609
  0
LINE
  8
0
 10
283.835
 20
36.9609
 11
283.839
 21
36.9551
  0
LINE
  8
0
 10
283.839
 20
36.9551
 11
283.833
 21
36.9541
  0
LINE
  8
0
 10
283.833
 20
36.9541
 11
283.841
 21
36.9502
  0
LINE
  8
0
 10
283.841
 20
36.9502
 11
283.996
 21
36.6426
  0
LINE
  8
0
 10
283.996
 20
36.6426
 11
282.5
 21
32.29
  0
LINE
  8
0
 10
282.5
 20
32.29
 11
281.003
 21
36.6426
  0
LINE
  8
0
 10
251.003
 20
36.6426
 11
251.159
 21
36.9492
  0
LINE
  8
0
 10
251.159
 20
36.9492
 11
251.168
 21
36.9551
  0
LINE
  8
0
 10
251.168
 20
36.9551
 11
251.161
 21
36.9551
  0
LINE
  8
0
 10
251.161
 20
36.9551
 11
251.164
 21
36.96
  0
LINE
  8
0
 10
251.164
 20
36.96
 11
251.156
 21
36.9551
  0
LINE
  8
0
 10
251.156
 20
36.9551
 11
250.812
 21
36.9746
  0
LINE
  8
0
 10
250.812
 20
36.9746
 11
247.791
 21
40.4463
  0
LINE
  8
0
 10
247.791
 20
40.4463
 11
252.31
 21
39.5664
  0
LINE
  8
0
 10
252.31
 20
39.5664
 11
252.497
 21
39.2793
  0
LINE
  8
0
 10
252.497
 20
39.2793
 11
252.497
 21
39.2676
  0
LINE
  8
0
 10
252.497
 20
39.2676
 11
252.5
 21
39.2734
  0
LINE
  8
0
 10
252.5
 20
39.2734
 11
252.504
 21
39.2686
  0
LINE
  8
0
 10
252.504
 20
39.2686
 11
252.504
 21
39.2783
  0
LINE
  8
0
 10
252.504
 20
39.2783
 11
252.691
 21
39.5664
  0
LINE
  8
0
 10
252.691
 20
39.5664
 11
257.209
 21
40.4463
  0
LINE
  8
0
 10
257.209
 20
40.4463
 11
254.188
 21
36.9736
  0
LINE
  8
0
 10
254.188
 20
36.9736
 11
253.846
 21
36.9551
  0
LINE
  8
0
 10
253.846
 20
36.9551
 11
253.835
 21
36.9609
  0
LINE
  8
0
 10
253.835
 20
36.9609
 11
253.839
 21
36.9551
  0
LINE
  8
0
 10
253.839
 20
36.9551
 11
253.833
 21
36.9541
  0
LINE
  8
0
 10
253.833
 20
36.9541
 11
253.841
 21
36.9502
  0
LINE
  8
0
 10
253.841
 20
36.9502
 11
253.996
 21
36.6426
  0
LINE
  8
0
 10
253.996
 20
36.6426
 11
252.5
 21
32.29
  0
LINE
  8
0
 10
252.5
 20
32.29
 11
251.003
 21
36.6426
  0
LINE
  8
0
 10
299.047
 20
32
 11
301.596
 21
37.8096
  0
LINE
  8
0
 10
301.596
 20
37.8096
 11
302.219
 21
35.8916
  0
LINE
  8
0
 10
302.219
 20
35.8916
 11
299.359
 21
32
  0
LINE
  8
0
 10
299.359
 20
32
 11
299.047
 21
32
  0
LINE
  8
0
 10
244.426
 20
32
 11
246.343
 21
34.1689
  0
LINE
  8
0
 10
246.343
 20
34.1689
 11
246.905
 21
34.4941
  0
LINE
  8
0
 10
246.905
 20
34.4941
 11
250.388
 21
32
  0
LINE
  8
0
 10
250.388
 20
32
 11
244.426
 21
32
  0
LINE
  8
0
 10
274.426
 20
32
 11
276.343
 21
34.1689
  0
LINE
  8
0
 10
276.343
 20
34.1689
 11
276.905
 21
34.4941
  0
LINE
  8
0
 10
276.905
 20
34.4941
 11
280.388
 21
32
  0
LINE
  8
0
 10
280.388
 20
32
 11
274.426
 21
32
  0
LINE
  8
0
 10
214.426
 20
32
 11
216.343
 21
34.1689
  0
LINE
  8
0
 10
216.343
 20
34.1689
 11
216.905
 21
34.4941
  0
LINE
  8
0
 10
216.905
 20
34.4941
 11
220.388
 21
32
  0
LINE
  8
0
 10
220.388
 20
32
 11
214.426
 21
32
  0
LINE
  8
0
 10
186.517
 20
32
 11
187.247
 21
34.249
  0
LINE
  8
0
 10
187.247
 20
34.249
 11
190.388
 21
32
  0
LINE
  8
0
 10
190.388
 20
32
 11
186.517
 21
32
  0
LINE
  8
0
 10
235
 20
27
 11
235
 21
31
  0
LINE
  8
0
 10
235
 20
31
 11
255
 21
31
  0
LINE
  8
0
 10
255
 20
31
 11
255
 21
27
  0
LINE
  8
0
 10
255
 20
27
 11
235
 21
27
  0
LINE
  8
0
 10
176.347
 20
22.7061
 11
176.222
 21
22.7178
  0
LINE
  8
0
 10
176.222
 20
22.7178
 11
176.098
 21
22.7373
  0
LINE
  8
0
 10
176.098
 20
22.7373
 11
175.975
 21
22.7646
  0
LINE
  8
0
 10
175.975
 20
22.7646
 11
175.854
 21
22.7998
  0
LINE
  8
0
 10
175.854
 20
22.7998
 11
175.736
 21
22.8428
  0
LINE
  8
0
 10
175.736
 20
22.8428
 11
175.62
 21
22.8926
  0
LINE
  8
0
 10
175.62
 20
22.8926
 11
175.509
 21
22.9492
  0
LINE
  8
0
 10
175.509
 20
22.9492
 11
175.4
 21
23.0137
  0
LINE
  8
0
 10
175.4
 20
23.0137
 11
175.297
 21
23.084
  0
LINE
  8
0
 10
175.297
 20
23.084
 11
175.197
 21
23.1611
  0
LINE
  8
0
 10
175.197
 20
23.1611
 11
175.103
 21
23.2441
  0
LINE
  8
0
 10
175.103
 20
23.2441
 11
175.015
 21
23.333
  0
LINE
  8
0
 10
175.015
 20
23.333
 11
174.931
 21
23.4277
  0
LINE
  8
0
 10
174.931
 20
23.4277
 11
174.854
 21
23.5264
  0
LINE
  8
0
 10
174.854
 20
23.5264
 11
174.783
 21
23.6309
  0
LINE
  8
0
 10
174.783
 20
23.6309
 11
174.72
 21
23.7393
  0
LINE
  8
0
 10
174.72
 20
23.7393
 11
174.662
 21
23.8506
  0
LINE
  8
0
 10
174.662
 20
23.8506
 11
174.612
 21
23.9658
  0
LINE
  8
0
 10
174.612
 20
23.9658
 11
174.57
 21
24.084
  0
LINE
  8
0
 10
174.57
 20
24.084
 11
174.535
 21
24.2051
  0
LINE
  8
0
 10
174.535
 20
24.2051
 11
174.508
 21
24.3271
  0
LINE
  8
0
 10
174.508
 20
24.3271
 11
174.488
 21
24.4512
  0
LINE
  8
0
 10
174.488
 20
24.4512
 11
174.477
 21
24.5771
  0
LINE
  8
0
 10
174.477
 20
24.5771
 11
174.472
 21
24.7021
  0
LINE
  8
0
 10
174.472
 20
24.7021
 11
174.477
 21
24.8281
  0
LINE
  8
0
 10
174.477
 20
24.8281
 11
174.488
 21
24.9531
  0
LINE
  8
0
 10
174.488
 20
24.9531
 11
174.508
 21
25.0771
  0
LINE
  8
0
 10
174.508
 20
25.0771
 11
174.535
 21
25.1992
  0
LINE
  8
0
 10
174.535
 20
25.1992
 11
174.57
 21
25.3203
  0
LINE
  8
0
 10
174.57
 20
25.3203
 11
174.612
 21
25.4385
  0
LINE
  8
0
 10
174.612
 20
25.4385
 11
174.662
 21
25.5537
  0
LINE
  8
0
 10
174.662
 20
25.5537
 11
174.72
 21
25.666
  0
LINE
  8
0
 10
174.72
 20
25.666
 11
174.783
 21
25.7744
  0
LINE
  8
0
 10
174.783
 20
25.7744
 11
174.854
 21
25.8779
  0
LINE
  8
0
 10
174.854
 20
25.8779
 11
174.931
 21
25.9775
  0
LINE
  8
0
 10
174.931
 20
25.9775
 11
175.015
 21
26.0713
  0
LINE
  8
0
 10
175.015
 20
26.0713
 11
175.103
 21
26.1602
  0
LINE
  8
0
 10
175.103
 20
26.1602
 11
175.197
 21
26.2432
  0
LINE
  8
0
 10
175.197
 20
26.2432
 11
175.297
 21
26.3203
  0
LINE
  8
0
 10
175.297
 20
26.3203
 11
175.4
 21
26.3906
  0
LINE
  8
0
 10
175.4
 20
26.3906
 11
175.509
 21
26.4551
  0
LINE
  8
0
 10
175.509
 20
26.4551
 11
175.62
 21
26.5117
  0
LINE
  8
0
 10
175.62
 20
26.5117
 11
175.736
 21
26.5615
  0
LINE
  8
0
 10
175.736
 20
26.5615
 11
175.854
 21
26.6045
  0
LINE
  8
0
 10
175.854
 20
26.6045
 11
175.975
 21
26.6396
  0
LINE
  8
0
 10
175.975
 20
26.6396
 11
176.098
 21
26.667
  0
LINE
  8
0
 10
176.098
 20
26.667
 11
176.222
 21
26.6865
  0
LINE
  8
0
 10
176.222
 20
26.6865
 11
176.347
 21
26.6982
  0
LINE
  8
0
 10
176.347
 20
26.6982
 11
176.472
 21
26.7021
  0
LINE
  8
0
 10
176.472
 20
26.7021
 11
176.598
 21
26.6982
  0
LINE
  8
0
 10
176.598
 20
26.6982
 11
176.723
 21
26.6865
  0
LINE
  8
0
 10
176.723
 20
26.6865
 11
176.847
 21
26.667
  0
LINE
  8
0
 10
176.847
 20
26.667
 11
176.97
 21
26.6396
  0
LINE
  8
0
 10
176.97
 20
26.6396
 11
177.09
 21
26.6045
  0
LINE
  8
0
 10
177.09
 20
26.6045
 11
177.208
 21
26.5615
  0
LINE
  8
0
 10
177.208
 20
26.5615
 11
177.323
 21
26.5117
  0
LINE
  8
0
 10
177.323
 20
26.5117
 11
177.436
 21
26.4551
  0
LINE
  8
0
 10
177.436
 20
26.4551
 11
177.544
 21
26.3906
  0
LINE
  8
0
 10
177.544
 20
26.3906
 11
177.647
 21
26.3203
  0
LINE
  8
0
 10
177.647
 20
26.3203
 11
177.747
 21
26.2432
  0
LINE
  8
0
 10
177.747
 20
26.2432
 11
177.841
 21
26.1602
  0
LINE
  8
0
 10
177.841
 20
26.1602
 11
177.93
 21
26.0713
  0
LINE
  8
0
 10
177.93
 20
26.0713
 11
178.014
 21
25.9775
  0
LINE
  8
0
 10
178.014
 20
25.9775
 11
178.09
 21
25.8779
  0
LINE
  8
0
 10
178.09
 20
25.8779
 11
178.161
 21
25.7744
  0
LINE
  8
0
 10
178.161
 20
25.7744
 11
178.225
 21
25.666
  0
LINE
  8
0
 10
178.225
 20
25.666
 11
178.282
 21
25.5537
  0
LINE
  8
0
 10
178.282
 20
25.5537
 11
178.332
 21
25.4385
  0
LINE
  8
0
 10
178.332
 20
25.4385
 11
178.374
 21
25.3203
  0
LINE
  8
0
 10
178.374
 20
25.3203
 11
178.409
 21
25.1992
  0
LINE
  8
0
 10
178.409
 20
25.1992
 11
178.437
 21
25.0771
  0
LINE
  8
0
 10
178.437
 20
25.0771
 11
178.456
 21
24.9531
  0
LINE
  8
0
 10
178.456
 20
24.9531
 11
178.468
 21
24.8281
  0
LINE
  8
0
 10
178.468
 20
24.8281
 11
178.472
 21
24.7021
  0
LINE
  8
0
 10
178.472
 20
24.7021
 11
178.468
 21
24.5771
  0
LINE
  8
0
 10
178.468
 20
24.5771
 11
178.456
 21
24.4512
  0
LINE
  8
0
 10
178.456
 20
24.4512
 11
178.437
 21
24.3271
  0
LINE
  8
0
 10
178.437
 20
24.3271
 11
178.409
 21
24.2051
  0
LINE
  8
0
 10
178.409
 20
24.2051
 11
178.374
 21
24.084
  0
LINE
  8
0
 10
178.374
 20
24.084
 11
178.332
 21
23.9658
  0
LINE
  8
0
 10
178.332
 20
23.9658
 11
178.282
 21
23.8506
  0
LINE
  8
0
 10
178.282
 20
23.8506
 11
178.225
 21
23.7393
  0
LINE
  8
0
 10
178.225
 20
23.7393
 11
178.161
 21
23.6309
  0
LINE
  8
0
 10
178.161
 20
23.6309
 11
178.09
 21
23.5264
  0
LINE
  8
0
 10
178.09
 20
23.5264
 11
178.014
 21
23.4277
  0
LINE
  8
0
 10
178.014
 20
23.4277
 11
177.93
 21
23.333
  0
LINE
  8
0
 10
177.93
 20
23.333
 11
177.841
 21
23.2441
  0
LINE
  8
0
 10
177.841
 20
23.2441
 11
177.747
 21
23.1611
  0
LINE
  8
0
 10
177.747
 20
23.1611
 11
177.647
 21
23.084
  0
LINE
  8
0
 10
177.647
 20
23.084
 11
177.544
 21
23.0137
  0
LINE
  8
0
 10
177.544
 20
23.0137
 11
177.436
 21
22.9492
  0
LINE
  8
0
 10
177.436
 20
22.9492
 11
177.323
 21
22.8926
  0
LINE
  8
0
 10
177.323
 20
22.8926
 11
177.208
 21
22.8428
  0
LINE
  8
0
 10
177.208
 20
22.8428
 11
177.09
 21
22.7998
  0
LINE
  8
0
 10
177.09
 20
22.7998
 11
176.97
 21
22.7646
  0
LINE
  8
0
 10
176.97
 20
22.7646
 11
176.847
 21
22.7373
  0
LINE
  8
0
 10
176.847
 20
22.7373
 11
176.723
 21
22.7178
  0
LINE
  8
0
 10
176.723
 20
22.7178
 11
176.598
 21
22.7061
  0
LINE
  8
0
 10
176.598
 20
22.7061
 11
176.472
 21
22.7021
  0
LINE
  8
0
 10
176.472
 20
22.7021
 11
176.347
 21
22.7061
  0
LINE
  8
0
 10
313.402
 20
22.7061
 11
313.277
 21
22.7178
  0
LINE
  8
0
 10
313.277
 20
22.7178
 11
313.153
 21
22.7373
  0
LINE
  8
0
 10
313.153
 20
22.7373
 11
313.03
 21
22.7646
  0
LINE
  8
0
 10
313.03
 20
22.7646
 11
312.91
 21
22.7998
  0
LINE
  8
0
 10
312.91
 20
22.7998
 11
312.792
 21
22.8428
  0
LINE
  8
0
 10
312.792
 20
22.8428
 11
312.677
 21
22.8926
  0
LINE
  8
0
 10
312.677
 20
22.8926
 11
312.564
 21
22.9492
  0
LINE
  8
0
 10
312.564
 20
22.9492
 11
312.456
 21
23.0137
  0
LINE
  8
0
 10
312.456
 20
23.0137
 11
312.353
 21
23.084
  0
LINE
  8
0
 10
312.353
 20
23.084
 11
312.253
 21
23.1611
  0
LINE
  8
0
 10
312.253
 20
23.1611
 11
312.159
 21
23.2441
  0
LINE
  8
0
 10
312.159
 20
23.2441
 11
312.07
 21
23.333
  0
LINE
  8
0
 10
312.07
 20
23.333
 11
311.986
 21
23.4277
  0
LINE
  8
0
 10
311.986
 20
23.4277
 11
311.91
 21
23.5264
  0
LINE
  8
0
 10
311.91
 20
23.5264
 11
311.839
 21
23.6309
  0
LINE
  8
0
 10
311.839
 20
23.6309
 11
311.775
 21
23.7393
  0
LINE
  8
0
 10
311.775
 20
23.7393
 11
311.718
 21
23.8506
  0
LINE
  8
0
 10
311.718
 20
23.8506
 11
311.668
 21
23.9658
  0
LINE
  8
0
 10
311.668
 20
23.9658
 11
311.626
 21
24.084
  0
LINE
  8
0
 10
311.626
 20
24.084
 11
311.591
 21
24.2051
  0
LINE
  8
0
 10
311.591
 20
24.2051
 11
311.563
 21
24.3271
  0
LINE
  8
0
 10
311.563
 20
24.3271
 11
311.544
 21
24.4512
  0
LINE
  8
0
 10
311.544
 20
24.4512
 11
311.532
 21
24.5771
  0
LINE
  8
0
 10
311.532
 20
24.5771
 11
311.528
 21
24.7021
  0
LINE
  8
0
 10
311.528
 20
24.7021
 11
311.532
 21
24.8281
  0
LINE
  8
0
 10
311.532
 20
24.8281
 11
311.544
 21
24.9531
  0
LINE
  8
0
 10
311.544
 20
24.9531
 11
311.563
 21
25.0771
  0
LINE
  8
0
 10
311.563
 20
25.0771
 11
311.591
 21
25.1992
  0
LINE
  8
0
 10
311.591
 20
25.1992
 11
311.626
 21
25.3203
  0
LINE
  8
0
 10
311.626
 20
25.3203
 11
311.668
 21
25.4385
  0
LINE
  8
0
 10
311.668
 20
25.4385
 11
311.718
 21
25.5537
  0
LINE
  8
0
 10
311.718
 20
25.5537
 11
311.775
 21
25.666
  0
LINE
  8
0
 10
311.775
 20
25.666
 11
311.839
 21
25.7744
  0
LINE
  8
0
 10
311.839
 20
25.7744
 11
311.91
 21
25.8779
  0
LINE
  8
0
 10
311.91
 20
25.8779
 11
311.986
 21
25.9775
  0
LINE
  8
0
 10
311.986
 20
25.9775
 11
312.07
 21
26.0713
  0
LINE
  8
0
 10
312.07
 20
26.0713
 11
312.159
 21
26.1602
  0
LINE
  8
0
 10
312.159
 20
26.1602
 11
312.253
 21
26.2432
  0
LINE
  8
0
 10
312.253
 20
26.2432
 11
312.353
 21
26.3203
  0
LINE
  8
0
 10
312.353
 20
26.3203
 11
312.456
 21
26.3906
  0
LINE
  8
0
 10
312.456
 20
26.3906
 11
312.564
 21
26.4551
  0
LINE
  8
0
 10
312.564
 20
26.4551
 11
312.677
 21
26.5117
  0
LINE
  8
0
 10
312.677
 20
26.5117
 11
312.792
 21
26.5615
  0
LINE
  8
0
 10
312.792
 20
26.5615
 11
312.91
 21
26.6045
  0
LINE
  8
0
 10
312.91
 20
26.6045
 11
313.03
 21
26.6396
  0
LINE
  8
0
 10
313.03
 20
26.6396
 11
313.153
 21
26.667
  0
LINE
  8
0
 10
313.153
 20
26.667
 11
313.277
 21
26.6865
  0
LINE
  8
0
 10
313.277
 20
26.6865
 11
313.402
 21
26.6982
  0
LINE
  8
0
 10
313.402
 20
26.6982
 11
313.528
 21
26.7021
  0
LINE
  8
0
 10
313.528
 20
26.7021
 11
313.653
 21
26.6982
  0
LINE
  8
0
 10
313.653
 20
26.6982
 11
313.778
 21
26.6865
  0
LINE
  8
0
 10
313.778
 20
26.6865
 11
313.902
 21
26.667
  0
LINE
  8
0
 10
313.902
 20
26.667
 11
314.025
 21
26.6396
  0
LINE
  8
0
 10
314.025
 20
26.6396
 11
314.146
 21
26.6045
  0
LINE
  8
0
 10
314.146
 20
26.6045
 11
314.264
 21
26.5615
  0
LINE
  8
0
 10
314.264
 20
26.5615
 11
314.38
 21
26.5117
  0
LINE
  8
0
 10
314.38
 20
26.5117
 11
314.491
 21
26.4551
  0
LINE
  8
0
 10
314.491
 20
26.4551
 11
314.6
 21
26.3906
  0
LINE
  8
0
 10
314.6
 20
26.3906
 11
314.703
 21
26.3203
  0
LINE
  8
0
 10
314.703
 20
26.3203
 11
314.803
 21
26.2432
  0
LINE
  8
0
 10
314.803
 20
26.2432
 11
314.897
 21
26.1602
  0
LINE
  8
0
 10
314.897
 20
26.1602
 11
314.985
 21
26.0713
  0
LINE
  8
0
 10
314.985
 20
26.0713
 11
315.069
 21
25.9775
  0
LINE
  8
0
 10
315.069
 20
25.9775
 11
315.146
 21
25.8779
  0
LINE
  8
0
 10
315.146
 20
25.8779
 11
315.217
 21
25.7744
  0
LINE
  8
0
 10
315.217
 20
25.7744
 11
315.28
 21
25.666
  0
LINE
  8
0
 10
315.28
 20
25.666
 11
315.338
 21
25.5537
  0
LINE
  8
0
 10
315.338
 20
25.5537
 11
315.388
 21
25.4385
  0
LINE
  8
0
 10
315.388
 20
25.4385
 11
315.43
 21
25.3203
  0
LINE
  8
0
 10
315.43
 20
25.3203
 11
315.465
 21
25.1992
  0
LINE
  8
0
 10
315.465
 20
25.1992
 11
315.492
 21
25.0771
  0
LINE
  8
0
 10
315.492
 20
25.0771
 11
315.512
 21
24.9531
  0
LINE
  8
0
 10
315.512
 20
24.9531
 11
315.523
 21
24.8281
  0
LINE
  8
0
 10
315.523
 20
24.8281
 11
315.528
 21
24.7021
  0
LINE
  8
0
 10
315.528
 20
24.7021
 11
315.523
 21
24.5771
  0
LINE
  8
0
 10
315.523
 20
24.5771
 11
315.512
 21
24.4512
  0
LINE
  8
0
 10
315.512
 20
24.4512
 11
315.492
 21
24.3271
  0
LINE
  8
0
 10
315.492
 20
24.3271
 11
315.465
 21
24.2051
  0
LINE
  8
0
 10
315.465
 20
24.2051
 11
315.43
 21
24.084
  0
LINE
  8
0
 10
315.43
 20
24.084
 11
315.388
 21
23.9658
  0
LINE
  8
0
 10
315.388
 20
23.9658
 11
315.338
 21
23.8506
  0
LINE
  8
0
 10
315.338
 20
23.8506
 11
315.28
 21
23.7393
  0
LINE
  8
0
 10
315.28
 20
23.7393
 11
315.217
 21
23.6309
  0
LINE
  8
0
 10
315.217
 20
23.6309
 11
315.146
 21
23.5264
  0
LINE
  8
0
 10
315.146
 20
23.5264
 11
315.069
 21
23.4277
  0
LINE
  8
0
 10
315.069
 20
23.4277
 11
314.985
 21
23.333
  0
LINE
  8
0
 10
314.985
 20
23.333
 11
314.897
 21
23.2441
  0
LINE
  8
0
 10
314.897
 20
23.2441
 11
314.803
 21
23.1611
  0
LINE
  8
0
 10
314.803
 20
23.1611
 11
314.703
 21
23.084
  0
LINE
  8
0
 10
314.703
 20
23.084
 11
314.6
 21
23.0137
  0
LINE
  8
0
 10
314.6
 20
23.0137
 11
314.491
 21
22.9492
  0
LINE
  8
0
 10
314.491
 20
22.9492
 11
314.38
 21
22.8926
  0
LINE
  8
0
 10
314.38
 20
22.8926
 11
314.264
 21
22.8428
  0
LINE
  8
0
 10
314.264
 20
22.8428
 11
314.146
 21
22.7998
  0
LINE
  8
0
 10
314.146
 20
22.7998
 11
314.025
 21
22.7646
  0
LINE
  8
0
 10
314.025
 20
22.7646
 11
313.902
 21
22.7373
  0
LINE
  8
0
 10
313.902
 20
22.7373
 11
313.778
 21
22.7178
  0
LINE
  8
0
 10
313.778
 20
22.7178
 11
313.653
 21
22.7061
  0
LINE
  8
0
 10
313.653
 20
22.7061
 11
313.528
 21
22.7021
  0
LINE
  8
0
 10
313.528
 20
22.7021
 11
313.402
 21
22.7061
  0
ENDSEC
  0
SECTION
  2
OBJECTS
  0
DICTIONARY
  0
ENDSEC
  0
EOF
